"firm_alias","mortgage_id","mortgage_expiry_date","mortgage_type","mortgage_state","mortgage_closed_date"
"Elderless","000c14c1-96e3-4cf6-9274-e85f756064be","2027-11-30","owner-occupied","open",""
"Elderless","000f653c-51a9-4014-9486-53fe095b37b8","2029-09-30","owner-occupied","open",""
"Elderless","001155c5-1664-43bc-b8a7-22277842830e","2026-09-28","buy-to-let","open",""
"Roast Ham","0014c286-ba00-4574-ab52-af116f2a6c78","2028-03-31","owner-occupied","open",""
"Elderless","001d4bd7-7e92-48b3-aa9a-f6a944bcfab4","2026-05-31","buy-to-let","switched","2026-03-05"
"Hidecreek","001df341-07b6-45e2-b0fb-ec7d28706f7a","2028-04-28","buy-to-let","open",""
"Roast Ham","001f55b8-3e89-4a8e-97ac-68d014d0644d","2026-08-31","owner-occupied","switched","2026-05-12"
"Elderless","0021081a-2ba6-4a20-8215-08619766e3a3","2025-06-30","buy-to-let","redeemed","2024-10-22"
"California","00218c14-e82f-4b72-b469-fac5ddf10165","2026-04-13","buy-to-let","open",""
"Elderless","0024f5a1-3fe7-4b03-b780-619e69f8700a","2027-09-04","buy-to-let","open",""
"Elderless","002f7b08-0879-4f96-a0a7-a9c902203483","2025-10-31","owner-occupied","open",""
"Elderless","00304c3c-d57d-4ed9-9b10-3f0912510c92","2027-09-19","buy-to-let","open",""
"Hidecreek","00304e92-7c12-4a8b-8f85-c3174fb9b233","2026-04-19","commercial-buy-to-let","open",""
"Roast Ham","00355a4e-9883-435c-9c17-7e5108510a3d","2027-09-30","buy-to-let","open",""
"Elderless","003583c6-f99b-41e0-afd0-c908c77712d3","2026-10-27","owner-occupied","redeemed","2026-04-10"
"Roast Ham","00358b71-560a-47a8-9999-9b1eef4b529f","2028-04-30","owner-occupied","open",""
"Elderless","0035e9c4-3ba7-4ace-b71e-150727b1730a","2031-05-11","buy-to-let","open",""
"Elderless","0038487f-a166-46c7-8493-608a57bcb433","2030-09-11","buy-to-let","open",""
"Hidecreek","0038a0d7-ddfd-440c-8d03-cc32d0dcf39b","2028-07-27","buy-to-let","open",""
"Elderless","003c3df5-4b2d-40e9-a07e-555753ec0246","2025-10-31","owner-occupied","switched","2025-09-19"
"Hidecreek","003cf027-da01-4740-a7fe-9b931872a5fc","2029-10-30","semi-commercial-buy-to-let","open",""
"Elderless","00421e44-698e-4df8-820d-b1a878712faa","2029-03-24","buy-to-let","open",""
"Elderless","00476308-0730-448f-81e3-6cae6c386452","2029-06-16","buy-to-let","open",""
"Elderless","004b94c9-aa70-41a2-87c8-2fa97cf4577b","2027-10-31","buy-to-let","open",""
"Elderless","004d7e16-5fc2-4d9c-a459-37d2c02a0690","2030-09-18","buy-to-let","open",""
"Roast Ham","005001c1-5e0f-45f9-8ee5-ec0ca28aed5a","2025-10-31","owner-occupied","redeemed","2023-11-09"
"Roast Ham","0051ba11-bf79-4084-a52b-62fb2a0109d0","2028-09-30","buy-to-let","open",""
"Elderless","0053c66e-30aa-442e-b73f-ec827da184eb","2030-12-16","buy-to-let","open",""
"Elderless","0058c2e4-3fe2-46cd-b656-a8591c15a859","2030-03-31","buy-to-let","open",""
"Elderless","005b67ad-1da9-4e15-80b0-b283f357dc4e","2025-07-01","buy-to-let","open",""
"Roast Ham","005f9a9b-7861-41b0-bbf9-79b0b7b2cf48","2025-12-31","owner-occupied","open",""
"Elderless","006082d2-0b27-493f-9a7b-debc56c25c31","2025-07-31","owner-occupied","open",""
"Roast Ham","00609f1b-8086-4a4f-bee9-85a0208384bd","2027-01-31","owner-occupied","open",""
"Roast Ham","0062fc57-17af-4f6f-a5e5-3062510bd7a1","2026-06-30","owner-occupied","open",""
"Roast Ham","006332bc-4a4f-40d8-b3e1-9559ee43de48","2029-02-28","owner-occupied","open",""
"Hidecreek","0063883e-a4fe-4c68-9798-227d41cff698","2029-01-26","buy-to-let","open",""
"Elderless","00663b06-7afc-4a2d-8416-9c7d48b38805","2028-04-30","buy-to-let","open",""
"Elderless","00686fde-439c-497f-9c77-e7d26f1ed002","2031-04-16","buy-to-let","open",""
"Roast Ham","006c047b-2980-49f8-a475-0fc552a73ef1","2028-05-31","owner-occupied","open",""
"Elderless","006c920f-e0f3-43f6-9cec-f1138b504fcf","2026-05-22","buy-to-let","open",""
"Elderless","00701fc5-15cf-478c-8cfa-c1adf8d00d63","2026-09-30","owner-occupied","open",""
"Hidecreek","0070f051-a6dd-4b0f-95d0-e40ece9a6a53","2028-07-24","buy-to-let","open",""
"Elderless","00724495-bb9a-4c28-9a51-ddf686214836","2026-11-30","buy-to-let","open",""
"Elderless","00745f1e-2ac7-4bca-a6c8-22ab5c1ee130","2025-06-30","owner-occupied","redeemed","2025-11-12"
"Elderless","0075f2a4-67f5-47c0-b98b-5477ca91ea70","2031-02-10","buy-to-let","open",""
"Elderless","00816c6e-f785-4439-a84c-75af9e2f23f6","2027-04-15","buy-to-let","open",""
"Roast Ham","0081adb9-c3c7-4a32-93b9-aa0368b46e78","2025-09-18","buy-to-let","open",""
"Roast Ham","00833bbc-071d-406d-8465-cc3d9dd3ce93","2026-06-30","owner-occupied","redeemed","2024-11-23"
"Roast Ham","00856f08-b64b-4bd5-bed9-892aa0eeab92","2027-11-30","buy-to-let","open",""
"Elderless","008b47fc-9b89-44bc-8813-063b0c8be242","2028-02-24","owner-occupied","open",""
"Hidecreek","008b7364-56e5-4cde-b98f-e2debf28ec3f","2030-07-14","commercial-buy-to-let","switched","2025-11-08"
"Elderless","0092cf87-c320-464b-947a-cee8ea468e22","2027-04-30","owner-occupied","open",""
"Roast Ham","009393e9-754f-4ee0-a6a4-a6c7224e6eb7","2026-02-28","owner-occupied","switched","2026-03-14"
"Roast Ham","0096e292-ae77-4393-8dba-04b0e6bcdd87","2025-06-30","owner-occupied","redeemed","2025-07-05"
"Elderless","0098d3c6-efe2-4c97-ad73-19a84f368d3c","2025-06-30","buy-to-let","redeemed","2024-11-30"
"Elderless","0099ba94-3cee-4e48-b060-6ed1c7f524e6","2027-10-28","buy-to-let","open",""
"Roast Ham","0099bb9f-1070-46e5-b755-45bc15f4288b","2025-11-30","owner-occupied","redeemed","2025-12-02"
"Elderless","009c5c42-b562-4586-b873-77afd2c9d461","2028-05-04","buy-to-let","open",""
"Elderless","009f1eb3-8701-4310-ac2f-6167a10d70aa","2030-02-13","buy-to-let","open",""
"Elderless","009ff3ca-c84a-4aa8-8471-938103190002","2029-04-30","owner-occupied","redeemed","2025-06-18"
"Roast Ham","00a1e579-638d-4f5d-a347-c497e2e3ddb3","2025-10-31","buy-to-let","redeemed","2025-11-06"
"Elderless","00a33288-bd61-43c3-ae3c-9ddd4ab0aa97","2030-03-31","owner-occupied","switched","2025-04-02"
"Elderless","00a37dc9-7925-4886-bdd5-225bc706bf68","2027-07-07","buy-to-let","open",""
"Hidecreek","00a7dd8d-a4cb-4486-a1ce-b71acb24d4c1","2031-04-23","buy-to-let","open",""
"Elderless","00a7f227-b6f7-4543-a357-f16405c176da","2031-05-19","buy-to-let","open",""
"Elderless","00a8ec9b-6743-4bbc-a755-24504b8bb0c2","2025-07-31","owner-occupied","redeemed","2025-12-09"
"Elderless","00aa9a48-3e8a-4319-8589-c1ed93865795","2025-09-17","buy-to-let","switched","2025-10-15"
"Elderless","00b12d25-e78d-42de-9891-36c4980fcc45","2028-07-13","buy-to-let","open",""
"Elderless","00b50edf-da0d-43b8-90ee-03a82cce7cbe","2027-01-31","buy-to-let","open",""
"Hidecreek","00b51a5a-0ac8-4390-991c-a10e8d6183e9","2028-05-31","buy-to-let","open",""
"Elderless","00b55a7d-8c2b-448f-9bb5-dd6998e4f5dc","2027-01-21","buy-to-let","open",""
"Elderless","00b891d2-35f6-48d6-a117-640f3d61d6ce","2027-10-18","buy-to-let","open",""
"Elderless","00b92c90-6960-4b91-bcd7-661e2575ce57","2026-03-12","buy-to-let","switched","2026-01-13"
"Elderless","00bab324-fdba-4b42-ac31-5eec6a7409de","2026-05-31","buy-to-let","open",""
"Roast Ham","00be8770-c0a9-4535-9c9a-d0a38a1580ba","2028-12-31","owner-occupied","redeemed","2026-03-26"
"Roast Ham","00c4565a-410d-4bac-9c1e-f3ba7e3f587a","2025-05-31","buy-to-let","switched","2025-07-10"
"Elderless","00c4bb8a-5f4c-4d97-abdb-6b5570233f1f","2026-08-15","buy-to-let","open",""
"Hidecreek","00c5ecb8-9275-4067-a3b3-8705cf602ce1","2030-01-31","buy-to-let","open",""
"Roast Ham","00c7daac-bf5b-4201-9ad9-b20c0af76855","2025-07-19","owner-occupied","switched","2024-06-11"
"Hidecreek","00c7ef28-7fc3-4dea-bc9d-59e0717bb886","2028-03-21","buy-to-let","open",""
"Hidecreek","00c83362-9020-43bb-8e4e-d525f8f9fb24","2027-08-05","buy-to-let","open",""
"Hidecreek","00ca4aad-91de-482a-8f60-81d96d6e3259","2027-08-18","semi-commercial-buy-to-let","redeemed","2025-10-09"
"Roast Ham","00cf1018-7403-42ae-9d33-ce0c96101cb4","2025-12-31","owner-occupied","redeemed","2025-04-09"
"Elderless","00d07057-6dfa-497a-a74e-6a146db5ee03","2026-10-31","buy-to-let","open",""
"Elderless","00d0e5c0-3666-4653-96cb-d6f93bf430e2","2030-11-09","buy-to-let","open",""
"Roast Ham","00de3cd9-a77e-4c51-8965-7ef13c6b5ea2","2025-05-31","owner-occupied","redeemed","2025-06-04"
"Roast Ham","00e24984-5a69-41eb-985d-4093f0e1f950","2027-10-31","owner-occupied","open",""
"California","00e382f9-4f1d-4849-8cf1-b3a8feba0db0","2029-06-13","buy-to-let","open",""
"Elderless","00e59c70-9f42-4f0d-834e-2f9d80b832ac","2026-12-12","buy-to-let","open",""
"Roast Ham","00e5c74d-42d9-4171-ab97-226aa90cc189","2027-09-30","owner-occupied","open",""
"Roast Ham","00e943fb-f998-47dc-8b23-53e536e6c106","2028-01-31","buy-to-let","open",""
"Elderless","00ea4cee-0d56-41e0-8d90-b887e9d3c3af","2026-10-31","owner-occupied","open",""
"Elderless","00ede448-01ef-4d0b-b762-42d48896332e","2031-02-28","buy-to-let","open",""
"Elderless","00f295ea-7a1e-4ce5-b829-2fce07bb06a7","2026-02-28","buy-to-let","redeemed","2026-03-04"
"Elderless","00f80867-c8b0-4d9c-87a9-2cd219d482f9","2027-06-12","buy-to-let","open",""
"Elderless","00fbc449-f43d-408a-a568-c3227fe1444c","2025-10-31","buy-to-let","redeemed","2025-06-05"
"Elderless","00fe1e75-1bec-40d4-b8c0-884255aa1107","2027-08-29","buy-to-let","open",""
"Elderless","00fe590e-b5b0-463b-bc6c-7ff0a39081bd","2026-03-06","buy-to-let","switched","2026-04-15"
"Hidecreek","00fe9e47-bf1e-44b5-bc28-6c2a315e606b","2028-04-12","commercial-buy-to-let","open",""
"Elderless","01005209-fba7-4eed-b0b0-26bcfd95185f","2027-06-30","buy-to-let","switched","2025-07-02"
"Elderless","01012874-17f5-4fe0-9721-0eadaf4a545c","2029-08-29","buy-to-let","open",""
"Elderless","01027304-0543-49d9-955f-0f0553c56aa4","2025-08-31","buy-to-let","switched","2025-08-29"
"Elderless","01063b39-1611-4b2a-893e-edf0337a950c","2028-02-29","buy-to-let","open",""
"Elderless","0108e0d5-c133-4fd6-8b09-d13d032a6386","2030-11-17","buy-to-let","open",""
"Elderless","010aaabb-365f-4fe1-b0a9-d8719678c7f0","2026-01-31","owner-occupied","switched","2025-10-11"
"Elderless","010b3272-9114-4210-b1ec-ebe3a66f7bcb","2029-06-30","buy-to-let","open",""
"Elderless","010c3bca-fdce-409f-97ae-2b5a9f667829","2026-01-22","buy-to-let","redeemed","2026-01-29"
"Hidecreek","010e0401-9ef9-40eb-a150-662426ecda1d","2027-09-22","buy-to-let","open",""
"Elderless","0112bee7-8255-4414-923c-93e8042a50e7","2026-03-31","owner-occupied","redeemed","2026-04-07"
"Elderless","01145cc9-1bdf-4ee5-8066-c1769de71d82","2028-03-31","buy-to-let","open",""
"Roast Ham","0114f8c6-b96d-456c-878c-669427da3dad","2027-03-31","owner-occupied","open",""
"California","011abc82-e09a-4f3f-a0f7-47303151151b","2031-03-30","commercial-buy-to-let","open",""
"Elderless","011e163e-c145-405a-bda3-33a923fcee7e","2025-07-31","owner-occupied","switched","2025-07-19"
"Elderless","0120c8ce-574d-415c-871f-231ea30532e1","2026-02-28","buy-to-let","switched","2026-02-26"
"Roast Ham","01234254-36f1-41e4-bc66-023bbe5f87ca","2026-02-28","owner-occupied","switched","2026-01-08"
"Roast Ham","01296931-e9a4-40d3-885f-24d80883c41a","2026-04-30","owner-occupied","redeemed","2026-05-02"
"Roast Ham","012bef77-595c-4643-b7b4-62a6ce0fe009","2026-02-28","buy-to-let","redeemed","2026-03-03"
"Hidecreek","01349aea-6fa2-4587-980c-ae47278c03a6","2028-10-19","buy-to-let","open",""
"Hidecreek","01414f15-cd8b-4312-85d7-81387c9e0b8c","2029-04-03","buy-to-let","open",""
"Roast Ham","0147014c-395d-418d-889c-7c1e2bbf2868","2026-12-31","owner-occupied","open",""
"Hidecreek","01492924-cfee-468c-974b-d25dacba04e6","2027-06-30","buy-to-let","open",""
"Hidecreek","014d0b55-0364-4e13-a458-49a47ed81acb","2026-02-19","buy-to-let","redeemed","2026-03-06"
"Elderless","01518c30-0542-4ac4-bc9f-50d969721ba2","2026-03-05","buy-to-let","switched","2026-04-18"
"Elderless","0151ea50-df3d-4600-b489-439afc96d39d","2026-02-28","buy-to-let","redeemed","2026-03-05"
"Elderless","0159b727-beec-47b5-9453-8f8116e51b80","2026-02-28","buy-to-let","redeemed","2026-03-10"
"Elderless","015a82a6-39c5-444b-8c7b-a26962b364fa","2028-11-21","buy-to-let","open",""
"Hidecreek","015a84d6-1bf8-4cb7-9595-7c83e9348416","2028-01-24","semi-commercial-buy-to-let","open",""
"Elderless","015cb1d4-8d88-4327-a319-1e6339558fde","2030-09-14","buy-to-let","open",""
"Elderless","015d66db-6cc2-4935-ac6c-742944256581","2030-09-28","buy-to-let","open",""
"Elderless","01643df4-8370-47af-8506-d07a55d20b15","2027-04-12","owner-occupied","open",""
"Elderless","01647085-b270-41ef-ba68-192e0d855c2c","2025-05-31","owner-occupied","switched","2025-05-14"
"Elderless","01671475-371c-448a-bd82-8fd1f1d1a6b7","2026-11-28","buy-to-let","open",""
"Roast Ham","016a6c3f-1adb-436f-8adf-1896fdb39447","2025-09-21","owner-occupied","switched","2025-09-03"
"Roast Ham","016ae2c5-3021-451b-a7d3-6d6501aaf964","2028-07-31","buy-to-let","open",""
"Elderless","01738dcc-7cbe-4a91-a595-7098e35f4bfb","2027-07-26","buy-to-let","open",""
"Roast Ham","017652a2-a957-4c8b-aef1-e759c22f0b31","2027-01-31","owner-occupied","open",""
"Roast Ham","01769fda-601f-4347-9120-2c768d330f27","2029-11-30","buy-to-let","open",""
"Roast Ham","017b43bc-aeb1-4341-8986-8cdbda0ecd03","2030-09-30","owner-occupied","open",""
"Roast Ham","017bfa19-42a9-42bc-8cff-c71fc49feab5","2029-11-30","buy-to-let","open",""
"Elderless","017d2c87-0d87-4dcd-a39a-3988a270a749","2027-10-09","buy-to-let","open",""
"Elderless","017eae83-1b8b-46c5-a46e-5b730165b9c6","2031-03-26","buy-to-let","open",""
"Elderless","017f707d-59fe-4f70-8cb7-72037d5a7ac2","2027-06-30","buy-to-let","open",""
"Elderless","0180bb31-090f-43aa-bf36-7aaa4c79ef04","2028-02-29","buy-to-let","open",""
"Elderless","01828cec-b8c6-465a-bdad-73cd58a4b4c3","2030-12-17","buy-to-let","open",""
"Hidecreek","01836669-23c1-40bd-b69f-dfc27fc308b6","2027-08-11","semi-commercial-buy-to-let","open",""
"Roast Ham","01853dd2-b4d7-45ab-9776-7a76b40e264a","2025-12-28","buy-to-let","redeemed","2025-12-06"
"Roast Ham","018e47b4-4e06-4b62-82b6-a2ee1f01c1f4","2025-07-31","owner-occupied","switched","2025-07-22"
"Elderless","018e5ccf-87c3-4e5a-beca-39fae28669e6","2026-09-30","buy-to-let","redeemed","2025-11-29"
"Elderless","01935c94-01c8-491e-aa89-937fafff6f4c","2030-03-03","buy-to-let","open",""
"Elderless","01953a08-945e-4a0c-af61-bd0bf407b74f","2027-07-31","owner-occupied","open",""
"Elderless","0196c0d1-7508-421e-ba85-d922aa8c7c41","2027-09-30","buy-to-let","open",""
"Elderless","019d1044-afca-4b0b-a383-00c1d4660a4b","2028-03-08","buy-to-let","open",""
"Roast Ham","019db77f-ce06-4aa6-b8b9-32d7a6832a03","2027-03-31","owner-occupied","open",""
"Elderless","019dc9f7-d8f2-41af-8781-189b94676bfd","2027-06-30","buy-to-let","redeemed","2025-12-23"
"Roast Ham","01a04aa1-4145-4d5d-832c-bd4cf7fb1378","2028-01-31","owner-occupied","open",""
"Elderless","01a05054-e22b-4c46-8b56-94afa17bf1c7","2027-10-16","owner-occupied","open",""
"Elderless","01a53f28-1ee1-4b10-99ef-7f14922cd789","2027-04-30","buy-to-let","open",""
"Elderless","01a6b198-bd60-43a9-9ae4-303b4aaecb68","2027-12-07","buy-to-let","open",""
"Elderless","01a7f2ab-0755-4d09-8e58-8ca32509db7f","2031-01-21","buy-to-let","open",""
"California","01aa99d7-c3dd-44e0-9090-8d066d1128e7","2025-10-14","buy-to-let","redeemed","2026-05-29"
"Elderless","01ab150c-089b-4937-b28b-b4e8629d14e9","2029-11-27","buy-to-let","open",""
"Elderless","01aea9a2-3b90-4658-aa93-8b8e946c8e04","2027-04-29","buy-to-let","open",""
"Elderless","01b822d4-fdca-4f39-b873-85b86e217eee","2025-05-31","buy-to-let","open",""
"Elderless","01b88b89-3de4-4d34-94a5-beead54d6ca2","2025-10-31","buy-to-let","switched","2025-10-17"
"Elderless","01bd5d85-1b07-471b-9399-edff38213b9b","2028-12-10","buy-to-let","open",""
"Roast Ham","01bfb3c4-370d-4504-a476-98ae9997dd64","2025-12-31","owner-occupied","switched","2025-09-23"
"Elderless","01c02873-46b0-4444-b4cc-046ca854fec1","2026-11-30","owner-occupied","open",""
"Roast Ham","01c147b5-af93-41a6-af45-2fc34c25e556","2027-11-30","owner-occupied","open",""
"Roast Ham","01c157ee-b134-4125-bd60-2a35d9443ed5","2025-07-31","buy-to-let","switched","2025-06-03"
"Elderless","01c32e56-22c7-49f1-a8ac-deb640f2e985","2029-09-30","buy-to-let","open",""
"Elderless","01c3b9ae-1de9-4842-ad36-85468c39cada","2030-06-19","buy-to-let","open",""
"Hidecreek","01c8d941-3ebf-4b02-8518-e1e22dab4bd9","2025-10-20","buy-to-let","open",""
"Elderless","01c99deb-7f87-413d-a897-07ed8e99f0b1","2027-02-01","buy-to-let","open",""
"Hidecreek","01c99e86-5c20-417b-8fc3-3125b36072e5","2026-03-10","buy-to-let","switched","2026-03-13"
"Elderless","01cbf6f5-0ed3-442b-b268-8630c5232dfd","2028-05-21","buy-to-let","open",""
"Elderless","01d4d2f6-0bec-4637-b370-763c6867072d","2030-05-08","owner-occupied","open",""
"Elderless","01d545db-9ab3-44f3-a19b-8c4b7172d81d","2028-08-31","buy-to-let","redeemed","2025-09-30"
"Roast Ham","01d6d053-82f5-4907-ad2d-cf9a19583a26","2025-08-31","owner-occupied","redeemed","2025-09-02"
"Roast Ham","01d6e778-3435-4de4-b136-9e1f4f934ef3","2030-01-31","owner-occupied","open",""
"Hidecreek","01d8f104-4a13-454d-8afe-5dce1c177b2f","2028-11-03","buy-to-let","open",""
"Elderless","01d9955f-27cf-444c-a7ec-496b749c0f7f","2028-04-22","owner-occupied","open",""
"Elderless","01dcbc9f-f943-4e3e-afd3-29f9bf2a4a0e","2027-05-29","owner-occupied","open",""
"Elderless","01dda052-61b9-4f53-bd7d-4bfdb83c3c37","2029-12-05","buy-to-let","open",""
"Elderless","01de7eb7-a70f-40ea-bbc1-ffc307e9f166","2025-12-31","buy-to-let","redeemed","2026-01-08"
"Elderless","01dea2fc-aea3-4b3a-8e07-9de784cba337","2025-11-28","buy-to-let","switched","2025-09-12"
"Hidecreek","01dfc54e-0754-4bec-b3c5-7c35f2c85286","2030-04-07","buy-to-let","redeemed","2026-02-18"
"Elderless","01e4397a-0628-4a3e-b5ce-30a54a321341","2027-05-30","buy-to-let","open",""
"Elderless","01e835e8-809d-4c8a-953b-67976d97f5f0","2027-04-20","buy-to-let","open",""
"Roast Ham","01e90d34-a332-4bcb-b4d1-b1f9e8e657a3","2026-03-27","owner-occupied","open",""
"Roast Ham","01ecd261-459e-49bb-9eec-97b3550afc13","2028-04-30","owner-occupied","open",""
"Hidecreek","01ef6362-679b-4954-96a1-be543014e1b4","2030-05-23","buy-to-let","open",""
"Roast Ham","01f5bd71-0cf3-4f97-a965-857fa6cc3847","2027-02-28","buy-to-let","open",""
"Roast Ham","01f645cb-addf-46b7-b221-5dd00ff02d8c","2027-10-31","owner-occupied","open",""
"Hidecreek","01f6aedb-87d0-4384-b5c4-874d65fe0699","2031-02-11","semi-commercial-buy-to-let","open",""
"Roast Ham","01f70de3-70f4-484c-bc8c-b7473e2a5057","2030-03-31","buy-to-let","open",""
"Elderless","01f78a65-94ae-4ce3-9f84-94571e61d0d1","2028-08-31","owner-occupied","redeemed","2025-11-14"
"Roast Ham","01fad003-c8be-4df5-825c-52c2772187cd","2025-05-31","buy-to-let","redeemed","2025-05-28"
"Elderless","01fb6356-0a07-46f4-a228-fb796619f2b2","2026-11-30","buy-to-let","open",""
"Roast Ham","02002989-09c3-44cc-aad7-fd592056cdba","2027-01-31","owner-occupied","open",""
"Hidecreek","02016fb6-9db6-4a4f-bbeb-7d40a68fc23f","2030-07-07","semi-commercial-buy-to-let","open",""
"Hidecreek","0202d66c-2754-4f4e-b955-2974b81eb877","2030-04-24","semi-commercial-buy-to-let","open",""
"Elderless","02037c37-6449-4f92-931b-73d35e16f356","2025-11-15","buy-to-let","redeemed","2025-11-27"
"Elderless","020e6296-2309-49ee-8823-dbe0c0599044","2028-05-10","owner-occupied","open",""
"Elderless","020ec5ef-84ab-400c-824a-78719ac38b94","2027-06-23","owner-occupied","open",""
"Elderless","0217a8c0-bb46-42b5-b87c-aa09d23a99ac","2027-09-30","buy-to-let","open",""
"Elderless","02188050-b5c6-4c2a-94ed-5c4e1f4d885f","2025-12-10","buy-to-let","open",""
"Elderless","021bc073-8eb9-4c62-92ae-e5e85a537d99","2028-10-31","owner-occupied","open",""
"Elderless","021eb691-1d57-4047-9067-e4f6fc532a38","2026-07-04","buy-to-let","switched","2026-03-26"
"Elderless","021f170e-5b57-48d2-9876-19cbab276ba0","2028-10-12","buy-to-let","open",""
"Roast Ham","022058be-ae72-45ee-a075-d31c8ecd691c","2027-09-30","owner-occupied","open",""
"Roast Ham","0222f85a-7680-4c1e-b334-2c6709f25293","2026-01-31","buy-to-let","switched","2026-01-27"
"Roast Ham","0223deec-5f06-4e3a-8263-a0e93148c3af","2026-03-31","owner-occupied","open",""
"Roast Ham","022561c5-dd30-44ad-8cfe-6a21d9e15623","2028-04-30","buy-to-let","open",""
"Elderless","0225fb41-5322-4aab-b02f-3887d51ff526","2027-05-31","owner-occupied","open",""
"Elderless","0226f867-62a9-459d-8c14-9f775d1e69b2","2030-09-07","buy-to-let","open",""
"Elderless","02294977-5715-4ab0-88d8-141de3730f66","2030-07-31","buy-to-let","open",""
"Elderless","022bd165-1ffd-47bb-ac40-ab0a6d54b987","2025-11-30","buy-to-let","switched","2025-10-10"
"Elderless","022c81c1-9f76-4222-87b4-3acd67c367a4","2028-05-31","buy-to-let","open",""
"Elderless","022e5044-0ea4-4435-aa28-ad05d25ac627","2029-09-30","owner-occupied","open",""
"Roast Ham","022e8b8c-875d-491f-a857-381d749d0d09","2029-03-31","owner-occupied","open",""
"Elderless","0233978d-1bc7-47d6-9248-c9b619da5e18","2029-02-07","buy-to-let","open",""
"Roast Ham","0239cf53-6cbd-4673-bfb9-f4d36290ddff","2026-05-31","buy-to-let","switched","2026-04-16"
"Roast Ham","023d600b-9167-49a6-9cb3-b606b25a34a0","2027-10-31","owner-occupied","open",""
"Roast Ham","023e1852-605f-4ed4-8ca4-ee5d83296700","2026-08-31","owner-occupied","open",""
"Elderless","023fc4dc-0807-4856-bfb5-6c29920b8c95","2026-10-07","buy-to-let","open",""
"Elderless","0240582a-82d3-4759-a9c7-94c62de94e09","2026-04-30","buy-to-let","switched","2026-03-07"
"Elderless","0241062b-89ad-4c27-ac33-55b52c16e5b2","2028-03-31","buy-to-let","open",""
"Hidecreek","02413055-607a-47a1-b4bd-4cd40d1e312d","2027-01-21","buy-to-let","open",""
"Roast Ham","02458388-942a-4c53-8565-66b970bf5e3f","2030-07-31","buy-to-let","open",""
"Hidecreek","0246daf9-3dee-4782-8af2-afa67d2e939f","2028-03-30","buy-to-let","switched","2026-04-01"
"Roast Ham","02476471-7f8a-4a1c-b610-bd0c376f0a62","2025-05-31","owner-occupied","redeemed","2025-06-03"
"Elderless","0247c4de-dece-4910-97f4-2deb48467ab4","2028-03-15","buy-to-let","open",""
"Elderless","0249746d-4be9-4302-86e2-51a2642824d8","2027-09-15","buy-to-let","open",""
"Elderless","024c5417-33ee-4f8a-b287-eb188997b6cd","2030-09-30","owner-occupied","open",""
"Elderless","024e8bfc-a9c1-467f-90fd-c874fd7042ea","2026-03-31","buy-to-let","redeemed","2026-04-02"
"Elderless","0257193e-6d7b-49d2-9bb7-94ae2da50d9f","2030-11-06","owner-occupied","open",""
"Elderless","025bc231-a123-4e64-b509-6ceddd49693a","2031-02-01","buy-to-let","open",""
"Elderless","025c2040-345d-4d63-823d-df52991366be","2025-12-31","buy-to-let","switched","2025-12-30"
"Elderless","025d72ca-89a2-4a03-9d46-34dab797551e","2027-02-05","buy-to-let","open",""
"Roast Ham","025e85ff-8ed0-4769-8acf-cdd9d3084dc9","2026-12-31","buy-to-let","open",""
"Roast Ham","0260bf6b-0f83-4348-af59-58016b0afa55","2026-03-31","owner-occupied","switched","2026-04-03"
"Elderless","0260c535-9368-4619-9e7c-986ca09de6a9","2031-04-29","buy-to-let","open",""
"Elderless","02613a37-3fb9-45c2-b9b1-9abf5adca79d","2028-02-29","owner-occupied","open",""
"Roast Ham","026170fa-a72c-4f1f-81ea-9377d1e48527","2027-03-31","owner-occupied","open",""
"Roast Ham","0261fb9a-0a3f-4120-bd8b-6bfd483ab13c","2030-02-28","owner-occupied","open",""
"Roast Ham","02628889-534d-4bc9-a016-a4d2a9fc8f43","2028-04-30","owner-occupied","open",""
"Elderless","02655009-7632-407c-a5ea-4903ee8ea7c8","2025-10-31","buy-to-let","switched","2025-08-14"
"Roast Ham","0266a343-8548-4642-899c-188c43078fdc","2026-07-31","owner-occupied","switched","2026-04-24"
"Roast Ham","0266d541-c938-4865-a44d-ea1506d965c4","2027-10-31","buy-to-let","open",""
"Hidecreek","0000f245-06b3-49db-8518-2187e352a62d","2030-07-09","buy-to-let","open",""
"Elderless","00031f61-e2a1-4b23-bf7d-cc8f0602b776","2025-10-31","buy-to-let","switched","2025-07-10"
"Roast Ham","00073b68-04a6-4dbd-b183-06370e93cb26","2028-05-31","owner-occupied","open",""
"Hidecreek","00073c3d-34e4-44af-b58f-d07e23f9d374","2028-07-03","buy-to-let","switched","2026-04-29"
"Elderless","001291d7-7c86-40fc-992c-71f0468aa61d","2030-07-01","buy-to-let","open",""
"Elderless","00173b56-b916-4e38-9067-8d82941777c3","2031-02-09","buy-to-let","open",""
"Elderless","00185bae-ae4c-4381-8eaa-7ef3274b5d4f","2030-07-31","buy-to-let","open",""
"Elderless","0019af00-f262-4179-8363-7b1032cf3b13","2028-07-26","buy-to-let","open",""
"Elderless","001ae195-5b92-4c94-8397-0544d980a162","2027-12-06","buy-to-let","open",""
"Hidecreek","001c24a7-70e5-4b95-9837-26a60229e8d8","2027-10-25","buy-to-let","open",""
"Elderless","001f75c2-2457-42a9-adb8-1501f76a3845","2028-01-17","buy-to-let","open",""
"Elderless","001f9cce-f456-4a6f-9f7d-1ef3c769b04a","2026-11-30","buy-to-let","open",""
"Hidecreek","00222cba-a224-4c3f-9ba6-3adbf4ffe8bf","2026-12-09","buy-to-let","open",""
"Roast Ham","0030cb0b-13d2-49e1-9d86-efe55d559799","2026-01-11","owner-occupied","switched","2025-12-13"
"Elderless","0032d03e-8642-4498-b596-71f2f03083d6","2030-02-09","buy-to-let","open",""
"Elderless","00349cd8-3bc1-444f-ad09-bebafef5d656","2030-07-27","buy-to-let","open",""
"Roast Ham","0036d3f8-7a10-4ea0-9e38-e1dca0f559c8","2027-02-28","owner-occupied","open",""
"Roast Ham","004000d5-a301-4b76-bce6-c569d6f0e02a","2028-10-31","buy-to-let","open",""
"Hidecreek","004220de-297d-4238-b010-dd418e955746","2027-08-19","semi-commercial-buy-to-let","open",""
"Elderless","00439a97-c91f-4189-b800-c3e8e802d379","2027-06-23","buy-to-let","open",""
"Elderless","00447e90-1051-46a7-9206-5a67132211ed","2028-09-19","buy-to-let","open",""
"Elderless","0048a7cc-c52c-4867-8adb-227f67584bc3","2027-03-22","buy-to-let","open",""
"Elderless","0049ee14-53b3-4ce5-b154-c902ca9a160b","2027-08-27","buy-to-let","open",""
"Elderless","004ad92e-9414-45db-8850-cfe1f4da769f","2030-06-05","buy-to-let","open",""
"Roast Ham","004ae334-c018-41b3-94e8-c64bc52e58aa","2027-12-31","owner-occupied","open",""
"Elderless","004b5fd4-e555-4ec7-b3ce-709978adda71","2027-12-04","buy-to-let","open",""
"Roast Ham","004b84e0-4983-464e-ba54-e3532420f525","2025-08-31","owner-occupied","switched","2025-05-07"
"Elderless","004c28e1-4053-4e1f-bbee-205a7c5dd421","2027-12-05","buy-to-let","open",""
"Elderless","004e5e6c-bc61-418c-8c1a-0ae0fb580895","2029-12-17","buy-to-let","open",""
"Roast Ham","004fb39d-db91-431d-af85-94317adbb295","2026-07-31","owner-occupied","open",""
"Roast Ham","00545b84-38b8-44c1-9e13-26567589f51c","2025-07-31","owner-occupied","switched","2025-05-17"
"Elderless","0054fbc7-2ebd-4d7e-8cc7-a110166bb57d","2028-10-09","owner-occupied","open",""
"Hidecreek","005886b7-5182-4ece-9f69-b74ee91fc821","2027-07-26","buy-to-let","open",""
"Elderless","00598a04-2ab7-4388-b693-9d07845b924d","2029-10-31","owner-occupied","open",""
"California","005a6073-f7c0-4df4-bbf5-5b3bf0593496","2030-03-09","buy-to-let","open",""
"Elderless","005fa91b-98bc-4f82-8075-0b66e96969bd","2029-05-01","buy-to-let","open",""
"Roast Ham","00624160-eb45-4094-baad-c39889447a04","2026-09-30","owner-occupied","open",""
"Elderless","00638926-5154-48a8-b41b-5768eecfe929","2027-08-31","buy-to-let","open",""
"Elderless","0064af96-9471-4cff-822f-943ca703b46d","2025-05-31","owner-occupied","switched","2025-06-05"
"Elderless","00659b2c-40ca-4656-976e-87a9318e61ac","2025-10-10","buy-to-let","switched","2025-09-25"
"Hidecreek","00669841-fe64-4e2c-8758-1201a57549b6","2030-08-15","buy-to-let","open",""
"Elderless","00673df3-b057-4ad8-8bda-234e85fede82","2030-04-30","buy-to-let","open",""
"Roast Ham","0067f5ba-2b67-485b-8f98-28430469b944","2030-09-30","buy-to-let","open",""
"Elderless","0069ad29-5470-46d3-843a-620ce00d6bf8","2030-07-31","buy-to-let","open",""
"Hidecreek","0069aea3-a495-43b5-88d0-8d4ff9768997","2029-11-07","buy-to-let","open",""
"Roast Ham","006a495b-2fe9-4885-b971-dba46cf14eb0","2026-03-31","owner-occupied","switched","2026-03-30"
"Elderless","006b2e4a-1a7b-4f90-937a-f7a8c41d2e6f","2030-02-27","owner-occupied","open",""
"Elderless","006ccba0-67c0-4b4c-a52d-1daa955aa7aa","2025-11-01","buy-to-let","switched","2025-09-13"
"Elderless","006f8dfc-423e-43f9-90a4-fc23b24f6eed","2028-05-13","owner-occupied","open",""
"Hidecreek","0073fba0-55da-4991-abad-e63605960207","2029-08-09","buy-to-let","open",""
"Roast Ham","0074239b-f42f-400b-b145-5c6b0159bff8","2027-09-30","buy-to-let","open",""
"Elderless","0076e07e-553c-450f-89bd-784f666ff272","2027-08-28","buy-to-let","open",""
"Elderless","007b8e7b-297c-4eef-aaf9-fa21023368fb","2029-11-30","owner-occupied","open",""
"Elderless","007f760f-5231-4641-bd7f-78154e3e9180","2027-11-01","buy-to-let","open",""
"Elderless","007fd478-d81a-41e9-80a1-9945e79aa68a","2027-11-30","buy-to-let","open",""
"Roast Ham","0081a142-a13f-4ba9-b401-24add2ba7cc3","2027-10-31","owner-occupied","open",""
"Roast Ham","00838101-2d10-46e2-a3ac-64b8019ad730","2028-09-30","owner-occupied","open",""
"Elderless","00863a9f-d6aa-4c17-ad77-50c94e8fe02f","2030-11-30","owner-occupied","open",""
"Hidecreek","008a244e-c765-4d07-b4d8-93aee4900e19","2025-09-23","commercial-buy-to-let","open",""
"Elderless","008ebc12-b1e5-4151-a9d3-a53a29de1b1f","2027-11-06","owner-occupied","open",""
"Elderless","008ff5a8-074f-4460-b191-277e7fe80a38","2030-01-21","buy-to-let","open",""
"Roast Ham","0095fb9a-f397-40ef-8b78-c695edaaf922","2025-07-31","owner-occupied","redeemed","2025-11-25"
"Elderless","0098813c-0d11-413b-9c65-8a298671203e","2028-03-31","buy-to-let","open",""
"Elderless","0099fe7e-4dd7-4c12-b80b-0a6e51507f4e","2027-10-30","buy-to-let","open",""
"Roast Ham","009d25e4-01e2-432f-96a2-e7f86ed2d439","2031-02-28","owner-occupied","open",""
"Elderless","00a1007b-7cde-45fc-afb8-101619c8d4f7","2027-02-28","owner-occupied","open",""
"Elderless","00a1cb26-3f72-44a9-bf84-42abcdee5918","2027-07-31","buy-to-let","open",""
"Hidecreek","00a3b5db-9661-44f2-b9e6-ea181476eaff","2027-05-20","commercial-buy-to-let","open",""
"Elderless","00a54706-cd40-494b-b454-d918b4dad914","2027-08-25","buy-to-let","open",""
"Roast Ham","00af827a-c5cd-4069-b435-14ef67b74ee9","2027-03-31","buy-to-let","open",""
"Elderless","00b55685-6fd0-44a9-9123-ce4a0e47e5de","2030-06-01","buy-to-let","redeemed","2026-01-14"
"Hidecreek","00b6b254-0462-4ca6-8bb8-a5a72e57d030","2030-12-17","buy-to-let","open",""
"Elderless","00b80d9a-a204-44fb-8802-0617685151c2","2027-09-30","buy-to-let","open",""
"Roast Ham","00b861ad-f968-491c-946c-f5979c191a16","2025-08-31","owner-occupied","switched","2025-10-02"
"Roast Ham","00ba87af-2c1d-457b-9648-18e815042ce7","2026-01-31","owner-occupied","redeemed","2026-02-03"
"Elderless","00be1964-295f-4daf-9c8f-e70cb206b097","2027-06-30","buy-to-let","open",""
"Elderless","00bfe252-8aea-4285-9d45-9ce2213d6800","2027-04-26","buy-to-let","redeemed","2026-05-30"
"Roast Ham","00bff83a-8ff7-47a8-b010-7821e17b7b6e","2028-01-31","owner-occupied","open",""
"Elderless","00c04587-a3da-4781-ac53-7213a04fdc58","2029-11-13","buy-to-let","open",""
"Roast Ham","00c26810-d448-46c6-900a-d05a2dd2dfc1","2026-02-12","owner-occupied","redeemed","2024-11-02"
"Elderless","00c2916a-4084-4271-96b2-22813cbf7950","2028-04-27","buy-to-let","open",""
"Elderless","00c79a3c-d37a-4d5f-bd75-c55444d7b4e9","2031-02-09","buy-to-let","open",""
"Roast Ham","00c84fd8-310c-49c2-ba40-2d80dd8893ea","2026-09-30","owner-occupied","open",""
"Roast Ham","0267f909-3053-408e-9930-511e73adab29","2025-12-28","owner-occupied","open",""
"Roast Ham","0269b6a8-c394-4288-852b-f4c3e1eb20ce","2028-01-31","owner-occupied","redeemed","2026-01-13"
"Roast Ham","026d8461-20b7-42b7-b46f-296cbb9f74ba","2026-07-31","owner-occupied","open",""
"Roast Ham","026dae50-80e8-47bb-b36c-4754d984942a","2029-05-31","owner-occupied","open",""
"Hidecreek","02755104-ac7b-4bcc-8809-8055e35cc35d","2027-05-24","buy-to-let","open",""
"Elderless","02761e28-e46a-48ae-8874-03c60b44f5ee","2029-11-07","buy-to-let","open",""
"Elderless","02775abe-50fa-4de0-bae8-7060c144c8fe","2031-04-07","buy-to-let","open",""
"Hidecreek","0277680f-d3dd-4624-9b9a-c3110572ad0a","2027-10-07","buy-to-let","open",""
"Elderless","027fabfb-122b-4ee7-8c09-608e3abc27f0","2029-03-27","buy-to-let","open",""
"Hidecreek","0280b1f8-2703-43c5-a2e4-a97c0da85a4c","2028-06-16","buy-to-let","redeemed","2025-09-09"
"Elderless","02833325-71bc-4164-b2c9-d2d8d5aa7f85","2027-05-29","owner-occupied","open",""
"Hidecreek","02836faa-308f-43bc-a02d-ae5fffc19d8f","2028-07-24","buy-to-let","open",""
"Roast Ham","0283b768-3a25-4cd5-85c9-29169fbcf65e","2027-10-31","buy-to-let","open",""
"Hidecreek","02857e13-217c-4d34-a23a-41e4ab0e530b","2026-11-26","buy-to-let","open",""
"Roast Ham","0286e443-a788-4c74-9b99-fc747ded37f7","2028-07-31","buy-to-let","open",""
"Elderless","02870a69-a75f-43d2-b814-aa72cf5d0a65","2027-11-21","buy-to-let","open",""
"Elderless","028aa539-cb1b-42c4-860a-2081edfb6f08","2030-12-31","buy-to-let","open",""
"Elderless","028c0dea-a82c-4dd0-a940-64e7eb6ef0a3","2031-03-19","buy-to-let","open",""
"Elderless","02942481-98bb-43a8-94b3-30f02006cfa8","2026-04-30","owner-occupied","redeemed","2025-08-22"
"Elderless","02948de2-a291-4bc7-bc33-4f74906993dc","2031-02-26","buy-to-let","open",""
"Hidecreek","029533d0-282d-49ff-8f09-622c643f3861","2028-01-05","buy-to-let","switched","2026-01-07"
"Elderless","02980879-8941-4d28-863e-6a06542f030b","2030-01-31","buy-to-let","open",""
"Roast Ham","02997cd8-f077-46b7-baab-b414b47429a7","2025-09-30","owner-occupied","switched","2025-08-07"
"Elderless","029b3f21-fa50-4cd8-872e-ec635600e143","2027-07-14","buy-to-let","open",""
"Elderless","029ccb42-a216-4d0f-bcbc-e4f96353a3e7","2025-12-20","buy-to-let","switched","2025-12-03"
"Elderless","02a019bb-ca3a-4b39-9e14-4736ecfd299d","2026-08-31","owner-occupied","open",""
"Elderless","02a16c12-1a0a-48da-b64b-c56aada74a41","2028-10-12","buy-to-let","open",""
"Elderless","02a2c1ae-8e10-4740-b656-033bd34744f6","2027-09-24","owner-occupied","open",""
"Elderless","02a3ca0f-16e6-4ef8-8151-3321adf5fc9b","2027-10-12","buy-to-let","open",""
"Roast Ham","02a56b72-ef81-42c1-b36d-f7bccb2ec041","2025-09-30","owner-occupied","redeemed","2024-07-25"
"Elderless","02a98211-e015-4a99-b1b8-b0bbf0f55596","2027-04-30","buy-to-let","open",""
"Roast Ham","02aaacdb-6ba1-4ac3-a1d2-ebfa10c61781","2030-02-28","owner-occupied","redeemed","2026-03-04"
"Roast Ham","02aac2b7-affa-4649-aa48-8cbb7b6ea6af","2026-07-31","owner-occupied","open",""
"Roast Ham","02b233d6-4a24-4a48-b66e-a441a55ffd57","2025-09-07","owner-occupied","redeemed","2025-10-02"
"Elderless","02b72fc5-e4ef-4ef1-999c-55edaf15e75e","2029-06-10","buy-to-let","open",""
"Roast Ham","02b77ccd-2ca2-45a7-9f33-a14699668ef6","2025-06-29","owner-occupied","switched","2024-03-04"
"Roast Ham","02bb1c7e-b1df-46c9-904e-cd495c2f16de","2028-05-31","owner-occupied","open",""
"Elderless","02bb36a7-9915-4936-a31a-cadbe47a7eeb","2028-04-20","buy-to-let","open",""
"Roast Ham","02bbb750-5ca7-4ef7-80cd-7b1011105534","2027-02-28","buy-to-let","open",""
"Roast Ham","02bddeeb-a069-4acb-bd10-87aca9bbf8db","2026-06-30","owner-occupied","open",""
"Roast Ham","02bf4815-180b-463c-a75b-d111181be2c4","2026-11-30","owner-occupied","open",""
"Elderless","02c09467-b589-48de-96ff-9be860b5d6c8","2031-01-20","buy-to-let","open",""
"Hidecreek","02c3c5c5-5ffe-4d2f-bdb4-695a4572e878","2029-06-06","buy-to-let","open",""
"Roast Ham","02c91266-addf-4240-8bd0-93dceeed9cc8","2027-09-30","buy-to-let","open",""
"Elderless","02c9c1a5-3450-406a-8dc5-a885d9b71623","2027-11-09","buy-to-let","open",""
"Elderless","02cb7748-30e9-4ee8-a9bc-4d57bb518141","2025-05-18","buy-to-let","redeemed","2026-02-07"
"Roast Ham","02ceea83-21c0-4849-b40f-2109eed4e8c7","2029-11-30","buy-to-let","open",""
"Elderless","02cf2e0f-c082-4d48-b607-e33ab0013865","2027-11-04","owner-occupied","open",""
"Elderless","02d1d4cb-f5a5-4e24-828a-114a4c00cac9","2030-06-30","owner-occupied","open",""
"Elderless","02d393aa-612f-4976-bf6a-5502c4622967","2030-01-05","buy-to-let","open",""
"Hidecreek","02d3f137-ce29-40a6-a0aa-1127880dd8e5","2026-09-29","buy-to-let","open",""
"Elderless","02dae3fa-9105-41ce-8121-11dfbc1ccf1a","2030-02-11","buy-to-let","open",""
"Elderless","02ddf936-80a6-4c4b-ba09-21eac97cf08a","2031-02-05","buy-to-let","open",""
"Elderless","02e17c57-4624-4692-8a5b-a3374ac48f15","2026-01-31","owner-occupied","open",""
"Roast Ham","02e29dd7-2b5f-43a0-8f3e-ed2bba6f4b4d","2026-12-31","owner-occupied","open",""
"Elderless","02e43fef-f1cb-4a32-8c19-2cc9ec542095","2029-07-22","buy-to-let","open",""
"Elderless","02e5ab91-0d22-4e81-b4f3-1460e83bd9ca","2029-07-04","buy-to-let","open",""
"Roast Ham","02edbf6f-9a9a-4adf-ad06-c6e2bdaaeba7","2030-06-30","buy-to-let","open",""
"Elderless","02ee8af3-f71d-4c74-9769-8961171380af","2031-04-19","buy-to-let","open",""
"Hidecreek","02f063e3-16a1-42bf-b13d-3649c8f16014","2030-09-02","buy-to-let","open",""
"Elderless","02f2ab06-7d2e-4380-afcf-b17cd077ec1e","2025-09-30","buy-to-let","redeemed","2025-10-04"
"Elderless","02f5f164-d6c6-4328-b3ad-e0a794e2aac5","2030-04-22","buy-to-let","open",""
"Elderless","02f7c27a-d045-459d-8852-2404e582a5f6","2025-10-31","buy-to-let","switched","2025-10-15"
"Elderless","02f80821-180c-478c-8824-dec593ef6313","2027-12-31","buy-to-let","open",""
"Roast Ham","02f97f03-4d91-42e0-8f9e-30519c3361ff","2026-04-30","buy-to-let","open",""
"Roast Ham","02fb3de1-ed7d-4d3c-b87e-ffd4e6d9759e","2027-06-30","buy-to-let","open",""
"Elderless","02ffb590-7156-4a9d-8154-af4997bfd367","2027-08-31","buy-to-let","open",""
"Roast Ham","030674b0-3ffd-4f7e-b948-e1973cfd0de0","2027-05-31","owner-occupied","open",""
"Elderless","03086e7e-c222-455f-9404-6a3f4835b10d","2025-10-31","buy-to-let","switched","2025-07-10"
"Elderless","0309df23-1f3c-4ea1-a0d2-b09b2a12de99","2027-01-31","owner-occupied","open",""
"Elderless","030b3aa9-a74b-4176-a362-11fe7a9eb7be","2025-09-30","owner-occupied","switched","2025-07-05"
"Hidecreek","030ea1ff-6707-4bc6-af06-e31e8d67ab36","2027-11-28","buy-to-let","redeemed","2026-04-08"
"Elderless","0310516f-417b-4580-9d84-603619684819","2026-03-31","owner-occupied","redeemed","2026-05-30"
"Roast Ham","0312bc35-b2b4-4d35-b8da-79bf26446567","2026-10-31","buy-to-let","open",""
"Elderless","0314c21e-8a9b-45ed-a058-e073eeb68e89","2025-08-26","owner-occupied","switched","2025-09-09"
"Hidecreek","031630b4-ae81-496c-a87e-b3192144f3d4","2030-10-01","buy-to-let","switched","2025-10-03"
"Hidecreek","0318c34e-2cb7-4a17-9993-aa34c927ed53","2026-03-26","commercial-buy-to-let","switched","2026-03-31"
"Roast Ham","031a1666-0cc5-4c33-8664-db55cf235b33","2026-05-31","owner-occupied","open",""
"Elderless","031b75a9-6063-4b26-9b1b-666949c82e05","2027-03-31","buy-to-let","open",""
"Elderless","031d1445-98c5-47fd-a391-faa5dfde082e","2027-06-30","owner-occupied","open",""
"Elderless","031d6f61-2596-4901-9734-f9ca4000dbd7","2027-12-04","buy-to-let","redeemed","2025-03-11"
"Elderless","0323af55-144d-4c97-a4a0-c2b4582e8abe","2027-10-01","buy-to-let","open",""
"Elderless","0323bc2c-7af4-4b91-9808-8cf7964079bf","2027-05-05","buy-to-let","open",""
"Roast Ham","00c8dc00-927b-492e-8bed-bb50bf9e3995","2030-01-31","owner-occupied","open",""
"Elderless","00c984c7-7288-4286-bea0-84d79fc7551e","2030-03-31","owner-occupied","open",""
"Elderless","00ca7ac3-2391-4b9e-a02d-cd8b1cf0ef21","2030-11-06","owner-occupied","open",""
"Roast Ham","00cfc863-6f6f-44ba-aceb-ae65888353ee","2026-04-30","owner-occupied","switched","2026-05-07"
"Roast Ham","00d3475f-da60-431b-ae17-41f359add9e6","2028-04-30","buy-to-let","redeemed","2025-08-30"
"Elderless","00d35724-780f-4ac6-8f3b-810ced6a177d","2031-02-25","owner-occupied","open",""
"Elderless","00d5246a-04f4-449a-ab5d-d2b1cedeb46d","2026-03-31","owner-occupied","switched","2026-01-23"
"Hidecreek","00d8445c-b996-4efe-81bc-4985a2fe171b","2028-05-14","buy-to-let","open",""
"Hidecreek","00d942ca-5e8d-4b2e-87cf-4c31d6a63fde","2027-05-27","buy-to-let","open",""
"Elderless","00da4b2c-0955-4087-ad7f-8cffeaa26197","2025-10-31","buy-to-let","switched","2025-07-18"
"Elderless","00dd4e17-3507-4d9f-8d93-59227588261d","2029-05-16","buy-to-let","open",""
"Hidecreek","00df1e9c-51f3-4b5d-8750-bbbe458f59ea","2027-08-18","buy-to-let","open",""
"Elderless","00df716b-479e-48ec-8188-d2f4dd184848","2027-05-31","owner-occupied","open",""
"Elderless","00ebbba0-fff1-4896-8d30-a99fcc410a08","2027-09-29","buy-to-let","open",""
"Hidecreek","00eddb7a-b873-411b-994a-7925d16a9d2e","2026-07-08","buy-to-let","open",""
"Roast Ham","00eef668-4ab5-41ac-b654-3efdf4a6a127","2030-02-28","buy-to-let","open",""
"Elderless","00f16072-6c4c-45b4-a369-ea901b4256c2","2027-10-23","owner-occupied","open",""
"Elderless","00f46bc9-86d3-492b-8707-b5e98a633ca3","2030-07-15","buy-to-let","open",""
"Hidecreek","00f61df0-332e-4549-8a2b-a84871a5402f","2030-09-03","buy-to-let","open",""
"Roast Ham","00f9d765-69a4-4d81-9b67-73810003c864","2025-09-30","owner-occupied","redeemed","2025-10-16"
"Elderless","00f9f602-c011-4a12-aca7-88ceb3ea95c3","2027-03-16","owner-occupied","redeemed","2026-05-30"
"Elderless","00fa61c5-645f-422d-8f27-b4abadd90b69","2025-09-30","owner-occupied","redeemed","2025-08-13"
"Elderless","00fa7892-aa58-4ed0-83fb-8497849688c8","2025-06-07","owner-occupied","redeemed","2025-10-31"
"Roast Ham","00fbf032-5ff1-445d-acdc-b6b423d835d3","2025-11-30","owner-occupied","switched","2025-10-30"
"Elderless","00feba09-6a98-4e90-94a4-4f9b49eb8c1b","2030-04-24","buy-to-let","open",""
"Elderless","00fffade-4f9f-4405-9906-9a70a77e46cd","2026-12-01","buy-to-let","open",""
"Elderless","01025223-fbe2-498e-9b37-a11d99147ab5","2026-06-24","owner-occupied","open",""
"Elderless","01032e39-512a-469e-b323-c4c10992d0e5","2025-11-30","buy-to-let","redeemed","2025-12-25"
"Roast Ham","0105e475-471b-4f69-981c-d044edf1f479","2028-01-31","owner-occupied","open",""
"Hidecreek","01089087-b959-47cc-a228-2a05bbdbe62b","2027-07-30","buy-to-let","open",""
"Elderless","010ac88b-4e4a-4c67-8d92-263d78a132d0","2027-08-31","buy-to-let","redeemed","2026-02-11"
"Elderless","010d4408-7d41-4d9e-a189-1829e5749dd1","2027-11-30","buy-to-let","open",""
"Elderless","0116e02f-6d92-4894-9ede-bf6940c9e86e","2031-02-24","buy-to-let","open",""
"Roast Ham","011742a2-d838-4c52-98ee-1aae389ff226","2029-03-31","owner-occupied","open",""
"Elderless","011881c1-1fea-4d4a-96d3-b98ed3aeef8a","2027-06-30","owner-occupied","open",""
"Roast Ham","011d847d-959b-425b-99de-c0e4b1a0b570","2028-08-31","owner-occupied","open",""
"Roast Ham","011dce08-abbd-4274-996d-79cb4537fc80","2025-11-05","owner-occupied","switched","2024-07-18"
"Hidecreek","012007ea-5706-42ca-9994-2042da810296","2028-02-02","buy-to-let","open",""
"Elderless","012495ee-865f-4a24-84f1-a43b94bd0cb4","2026-03-31","buy-to-let","redeemed","2026-04-18"
"Elderless","01249705-66c1-4a84-a636-3fe7ea9122c1","2030-02-11","buy-to-let","open",""
"Roast Ham","0127c3be-63c2-49c1-bad3-8a3ab6fb46f3","2027-08-31","buy-to-let","open",""
"Roast Ham","012a3b2a-19b5-4c6d-829e-debf8fbf2bf7","2029-01-31","owner-occupied","open",""
"Elderless","012a42e0-e970-4cd8-8eca-7bcbdd2688a9","2028-12-12","buy-to-let","open",""
"Elderless","012b68f6-e991-4a94-bf70-d6da345ac640","2025-06-30","buy-to-let","redeemed","2024-09-03"
"Elderless","012ca322-614d-455c-93d0-62d9ab749ad2","2026-05-27","buy-to-let","open",""
"Elderless","012d0749-9c46-44fb-bcb1-e233711999bf","2026-07-31","owner-occupied","open",""
"Elderless","012ead78-917a-4fe9-944e-794751599c61","2030-01-09","buy-to-let","open",""
"Roast Ham","0130824c-951c-480b-b0ae-09a45f6fe65e","2025-11-30","owner-occupied","switched","2025-11-11"
"Elderless","01317f24-0284-4073-987a-08c9edb8b8e6","2030-07-14","buy-to-let","open",""
"Roast Ham","01406c92-b170-4409-b4b9-7073a24aeaf3","2030-11-30","owner-occupied","open",""
"Elderless","0149b2b8-e7d2-450e-b92d-6f70f35afa24","2031-01-31","buy-to-let","open",""
"Roast Ham","014a157d-db0f-4761-91b9-00aaa08db782","2027-12-31","buy-to-let","open",""
"Elderless","014a6b21-98a0-4af3-b14b-53cc31988356","2028-08-09","buy-to-let","open",""
"Roast Ham","015421e0-3f4e-463f-a866-9b4e24a82e68","2026-06-30","owner-occupied","switched","2026-03-13"
"Roast Ham","015dc303-0682-40ce-930b-4894fa4592ea","2027-05-31","owner-occupied","open",""
"Hidecreek","0164dc8d-9aff-4a41-bdc9-2cfc2cc9152b","2028-06-15","buy-to-let","open",""
"Elderless","016f9d06-9107-4cd8-9299-b9ac680b35ec","2026-08-24","buy-to-let","open",""
"Roast Ham","01731fea-f9e9-4857-bdfd-a05520cb15ea","2027-08-31","owner-occupied","open",""
"Roast Ham","017d965d-8bc2-41b2-a9f6-f66f301c985a","2025-09-30","owner-occupied","redeemed","2025-10-02"
"Elderless","017d96fa-947b-4a7c-accd-899f1fdcc8d0","2029-08-27","owner-occupied","open",""
"Roast Ham","017e5b69-98ab-413a-abac-630a52923bf7","2026-07-31","buy-to-let","switched","2026-05-16"
"Elderless","017e7280-c6eb-4126-94d4-52d4a2cac785","2026-06-30","owner-occupied","switched","2026-03-28"
"Elderless","01803ee2-ca15-4bc0-b2c9-8d8bf9d84877","2027-03-30","buy-to-let","open",""
"Hidecreek","0181611b-d64c-465b-8c5d-d28c055e1da2","2028-03-11","buy-to-let","switched","2026-03-13"
"Elderless","01822047-038d-4276-8061-8b7b6a54b87e","2029-11-14","buy-to-let","open",""
"Roast Ham","0182f44d-69d4-491b-bd8b-e2cc80663260","2026-08-31","owner-occupied","open",""
"Elderless","0186969a-a8ab-4fb4-af55-3a5c4be972d6","2026-08-21","buy-to-let","open",""
"Roast Ham","0186bebe-64b0-4b56-8eff-7e8ea1f415ed","2027-05-31","buy-to-let","open",""
"Hidecreek","01895538-17a8-4f20-beac-7914e2f0f1fd","2026-11-18","commercial-buy-to-let","open",""
"Roast Ham","018c1e76-1d79-4c0e-9641-75cb0bcbeab6","2027-03-31","owner-occupied","open",""
"Roast Ham","018c270f-8cf2-4049-b131-bf7e95b9e429","2026-05-31","owner-occupied","open",""
"Elderless","018c7b9e-0fe4-4e68-93ef-80bf189dca14","2027-05-31","buy-to-let","open",""
"Elderless","018dbf0d-5aac-4a3b-8386-49d17fea82f8","2027-01-31","owner-occupied","open",""
"Roast Ham","018e8de0-e8b3-47ca-baab-2f4477416eae","2029-12-31","buy-to-let","open",""
"Hidecreek","01931e31-4e51-44a3-ae97-682064d5f392","2030-09-22","buy-to-let","open",""
"Elderless","0195bf02-7717-4f11-8be5-17b8db9e0ce5","2028-05-31","buy-to-let","open",""
"Elderless","019831df-5713-4d30-861b-9fe7f79ccf01","2029-03-17","buy-to-let","open",""
"Elderless","0198d134-18b7-451d-8d76-63a3009ab86e","2027-06-30","buy-to-let","open",""
"Elderless","019bfab4-9dbc-47cc-98c2-3e09469a0c4a","2025-08-31","owner-occupied","switched","2025-05-15"
"Elderless","019e736e-6427-4dd2-b2db-fc6c957acba1","2031-01-25","buy-to-let","open",""
"Roast Ham","019fa628-0794-4ee2-991b-81ecb2072ec5","2025-12-31","buy-to-let","redeemed","2026-03-03"
"Elderless","01a0c52e-7de1-4334-aa42-8977ff2ea2ae","2025-12-31","buy-to-let","switched","2025-12-30"
"Elderless","01a3a00c-06e2-450c-96e1-979d55738a41","2027-06-06","owner-occupied","open",""
"Elderless","0329c972-85cd-49b3-a5b0-ef6ccdb1bc2b","2030-11-12","buy-to-let","open",""
"Hidecreek","032a7322-1aee-424c-9fbe-ecd2054898c3","2030-04-02","semi-commercial-buy-to-let","open",""
"Elderless","032b09ca-e05a-4e2e-901e-afef16db4cb0","2029-03-04","buy-to-let","open",""
"Elderless","032c8a46-ba84-4e1a-848e-e133adacde05","2027-03-21","buy-to-let","open",""
"Elderless","032e5d80-fed7-4a39-b30a-03a627c0e8cc","2028-04-30","buy-to-let","open",""
"Hidecreek","0330070e-2f9b-4ead-a81b-e612a68601e1","2027-04-07","buy-to-let","open",""
"Elderless","03342511-9a9d-46d5-bd10-61f0033901b5","2026-08-11","owner-occupied","open",""
"Hidecreek","0336d497-76dd-4e9d-aa75-400e4b447762","2027-08-05","semi-commercial-buy-to-let","open",""
"Roast Ham","0338ec7d-0168-4ee6-a569-9e9e80db09d0","2028-05-13","owner-occupied","open",""
"Elderless","033baee1-7e56-40f6-9358-bf8efb7c77a7","2026-12-31","buy-to-let","open",""
"Roast Ham","033d2857-ab5a-47c2-873a-90de8627930c","2031-06-30","owner-occupied","open",""
"Roast Ham","033d4dc9-49ac-4050-842d-6c31f99354f0","2030-05-31","owner-occupied","open",""
"Hidecreek","0340ddfe-3841-4592-89d8-c1a56460638b","2028-10-02","buy-to-let","open",""
"Hidecreek","03417d77-c69b-4e98-9748-8dc7ede5b0a4","2027-08-02","buy-to-let","redeemed","2025-09-09"
"Hidecreek","03439676-9028-4508-b35b-dadfc1f69b77","2027-09-09","commercial-buy-to-let","open",""
"Elderless","03477dc3-0d81-4365-ba9c-8065eb62bf8d","2026-10-31","buy-to-let","open",""
"Roast Ham","034f9404-e9df-47a9-ac63-cad1e4ce53ea","2029-05-31","owner-occupied","open",""
"Roast Ham","03512583-5f3d-4ac8-80ee-7195cd1d7844","2029-10-31","owner-occupied","open",""
"Hidecreek","035247bd-59f0-446d-aefa-7a1399c03f0b","2026-08-27","buy-to-let","open",""
"Elderless","03524a2b-9a9e-4729-91f3-3e09c9a023d2","2027-07-31","buy-to-let","open",""
"Elderless","03528ce1-044e-4ad2-9ecf-91864e5f5ebb","2031-03-16","buy-to-let","open",""
"Roast Ham","0353d89b-a7ce-4a18-95c7-6f4e5c850510","2027-07-31","owner-occupied","open",""
"Elderless","0354017f-be63-4196-8326-55e06af85bf5","2030-03-03","owner-occupied","open",""
"Roast Ham","035847ac-3dcf-499d-98dd-b898714664f8","2025-05-31","buy-to-let","redeemed","2025-10-07"
"Elderless","0358a521-76aa-417f-9bfd-f1f1b16fba8c","2029-06-30","buy-to-let","open",""
"Hidecreek","035a276a-3959-4877-925b-90ad8d9d3b0c","2030-05-29","buy-to-let","open",""
"Elderless","03607a90-5d9d-4c0a-ad1b-704529b710d2","2025-09-02","buy-to-let","switched","2026-03-17"
"Roast Ham","036abfdd-7bd9-4144-a02a-37b07ae6cd6d","2028-09-30","buy-to-let","open",""
"Elderless","036cafbe-c09c-4aae-999e-959053e63ae7","2027-08-31","buy-to-let","open",""
"Roast Ham","036f7f8d-ff1f-4fa8-ac49-a6bcfe443e97","2026-12-31","owner-occupied","open",""
"Elderless","037376ce-16f1-4c63-afb5-a83d3bfd5a23","2030-01-16","buy-to-let","open",""
"Elderless","037723bb-4d7e-4f5a-a64f-6c5b6af3cd2a","2026-09-12","buy-to-let","open",""
"Elderless","0380340e-3d53-4e72-8d65-e25d1075d60f","2025-06-30","owner-occupied","switched","2025-05-30"
"Elderless","03808a06-6fd3-4b20-b361-e74aeffb6f67","2029-12-05","owner-occupied","open",""
"Roast Ham","0383534a-7e83-4b69-9a53-25d6acadc2fd","2029-07-31","owner-occupied","open",""
"Elderless","038388b0-d321-4d55-852b-5cb45ce8dac8","2029-11-27","buy-to-let","open",""
"Roast Ham","03871637-0034-4108-8d6e-d3649163a56d","2028-10-31","buy-to-let","open",""
"Roast Ham","038979b5-1178-4bae-89f5-e7f12e5b28a2","2025-12-31","owner-occupied","redeemed","2024-06-14"
"Roast Ham","038a9cbf-863f-4aad-a444-87a7426c64fe","2026-08-31","owner-occupied","redeemed","2026-05-01"
"Hidecreek","038cd672-e5e7-47d8-872d-6b6b60ee6662","2027-07-29","commercial-buy-to-let","open",""
"Elderless","038ee034-5e4f-4019-87a4-74f25c103bf3","2027-10-08","owner-occupied","open",""
"Elderless","0392e6e8-da35-4af0-b5c6-48617966b4a1","2031-02-15","buy-to-let","open",""
"Elderless","0399d2aa-ae70-4af8-bbc4-84d3b3419c59","2026-07-31","buy-to-let","switched","2026-05-06"
"Elderless","039c540c-b6ba-4f77-a58a-7005c77ee55e","2029-09-09","buy-to-let","open",""
"Elderless","03a018ac-892b-46c7-9e8b-1a24d4b640a7","2025-10-08","owner-occupied","redeemed","2025-10-11"
"Elderless","03a39a9b-35d2-45e9-8e76-7817b08c63a0","2029-03-21","buy-to-let","open",""
"Roast Ham","03a4a395-0c93-4f18-a50a-a06994273c58","2025-12-31","owner-occupied","redeemed","2026-01-06"
"Elderless","03a50b2e-b108-4415-8b20-ce0b923647be","2027-06-25","buy-to-let","open",""
"Elderless","03af4988-e683-43cf-aa18-3acde3a74c1f","2026-10-09","buy-to-let","redeemed","2025-07-22"
"Elderless","03b32987-1d3b-45a8-b20c-254552e4fb10","2027-09-30","buy-to-let","open",""
"Elderless","03bb6b8b-5328-4997-b638-c591cb7072f6","2028-01-31","owner-occupied","open",""
"Hidecreek","03bc57e5-6c7d-45a3-92cd-6d73a4fdc1d2","2030-08-14","buy-to-let","switched","2025-09-09"
"Elderless","03bf8cdb-42aa-44e8-9743-7ef9bd30de96","2027-11-05","owner-occupied","open",""
"Elderless","03c052ca-b41d-4bef-ab25-50fdc8f531b6","2025-08-01","buy-to-let","switched","2025-06-12"
"Roast Ham","03c10a2c-8ca7-4f55-89a8-885622419c0a","2025-09-30","owner-occupied","redeemed","2025-10-02"
"Elderless","03c28a02-5946-4c95-a263-e03d7324edda","2025-07-31","buy-to-let","switched","2025-07-16"
"Elderless","03c43a7e-1fb8-4d44-b078-e091f6fd0019","2026-02-28","owner-occupied","switched","2026-01-21"
"Elderless","03c88e05-4dc9-419b-82ab-12f4f93a431d","2028-11-23","buy-to-let","redeemed","2025-11-29"
"Elderless","03cfac8f-3ffb-4236-83e5-ed1b713045d9","2027-10-16","buy-to-let","open",""
"Hidecreek","03d11a7b-ab3c-4714-9358-5d94e3debf4f","2028-11-10","buy-to-let","open",""
"Roast Ham","03d23aaa-9b84-4d19-b33e-5acd6ea3e51d","2028-11-30","owner-occupied","open",""
"Elderless","03d5ca68-19c2-4fff-9bfa-cccf81103788","2026-11-06","owner-occupied","open",""
"Roast Ham","03d774f5-0582-426b-a3a5-e6e01150a38f","2025-05-16","buy-to-let","switched","2025-04-23"
"Roast Ham","03d90a65-a0b1-4e11-bfbc-be41142f9e6f","2029-06-30","owner-occupied","open",""
"Elderless","03dd0469-ac9d-4905-a97b-290a28f0277b","2025-05-31","buy-to-let","switched","2025-06-28"
"Elderless","03e0f558-64e0-4963-bf44-7c10be4f4d5e","2026-09-30","owner-occupied","redeemed","2025-03-11"
"Elderless","03e3c2a3-236a-4e56-8da5-9b373011eee6","2030-05-20","buy-to-let","redeemed","2025-12-24"
"Elderless","03e413d2-f7fe-4352-93e8-31ba6864eb6c","2025-05-31","buy-to-let","switched","2025-07-17"
"Elderless","03e84796-4137-46a5-9d78-041e4ef38d16","2028-12-03","buy-to-let","open",""
"Elderless","03e935bf-7faa-4f87-a193-adda6e7fe61c","2025-06-30","owner-occupied","switched","2025-07-17"
"Hidecreek","03e9c994-cfc7-4f13-bca3-8345b1fb4893","2027-09-15","buy-to-let","open",""
"Hidecreek","03eb20df-539b-4f35-ba33-b4bb210fb454","2028-05-05","buy-to-let","open",""
"Elderless","03eb5005-5cc2-47c3-9d3f-45665497135e","2025-12-31","owner-occupied","switched","2025-09-23"
"Elderless","03eb6ae1-c774-4843-a189-b60aa9a725cc","2028-03-31","owner-occupied","open",""
"Elderless","03ef0bad-0fb5-4293-9201-5be1f56bff13","2025-09-30","owner-occupied","open",""
"Elderless","03f390dc-4893-4e6b-90d7-da0ca1deee17","2026-04-30","buy-to-let","switched","2026-03-11"
"Elderless","03f3a4fc-a824-45ff-80dd-b63e53706ba0","2031-03-26","buy-to-let","open",""
"Elderless","03f3faae-6f05-489e-9ea0-a4800934bd71","2028-06-11","buy-to-let","open",""
"Elderless","03f4022a-6fae-46dd-b20b-ae9334a9d9b2","2030-01-20","buy-to-let","open",""
"Elderless","03f61944-0bdd-4b42-9dd9-b5492d945242","2027-09-01","buy-to-let","open",""
"Elderless","03f61ece-3096-4b5a-a6b2-480c3ebbf3be","2026-08-31","buy-to-let","open",""
"Hidecreek","03f83479-6d9d-4f55-868c-87fcc0763d32","2026-12-20","buy-to-let","open",""
"Elderless","03fb3830-ad26-4dc9-a3d4-f99d84caa574","2027-02-28","buy-to-let","open",""
"Elderless","01a49914-0f60-4a6b-9d9c-0f4c11930626","2031-02-28","buy-to-let","open",""
"Elderless","01a5d40e-d247-4560-a168-7eee9f9cca7a","2028-05-12","buy-to-let","open",""
"Elderless","01ab7bfc-973d-4b91-874a-964ee6472eee","2026-04-21","owner-occupied","redeemed","2026-04-25"
"Roast Ham","01b0309f-e1ba-4467-8742-51de1b74e502","2027-11-30","owner-occupied","open",""
"Elderless","01b0544c-5c26-46ac-afd9-e5ef69d31a34","2028-01-29","buy-to-let","open",""
"Roast Ham","01b06096-7fd5-418a-8ae8-6087442c00ae","2025-09-30","buy-to-let","redeemed","2025-09-05"
"Elderless","01b2274f-e057-433f-851c-6b2cd4d935fb","2026-09-07","buy-to-let","open",""
"Elderless","01bba727-a43f-4d48-8313-faacc1087701","2031-03-11","buy-to-let","open",""
"Roast Ham","01be5147-5945-4e00-b7e7-d435ed4948a3","2026-07-31","owner-occupied","open",""
"Elderless","01be6997-9a76-4e92-b9f4-885ad9fbec3c","2028-02-02","buy-to-let","open",""
"Elderless","01bf18e5-98dd-4315-90a2-74fba455ea24","2025-05-31","owner-occupied","switched","2025-05-01"
"Elderless","01c558b8-edae-4146-aec1-29c5bc0816e1","2027-03-16","buy-to-let","open",""
"Elderless","01c5653d-c93a-473a-847b-040bdb53f099","2028-04-30","owner-occupied","open",""
"Elderless","01c6e3b5-d77d-4555-819a-f80c3dc88ede","2025-07-26","buy-to-let","switched","2025-08-15"
"Hidecreek","01c9d633-606b-499f-86fa-f503163659c3","2027-12-22","buy-to-let","open",""
"Elderless","01cbd021-e971-4b62-bf88-a7fc125d19f5","2027-07-22","buy-to-let","open",""
"Elderless","01ced49b-30ed-454c-8c7e-56d870bfb1fa","2026-04-30","buy-to-let","switched","2026-01-16"
"Roast Ham","01cf4453-de20-4ad9-a899-4c8aed97dd42","2026-04-30","buy-to-let","redeemed","2026-05-02"
"Elderless","01d0760d-0732-487e-837d-5ff016e9700a","2027-05-01","owner-occupied","open",""
"Elderless","01d158da-4ce3-4616-a26e-34e8319c462f","2027-10-27","owner-occupied","open",""
"Elderless","01d18940-cb20-4181-b960-3040704a4332","2028-03-31","buy-to-let","open",""
"Elderless","01d478d7-9dfe-4c62-a8cb-368c9438c43c","2027-11-19","owner-occupied","open",""
"Roast Ham","01d5136d-64ea-4e70-96ff-6fdc614196d9","2028-05-31","owner-occupied","redeemed","2026-02-21"
"Elderless","01d65bb2-1766-4bf2-8719-df2d7132d40f","2030-03-12","owner-occupied","open",""
"Elderless","01da054a-d46e-4c9f-b50b-59dd70dae01d","2026-11-30","owner-occupied","open",""
"Elderless","01da1392-15f9-486d-be05-41ffba8c4075","2030-04-30","buy-to-let","open",""
"Roast Ham","01dabb24-cfdc-4bc9-91f9-65084bc742ea","2027-10-31","owner-occupied","open",""
"Elderless","01dcfc36-71a1-414b-9874-76e2989584ac","2027-06-30","buy-to-let","open",""
"Elderless","01df8c4e-f080-40be-8266-d2ccf49611d8","2027-05-14","buy-to-let","open",""
"Hidecreek","01e0148e-29c3-489e-bb69-0713fe2bc337","2028-02-23","buy-to-let","open",""
"Elderless","01e0937a-f328-4084-a635-f02a542a5d87","2027-05-24","buy-to-let","open",""
"Roast Ham","01e647a6-f16b-4374-bb79-12701465441b","2027-06-30","owner-occupied","open",""
"Elderless","01eaf64c-927f-48cb-a775-c43ad4d4f039","2026-07-31","owner-occupied","open",""
"Roast Ham","01ebb309-a8bd-40cc-9812-960ea24b791a","2027-10-31","owner-occupied","open",""
"Elderless","01ecc427-86a6-4e33-b595-ebcaf401e1db","2027-07-27","buy-to-let","open",""
"Roast Ham","01ee8e5b-a8fe-4867-a367-f2866e471602","2026-01-23","buy-to-let","switched","2025-11-04"
"Roast Ham","01f23e78-2848-461a-a22b-47d924c55f49","2025-08-31","owner-occupied","switched","2025-07-23"
"Roast Ham","01f39357-0d94-403b-a584-13def756149b","2026-11-30","owner-occupied","open",""
"Hidecreek","01f96af0-2627-465e-b405-cf124cd47582","2027-11-04","semi-commercial-buy-to-let","open",""
"Elderless","02007d43-7a4e-4e90-a036-2749dae00e3d","2026-04-01","buy-to-let","switched","2026-03-28"
"Hidecreek","020121ba-1bbe-4e82-9547-19f487ecd59d","2030-06-26","buy-to-let","open",""
"Elderless","0202908f-f739-4667-864d-ea5b913ea626","2026-09-04","owner-occupied","switched","2026-05-19"
"Elderless","0202a11e-9413-4a9f-b2ff-a31f802ecd79","2029-01-15","buy-to-let","open",""
"Elderless","0207c5e8-cf35-49a4-ba0e-bcf03d670a2c","2027-07-31","buy-to-let","open",""
"Hidecreek","020b6f3c-9e38-4a29-ac85-e54ba503cb68","2026-11-30","buy-to-let","open",""
"Hidecreek","020ccf3b-9e22-4de3-ae40-e76ca1aaa614","2031-10-08","buy-to-let","open",""
"Roast Ham","02136b74-36bc-48b9-bd25-fea92e3878c1","2027-06-30","owner-occupied","open",""
"Elderless","02142813-4325-4948-903c-a5594e1c01d7","2026-01-31","buy-to-let","redeemed","2026-02-03"
"Elderless","02143b17-fbc0-49a5-b057-19732df301b1","2027-04-08","owner-occupied","open",""
"Elderless","0216156b-3f8a-4119-bd61-2526697ec1b3","2026-05-31","buy-to-let","open",""
"Elderless","02172485-daa1-4d01-bcc2-c4a1a60079cf","2027-10-30","buy-to-let","open",""
"Elderless","0217c1b4-2dcb-4a99-a1aa-eff379ceb7c3","2025-07-31","buy-to-let","switched","2025-07-09"
"Roast Ham","02186ecd-d4c5-4d5c-ac95-c66562aa09e0","2026-05-31","owner-occupied","open",""
"Roast Ham","021be34f-e083-4d57-8a74-de9acd295131","2028-04-30","buy-to-let","open",""
"Elderless","021dc3bd-d3a5-4ff9-8161-c4b7b6ac959b","2029-12-11","owner-occupied","open",""
"Elderless","021f177f-204c-421d-98de-ed4ff94b57c5","2026-02-22","buy-to-let","switched","2026-01-31"
"Elderless","022a2624-bf8b-4288-a8d9-c98affca93f0","2027-10-31","buy-to-let","open",""
"Elderless","022e349f-72ff-4fbc-acda-6204d80349b0","2030-04-24","buy-to-let","open",""
"Elderless","0234f959-57b6-4a9c-9429-1d2394e90eeb","2029-11-28","buy-to-let","open",""
"Roast Ham","023cfca6-77d8-468a-9476-2be205c7de29","2030-08-31","owner-occupied","open",""
"Elderless","023e0134-fc55-4df4-a9a8-6145b86d28ad","2031-01-31","buy-to-let","open",""
"Hidecreek","023f6d98-0a45-4b12-a374-778c2bd55415","2027-03-22","semi-commercial-buy-to-let","open",""
"Elderless","0241f64c-ff0b-48ba-bcd6-ffe400798a1f","2027-10-22","owner-occupied","open",""
"Roast Ham","0242fe45-b979-4416-871c-e86f0037acb4","2026-11-30","owner-occupied","redeemed","2024-11-12"
"Elderless","0244aa68-84ba-42b1-9a9e-42c10bf3f007","2026-08-31","buy-to-let","open",""
"Elderless","0245899e-bb72-4d06-81ff-079a905f0397","2026-04-30","owner-occupied","redeemed","2026-05-19"
"Elderless","024621c2-526b-443a-a18a-33d89835fe11","2027-07-31","buy-to-let","open",""
"Elderless","02485541-3aeb-4ded-b286-1bbb42c2009f","2031-05-04","buy-to-let","open",""
"Hidecreek","02495a4a-ae44-4631-a7eb-189fb8b035d5","2028-04-06","buy-to-let","open",""
"Roast Ham","024aae0a-b9a4-4abe-90de-9e88971afe49","2025-12-31","owner-occupied","open",""
"Elderless","024d9726-9f79-4544-8f98-e008e48f3f9f","2030-03-31","buy-to-let","open",""
"Elderless","024ee6d4-da56-4f1c-9e75-0250a7361aca","2031-03-11","buy-to-let","open",""
"Elderless","02505749-1f50-47a7-ac8e-6d8217a80332","2030-03-26","buy-to-let","open",""
"Roast Ham","0250c42e-42b6-48f3-8544-eac8a935dbfc","2027-01-31","owner-occupied","open",""
"Elderless","0253485e-d49a-4433-84a7-5ce0b8757529","2029-10-30","buy-to-let","open",""
"Hidecreek","02557a7b-841c-45bb-8bcd-53d3a23da514","2027-08-24","buy-to-let","open",""
"Elderless","02562012-ebf0-4daa-8cd6-2a33af9dd25c","2027-11-29","owner-occupied","open",""
"Elderless","02563662-57f8-4814-ac7c-0a2d16f8db2c","2025-11-30","owner-occupied","switched","2025-11-20"
"Elderless","02675214-1702-400e-a3f8-36ee696d73e2","2026-10-16","owner-occupied","open",""
"Elderless","02684fe7-37f6-4120-83bc-2962046291a1","2029-11-05","buy-to-let","open",""
"Roast Ham","0269ddea-c3c1-4194-ad34-68fc96aae4e0","2027-05-31","owner-occupied","open",""
"Roast Ham","026c1a68-5814-47fa-89f7-e351bac107bc","2027-01-31","owner-occupied","open",""
"Elderless","026cef08-b10a-4940-bf72-8578d29ae2b0","2028-01-08","buy-to-let","open",""
"Roast Ham","0000b7c7-460a-46fb-80fd-350a62dae5b7","2028-01-31","owner-occupied","open",""
"Hidecreek","0006efb7-ade2-4bf4-8c35-6697428d9313","2027-03-07","commercial-buy-to-let","open",""
"Hidecreek","0010212d-5206-46b6-97e7-10e9e9a650ba","2028-06-12","commercial-buy-to-let","open",""
"Roast Ham","001056ac-e9d9-4072-9012-dcd85b62b8bf","2028-08-31","owner-occupied","open",""
"Elderless","0014d38f-c84d-4316-82c7-d9f8dbf1b51c","2030-11-19","owner-occupied","open",""
"Elderless","00154129-f7e4-44be-99e9-99b69a8ee968","2027-10-30","owner-occupied","open",""
"Elderless","0016a4c7-7745-460e-a382-76b686d93e52","2031-02-26","buy-to-let","open",""
"Elderless","001912c9-c01d-4761-afea-6c9fe17c55f1","2028-04-23","owner-occupied","open",""
"Roast Ham","001b527a-f235-4152-89a8-3babed68d8c1","2027-08-31","owner-occupied","open",""
"Elderless","001ca996-d284-48e3-a856-ae573c94ff9e","2029-10-31","owner-occupied","open",""
"Elderless","001e6a59-31cd-4082-812d-1000a75fc68e","2027-10-05","buy-to-let","open",""
"Roast Ham","00219f52-9316-4d2c-8fac-70218c518312","2027-05-31","buy-to-let","open",""
"Elderless","0021c530-7b9b-4ec8-a15a-82041ace0507","2030-06-30","owner-occupied","open",""
"Elderless","0022a45f-4e8c-405a-9828-cc06b6473f4e","2029-08-14","buy-to-let","open",""
"Roast Ham","0023e386-1e5d-44e1-b17f-8524425b34a7","2025-06-30","owner-occupied","redeemed","2024-04-20"
"Elderless","00252ea6-1232-4c63-9da0-8b7ad9444276","2026-02-28","owner-occupied","redeemed","2026-03-04"
"Roast Ham","00260ca9-ad8d-4581-840a-4237beeed958","2025-11-30","owner-occupied","redeemed","2025-12-04"
"Elderless","00278ba6-89fa-4de6-b0b3-d1d8cb8fddcd","2030-07-28","buy-to-let","open",""
"Elderless","0027da48-a2d6-4790-8893-fe5611819e6e","2030-07-24","buy-to-let","open",""
"Elderless","0028c890-f445-48dd-a47f-5a907f26a97f","2030-09-18","buy-to-let","open",""
"Roast Ham","002a5a3d-3743-49d0-9fea-c0bbdf5be92c","2026-08-31","owner-occupied","open",""
"Roast Ham","002cbff0-9bbd-4550-bde8-59aa5f71b0f5","2026-11-30","buy-to-let","open",""
"Roast Ham","002fe921-bb99-452a-a5eb-3ea9b4b9c020","2026-09-30","buy-to-let","open",""
"Elderless","0030b077-c0ac-4d7d-948e-c87a41c54110","2027-06-10","owner-occupied","open",""
"Elderless","00327f87-d7ac-465d-97cf-ae55c6f644f2","2025-08-31","owner-occupied","switched","2025-07-26"
"Roast Ham","003475ba-247d-4ca1-a970-4d4215232e4e","2028-11-30","owner-occupied","open",""
"Hidecreek","00366f38-8dd1-4f32-bb2e-f86e4053b792","2028-11-24","buy-to-let","open",""
"Elderless","0039e55f-57c9-463e-9a7d-310fc31c3294","2028-11-06","buy-to-let","open",""
"Hidecreek","003a7b91-5990-4d39-98e6-d3de3f997cb8","2026-11-10","buy-to-let","open",""
"Hidecreek","003aa7f9-dc02-4be6-abec-3031a157a8b5","2028-07-03","commercial-buy-to-let","open",""
"Elderless","00413369-0442-4827-b61a-3211d2f4454f","2029-10-31","buy-to-let","open",""
"Roast Ham","004361d2-449f-4fa2-a6f1-df736cd16d87","2029-06-30","owner-occupied","open",""
"Elderless","00444bc5-004d-4694-b6f2-aabc17448992","2026-05-22","owner-occupied","redeemed","2026-05-30"
"Elderless","004857f6-cb3c-4471-a630-a8d6c19cabca","2026-08-26","buy-to-let","open",""
"Hidecreek","00489f1a-1fd7-4305-bcf6-96df65c11575","2030-12-12","buy-to-let","open",""
"Roast Ham","004a6a43-be12-4e37-ab95-33dabcd8f796","2026-11-30","owner-occupied","redeemed","2025-03-21"
"Elderless","004bcf90-17f5-4b4f-a52e-2e990e197ab2","2028-09-05","buy-to-let","open",""
"Elderless","0050d855-d056-48f5-8ec9-a26d2c25274e","2026-06-30","owner-occupied","open",""
"Elderless","00514464-2d4e-41d8-91b0-6efa477c622e","2027-11-13","owner-occupied","open",""
"Roast Ham","00560d38-8f67-4c2e-98c0-a9a7394f4cc8","2026-06-20","owner-occupied","redeemed","2026-02-25"
"Roast Ham","005794dd-5c77-4236-85a9-98ced72a405d","2026-02-28","owner-occupied","switched","2026-01-27"
"Hidecreek","005c98a7-0a7b-43ac-85f2-87d788f4d16d","2027-09-27","buy-to-let","open",""
"California","00604e34-acb3-4b56-bb79-f3e9a48b22af","2029-12-18","buy-to-let","open",""
"Roast Ham","0060991e-7437-4283-b9d5-1c0a8bb5ab5d","2027-01-31","buy-to-let","open",""
"Elderless","0062062e-b73d-4cfa-8287-d760b8550917","2027-12-31","buy-to-let","open",""
"Elderless","00645ec3-44b4-43ad-bb87-d058118af442","2027-02-05","owner-occupied","open",""
"Elderless","006a0ab1-3e06-433d-97a0-70e98267d54b","2027-12-14","owner-occupied","open",""
"Elderless","006dd6ff-f3d6-4195-ae39-667763e659a0","2029-10-10","buy-to-let","open",""
"Elderless","006fbdd1-0b6e-44a0-8550-10ddb44de17a","2027-09-30","owner-occupied","open",""
"Roast Ham","007396d3-35a4-4ecf-96e4-7425bd4b86db","2026-11-30","buy-to-let","open",""
"Elderless","00769f66-2728-48a5-abc5-dd57ba0601a1","2025-12-31","buy-to-let","switched","2025-09-13"
"Roast Ham","0079a05e-f753-47ee-b5bc-9770e8811a2b","2030-05-31","owner-occupied","open",""
"Elderless","007c25c9-2041-42b0-8b50-1d450863d4af","2029-08-31","owner-occupied","open",""
"Elderless","007d538f-a02b-4c48-80eb-e15cf10616a4","2029-10-10","owner-occupied","open",""
"Elderless","0081b644-029e-4ede-8091-221a8642e1d5","2026-02-18","buy-to-let","open",""
"Elderless","0082208b-bb8a-4173-b4ab-09c8bf2c9f22","2028-08-10","buy-to-let","open",""
"Elderless","00825c5a-0734-4067-9e20-f58e92f4ab59","2029-11-01","buy-to-let","open",""
"Hidecreek","0084aa4d-5ca7-4999-8958-4a9792380fe6","2027-11-28","buy-to-let","open",""
"Hidecreek","0088d6cf-24bb-4d66-bf3c-d70d692ceb7b","2028-08-08","buy-to-let","open",""
"Roast Ham","008e6005-0a2e-456a-a4da-b22ad89665d9","2028-05-31","owner-occupied","open",""
"Elderless","008ed85f-54a1-49ef-834f-5c02c05c0a8d","2027-03-01","buy-to-let","open",""
"Roast Ham","0090e341-ee82-4cba-8468-977f353b39f7","2029-01-31","owner-occupied","open",""
"Elderless","00940126-fffb-46f5-ae55-bf6468dd84e8","2025-06-30","owner-occupied","switched","2025-03-15"
"Elderless","00952ba3-b449-4221-8a56-b60fccec93d9","2027-06-12","buy-to-let","switched","2025-06-16"
"Roast Ham","00983d9b-c5d2-4e06-8090-70282d180e74","2028-08-31","buy-to-let","open",""
"Elderless","0099a94a-2d3e-4994-933f-eb8ebf99348d","2028-02-01","owner-occupied","open",""
"Hidecreek","009da56b-c673-44d0-b8b7-9c4742e5b117","2029-10-02","semi-commercial-buy-to-let","open",""
"Roast Ham","009e1378-0c00-47b1-96ed-19ac244d344e","2027-06-30","owner-occupied","open",""
"Elderless","009fbc6f-54bb-44d7-b6dc-821580f2d9b8","2029-11-30","owner-occupied","open",""
"Elderless","00a1b79b-8cbb-462d-83a5-d407147830d2","2027-03-31","owner-occupied","open",""
"Elderless","00a2c37d-be86-4839-b0e6-0631f65b04e0","2029-12-01","buy-to-let","open",""
"Roast Ham","00a580a4-ff08-4813-bb6b-57d4bc7726ea","2025-07-31","owner-occupied","switched","2026-01-07"
"Elderless","00ace18a-c960-4df0-a1b3-02028d594c21","2027-07-12","buy-to-let","open",""
"Roast Ham","00aeb663-59fb-43c0-943f-366f66282316","2025-06-30","owner-occupied","redeemed","2025-06-28"
"Elderless","00b1b294-c53e-4dae-a8c6-686c4e93f28b","2027-09-30","buy-to-let","open",""
"Elderless","00b1efc0-ab28-4a0a-86cb-50d08ccbf2e1","2028-01-25","owner-occupied","open",""
"Elderless","00b643a3-27f6-4d25-97bb-6843361e982e","2028-03-24","buy-to-let","open",""
"Elderless","00bc5c21-ca48-4e41-851f-18f6f7a1a945","2031-02-22","buy-to-let","open",""
"Elderless","00bedf6f-72c8-48fa-9790-a0c725966562","2027-06-16","buy-to-let","open",""
"Roast Ham","00c26e68-e904-41d9-8879-39c387d4ca5c","2030-06-30","buy-to-let","open",""
"Hidecreek","00c2b343-194f-4a3a-acd8-66fedebc9916","2029-05-30","buy-to-let","open",""
"Roast Ham","00cc2f3e-b969-48bc-bddd-89989adf10a5","2027-09-30","buy-to-let","open",""
"Elderless","00cd84c1-006e-4e8c-8f58-7144b6938dc3","2027-08-31","buy-to-let","open",""
"Elderless","03ff6bb4-b28a-4d31-8b9d-9b27c41e3fb1","2027-10-31","buy-to-let","open",""
"Elderless","0400213a-ff4c-40d9-bde8-2dead25031e8","2029-09-30","buy-to-let","open",""
"Roast Ham","04024184-9cb8-43bf-9070-f4a744977443","2025-05-31","owner-occupied","redeemed","2024-06-19"
"Hidecreek","04045bac-342b-44f6-860a-817b74b321fa","2027-12-02","buy-to-let","open",""
"Elderless","04050939-40ce-4821-9378-6bf2e4e36449","2030-09-29","buy-to-let","open",""
"Elderless","04057db8-fd2d-436b-9341-ab5ac7555e02","2029-10-09","buy-to-let","open",""
"Roast Ham","0406c9b8-254e-4e2a-b334-d8fe6c510007","2028-08-22","owner-occupied","redeemed","2026-04-21"
"Elderless","0409cf3e-a7af-44d2-ba60-d3ba9c7deab4","2027-10-09","buy-to-let","open",""
"Elderless","040be8c1-e29e-4266-85a6-34cb14c73376","2027-10-31","buy-to-let","open",""
"Elderless","040f1149-c25d-4f40-98b9-7ee05f608c47","2029-08-28","buy-to-let","open",""
"Elderless","041066c2-e0d6-40bb-8348-09833911bbe9","2028-03-31","buy-to-let","open",""
"Roast Ham","04120fbf-ab17-49d8-b7a1-5553feef7d3f","2028-07-31","buy-to-let","open",""
"Elderless","041737ce-b219-406c-bc7f-e1d3be04edfd","2029-01-31","owner-occupied","open",""
"Hidecreek","0417e701-fed9-45fc-a0ff-4dec53f24d33","2030-05-21","buy-to-let","open",""
"Elderless","04185416-f4f6-45ce-b337-268a4a97d343","2030-10-02","buy-to-let","open",""
"Elderless","041a2106-a6de-4566-b0c3-dc7d8146cc76","2029-10-02","buy-to-let","open",""
"Elderless","041c645d-bf71-450c-9402-3e2a19097583","2027-08-25","owner-occupied","open",""
"Hidecreek","041f3e19-2d89-4f0b-af64-5c2730969eba","2029-03-28","buy-to-let","open",""
"Roast Ham","0424ce39-b7e5-4649-93cb-59df87135da6","2029-05-31","owner-occupied","open",""
"Elderless","0424deca-8f83-40bf-9f5f-2bcb06dd3b41","2030-05-14","buy-to-let","open",""
"Roast Ham","042758f6-9d17-454a-ae53-e5889f3bcfe7","2027-11-30","owner-occupied","open",""
"Hidecreek","042d3c74-71fb-4b7c-a7fe-9b005cdfcbe9","2027-08-22","commercial-buy-to-let","open",""
"Roast Ham","04343066-7f23-4248-be4e-10b23bdcc88e","2026-04-30","owner-occupied","switched","2026-02-01"
"Elderless","0437f3b9-a85b-4e68-aeeb-4fdf19b21947","2026-07-31","owner-occupied","open",""
"Elderless","0441b6ed-61a5-4234-8f13-d1132ffe36d2","2027-11-19","owner-occupied","open",""
"Hidecreek","0441edfd-4a56-46d8-8e94-dd734c94871b","2030-11-14","buy-to-let","open",""
"Elderless","044494c1-d4b0-4318-a3ee-1eb634553376","2027-10-31","buy-to-let","open",""
"Elderless","0445b4d4-d020-419b-b905-0cf39c275f90","2026-12-31","owner-occupied","open",""
"Elderless","044674ee-69e6-4786-8704-5d21bfd2438c","2027-04-30","owner-occupied","open",""
"Elderless","0448377e-4c62-4342-96af-f7f676d2db41","2027-07-04","buy-to-let","open",""
"Roast Ham","044f8566-66c6-4bfb-ab2d-bca71950d340","2027-12-31","owner-occupied","open",""
"Roast Ham","045060a4-7a78-4716-9fd8-80fdb180e1ff","2029-09-30","buy-to-let","open",""
"Roast Ham","0450fe55-9596-49c2-b97c-9fb0c11e2322","2028-04-30","owner-occupied","open",""
"Elderless","0452560c-4336-4068-9ecb-7f98cedc561f","2027-09-30","owner-occupied","open",""
"Elderless","0453f9e3-0350-4e5f-9767-d2bc9fbdd3ec","2027-11-06","owner-occupied","open",""
"Elderless","045775ec-ec40-49f4-a7d3-626c642ad51c","2030-08-17","owner-occupied","open",""
"Elderless","04580499-fdca-4f87-acc1-5e43d84bafe9","2026-12-31","buy-to-let","open",""
"Roast Ham","045997fa-08de-4b75-bc2c-9a8a07c9ca8f","2028-09-30","owner-occupied","open",""
"Roast Ham","045bc9d2-c9c4-4558-b8a1-9bac6d3715f0","2030-04-30","owner-occupied","open",""
"Elderless","045d6216-8aa4-4dfd-8114-2134fb515e51","2028-06-01","buy-to-let","open",""
"Roast Ham","046294a7-9268-4131-aeb4-3a691a002086","2025-09-30","owner-occupied","redeemed","2025-10-11"
"Roast Ham","04669f0e-d003-419b-9a3c-6d867389a569","2027-01-31","owner-occupied","redeemed","2025-12-23"
"Hidecreek","0466f2d1-cbd3-42e7-87a7-c63359ce8c27","2027-05-09","commercial-buy-to-let","open",""
"Hidecreek","046afa2e-c0ae-452d-8df2-7b225ea437fa","2030-10-13","buy-to-let","open",""
"Hidecreek","046d7447-6b3a-4773-b5d0-67d6b1e4a1d3","2029-08-12","buy-to-let","open",""
"Elderless","046d962b-0c77-4613-bfad-7bdbeebb9c34","2029-05-21","owner-occupied","open",""
"Elderless","046d99b6-879d-48ab-a2f4-dca5ba20a40a","2030-01-31","buy-to-let","open",""
"Elderless","0478509d-705b-43ae-a5b9-bde8707e61b1","2028-08-31","buy-to-let","open",""
"Elderless","04792d87-cec5-40b4-a980-5b45b206648e","2030-02-28","buy-to-let","open",""
"Roast Ham","0480f453-da87-4e0f-9245-8f71a81c786b","2027-05-31","owner-occupied","open",""
"Elderless","04827186-ab21-4baa-98f5-b1e8f79f634b","2027-07-02","buy-to-let","open",""
"Elderless","048467ba-caaa-44d0-9a19-9cbabf7f4eb8","2028-11-15","buy-to-let","open",""
"Roast Ham","04870e0f-aaf6-4f29-a12f-cf22dde2be94","2027-05-31","owner-occupied","open",""
"Elderless","048bb66d-aacd-4685-ae39-3ada19ba78e2","2030-03-31","buy-to-let","open",""
"Hidecreek","048bedd0-16a2-4f7b-82ab-75aa18c21c46","2029-03-02","buy-to-let","switched","2026-03-04"
"Elderless","048e23a4-f166-4d79-abfc-a8ef0577444d","2028-04-20","buy-to-let","open",""
"Roast Ham","0495ff19-cd79-402b-b466-dc072562ca2b","2028-09-30","owner-occupied","open",""
"Elderless","049704f8-19be-4bfe-b20d-54fb1594cdbf","2025-09-30","buy-to-let","redeemed","2026-01-23"
"Roast Ham","0498712b-af95-4e87-9143-86add7ab21bc","2026-09-30","owner-occupied","open",""
"Elderless","04a28954-d0a6-4c86-a3e9-4ee625abae99","2027-06-30","owner-occupied","open",""
"Hidecreek","04a33ef9-40f9-4f7c-99a6-f07ffe84c171","2025-12-17","buy-to-let","redeemed","2025-12-18"
"Elderless","04a49093-8cc4-4d27-8131-728403506a5d","2031-05-13","buy-to-let","open",""
"Elderless","04a4c038-e5fd-47d0-a9bb-2007421ac4d2","2029-02-22","buy-to-let","open",""
"Elderless","04a57bcb-2cdd-4091-8c9b-e46307cc5944","2026-09-24","buy-to-let","open",""
"Roast Ham","04a5ea6d-c750-421b-b771-8184b490da28","2028-12-31","buy-to-let","open",""
"Elderless","04a762b1-7dee-42d9-980b-f7043c8bc2b4","2025-12-02","owner-occupied","redeemed","2026-02-14"
"Roast Ham","04a85c28-3c59-40c9-8eb7-3b9e0ac57570","2025-07-31","owner-occupied","redeemed","2025-02-18"
"Roast Ham","04a8c09d-61c5-44a7-8485-b16183b262bd","2026-10-31","owner-occupied","open",""
"Roast Ham","04aa8f19-1251-4efc-b9e1-30fa6d6d63a6","2028-01-31","owner-occupied","open",""
"Hidecreek","04adf0a5-55b0-4907-87ec-1ee50a88a43f","2028-03-03","buy-to-let","open",""
"Hidecreek","04ae07a5-ec55-41c7-a479-55dfd5a6b28e","2029-08-01","buy-to-let","open",""
"Elderless","04b11084-8f77-4e69-93a5-2734af338bf8","2027-01-31","buy-to-let","open",""
"Elderless","04b30f93-bca6-4138-ab10-e0c8a0e633e4","2027-08-07","buy-to-let","open",""
"Elderless","04ba3511-0526-4547-abd2-d9659ca56405","2027-03-31","buy-to-let","open",""
"Elderless","04bb04cc-fa40-4708-98d7-09e79b1e81cd","2026-11-30","owner-occupied","open",""
"Roast Ham","04c13764-b790-45b0-8fd9-81c47c6f72f4","2027-05-31","owner-occupied","open",""
"Elderless","04c55bed-e0ea-41d5-9048-2bd6b003987d","2025-10-31","buy-to-let","open",""
"Elderless","04c8a9ae-0d70-4622-844d-1c7dd294efb6","2028-04-30","owner-occupied","open",""
"Elderless","04ca08c2-44a3-4110-ba39-c16c86864d50","2029-10-09","owner-occupied","open",""
"Roast Ham","04ce4109-20b2-428c-b96c-28a2e8135e72","2026-02-28","owner-occupied","switched","2026-01-28"
"Roast Ham","04d852eb-7b83-43a3-a043-47e6a54b63ad","2028-03-31","owner-occupied","open",""
"Roast Ham","04d866b5-b359-4544-bc89-66aba1ef63e4","2029-12-31","owner-occupied","open",""
"Elderless","04da61e9-a179-4281-a57d-82296bfa976b","2027-07-26","buy-to-let","open",""
"Elderless","04db05d6-5c81-44e3-a7ae-5ad039c6e908","2025-09-30","buy-to-let","redeemed","2025-12-02"
"Elderless","04dc35bb-bee1-4277-a822-a6df71eec6ae","2030-03-31","buy-to-let","open",""
"Elderless","04df544d-f745-4bd9-aa9b-58b40fd00bec","2026-03-31","buy-to-let","switched","2026-03-28"
"Roast Ham","04e2b06d-571b-4a50-b8e2-7e36f142f9da","2030-04-30","owner-occupied","open",""
"Elderless","04e556b2-2d36-40a7-aeee-f0e79df62a37","2029-01-22","buy-to-let","open",""
"Roast Ham","04e6fb21-009d-4668-a8b1-266f6ec79d70","2025-11-30","buy-to-let","redeemed","2025-12-19"
"Elderless","04e7a072-b40c-488f-a503-4aa83241a610","2028-11-16","buy-to-let","open",""
"Roast Ham","04e8fabb-9eb4-47b8-b6ae-cf74e2da7358","2028-04-30","owner-occupied","open",""
"Elderless","04eb0565-7773-433c-8a99-f6c5de36d431","2028-04-30","owner-occupied","open",""
"Elderless","04ec18d5-a97f-4b4c-8b44-627c74cf2dc2","2027-05-31","buy-to-let","open",""
"Elderless","04ee9a0e-ad15-41d0-b45b-ffef74a8c58b","2026-12-04","buy-to-let","open",""
"Elderless","04f18561-a057-483d-bf02-c8bced59b7ee","2026-11-30","buy-to-let","open",""
"Hidecreek","04f1a9e4-b8f7-490e-87a7-367f7541bd3d","2028-06-06","buy-to-let","open",""
"Elderless","04f41c48-e7eb-4b93-9173-48c1cca4827f","2026-03-01","buy-to-let","switched","2026-01-23"
"Hidecreek","04f5e95c-f84d-4f30-bda2-4b0c2481cf22","2029-10-24","commercial-buy-to-let","open",""
"Roast Ham","04f993be-b42f-4197-82f2-38ebd1f1ef65","2026-03-31","owner-occupied","switched","2026-04-12"
"Elderless","04f995ef-a09d-4098-abc2-3179603d4262","2026-10-31","owner-occupied","open",""
"Elderless","04f9dc0c-1ce4-401c-8dd3-394f962c7438","2029-08-15","buy-to-let","open",""
"Elderless","04fb1b01-36b2-44e5-8ba6-2fc39ef4e8f5","2026-04-15","buy-to-let","switched","2026-05-15"
"Hidecreek","04fed974-0dcb-4b3f-8925-eef7eb271a6b","2030-03-18","commercial-buy-to-let","open",""
"Elderless","0500abb2-a9df-42d0-95ad-b1c0aa0a4c5c","2028-04-30","buy-to-let","open",""
"Elderless","05094a10-d808-4ace-9993-b5e5c4df0ac4","2026-06-16","buy-to-let","switched","2026-03-07"
"Roast Ham","050e6de6-6a53-4590-aae8-53db2ac7ac56","2026-12-31","owner-occupied","open",""
"Elderless","05110e5f-923b-45ce-96a5-44d002a40d5d","2026-12-31","buy-to-let","open",""
"Roast Ham","0512bc8e-010c-41c2-80fa-e03e80905b40","2027-01-31","owner-occupied","open",""
"Roast Ham","0512e1df-9043-4338-a54c-8454ac1f0c0d","2030-04-30","buy-to-let","open",""
"Elderless","05187f43-01bc-497c-a8ec-dba1fc96691b","2030-12-14","buy-to-let","open",""
"Hidecreek","05188369-2168-4b4f-b74e-ee7911a1e04b","2027-09-23","buy-to-let","open",""
"Elderless","0519111e-6d11-4976-90de-6299ebaec572","2027-06-30","owner-occupied","open",""
"Roast Ham","051fc3bd-df55-4784-a581-19b5afac35ea","2028-03-31","owner-occupied","open",""
"Roast Ham","0520bd3a-b01d-4604-968c-f7ae7c35b786","2026-11-30","owner-occupied","redeemed","2025-07-03"
"Roast Ham","0526244e-7be4-44c3-8022-29c4fa9f4f90","2028-12-31","owner-occupied","open",""
"Elderless","052636a8-4cc8-444a-92b0-f0b34ecb451b","2030-07-20","buy-to-let","open",""
"Elderless","0528abcf-301e-40bb-8bd3-06393f118da7","2026-08-31","buy-to-let","open",""
"Roast Ham","0528f7f9-ae0c-441f-b98a-42bbe5884d50","2028-09-30","owner-occupied","open",""
"Roast Ham","0529bd46-aefe-4bd3-bab8-99827e316555","2026-09-30","owner-occupied","open",""
"Roast Ham","052f802f-a55c-43be-a851-06fe5c550ee2","2028-12-31","buy-to-let","open",""
"Elderless","05311b1e-54ee-4ffa-912d-7e5c5b3a6c97","2026-02-28","owner-occupied","switched","2026-02-19"
"Hidecreek","053528d7-2084-4417-a0b3-7714928d7f1a","2030-07-01","buy-to-let","open",""
"Elderless","05392077-832e-4c3e-acb9-011c90c1b125","2029-07-22","buy-to-let","open",""
"Elderless","053ba2b7-8ea7-4495-a69d-f07787ee6f4c","2025-07-31","buy-to-let","switched","2025-06-06"
"Hidecreek","053c75b1-e3f6-493b-9d0b-6246eca80982","2029-12-04","buy-to-let","open",""
"Elderless","05401c7b-e377-4d21-aabd-e21c3c035eba","2027-03-31","owner-occupied","open",""
"Elderless","05420be0-a349-4c63-ab7b-cd21fa16a826","2026-10-31","buy-to-let","open",""
"Elderless","054398ca-88d2-4c3a-8282-ff5612270fd3","2028-03-22","buy-to-let","open",""
"Hidecreek","05444529-7ede-40d0-9a79-ef6bf38db58e","2028-01-18","buy-to-let","open",""
"Roast Ham","05456273-5060-40a1-8501-4c77fc052b5c","2027-08-31","buy-to-let","open",""
"Roast Ham","0545e485-1e94-433f-80d7-96c6d7baac0d","2028-10-31","buy-to-let","open",""
"Hidecreek","0546e165-c27e-4c85-b5b4-297a67c0ee15","2027-06-21","buy-to-let","open",""
"Elderless","054c54f0-3d50-4ce0-aa2b-ffec4f5e339f","2029-09-11","buy-to-let","open",""
"Elderless","054f0cd1-61b6-4484-8921-67a3d7fba3ab","2025-09-20","buy-to-let","switched","2025-07-10"
"Roast Ham","0559b2c7-699c-47f1-932a-c423deebc6f2","2028-06-30","owner-occupied","open",""
"Hidecreek","055aa0b7-1395-4ea1-b4b0-a78cb6f8ca15","2027-01-06","buy-to-let","open",""
"Roast Ham","055c78d6-3a74-41d4-8203-b96036c434ae","2027-08-31","buy-to-let","open",""
"Elderless","0560d97b-ef55-4962-a275-25930b89fe2e","2028-02-29","owner-occupied","open",""
"Roast Ham","05630610-bb94-4b2e-99e4-dcf45e3f6594","2026-10-31","owner-occupied","open",""
"Elderless","0565b34d-079f-4105-be9d-7d9ad52abe0d","2028-01-29","buy-to-let","open",""
"Elderless","05661929-fc25-42ca-8361-955878cdd2f0","2025-07-31","buy-to-let","switched","2025-08-16"
"Elderless","056ad594-a52d-4270-bcb4-a41c3b07a4c6","2025-09-25","owner-occupied","open",""
"Hidecreek","056afb77-9327-4f05-b1ca-894254cb4ab6","2029-07-19","buy-to-let","open",""
"Elderless","056b6a44-7816-4959-b92e-fd6e185245ca","2028-03-12","buy-to-let","open",""
"Roast Ham","056b770a-ef96-4211-befe-78f579d07849","2025-10-31","owner-occupied","redeemed","2025-11-04"
"Roast Ham","056e0519-b5a6-46e7-8d8a-8374d9b5dbac","2027-04-30","owner-occupied","open",""
"Elderless","056eafb2-1377-4c91-9839-883c79cefc9f","2026-06-30","owner-occupied","switched","2026-05-16"
"Elderless","056fadd7-7afe-4638-b908-1e2dc579b93a","2030-10-01","buy-to-let","open",""
"Elderless","057175ca-0dcc-4983-beff-d9bd471743a5","2028-01-23","buy-to-let","open",""
"Elderless","05770221-90bd-4381-a7ee-6639bd3ab221","2031-04-30","owner-occupied","open",""
"Elderless","0578abd9-fa7e-427f-b74c-9a803d2e1adb","2028-08-17","buy-to-let","open",""
"Elderless","057b3652-4c26-4b66-a899-52c9dde06d02","2031-01-04","owner-occupied","open",""
"Elderless","057c11c5-65fb-42f0-9764-26e2b9a51a1b","2031-03-31","buy-to-let","open",""
"Elderless","057ea411-2ebe-43ef-b44d-c0ec915ef603","2030-08-31","buy-to-let","open",""
"Elderless","0581c673-a96f-44e8-81be-a2e0edd4c4d9","2027-06-30","owner-occupied","open",""
"Elderless","0582c0fc-5604-46a5-9c96-edb7ec0e82af","2027-07-14","buy-to-let","open",""
"Elderless","0582fcfd-5adb-4329-9c94-351cee5a575a","2030-10-04","buy-to-let","open",""
"Elderless","0583d6e2-d292-4be8-ae93-22375598e636","2025-05-31","owner-occupied","redeemed","2025-06-25"
"Roast Ham","0585b430-f0de-4568-b26b-90c96094655b","2025-08-31","buy-to-let","redeemed","2025-10-14"
"Elderless","05874a47-2840-425e-ac0a-8dc4c5dac85f","2030-07-03","buy-to-let","open",""
"Elderless","05915d5b-8ff2-433d-98e6-cfd11ad4ad14","2029-09-09","buy-to-let","open",""
"Elderless","0591f97b-0ee8-41f5-9c42-cdf7c097ba67","2027-04-02","buy-to-let","open",""
"Roast Ham","0594cc61-3e28-4de6-a6f9-3e9fb7d4895f","2030-05-31","owner-occupied","open",""
"Elderless","05952595-6cfb-4779-910b-a767530ab461","2028-02-19","buy-to-let","open",""
"Elderless","0595d92c-19c0-476e-ae49-13d0f8d70794","2030-09-09","buy-to-let","open",""
"Elderless","0595dfb6-b3a7-4fc0-bceb-036a482fe43b","2027-11-13","owner-occupied","open",""
"Elderless","00d18f73-f61b-4c28-b09c-13b51cc399c0","2029-07-10","buy-to-let","open",""
"Elderless","00d2cdf7-fc83-409c-b5f7-130080406a20","2027-09-30","buy-to-let","open",""
"Elderless","00d3008d-fc04-4bd1-b984-0e253e68d046","2026-01-31","owner-occupied","switched","2025-11-13"
"Elderless","00d4c1d2-85bb-4a66-a458-222ed2a26fe9","2030-03-25","buy-to-let","open",""
"Elderless","00d68a64-2799-4cbd-87d1-97a41f68356b","2028-02-29","owner-occupied","open",""
"Roast Ham","00da748e-d094-431d-8423-1d7e0a2aa165","2026-12-31","buy-to-let","open",""
"Roast Ham","00db3bb4-9d4e-497c-a270-4f7c4f289252","2026-05-31","buy-to-let","switched","2026-03-03"
"Hidecreek","00dc74b6-0504-4bba-b752-75b23104701e","2026-09-16","commercial-buy-to-let","open",""
"Elderless","00dee5ef-4e63-4851-a60e-490ed6e2edd1","2031-04-15","buy-to-let","open",""
"Hidecreek","00e247b8-afcd-4e01-84f9-92af48f44424","2028-02-06","buy-to-let","open",""
"Elderless","00e2e22a-044b-4761-a5b9-54a6ca664fcf","2027-12-20","owner-occupied","open",""
"Elderless","00e4d62d-ac51-49c3-bea5-8d9130ff46d9","2026-05-23","buy-to-let","open",""
"Elderless","00ea13d5-13cd-4cac-bc57-430058de52d1","2031-04-01","buy-to-let","open",""
"Roast Ham","00ed9280-11f1-4a32-a409-0b8d7cfcd287","2026-05-31","owner-occupied","open",""
"Elderless","00f7737e-ef6a-4009-997c-aa190c5e017e","2030-02-10","owner-occupied","open",""
"Elderless","00f8f5cb-2185-46e0-8652-29d7fc086b1a","2026-07-31","owner-occupied","open",""
"Hidecreek","00f9d5d2-f92e-47d2-ab25-7e255ca6677b","2025-12-04","buy-to-let","open",""
"Roast Ham","00fabff6-e36e-4f5a-9c97-bffea43682bc","2029-06-30","owner-occupied","open",""
"Elderless","00fadd1f-7220-43b1-b215-b5d078b67414","2025-12-31","owner-occupied","switched","2025-09-12"
"Elderless","00fd312c-0801-42df-8375-0b9d8bebfa8e","2030-02-27","buy-to-let","open",""
"Hidecreek","00fdca72-0c51-47f6-941e-7726745d5ea4","2027-10-27","buy-to-let","open",""
"Roast Ham","0102f645-0665-4b29-83c7-88b5c9bce1c3","2025-11-30","owner-occupied","switched","2025-11-25"
"Elderless","010427ff-0097-4cd5-b2a7-aa7061ae2aea","2030-08-25","buy-to-let","open",""
"Elderless","01053e61-92b3-4a22-8669-116b5c914d69","2028-04-30","owner-occupied","open",""
"Roast Ham","0109234f-ddf9-43af-9962-c24ebe7a13a3","2026-11-30","owner-occupied","open",""
"Elderless","010998f4-f7dd-4c00-a268-24fcab983765","2026-12-31","buy-to-let","open",""
"Roast Ham","010b8dfc-ed05-43cf-99ce-a7f51e24bfad","2030-03-31","owner-occupied","open",""
"Elderless","01108112-1c1e-4f33-8e9c-d0fc74ce4198","2027-11-09","buy-to-let","open",""
"Roast Ham","01114fa0-2e0f-416e-9f9f-af3c2ee0b907","2026-03-31","owner-occupied","open",""
"Elderless","01153f5b-f5e7-468a-ab09-62c26211d2db","2031-03-18","buy-to-let","open",""
"Elderless","0117ca0e-0aea-46d6-8dba-6cfd160aa9ac","2026-12-15","buy-to-let","open",""
"Elderless","0118a90f-799c-4835-8208-a7aa5a78342e","2026-01-31","buy-to-let","switched","2025-12-18"
"Elderless","0119cdfd-01cc-4043-be59-f2921d74df89","2026-12-13","owner-occupied","open",""
"Elderless","0119e645-2854-4e5e-bc6b-f643b2674a54","2030-05-05","buy-to-let","open",""
"Hidecreek","011b6547-5b1e-4f77-9c18-17dcd4849d50","2029-10-22","buy-to-let","open",""
"Elderless","0121db48-d0ac-4260-a965-b54d1e2b22af","2027-10-31","buy-to-let","open",""
"Roast Ham","012a223f-6cd2-406d-ab67-5af98218d41c","2025-11-30","owner-occupied","redeemed","2025-12-03"
"Roast Ham","012bb364-3e4e-4984-bae9-4bd5fbcd00c7","2026-12-31","owner-occupied","open",""
"Roast Ham","012bfd12-0968-4f8c-a630-d77386c57b49","2026-05-31","owner-occupied","open",""
"Roast Ham","0130a39a-3a29-4e12-b079-cd82d8edc739","2026-03-31","owner-occupied","switched","2026-02-17"
"Elderless","01312c5d-97f9-44c7-a412-9dc923213e65","2025-12-16","owner-occupied","redeemed","2025-12-18"
"Elderless","01313fde-78b5-4075-85b6-c6444569f7f8","2027-07-31","owner-occupied","open",""
"Elderless","013164df-5123-496c-aeb4-80d475a9c5aa","2026-04-14","buy-to-let","switched","2026-01-30"
"Hidecreek","0134a432-6656-48f2-881b-2545fc736de5","2028-02-17","semi-commercial-buy-to-let","open",""
"Roast Ham","01353263-efff-4458-8584-2c0249fe557e","2025-05-31","owner-occupied","switched","2026-01-16"
"Elderless","0136309c-e230-4ecc-a07c-d6440e64ed9c","2026-05-27","owner-occupied","redeemed","2026-05-30"
"Roast Ham","01366f04-0be9-4d57-a2f7-9a282afd5ffc","2028-01-31","owner-occupied","open",""
"Elderless","01384cbc-94c6-4940-ab3d-fff6f4e88286","2030-11-30","buy-to-let","open",""
"Elderless","013b8c74-18bd-437f-b8d9-2389bf7e865d","2029-08-22","buy-to-let","open",""
"Elderless","013bcc34-bac4-438a-84d5-41cd9e863505","2025-09-30","buy-to-let","redeemed","2025-06-24"
"Elderless","013ec136-8a8e-444d-8e3f-ff910abddf4a","2027-10-06","buy-to-let","open",""
"Hidecreek","0143d187-4043-42fa-8285-99afe717d1bc","2027-10-29","buy-to-let","open",""
"Elderless","01445d46-b052-4547-9c0d-4bcd5512f925","2027-06-13","buy-to-let","redeemed","2026-04-07"
"Hidecreek","01485c98-7129-44ca-b63c-3f0c2dd78175","2030-05-22","buy-to-let","redeemed","2026-01-27"
"Hidecreek","014bd557-e631-43e5-b3ea-e04b94611e20","2028-02-06","buy-to-let","open",""
"Elderless","0150181d-c8be-43ea-abe0-4b810950aab7","2027-12-01","buy-to-let","open",""
"Elderless","01512da0-c76f-48ba-84ec-cc5736055157","2029-09-05","buy-to-let","open",""
"Elderless","01539d5c-07fd-42ca-8b2a-ff1d6e658d44","2026-10-28","buy-to-let","open",""
"Roast Ham","01544c89-9333-42e3-b758-b7cc4b8d2897","2028-01-31","owner-occupied","open",""
"Elderless","01587dfc-9793-45d3-bad1-27a7543aeed5","2026-01-14","buy-to-let","open",""
"Roast Ham","0158dcaa-44ee-43aa-b99d-82009d6085cb","2026-08-31","buy-to-let","open",""
"Elderless","015a6b8b-0ed8-4ef2-be89-c0cb64a4ae93","2027-09-22","buy-to-let","open",""
"Elderless","015c1496-9975-45d3-bdf0-a0461f59753a","2027-04-11","buy-to-let","open",""
"Hidecreek","0165697a-d0b8-4ca6-8cab-abdf4c71a632","2027-01-03","commercial-buy-to-let","open",""
"Hidecreek","0165ae64-b31b-48de-9aef-26473f575444","2030-05-29","buy-to-let","open",""
"Elderless","016ae2b2-9dff-415e-a63b-2453f32094ce","2026-06-30","owner-occupied","redeemed","2026-01-15"
"Hidecreek","016b603d-13d3-40d0-90e9-efcb7347a9c0","2030-06-19","commercial-buy-to-let","open",""
"Elderless","016cb696-9a7d-4cbd-93a0-ef44dad35936","2031-04-21","buy-to-let","open",""
"Elderless","016d53f1-dcd4-4014-b646-9fa7e99b0f5d","2027-06-30","buy-to-let","open",""
"Elderless","01716f90-69ec-4fd1-8279-16a29bb2d969","2029-09-10","owner-occupied","open",""
"Elderless","01788ddf-90f6-4bbd-afa6-5353464a04d0","2026-08-22","owner-occupied","open",""
"Roast Ham","01795f20-554c-44a3-9f78-82fa0a8a012c","2026-05-23","owner-occupied","redeemed","2024-10-31"
"Elderless","017b8c63-5f17-4b28-bc80-76e4eb90b5d9","2029-03-31","owner-occupied","switched","2024-05-16"
"Elderless","017b9ac7-70db-41da-b0f5-5bc085ec29a9","2030-04-01","buy-to-let","open",""
"Hidecreek","018700c5-d2dc-47c8-bfcb-4511a942d0b1","2029-06-28","buy-to-let","open",""
"Elderless","018a5451-f0a7-4e4e-9d03-8f62ed53aac5","2025-11-30","buy-to-let","redeemed","2025-12-04"
"Elderless","018bcf62-cb02-411e-aefb-d64b399779eb","2029-05-15","buy-to-let","open",""
"Elderless","018ca16c-f3bd-42f1-88f3-7d0b8a112b1d","2029-09-26","owner-occupied","open",""
"Elderless","018da494-b3af-4788-a97f-474f5a72f551","2029-05-12","buy-to-let","open",""
"Elderless","01902e3c-1539-4b32-9936-0f1228c821d5","2026-01-31","buy-to-let","redeemed","2026-02-13"
"Elderless","0190e56d-36b9-4ad9-b5e6-0c41c83f7268","2026-12-17","buy-to-let","open",""
"Roast Ham","01917b43-e31b-40fc-b336-67d3cdf42371","2028-04-30","owner-occupied","open",""
"Elderless","0197ace1-72f2-420f-8c2f-a50e5ae035e0","2026-05-29","buy-to-let","open",""
"Elderless","026fe2c5-d746-4665-b8ea-8a328f97b498","2027-05-13","buy-to-let","open",""
"Hidecreek","02732829-45a9-41dc-81be-f135a19daf1a","2027-09-30","buy-to-let","redeemed","2026-04-22"
"Roast Ham","0274690b-e4a8-4e23-b428-f1239adb4ed5","2027-05-31","owner-occupied","redeemed","2025-09-16"
"Elderless","02765ee3-9031-4a52-875e-b7c1707c6668","2027-04-30","buy-to-let","open",""
"Roast Ham","02768348-5a26-420b-9c2b-0314245eafd7","2027-07-31","buy-to-let","open",""
"Elderless","0277c928-2ca2-4207-9952-2e5dc23353f9","2029-04-25","owner-occupied","open",""
"Elderless","02808e06-91f1-43f0-844f-bf0c58f080ef","2030-08-28","buy-to-let","open",""
"Elderless","0281fd63-7c18-4af9-bdfc-fb9b2df7dfc0","2030-02-19","buy-to-let","open",""
"Elderless","02822667-5b50-447c-b64a-e5a6aaeeeb52","2027-10-31","buy-to-let","open",""
"Roast Ham","02877256-2a59-442f-91a5-333c0f56b03e","2026-12-31","owner-occupied","open",""
"Elderless","028f5863-89ff-4247-a268-a326ad5b952b","2026-08-28","buy-to-let","open",""
"Elderless","02902de7-16d4-4338-ae3b-d89fc87b2d6b","2031-04-09","buy-to-let","open",""
"Elderless","0290ce23-16e4-43a0-9484-63a1e6e5d2ca","2025-10-26","buy-to-let","redeemed","2025-10-28"
"Hidecreek","0292d51c-0130-4bdb-b80c-daf0c59914ae","2027-01-14","buy-to-let","open",""
"Roast Ham","02933cf6-abf6-4464-b34f-56455236503c","2026-10-31","owner-occupied","open",""
"Roast Ham","0297af83-f519-4edb-b962-e7b79534ac04","2025-11-30","owner-occupied","switched","2025-09-30"
"Elderless","0298b176-84b6-46d2-91c9-ea8aa376f1d7","2025-07-31","owner-occupied","redeemed","2025-08-02"
"Hidecreek","02a0d21d-3da2-4b5f-9886-57fb4d765f19","2027-04-20","buy-to-let","open",""
"Elderless","02a41088-7e9b-4ca1-bd02-dcc66ba0f88d","2027-05-25","buy-to-let","open",""
"Hidecreek","02a41164-2d8d-4a30-a4f5-3d79de5bbb58","2028-02-04","commercial-buy-to-let","open",""
"Elderless","02a45b4a-8eb1-4efe-bcf1-6c3604cb0078","2029-04-30","buy-to-let","open",""
"Hidecreek","02a54490-8c98-4ed6-81f0-187bdf3b2caa","2028-03-31","buy-to-let","open",""
"Elderless","02a5e9b5-860d-41a9-b547-c96b1fb6c166","2029-07-25","buy-to-let","open",""
"Elderless","02a877c8-44e1-4144-b2cc-7305156e711e","2028-01-31","buy-to-let","open",""
"Roast Ham","02a896a6-8062-43b7-b2ee-18953f7df411","2029-08-31","buy-to-let","open",""
"Elderless","02b1f48f-00c4-47e3-b104-f2d844fbb699","2026-10-07","buy-to-let","open",""
"Elderless","02b6df14-4912-4312-bd6e-1973e1aaf758","2028-12-31","owner-occupied","open",""
"Elderless","02b80de5-41f8-4203-a8a5-5f6004634bce","2030-05-11","buy-to-let","open",""
"Elderless","02c3e71c-1a53-48bd-8aa1-81158d53e360","2030-03-20","buy-to-let","open",""
"Elderless","02c45dcc-c4b7-4a7b-92cd-19dbdcf1db41","2027-08-06","buy-to-let","open",""
"Roast Ham","02c7425e-c2c5-46c8-aadb-e7bb6e44e8da","2029-05-31","buy-to-let","open",""
"Elderless","02ca79df-17d1-44be-bab7-720116f4d210","2027-04-01","buy-to-let","open",""
"Hidecreek","02cc5199-1a96-4be6-aba8-ea0179fcaf0d","2025-11-26","buy-to-let","open",""
"Elderless","02cde5f8-1488-4f69-8e3e-624601dff3ee","2025-09-14","buy-to-let","switched","2026-01-15"
"Roast Ham","02cf375a-2819-4968-93c4-51353d028e64","2025-09-30","owner-occupied","redeemed","2025-10-02"
"Elderless","02cfb6bb-48c5-4a4f-8897-2bfda5853893","2030-01-15","buy-to-let","open",""
"Hidecreek","02d855db-8e2a-497a-be69-6c56781454a8","2030-12-11","commercial-owner-occupied","open",""
"Hidecreek","02db1240-e2ec-44a5-8f39-59ea0dcff098","2031-02-12","buy-to-let","open",""
"Elderless","02dea204-ae04-40b0-833c-691e8917dfb3","2031-05-19","buy-to-let","open",""
"Roast Ham","02e4913b-8abc-45ca-b737-7166447e3c94","2026-12-31","buy-to-let","open",""
"Elderless","02e6c7c9-4a3c-4151-9c0a-fdf339b1a55e","2025-09-30","buy-to-let","switched","2025-08-05"
"Elderless","02eb256e-8dac-4dce-86d4-ac4c8ac1f568","2031-01-25","buy-to-let","open",""
"Hidecreek","02f43d77-ae5b-4226-a180-f2f83d5ec841","2028-06-27","buy-to-let","open",""
"Elderless","02f46eaf-eee9-49e8-94aa-698566458c78","2029-10-24","buy-to-let","open",""
"Roast Ham","02f4ef41-1eaa-45a3-b3a6-0ca098c97c49","2031-01-31","owner-occupied","open",""
"Elderless","02f5d123-fb23-42b7-be5b-1032b3be305c","2027-11-12","buy-to-let","open",""
"Roast Ham","02f90297-dedb-4006-9489-994223c219ba","2028-04-30","buy-to-let","open",""
"Elderless","02fd195e-ae58-4f90-b091-b14f79975306","2030-03-25","buy-to-let","open",""
"Elderless","02fe1ec6-1b52-4d0b-83e7-c70b042023ad","2027-05-05","buy-to-let","open",""
"Roast Ham","02fe8572-0b75-4d91-821e-1aba47ceeec3","2027-04-30","owner-occupied","open",""
"Elderless","03001056-2d58-41f3-9382-2ff1234d7373","2027-03-28","buy-to-let","open",""
"Elderless","030143c6-85f9-4798-8442-221c98c6edf5","2027-09-21","buy-to-let","open",""
"Roast Ham","0302055f-646f-4f8c-af13-8d0c9eeb5e91","2025-07-04","buy-to-let","open",""
"Elderless","030329b0-0649-4b1f-8821-5efe2bbe07dd","2030-08-31","buy-to-let","open",""
"Roast Ham","030404a8-c22e-47b9-be21-09cf900d287f","2025-06-22","buy-to-let","redeemed","2025-06-24"
"Roast Ham","0306e50d-82d4-4caf-af3c-97f0393d895b","2026-07-31","owner-occupied","open",""
"Hidecreek","0307694b-a45d-4eb3-8857-46b30fe62647","2028-05-10","commercial-buy-to-let","open",""
"Hidecreek","030da2e2-60fd-47f1-b8cc-2a73d1c6c888","2026-04-23","buy-to-let","switched","2026-04-29"
"Elderless","030e717b-c117-4fac-b289-1672dbc3962a","2028-08-28","buy-to-let","open",""
"Elderless","030e7d4d-73f3-451f-830a-4e0ac646cbd1","2030-01-15","buy-to-let","open",""
"Hidecreek","030efb04-b2c2-4bc5-953c-ce9c3242a4f2","2027-08-07","buy-to-let","open",""
"Hidecreek","03126b32-2675-46d9-8b90-137fcee9439f","2029-09-12","buy-to-let","open",""
"Elderless","03150ea1-6321-42c6-a84e-aedaeac7ae6d","2025-07-09","buy-to-let","switched","2025-06-20"
"Elderless","0318c93d-4357-4fae-85be-4af7286f49d1","2025-05-31","owner-occupied","switched","2025-05-17"
"Roast Ham","031942cd-b920-45b0-a8c0-a17b286571fc","2028-09-30","owner-occupied","open",""
"Roast Ham","031e1221-8770-4e5b-9e8d-b904928369d6","2028-02-29","owner-occupied","open",""
"Hidecreek","031eb234-278d-47a8-902c-35c6a4ac43ef","2028-02-02","buy-to-let","open",""
"Elderless","031f72c6-88e8-437d-aafe-8f9aa6b2b027","2028-02-29","owner-occupied","open",""
"Hidecreek","0322beca-242c-49a3-b80a-41cc0d877816","2027-11-11","buy-to-let","open",""
"Elderless","032a4350-0871-4127-a622-d41ee99a2d74","2027-09-14","buy-to-let","open",""
"Elderless","032a82f8-25c4-412e-8243-4d9c999aeaf4","2026-07-31","owner-occupied","switched","2026-05-29"
"Elderless","032a8e6c-9141-4eb7-90a1-1dfb61b67eb2","2028-03-31","buy-to-let","open",""
"Roast Ham","0331ad6e-6dc1-4576-8884-2017baffb98c","2027-06-30","owner-occupied","open",""
"Elderless","0333c889-08a1-4151-9353-3f11b63c111f","2027-11-27","buy-to-let","open",""
"Roast Ham","0337333e-5bc9-460b-872a-f2903a676908","2027-06-30","buy-to-let","open",""
"Elderless","03385774-0712-4a40-bfab-e84050bc5109","2026-12-31","buy-to-let","open",""
"Elderless","033935ec-9196-4a15-be40-5f8f9902118c","2030-09-23","owner-occupied","open",""
"Hidecreek","03398fec-5dca-4039-94cc-ced1d30229f7","2031-06-02","commercial-buy-to-let","open",""
"Elderless","033c3953-48f5-46b2-9732-9789cc6e7dae","2027-12-04","buy-to-let","open",""
"Elderless","033e1625-31fd-4c5b-8e36-0e7eb46a5c83","2027-04-30","buy-to-let","open",""
"Elderless","0340d193-d749-469a-b7eb-b4d25f54f178","2027-11-28","buy-to-let","open",""
"Elderless","0342cdd8-9cde-4644-9937-5af6783b2af7","2026-04-30","buy-to-let","switched","2026-01-25"
"Elderless","03482c36-9ee4-406b-9bb0-4b44b61a5b49","2025-11-30","buy-to-let","redeemed","2026-01-08"
"Roast Ham","0348546a-c8de-4e0b-8f0e-ba01b1ce809f","2026-05-31","owner-occupied","switched","2026-02-20"
"Elderless","03497e5a-bf78-4149-839b-6da525bf43da","2028-03-31","buy-to-let","open",""
"Elderless","034ab51e-7939-4be5-b583-ca92130d5251","2026-05-31","buy-to-let","open",""
"Elderless","034f064f-8669-4941-badf-b7cc780ceb72","2029-09-30","buy-to-let","open",""
"Hidecreek","035070c9-16d3-4971-93d0-00e821ce1b3b","2028-09-20","buy-to-let","open",""
"Elderless","0351472d-acd9-4fa7-a3d9-a6cb5f9c82bc","2029-02-05","buy-to-let","open",""
"Elderless","03519080-976c-4406-bb4c-8d4cccd20346","2025-11-30","buy-to-let","redeemed","2025-11-20"
"Roast Ham","0352e8ee-18a0-415f-9f65-5798f6cacb05","2028-09-30","buy-to-let","redeemed","2025-10-28"
"Roast Ham","03558031-4e31-4a20-8014-61a243b89be6","2025-05-31","owner-occupied","redeemed","2026-02-13"
"Elderless","03577ad0-7f40-4c5a-a7db-b5a6d5f5f099","2026-10-02","owner-occupied","open",""
"Roast Ham","035ab1b4-b4c5-496f-8389-79f31fe50fdc","2027-06-30","owner-occupied","open",""
"Roast Ham","035b3ea0-e790-4e84-bf62-11210ab718df","2027-02-28","owner-occupied","open",""
"Elderless","035c3aad-ea3b-41c3-a782-18ef67c286f0","2029-07-30","owner-occupied","open",""
"Roast Ham","035d5d86-9223-4bb0-9456-4892a39fbc88","2027-10-31","owner-occupied","open",""
"Elderless","035d9879-cdbc-4aaa-8816-70a89cfb25de","2027-10-31","buy-to-let","open",""
"Elderless","035e30df-33a2-409c-9279-97ac12895c4f","2028-08-20","owner-occupied","open",""
"Hidecreek","03677903-8e79-4088-a702-54e7466976b6","2027-07-15","buy-to-let","open",""
"Elderless","0369ad90-1f78-4f2a-9f8b-7d40772aba27","2030-03-31","owner-occupied","open",""
"Roast Ham","036d5c44-289d-4456-9f65-063efd5cecda","2025-12-31","owner-occupied","switched","2025-12-13"
"Hidecreek","03730fb3-49e5-4439-8be5-7a2e28aab37d","2029-07-10","buy-to-let","open",""
"Elderless","03749b40-42aa-4e77-8bdc-464414fde86a","2030-02-17","owner-occupied","open",""
"Roast Ham","0376103d-915a-4411-8090-9c82f5caa7b7","2025-08-31","owner-occupied","switched","2025-08-08"
"Hidecreek","0379a8bf-9722-482a-b0d1-7857c65fab80","2028-11-24","buy-to-let","open",""
"Roast Ham","037af6b8-02d8-4813-ab5b-fe3cd475df31","2029-07-31","owner-occupied","open",""
"Elderless","037e8e83-86f7-497d-96f9-8d05eca40273","2028-12-31","buy-to-let","open",""
"Roast Ham","037ec9bd-51fb-47be-8e6b-633f706eaee6","2026-10-31","owner-occupied","redeemed","2025-02-25"
"Roast Ham","0381c094-e7d7-48f6-aa4a-8e00b77a8898","2028-12-31","owner-occupied","open",""
"Elderless","0385c332-71e2-46f2-9cbb-539259a9644b","2026-10-10","buy-to-let","redeemed","2025-03-11"
"Hidecreek","038671cc-b0fc-41b3-adea-526cf26cf17d","2029-11-01","buy-to-let","open",""
"Elderless","038bb053-86e3-4e70-8b5c-2c8aac6a34ad","2027-01-02","buy-to-let","open",""
"Elderless","038d0167-3164-4493-805c-5af83e89b250","2027-05-31","owner-occupied","redeemed","2026-02-10"
"Elderless","0393ba47-98b8-41cc-b57e-0b68911609c3","2025-10-29","buy-to-let","switched","2025-10-14"
"Elderless","039eee78-6667-4af3-99f9-cc72b8403ec6","2028-04-30","buy-to-let","open",""
"Elderless","03a30839-905a-497f-8b62-32791fcf2c7e","2026-10-12","buy-to-let","open",""
"Roast Ham","03a5a7d3-a63b-43b6-b7bf-8f6ebcca5dde","2027-02-28","owner-occupied","open",""
"Roast Ham","03a6444c-85c0-4685-8eeb-2ac278ad26a6","2025-10-31","buy-to-let","switched","2025-09-23"
"Elderless","03a9a1d5-0c09-4837-ae81-b3dbadc6aef7","2025-07-21","buy-to-let","open",""
"Elderless","03adbd3f-89b9-4c32-ad27-d64c1db7ef6b","2028-11-19","buy-to-let","open",""
"Roast Ham","03aefbbd-6a74-42e5-bc0d-d0c1ac41994c","2026-08-31","buy-to-let","open",""
"Roast Ham","03af239c-0977-4bef-a0c8-6a2ed7f3238e","2029-12-31","buy-to-let","open",""
"Roast Ham","03b7334c-f7c7-4c95-8125-d4a6538fd91a","2027-12-31","owner-occupied","open",""
"Roast Ham","03b91744-69b7-4fe1-81b5-5033d1c806da","2027-07-31","buy-to-let","open",""
"Roast Ham","03be9298-625e-4420-9261-b82113255d79","2025-10-01","owner-occupied","open",""
"Hidecreek","03bf42a7-8f7d-42a5-95fa-0ce0b669ac32","2028-03-03","buy-to-let","open",""
"Hidecreek","03bfb947-b6d2-43f0-9634-17bb13c30a8e","2028-08-18","commercial-buy-to-let","switched","2025-09-09"
"Elderless","03cfff96-890b-481f-8dde-d658d03396a0","2026-01-31","buy-to-let","redeemed","2026-02-25"
"Roast Ham","03d1e427-6958-4bdc-b7d8-a9dcd4cb4f3c","2026-06-06","buy-to-let","switched","2026-04-22"
"Roast Ham","03d3982c-40ee-4498-aa9e-f99afda485a8","2026-02-28","buy-to-let","redeemed","2026-03-03"
"Elderless","03d5c323-24d5-49ad-abcf-482cc287c642","2027-05-31","buy-to-let","open",""
"Roast Ham","03daef01-b1ad-4df3-be25-88d1b0309bcd","2028-10-31","owner-occupied","open",""
"Elderless","03dfbb69-2e67-4804-af03-d66526e0877b","2028-01-31","owner-occupied","open",""
"Hidecreek","03e3cf5a-a909-4bdd-8b01-95524bead25a","2030-10-06","buy-to-let","open",""
"Roast Ham","03e5cad0-5186-4c30-a4c0-7b46999b279d","2027-03-31","owner-occupied","open",""
"Elderless","03ee1ee1-fd76-4da4-834e-ad02e2f90b79","2028-02-26","buy-to-let","open",""
"Roast Ham","03ef2566-d263-435b-8e33-e3b58798c2e4","2028-01-31","owner-occupied","open",""
"Elderless","03f0bf8a-a01d-4429-b015-2d23758dfc66","2031-02-01","buy-to-let","open",""
"Elderless","03fa071f-5a2a-4b18-b253-8ee848f27e5b","2029-09-19","buy-to-let","open",""
"Roast Ham","03fb797c-6e17-4173-a8a4-666b7000f9b8","2028-02-29","owner-occupied","open",""
"Elderless","03fbd1c6-db14-48f3-bd6c-4512bfb3352b","2028-04-29","owner-occupied","open",""
"Elderless","03fc1769-db65-400e-ae80-30dff29af5ab","2029-09-30","owner-occupied","open",""
"Elderless","03fc7aae-fbcd-4cfd-841b-816e2b5fde19","2028-11-23","buy-to-let","open",""
"Elderless","03fc89e8-4f7e-4ba0-9a0a-f3bcdad713eb","2026-06-30","owner-occupied","open",""
"Elderless","03fcce65-0155-404f-b9eb-3ba31d305e8b","2027-07-14","buy-to-let","open",""
"Roast Ham","04065c04-c842-409b-bc7c-23ff9903a9a7","2027-01-31","owner-occupied","open",""
"Hidecreek","04075d00-3f07-4903-a2e4-8263f00cd07d","2028-03-16","buy-to-let","open",""
"Elderless","040c9f8e-817f-4737-bf86-486f0f42e546","2028-02-29","buy-to-let","open",""
"Hidecreek","0412bde8-b028-4757-97ea-9a830f6050ba","2029-09-06","buy-to-let","open",""
"Elderless","041a33a0-37c8-4cfc-8045-dbbc95cd3d40","2028-05-07","owner-occupied","open",""
"Roast Ham","041f9fcc-2d82-4140-a990-8e2d23064b69","2025-09-30","owner-occupied","redeemed","2025-10-03"
"Elderless","0422592b-ba03-464f-8a95-674dcc3a9037","2027-02-27","buy-to-let","open",""
"Elderless","04237e93-538a-4efb-b92c-fdabda81b146","2028-03-31","buy-to-let","open",""
"Hidecreek","0423b13c-30dd-4c4b-b8df-22f900099c21","2028-03-17","buy-to-let","open",""
"Elderless","04248262-aaf2-46ce-859e-3cea253ea072","2029-11-28","buy-to-let","open",""
"Elderless","0424bbe2-6e4f-422c-b1ee-99c1a7b8a96c","2026-01-31","buy-to-let","switched","2025-11-04"
"Elderless","0425b2ee-fbed-425e-b04d-8633df64aaf8","2025-11-30","owner-occupied","switched","2025-11-29"
"Elderless","042615e6-c57e-4621-b289-79e9bfb3a6f3","2028-04-03","buy-to-let","open",""
"Roast Ham","04285fdd-a692-48f9-a168-c8e30e70b63c","2027-04-30","buy-to-let","open",""
"Elderless","04289d4f-e37c-4c07-bf03-c4e4b6238a19","2027-11-30","buy-to-let","open",""
"Roast Ham","0428fd58-9ece-4fda-8f4b-85a5e8c45e0a","2026-07-31","owner-occupied","open",""
"Elderless","042a0a7c-459a-451f-9f45-0cb3a9423e99","2029-10-13","owner-occupied","open",""
"Elderless","042d39a1-677b-4bfe-8d67-ba957ad0b822","2028-04-01","buy-to-let","open",""
"Elderless","042ffe36-fd4e-4db2-9385-01324db2f9fe","2028-12-18","buy-to-let","open",""
"Elderless","04332a9b-5ce1-4551-b88a-fd9b23f59e67","2025-09-30","owner-occupied","redeemed","2025-10-02"
"Elderless","0199a67b-9860-46f1-aef6-24a8dd63c1d6","2027-05-31","buy-to-let","open",""
"Elderless","019d1259-8720-4f5f-8913-38c8a0dbe0f4","2025-07-02","buy-to-let","redeemed","2025-12-16"
"Roast Ham","019dedbc-b20f-4988-a10b-50181c132a49","2025-09-30","buy-to-let","redeemed","2025-10-07"
"Elderless","019e1898-bfa9-49ad-9355-10f6726ca031","2028-05-31","owner-occupied","open",""
"Elderless","019e6a50-2529-425e-b634-9047d7967f41","2027-06-30","owner-occupied","open",""
"Elderless","01a46347-5dfc-47bd-a2f0-374ceef5757a","2028-12-20","buy-to-let","open",""
"Elderless","01a4901c-8cb4-45ef-9ab9-94992d408585","2028-07-02","buy-to-let","open",""
"Elderless","01a675c8-a94c-4782-96a2-d5bae6459659","2025-11-30","buy-to-let","switched","2025-09-17"
"Elderless","01ab1a06-6a29-4208-82f1-0c027e432ead","2029-08-08","buy-to-let","open",""
"Elderless","01aca344-7310-4f31-86ee-1cc6440e94fc","2028-12-10","buy-to-let","open",""
"Elderless","01af0ec9-e764-4035-91ab-e1375ff9dff8","2025-07-31","owner-occupied","redeemed","2025-07-01"
"Roast Ham","01af1fe2-6bd5-4757-8f44-797cadf77684","2027-06-30","buy-to-let","open",""
"Hidecreek","01b336a5-e33a-426d-98ed-a3f509bb96b6","2027-08-02","buy-to-let","open",""
"Hidecreek","01b3fc1f-10b7-4f0e-b00b-c64357765a2a","2027-01-26","buy-to-let","open",""
"Hidecreek","01b3fc9e-9c87-490c-b27c-666730c726fe","2027-05-27","commercial-buy-to-let","switched","2025-09-09"
"Elderless","01b4b8c6-62df-4173-a51a-00e33a972284","2029-12-01","buy-to-let","open",""
"Elderless","01b697b9-6f2b-4429-a90d-85869f3d3e11","2028-01-29","buy-to-let","open",""
"Elderless","01b69a0b-420c-4754-a782-5f62b0e2f0ac","2031-03-31","owner-occupied","open",""
"Elderless","01bd4e3b-dee5-4a2f-aac2-b64769a716cb","2026-10-31","buy-to-let","open",""
"Elderless","01be2afd-c038-4366-a7c5-a395c1d4068b","2025-12-31","buy-to-let","switched","2025-12-25"
"Hidecreek","01c128d7-c17c-4155-9f6b-703ce3fc0365","2026-03-29","buy-to-let","open",""
"Hidecreek","01c58e72-7daf-41b8-9cb5-79e1eac77ed9","2028-08-25","buy-to-let","open",""
"Hidecreek","01c67e70-5229-4147-b070-c32fd2322e3c","2027-08-10","buy-to-let","open",""
"Roast Ham","01c99997-35a0-4eb4-8cb0-6b7e956f79ae","2030-09-30","owner-occupied","open",""
"Elderless","01cc267a-2c6f-47a1-b119-8350b21d7448","2027-06-30","buy-to-let","open",""
"Hidecreek","01d29a66-fd29-4727-9bc5-f98ea3e2702c","2030-08-21","buy-to-let","open",""
"Elderless","01d6aaaa-1beb-4933-b2b7-06b75709c844","2029-11-20","buy-to-let","open",""
"Elderless","01d8c275-8e1a-4088-ad09-d47dd7b2f9e8","2029-12-16","buy-to-let","open",""
"Elderless","01df86d2-d496-4c45-b015-7ace5a2b75dc","2027-09-19","owner-occupied","open",""
"Elderless","01e06245-0ba0-48d2-804d-9c9ee9169faa","2028-11-28","buy-to-let","open",""
"Elderless","01e0f134-9344-4f38-a046-790946f9af3c","2025-06-30","owner-occupied","switched","2025-06-10"
"Elderless","01e17ac5-813c-4b9c-8776-def9f23d42b9","2028-11-08","buy-to-let","open",""
"Elderless","01e1a808-9f61-4140-901b-2d7060469990","2031-02-17","buy-to-let","open",""
"Roast Ham","01e4f45e-d8e9-429b-884a-c383c25412d4","2028-08-31","owner-occupied","open",""
"Elderless","01e72afc-8513-48f7-a978-e6f6c2ec9233","2027-04-30","owner-occupied","open",""
"Elderless","01e8059e-4a65-4201-bacf-c4840a5d2188","2027-05-31","buy-to-let","open",""
"Elderless","01f5ae41-44bc-4d68-8baa-cbe34a7d1866","2027-11-12","buy-to-let","open",""
"Elderless","01f83bde-77a3-4dd0-aa91-1ebb8fad1248","2029-11-21","buy-to-let","open",""
"Hidecreek","01f895dc-b25b-4b8f-af46-6e467f5f985d","2031-05-27","commercial-buy-to-let","open",""
"Elderless","01f8fae8-31b4-4a70-b9af-5c4f3c240cb4","2028-04-04","buy-to-let","open",""
"Elderless","01fcbf70-b1af-4e03-8dd8-f9eed0faef07","2027-07-11","buy-to-let","redeemed","2026-04-29"
"Elderless","01fddf7b-be0a-4d58-9552-672deae5266f","2029-08-26","buy-to-let","open",""
"Elderless","02039049-35ad-4ed3-89f0-6965f8832905","2030-01-29","buy-to-let","open",""
"Elderless","020bf0b1-21d7-4f0c-b6ce-85d5fde1ebe0","2026-02-02","buy-to-let","redeemed","2026-02-04"
"Elderless","020d5e96-3510-4092-a2f1-36e25742557d","2029-05-01","owner-occupied","open",""
"Hidecreek","02100251-c773-47fe-8116-422244d5c479","2029-11-15","buy-to-let","open",""
"Elderless","02109294-65a0-4296-bc4f-4c16133fc3e3","2028-03-31","owner-occupied","open",""
"Hidecreek","0210e7b0-d92f-4bac-a4a1-504cd61a3316","2030-02-05","buy-to-let","open",""
"Elderless","021176c1-9466-4d82-960f-57d6ceeab409","2027-12-07","buy-to-let","open",""
"Elderless","0212a44b-5e73-47ac-a4b3-7c713502ac9e","2026-02-28","owner-occupied","switched","2024-03-02"
"Elderless","0215eb80-548e-48a3-8700-0c9ffe5d602f","2026-07-12","buy-to-let","open",""
"Elderless","0216dabc-73b6-4024-89f8-f2233b8fbba2","2025-07-28","buy-to-let","switched","2025-06-19"
"Elderless","021a0313-4bfc-4149-9658-ee555ca038e7","2027-09-11","buy-to-let","open",""
"Elderless","021b2803-c27e-48f0-8f51-7ca623f83908","2027-02-02","buy-to-let","open",""
"Elderless","022c7b07-df66-4d48-b97a-0a2a09ea103a","2027-10-02","buy-to-let","open",""
"Elderless","022d7c05-2186-4156-8c79-9b01d8bd67ca","2027-08-31","buy-to-let","open",""
"Elderless","0233ee74-fe82-44dc-8c45-332025127287","2025-10-12","buy-to-let","open",""
"Roast Ham","023463f7-80a0-4404-8d11-14ff0480620d","2027-05-31","buy-to-let","open",""
"Elderless","023cf7e8-3824-475e-8781-8030eae6b302","2028-12-21","buy-to-let","open",""
"Elderless","023d0c54-0a1e-4381-9a44-bc41d74530b1","2027-08-10","owner-occupied","open",""
"Elderless","0240f7a9-4efe-4285-be14-7f6e692d64cd","2026-08-31","owner-occupied","open",""
"Roast Ham","0242f442-3275-4e2b-a4ff-0ac42fe8b3b7","2026-06-30","owner-occupied","open",""
"Elderless","0243f35a-c596-4334-8f97-fcb3df19d047","2026-02-28","buy-to-let","open",""
"Elderless","02441d67-ab86-4c0b-a83d-14b190dd89b8","2031-03-05","buy-to-let","open",""
"Elderless","0246e807-8924-4a9b-b07e-8ceb67c12896","2028-03-12","buy-to-let","open",""
"Roast Ham","024b7b00-c0f1-4af7-984a-83459a2e366a","2029-02-28","buy-to-let","open",""
"Elderless","024c8cfa-707f-4bfd-bba2-865a0116c42c","2028-12-06","buy-to-let","open",""
"Roast Ham","024d967a-3dec-4514-9e2f-47cf72d237a0","2025-09-30","owner-occupied","switched","2025-08-31"
"Elderless","025782bf-be18-4b54-8f06-c64a46d96ee5","2030-04-16","buy-to-let","open",""
"Elderless","02592b1c-f81e-401d-986c-9062d3679c47","2028-05-31","buy-to-let","open",""
"Roast Ham","025a241a-619e-4a48-a93f-2d3f87ba2f47","2027-06-30","owner-occupied","open",""
"Hidecreek","025acd30-f019-4604-a606-8c9b5623a153","2030-01-14","buy-to-let","open",""
"Hidecreek","025bf036-1263-4ffb-bb65-3555d139b4e8","2027-11-14","buy-to-let","open",""
"Elderless","025de1ed-91e1-4d50-aec8-70b22fd22f9b","2027-12-16","buy-to-let","open",""
"Elderless","025eb800-a8b5-45f8-a59f-982c4a9483fc","2026-03-31","owner-occupied","switched","2026-01-22"
"Roast Ham","02632a91-a606-4689-b590-ee54ac080d1c","2026-11-30","buy-to-let","open",""
"Roast Ham","0264c5a3-5bd6-4a87-90ea-982ae9132d1e","2026-09-30","owner-occupied","open",""
"Elderless","0265a832-e88e-44fd-b0b6-52f40bdcf03c","2025-07-04","buy-to-let","switched","2025-06-05"
"Elderless","0267d1b5-290c-4e9b-980b-7e7a188515e4","2028-02-29","buy-to-let","open",""
"Elderless","026a50cd-7d27-42e3-85bc-053593c9728a","2027-07-31","owner-occupied","switched","2025-11-28"
"Elderless","026c6be0-f4aa-4acd-bafa-c4445cc4a84e","2025-10-31","buy-to-let","switched","2025-10-02"
"Elderless","02716e08-f421-4835-84ea-6c1ad7831447","2027-07-31","owner-occupied","open",""
"Elderless","02723703-a6b6-4ae2-a938-d057667da5f6","2028-03-09","owner-occupied","open",""
"Elderless","0275d882-8880-4c15-b0de-fb1cbbd8ed1d","2027-06-29","buy-to-let","open",""
"Elderless","05988ccc-4647-418d-9758-9d21ce2b04af","2025-09-30","owner-occupied","redeemed","2026-03-14"
"Elderless","0599857b-8be5-49f2-b001-df9ef9928da8","2030-04-10","buy-to-let","open",""
"Roast Ham","0599acaa-84d5-4a1a-bd37-12d5c0620ef7","2027-05-29","buy-to-let","open",""
"Roast Ham","059a8217-fe37-4314-bc4c-9765e4dca90f","2025-08-31","owner-occupied","redeemed","2025-09-02"
"Elderless","059abcde-bd84-42f8-9460-cd6a558b899b","2026-12-01","buy-to-let","open",""
"Elderless","059abda9-4389-4bc4-bed3-ad3043c04d5c","2029-10-24","owner-occupied","open",""
"Elderless","059bcfc3-4fa9-42cd-bc34-483a65c71f9b","2030-10-09","buy-to-let","open",""
"Hidecreek","059de4e4-9180-431a-9230-34f514ab4fba","2027-08-28","buy-to-let","open",""
"Roast Ham","05a6768a-7410-4036-9151-ad9067ad9ff4","2025-07-31","buy-to-let","redeemed","2026-02-04"
"Hidecreek","05a8ccb7-797e-4374-b364-761b31e0e7e2","2027-07-02","buy-to-let","switched","2025-10-28"
"Elderless","05abce5f-6af8-442a-bbfa-a54afa91bfde","2030-03-13","buy-to-let","open",""
"Elderless","05acbb24-457d-4721-b3ff-9153aebcd3be","2027-04-30","owner-occupied","redeemed","2025-10-17"
"Elderless","05acbfe0-c80c-4d93-b644-5b094361ca83","2030-10-31","owner-occupied","open",""
"Roast Ham","05af5c71-a448-4923-96d2-288454b17156","2028-02-29","owner-occupied","open",""
"Elderless","05b1a6a3-f136-482d-9154-b37a226ca9b3","2028-03-31","buy-to-let","open",""
"Roast Ham","05b23df1-cb4b-4fab-ae51-0cbb37595f3d","2027-06-30","owner-occupied","open",""
"Elderless","05b2d77b-4178-470a-af4b-c25b6437f724","2025-05-31","buy-to-let","switched","2025-02-12"
"Elderless","05b4ed04-3730-43e1-a302-10533dfe7e8f","2026-07-03","buy-to-let","open",""
"Elderless","05bb60c9-d3cd-42cb-a34c-f349b6b6c6c0","2028-01-22","owner-occupied","open",""
"Elderless","05c22cd5-e71f-4e8e-b7cd-63dde0ff9b21","2027-04-30","owner-occupied","open",""
"Elderless","05c3b1fe-e27e-4e23-8602-389de65d310e","2029-07-25","buy-to-let","open",""
"Elderless","05c41312-fbac-414a-919b-4d7b4fdc7267","2030-07-02","buy-to-let","open",""
"Elderless","05c44a59-7f3a-4b02-98f5-d95614e5c0a3","2027-08-31","owner-occupied","open",""
"Elderless","05c6dcd9-4e36-455d-8509-875507ee31da","2027-11-01","buy-to-let","open",""
"Elderless","05cb7b1c-1bf9-47b4-b078-e4b582201142","2029-05-01","buy-to-let","open",""
"Roast Ham","05cd0535-e535-45f7-9b15-9aea89d99ddd","2027-08-31","owner-occupied","open",""
"Hidecreek","05cff4da-4760-468d-a5ca-3f230c104460","2026-10-28","buy-to-let","open",""
"Elderless","05d1f5cb-b729-4b33-9eac-51f0d18524cd","2027-06-25","owner-occupied","open",""
"Roast Ham","05d41c94-cc5b-4a3c-9dc8-fce5e5fe9958","2025-10-31","owner-occupied","redeemed","2025-11-01"
"Hidecreek","05d8f49b-7982-4aa8-9aa6-37e5002372d2","2026-10-09","commercial-buy-to-let","redeemed","2026-02-25"
"Elderless","05dbbc0b-666f-47ee-b16d-ec2c7cefbb8b","2031-03-16","buy-to-let","open",""
"Elderless","05dd7801-87c4-40fa-88bd-f525348cbd86","2027-07-14","buy-to-let","open",""
"Roast Ham","05e0770e-0540-4d9e-a719-d0a483370336","2029-02-28","owner-occupied","open",""
"Elderless","05e25336-4a90-45d4-85fa-173602221e70","2027-01-14","buy-to-let","open",""
"Elderless","05e2628a-1338-463d-b04c-95e7a67a3495","2026-09-16","owner-occupied","open",""
"Roast Ham","05e6e603-62f4-4089-a69f-c0543d8e1ac7","2027-10-31","owner-occupied","open",""
"Elderless","05e6fbd8-b8d6-487c-933f-ce6758b8198b","2028-06-20","buy-to-let","open",""
"Elderless","05e77c38-298b-468e-96f7-48b6fbdcb231","2026-10-15","buy-to-let","open",""
"Roast Ham","05eaaa7a-e0b6-48df-bb2b-70b7f185cf4a","2025-05-31","buy-to-let","switched","2025-05-16"
"Roast Ham","05ec274f-475d-40ac-8b56-1bd94c6def9e","2029-07-31","owner-occupied","open",""
"Elderless","05f0d069-99d4-47e0-9927-a5f92b27b727","2027-08-29","buy-to-let","open",""
"Roast Ham","05f11b79-16b1-4012-bab6-da13c1b9c6dd","2027-08-31","owner-occupied","open",""
"Hidecreek","05f3f948-f9e3-42bb-a21c-1f5b0c0a74dd","2029-11-08","buy-to-let","open",""
"Roast Ham","05f9484b-8ca3-4205-96d9-dde143cbb0c2","2027-04-21","buy-to-let","open",""
"Elderless","05fe1221-6dc4-4608-86d8-80482b0f8a5d","2026-03-19","owner-occupied","switched","2025-11-28"
"Elderless","05fefd2e-5cd7-4da6-b7fe-538dd257fb72","2026-07-31","owner-occupied","switched","2026-04-14"
"Elderless","06010eac-ef5e-4031-8b70-6c8c53cd829d","2028-04-20","owner-occupied","redeemed","2025-04-01"
"Elderless","06034bdc-5455-4ae0-89ea-d016cbe6a34e","2025-11-30","buy-to-let","switched","2025-11-13"
"Hidecreek","0605f2b8-02dd-47ca-973b-69d8c2396879","2027-06-06","buy-to-let","open",""
"Elderless","0609faf5-dd85-4067-ab10-7c907b78786f","2030-09-01","buy-to-let","open",""
"Roast Ham","060a9934-034f-4063-ab18-c49f8ce477da","2031-01-31","buy-to-let","open",""
"Roast Ham","060cc150-0e5f-465f-9d9b-c70c6a9a6f7a","2028-04-30","owner-occupied","open",""
"Hidecreek","060cd6d0-c388-4f7a-ad9f-c55f2d335afc","2025-12-20","buy-to-let","redeemed","2025-12-26"
"Elderless","060fecb0-eaa2-477b-a4b6-1bf7c9b99e0f","2027-10-20","owner-occupied","open",""
"Hidecreek","061615b3-34db-41a6-a5af-9c54fd63aeaf","2026-12-20","semi-commercial-buy-to-let","open",""
"Roast Ham","0617dd03-10a2-4cb1-bf60-7f82b401e220","2025-09-30","owner-occupied","switched","2025-09-02"
"Roast Ham","0619e3f8-39be-4bac-88cd-9baa7e212888","2028-05-31","owner-occupied","open",""
"Elderless","061bbd09-c954-4801-9fca-3f2c0051865a","2027-08-01","buy-to-let","open",""
"Elderless","061cfc6d-e82c-4f86-962d-18408d57453b","2029-04-22","buy-to-let","open",""
"Elderless","061fb489-6481-4cb7-9eab-bc0e5fb0ad26","2026-09-26","buy-to-let","open",""
"Roast Ham","06236143-5bba-4a7a-af1c-d80923ae4a24","2026-06-30","owner-occupied","redeemed","2023-11-29"
"Roast Ham","06290311-374a-4911-8b10-0c7e3fea486c","2025-08-31","owner-occupied","switched","2025-10-11"
"Elderless","0629213b-24b6-401c-ab8e-328bb5548e7d","2027-04-04","buy-to-let","open",""
"Elderless","062e7ac3-2a39-42ef-a8d7-e305a2dc0a0e","2031-05-10","buy-to-let","open",""
"Elderless","062f7a38-22f9-4378-a2ad-16ca9de84309","2027-08-20","owner-occupied","open",""
"Roast Ham","062ff969-1281-4192-b961-437ae9cdb01c","2028-04-30","buy-to-let","open",""
"Roast Ham","063127de-19fb-440b-82de-bc4220ae6026","2030-02-28","buy-to-let","open",""
"Hidecreek","06323a0e-8dbb-4182-b12e-56eae1da33ce","2030-02-26","buy-to-let","open",""
"Elderless","0633dda4-a4ab-4ffa-a2ac-015009856610","2030-01-09","buy-to-let","open",""
"Elderless","063e1a4e-0613-4540-a4fd-db42af3399fc","2031-02-01","buy-to-let","open",""
"Elderless","06401459-9b21-4f20-8361-bebc2937a510","2027-02-02","owner-occupied","open",""
"Elderless","064386c0-d589-4ce2-b7bb-5d874c3ed16c","2029-09-26","buy-to-let","open",""
"Elderless","0643b224-70bf-4281-b1fb-4f04cf810e45","2026-04-01","buy-to-let","open",""
"Elderless","064989ed-6109-4cf5-aacc-8db45255acdf","2027-10-17","buy-to-let","open",""
"Roast Ham","064f34cc-a03c-4a26-a755-17aebbf6b372","2028-01-31","buy-to-let","open",""
"Elderless","064f9df5-fabd-4008-a0dc-ec8975d94577","2028-12-06","buy-to-let","open",""
"Elderless","06517e72-6cc1-4f1b-a2ed-3cc4e87bfb9f","2025-10-31","buy-to-let","redeemed","2025-11-05"
"Roast Ham","0654b225-8cc4-4256-808d-18a394a6df02","2027-09-30","owner-occupied","open",""
"Elderless","06558015-f533-408b-8be7-40912598b412","2026-03-31","owner-occupied","open",""
"Elderless","06566a0b-3094-43f4-aeab-f894160e85be","2027-10-06","buy-to-let","open",""
"Elderless","06569346-1f69-4352-9e3c-050185425552","2026-05-31","buy-to-let","switched","2026-04-23"
"Elderless","065774ff-f833-4044-9bd9-54c7736e323d","2029-06-30","buy-to-let","open",""
"Elderless","065c057b-e5e5-4312-9cd4-cedba85d23c9","2027-12-31","buy-to-let","open",""
"Elderless","065c9cb3-6ee4-4050-8b0a-3b7a3e34e8eb","2026-05-07","buy-to-let","redeemed","2026-05-12"
"Elderless","065f4177-ec81-493c-9959-d0809896efc6","2025-07-31","buy-to-let","switched","2025-06-05"
"Elderless","065f6a14-8922-49ba-aec8-21992249aacc","2026-10-31","buy-to-let","open",""
"Elderless","0660832a-9c85-4cdc-8ae9-2c256bc9e32b","2027-01-31","buy-to-let","open",""
"Elderless","066bc7da-c38b-4bdf-9e04-4afa4128b510","2028-03-31","buy-to-let","open",""
"Roast Ham","066faed6-392b-47d3-8b3e-f1018b4f863d","2027-08-31","owner-occupied","open",""
"Roast Ham","066fd41b-e770-485e-a676-b93d19444cb0","2027-02-28","buy-to-let","open",""
"Roast Ham","0673223e-2356-45e8-9e8d-d3a3f0b3a061","2029-10-31","owner-occupied","open",""
"Roast Ham","0676aa32-6721-46f5-a1e6-b439e2c694f4","2026-06-30","owner-occupied","switched","2026-05-02"
"Roast Ham","067820d7-a0e9-4498-836d-f34465f4aa87","2025-07-31","buy-to-let","redeemed","2025-07-15"
"Hidecreek","067a0e8f-2a29-4362-899e-168cf541981d","2026-09-30","buy-to-let","open",""
"Elderless","067bf83c-7252-4fb6-990a-804ddd54054a","2030-06-17","buy-to-let","open",""
"Roast Ham","067d828d-c951-417c-95b1-fe3ed8a5de03","2028-10-31","owner-occupied","open",""
"Elderless","067e49b7-ab74-4cf7-9fb4-147baa8f8ec6","2028-09-30","owner-occupied","open",""
"Elderless","067eaeca-c344-4b13-a23c-9cd3c747c107","2030-03-13","buy-to-let","open",""
"Elderless","068056f2-dd8d-40be-982f-38907697aa73","2025-05-12","buy-to-let","redeemed","2026-02-07"
"Elderless","06844b54-9d6a-4d2f-86f8-52b4f53665b9","2026-03-06","owner-occupied","redeemed","2026-03-10"
"Roast Ham","06855ba1-2937-4954-b2e6-069e2eed6cd1","2026-07-31","owner-occupied","open",""
"Roast Ham","0685eed1-c244-410d-adbc-c9f75abaf5ae","2028-07-31","buy-to-let","open",""
"Roast Ham","068609f4-85f0-4d80-b5d3-4aad8f533c40","2027-07-31","owner-occupied","open",""
"Hidecreek","0686d4c7-3cab-429e-9095-b1304ae214b2","2029-07-09","buy-to-let","open",""
"Elderless","0687cf0f-c633-4dd4-9cf7-4198ef535aee","2031-02-10","buy-to-let","open",""
"Hidecreek","068b98e4-2ec9-48af-a3e0-af0f89ca1d90","2026-02-03","commercial-buy-to-let","redeemed","2026-03-25"
"Elderless","068ba6cb-7226-43fe-86b5-ed092f45ea91","2026-03-31","owner-occupied","switched","2026-02-10"
"Roast Ham","068bb3b2-569d-4168-8b5a-05535398bcec","2028-01-31","owner-occupied","open",""
"Elderless","068d31a4-5c17-4400-a3c3-67a18af77e45","2030-02-05","buy-to-let","open",""
"Roast Ham","068fdc8c-9cd9-48c4-83cf-321c8bea79e4","2028-09-30","buy-to-let","open",""
"Elderless","069130d9-d4ed-4129-94be-748d67853018","2028-02-23","buy-to-let","open",""
"Elderless","0691dc87-d98a-4bd4-a800-6117c607d019","2028-03-30","buy-to-let","open",""
"California","0695de1e-be97-4157-b304-5f1b801ed751","2027-05-30","buy-to-let","open",""
"Elderless","069612cb-e4c1-4c47-ae80-593e7e21d2f3","2029-07-29","buy-to-let","open",""
"Roast Ham","0696a6bc-2cdd-497f-b46b-d29372eb5159","2026-01-31","owner-occupied","switched","2025-11-13"
"Hidecreek","06980966-a75e-42ec-a606-4d656059274f","2026-09-08","buy-to-let","open",""
"Hidecreek","069b4945-bbfd-4b11-919b-6ba332af6ceb","2026-04-14","commercial-buy-to-let","redeemed","2026-04-16"
"Elderless","06a1a723-d881-42c8-b0d2-d7e82ada26a2","2030-02-13","buy-to-let","open",""
"Roast Ham","06a36cb5-fe49-405e-8426-ef7516262ae3","2027-01-31","owner-occupied","open",""
"Elderless","06a3f2a2-d4ad-4d52-8d16-03a0e786c285","2029-09-10","buy-to-let","open",""
"Elderless","06a42c6d-7529-408b-bd60-9695f73ecb01","2028-04-28","buy-to-let","open",""
"Roast Ham","06ac73a2-f313-42b1-8b09-8098842f33db","2026-07-31","owner-occupied","switched","2026-05-14"
"Hidecreek","06ad0be6-30f2-411c-86ab-50091d455b5b","2026-12-16","buy-to-let","open",""
"California","06aecc5e-023f-4971-80a4-8628dfe7f492","2029-04-18","buy-to-let","open",""
"Elderless","06af2156-e3cc-4076-bddd-a2c4690d2255","2031-02-18","buy-to-let","open",""
"Roast Ham","06b15e91-e04b-4cc4-a1f0-ddb918053dcf","2029-05-31","owner-occupied","open",""
"Elderless","06b17686-27b0-4dbe-8b0d-953e3cff8220","2027-01-27","buy-to-let","open",""
"Hidecreek","06b2c284-fc17-45ea-bed9-ba6bcd50c241","2028-03-10","buy-to-let","switched","2025-09-09"
"Elderless","06b486c1-0e28-4090-bc9a-92e3d931793a","2027-05-31","owner-occupied","switched","2025-07-05"
"Roast Ham","06b51484-31cb-4520-9870-b2b0254acd67","2030-10-31","owner-occupied","open",""
"Elderless","06bb5076-0fdf-49db-8e5c-80db497c4fb7","2027-06-14","buy-to-let","open",""
"Hidecreek","06bd604d-da6f-44e5-8de8-2b85a371a8ca","2028-01-09","buy-to-let","open",""
"Hidecreek","06be44c7-ba5f-4bc0-bba7-c8128101bd07","2027-02-18","buy-to-let","open",""
"Hidecreek","06bffed3-4256-4d8c-942f-8768f4fd5707","2029-08-07","buy-to-let","open",""
"Elderless","06c1df66-9625-446f-982f-aaf0059e3025","2026-05-31","buy-to-let","switched","2026-04-01"
"Elderless","06cd19d9-ae26-460c-9ec1-bef7ffbadc78","2029-01-24","buy-to-let","open",""
"Elderless","06cf463b-c9c2-4333-8258-40cf480ec7de","2026-01-31","owner-occupied","switched","2026-01-27"
"Roast Ham","06d38a8e-d8af-4130-8bae-b3ef167e2ad1","2026-03-31","owner-occupied","redeemed","2026-03-03"
"Elderless","06daba3b-3ada-4427-ba94-69316a26e403","2027-08-06","owner-occupied","open",""
"Roast Ham","06dc7a22-aee7-4ede-95b5-e471c3e48243","2027-07-30","buy-to-let","open",""
"Hidecreek","06e171f4-507d-4401-8036-c4825ca9c258","2028-12-22","buy-to-let","open",""
"Roast Ham","06eeecd9-1601-452f-9a67-6cad91fc3f75","2026-06-30","owner-occupied","open",""
"Elderless","06f43fff-1ff3-4be2-b609-910d904b6137","2026-10-20","buy-to-let","open",""
"Elderless","06f61d27-03aa-4c4f-a5dd-5e13d9ab127e","2027-10-04","buy-to-let","open",""
"Roast Ham","06f88ba4-7c15-4d26-8bb6-1744f131fb7b","2031-03-31","owner-occupied","open",""
"Elderless","06f9dd6b-8ed9-4f42-959c-ab1ec7b4738b","2029-02-13","buy-to-let","open",""
"Hidecreek","06fac4a9-24b8-4b9f-a56a-c5ce7e190db5","2028-03-16","semi-commercial-buy-to-let","open",""
"Elderless","06fb68c2-52e9-4d9d-ab43-02442fc3fc16","2027-06-12","buy-to-let","open",""
"Elderless","06fc00c7-ca74-4ceb-a96f-65c14df39065","2030-02-16","buy-to-let","open",""
"Elderless","06fd4eac-a47f-4b72-9286-1453df9220fc","2028-07-09","buy-to-let","open",""
"Elderless","07008b30-a743-41d9-b069-198202c4b930","2030-03-31","buy-to-let","open",""
"Elderless","07023d01-4a03-457a-8bce-84aa4cbec7a9","2029-07-31","buy-to-let","open",""
"Roast Ham","0703004d-2a00-4d68-bcdd-74f97dcea511","2030-07-31","owner-occupied","open",""
"Elderless","07050ecf-2fce-4552-803c-6e3bfe2ebe67","2029-02-28","buy-to-let","open",""
"Elderless","0705da58-dd21-4f81-a445-5dc2ccead55b","2028-05-28","buy-to-let","open",""
"Elderless","0706f726-fef7-45f3-9ab6-9df02fbc6c57","2026-08-31","buy-to-let","open",""
"Elderless","070b5318-a46b-4120-9636-b6a9181a5612","2025-05-12","owner-occupied","switched","2025-02-21"
"Hidecreek","070f60ab-6da7-4b59-9cce-821ead655f54","2027-03-26","semi-commercial-buy-to-let","open",""
"Elderless","07121dd8-2c9a-46a2-9188-da8d2e48e73e","2026-12-21","buy-to-let","open",""
"Roast Ham","07121f86-d0b3-4e22-96c0-9434c138a74d","2026-04-30","buy-to-let","open",""
"Elderless","0713a011-36b5-4cd8-b579-19e91bf9f891","2025-07-28","buy-to-let","switched","2025-06-16"
"Elderless","07140641-77ea-44f2-9c33-241810c15dfe","2027-05-29","buy-to-let","open",""
"Elderless","07187d72-e0c6-49ec-b552-47c3060b1ffe","2025-08-31","buy-to-let","redeemed","2024-09-10"
"Elderless","071b59bf-b641-4553-be54-b7ed58f91ad7","2026-10-31","buy-to-let","open",""
"Elderless","071ea43f-c9c2-49df-a07d-4b2c91404eaa","2026-04-29","buy-to-let","open",""
"Elderless","071ff913-bf2c-4a84-83a4-73ec0b4a73e0","2027-06-21","buy-to-let","open",""
"Elderless","0276bf75-3e6f-4769-bb82-fcffc0952822","2031-03-12","owner-occupied","open",""
"Roast Ham","0277b96e-f05c-4cc7-b32f-39687e0f3450","2027-02-28","owner-occupied","open",""
"Elderless","0278b471-c48c-41b8-9117-63862445d71f","2027-07-31","buy-to-let","open",""
"Roast Ham","027cfc00-80ef-46dd-b1e3-d3e23edc5e99","2025-10-31","owner-occupied","switched","2025-08-21"
"Roast Ham","0281db10-b6b1-429a-b0f3-417ff2551c02","2027-08-31","owner-occupied","open",""
"Elderless","0285a442-1e18-4d50-b5ae-86a8efe00b21","2029-02-28","buy-to-let","open",""
"Roast Ham","0286820c-7d8e-44a5-98c5-8ffa27e7db92","2025-06-30","owner-occupied","redeemed","2025-07-02"
"Elderless","0287764b-c900-42f7-9d31-36f0aa196da9","2029-08-31","owner-occupied","open",""
"Elderless","0290dcae-9c13-4115-94e7-13034cb3c1c4","2030-10-31","buy-to-let","open",""
"Elderless","0291e3ce-6cf7-4f7f-888e-18f3946a6e89","2028-10-31","owner-occupied","open",""
"Elderless","0292ad29-1435-49eb-9105-422ac7d0ea10","2027-07-27","buy-to-let","open",""
"Elderless","0293a81a-6b59-49e1-8aab-f6692250fcc8","2027-06-19","buy-to-let","open",""
"Elderless","02964508-19d0-4427-b1ec-393069db4747","2029-04-30","owner-occupied","open",""
"Hidecreek","02979195-daee-4d98-8b08-4bfc5c002b12","2031-04-27","commercial-buy-to-let","open",""
"Roast Ham","02982f1f-5777-4cdf-a30f-37aa1e09d10d","2029-08-31","owner-occupied","redeemed","2025-08-05"
"Roast Ham","0298f83f-3ed7-4618-b486-74180afc14ab","2026-01-31","owner-occupied","open",""
"Elderless","029ae1c6-edd1-4106-9230-c2f383c264f1","2025-09-08","buy-to-let","switched","2025-06-27"
"Elderless","029b2d0e-0501-4ced-8b6e-3c9ebfe50fda","2027-06-28","buy-to-let","open",""
"Roast Ham","029fbab5-e07a-4931-81ba-8319f879e2ef","2030-10-31","buy-to-let","open",""
"Hidecreek","02a35936-82a0-45d9-a146-3a3f4e980a94","2026-10-29","commercial-buy-to-let","open",""
"Elderless","02a60dfe-4509-4d95-a287-1471290d1355","2028-05-31","buy-to-let","open",""
"Roast Ham","02a7df2e-385a-4bc7-947f-83d6d69bc9cc","2028-01-31","owner-occupied","open",""
"Roast Ham","02a92f68-41f1-4c63-8f9e-91a7d8253188","2025-11-30","owner-occupied","redeemed","2025-07-02"
"Elderless","02a931bc-4f5d-40ff-8ef2-983e57d9f6f3","2027-03-17","owner-occupied","open",""
"Hidecreek","02b6a8d8-229b-482e-8d63-053fff8d8fd9","2027-09-30","buy-to-let","open",""
"Elderless","02b77904-f5a6-4f43-b573-704bf5216a42","2029-11-30","owner-occupied","open",""
"Roast Ham","02b85613-2dd8-4c12-a399-91125defe4f9","2025-06-30","owner-occupied","switched","2025-06-14"
"Roast Ham","02babacb-ab4c-445c-9ab1-bd82277e8f09","2026-03-31","owner-occupied","redeemed","2024-06-05"
"Hidecreek","02bbc8d8-c97a-4548-8606-333ce082c209","2029-04-12","buy-to-let","open",""
"Elderless","02bc4be2-cd81-48e7-ac29-b92c00ed9085","2027-10-31","owner-occupied","redeemed","2025-10-10"
"Elderless","02be52f0-81a7-45ad-87a1-f098651b7d1c","2027-07-04","buy-to-let","open",""
"Elderless","02be5396-0d69-4b21-ad7f-7f22a9b7ea39","2027-09-28","owner-occupied","open",""
"Hidecreek","02c35825-2032-4c3d-a96b-d544e9f7bff1","2030-08-08","buy-to-let","open",""
"Hidecreek","02c39143-7398-4ee6-9507-3421061d181f","2029-10-02","buy-to-let","open",""
"Hidecreek","02c7e476-981e-48ff-9c18-9dda119a5114","2025-12-11","buy-to-let","switched","2025-12-12"
"Elderless","02c8943e-0b74-4369-9205-5f6fd676c9a2","2030-01-26","owner-occupied","open",""
"Elderless","02c92fe6-ef1d-40d9-93a4-796fcb222d17","2031-03-31","owner-occupied","open",""
"Elderless","02c933ed-93e1-4b42-8768-a578f41694ba","2030-07-01","owner-occupied","open",""
"Elderless","02cb9bc6-88bc-4b44-97ed-c9be9d39ba63","2025-08-31","buy-to-let","switched","2025-06-06"
"Elderless","02cba03f-10b0-4de7-9244-88ba213e07a7","2027-02-13","buy-to-let","open",""
"Elderless","02cbe314-bfe4-4ef5-9a5c-0980d74a6b17","2027-03-31","buy-to-let","open",""
"Hidecreek","02cd3b38-056e-4702-b035-60d3328424be","2029-10-02","buy-to-let","open",""
"Roast Ham","02cde891-30e1-4d86-88c4-a517cb6bfe8c","2027-08-31","buy-to-let","open",""
"Elderless","02d8d0b6-a806-4065-9251-d25371d91afc","2031-04-15","buy-to-let","open",""
"Hidecreek","02d976ea-27c5-4400-a491-28d2dfdf2109","2030-01-29","commercial-buy-to-let","open",""
"Elderless","02d9b593-ca32-46e7-bc86-71d328c4bab7","2028-05-10","buy-to-let","open",""
"Elderless","02dc78f7-1497-4635-88ef-694486ece692","2028-05-28","owner-occupied","open",""
"Elderless","02dcf12a-7278-46c2-8842-e6ab0b391e5f","2030-05-28","buy-to-let","open",""
"Elderless","02dfa4aa-1403-4b24-bb6d-8a23565a5cc9","2026-07-31","owner-occupied","open",""
"Roast Ham","02e3562c-f7ee-4242-bb5c-6dcbb043291d","2030-04-30","buy-to-let","open",""
"Hidecreek","02ea289b-83b3-49e1-a086-507e3a6e638f","2025-10-02","buy-to-let","open",""
"Roast Ham","02ea2ab9-d69a-4b0d-90e7-e69e51d69afa","2025-12-31","owner-occupied","redeemed","2024-06-14"
"Elderless","02ea4292-4375-4419-88f6-8124c4d97353","2027-07-10","buy-to-let","open",""
"Roast Ham","02ef1565-3ef7-41b0-8059-544ab1750373","2028-08-31","buy-to-let","open",""
"Hidecreek","02f117c0-2f84-4731-8512-7739006b6d95","2027-07-08","commercial-buy-to-let","open",""
"Roast Ham","02f3e848-8ee4-4368-bed7-3d0e975eaa75","2025-08-31","buy-to-let","switched","2025-07-05"
"Elderless","02f8ac44-46d4-44aa-8444-b12e70f04e5d","2030-08-26","buy-to-let","open",""
"Elderless","02fa20a0-cf98-491a-9334-26158e6e26a8","2031-02-01","buy-to-let","open",""
"Roast Ham","02fc9123-fcf6-4436-9cab-9947c604cac6","2027-03-20","buy-to-let","open",""
"Elderless","02fd0685-f5cf-41a8-ab21-ecae0534d3eb","2031-04-12","buy-to-let","open",""
"Roast Ham","02fee7c4-5c22-4ab1-bb9d-f60a76ed3046","2025-10-31","buy-to-let","switched","2025-09-05"
"Elderless","0300ca81-58d5-4ec2-982b-2916cedbdb59","2025-09-28","buy-to-let","open",""
"Hidecreek","0306e4ae-700f-4669-af5f-1ef659973a32","2030-06-19","buy-to-let","switched","2025-09-09"
"Roast Ham","0308456a-41f1-474d-a961-b144a678ea1a","2031-01-31","owner-occupied","open",""
"Elderless","030ab64e-041f-48fa-90fa-9713d2a65258","2026-02-25","buy-to-let","redeemed","2026-05-03"
"Elderless","030e74fb-5feb-46f3-9985-1351bae665aa","2031-02-08","buy-to-let","open",""
"Hidecreek","0310f304-0096-4ece-97d8-2a05a4019bba","2027-03-07","buy-to-let","open",""
"Elderless","031112bf-db58-4aa9-8a8c-a984d965bffa","2026-05-31","owner-occupied","switched","2026-02-13"
"Hidecreek","0311cd77-064a-492f-9c18-dc2f47996318","2025-10-21","buy-to-let","redeemed","2026-05-08"
"Elderless","0313894a-7cc9-4d0e-b3dd-cdc600a5934e","2027-07-31","buy-to-let","open",""
"Hidecreek","031787a5-be0e-4bb9-a281-8414c95b02df","2026-04-23","commercial-buy-to-let","open",""
"Elderless","03210137-89d2-4e17-8144-00c0db1a3731","2030-12-11","buy-to-let","open",""
"Hidecreek","0322390b-552d-49c1-8e58-b049a9503528","2027-12-21","buy-to-let","open",""
"Hidecreek","03244fce-d97f-41c3-bd61-287ec467773c","2026-05-07","buy-to-let","open",""
"Elderless","03249834-7936-47bb-a42e-207ca9d4aaa3","2027-12-31","buy-to-let","open",""
"Roast Ham","0325f3e2-e6e1-40f1-b6b0-8b699a6ebdfb","2025-06-30","owner-occupied","redeemed","2025-07-01"
"Elderless","0326b557-c00d-4a6a-a370-cdc4c84a1075","2025-10-31","buy-to-let","switched","2025-08-29"
"Roast Ham","0326f3e3-017b-482e-bb29-d6caa6178602","2029-05-31","owner-occupied","open",""
"Elderless","03286e5f-37ac-445e-8ab6-00d9a2f017b0","2027-03-31","buy-to-let","open",""
"Roast Ham","0328a9e1-d92f-47ce-b9e5-cfb65b6747f9","2027-07-31","owner-occupied","open",""
"Elderless","0328ec69-1c5f-438a-a580-95b76fd1c241","2028-06-20","buy-to-let","open",""
"Elderless","032a812d-8a90-43c7-aa7a-f0a409d14dcc","2029-05-30","buy-to-let","open",""
"Elderless","032bc657-8746-458f-988f-3c5248033777","2026-05-06","buy-to-let","open",""
"Roast Ham","033008da-a2d1-443c-bf3b-4ba56fb28896","2026-07-31","owner-occupied","switched","2026-05-21"
"Hidecreek","03332002-242d-4da6-8a6d-ddb6b92ef610","2030-12-16","commercial-buy-to-let","open",""
"Roast Ham","03359f57-d6f0-49cc-b7d7-8d6d8a7614a7","2027-08-31","buy-to-let","open",""
"Elderless","03372257-1f50-4a32-aef1-7e68fd22f3f8","2027-09-30","buy-to-let","open",""
"Hidecreek","033cb97e-a1d3-4e8d-9130-9ca427e8cacd","2028-01-17","semi-commercial-buy-to-let","open",""
"Elderless","0344cc45-485a-4b87-921b-3bf67137ed48","2027-08-29","owner-occupied","open",""
"Elderless","03461c38-4d61-4a86-a0a2-919662083138","2026-09-01","buy-to-let","open",""
"Roast Ham","0347c057-6300-4d59-a954-9e4cc5428677","2025-10-31","owner-occupied","redeemed","2025-11-04"
"Elderless","034820a8-5363-42eb-ba14-fcda586a1b53","2027-07-13","buy-to-let","open",""
"Roast Ham","03488e21-7c55-464d-9819-6f30133ca91c","2027-06-30","owner-occupied","open",""
"Roast Ham","03499bf1-e035-4d95-94e0-ee7e9913f6d7","2027-08-31","owner-occupied","open",""
"Roast Ham","034e984a-76f5-4e86-8e11-ce126e2806a5","2027-04-30","owner-occupied","open",""
"Hidecreek","034fe6a5-3416-4753-a2ad-4230e9a6a436","2031-06-21","buy-to-let","open",""
"Elderless","0350934c-9570-41b1-898e-37cb60c9157e","2028-05-14","buy-to-let","open",""
"Elderless","03559248-1280-44ff-b21a-19fa4199fdae","2030-06-22","buy-to-let","open",""
"Elderless","035655d5-18bc-42be-ac31-384c48c48897","2027-10-06","buy-to-let","open",""
"Roast Ham","035b2140-07de-4294-aecc-4f0538af470d","2028-10-31","owner-occupied","open",""
"Roast Ham","035e5c60-35df-4a58-b5a6-43459806fd72","2026-12-31","buy-to-let","open",""
"Elderless","035ec9b4-5bd0-4a0d-8e94-93ac3812193c","2029-08-15","buy-to-let","open",""
"Elderless","0362a3ea-51f7-4777-8e5e-0f641e619f22","2027-07-31","buy-to-let","open",""
"Roast Ham","03644266-16a3-4362-ba3d-cdac17e360d6","2026-07-01","owner-occupied","redeemed","2025-12-24"
"Roast Ham","03656de8-a671-402b-bac9-7e39f78c56af","2026-07-31","owner-occupied","open",""
"Elderless","036a3b74-f333-49c8-9183-42cda302287b","2030-04-23","owner-occupied","open",""
"Elderless","036cb783-a1c2-4c6b-beb1-46b4be2dc87a","2026-04-25","buy-to-let","redeemed","2026-04-28"
"Roast Ham","036df364-1ba8-4056-8d1e-9831471b95d8","2026-03-31","owner-occupied","switched","2026-01-30"
"Elderless","036f7f81-5870-4995-bd45-cdcfc87fe677","2027-12-31","buy-to-let","open",""
"Elderless","037005f0-e99c-4bef-8495-e5ee0506d447","2027-04-28","owner-occupied","open",""
"Hidecreek","0375e927-086f-49da-ad50-8298c0b532aa","2027-01-23","semi-commercial-buy-to-let","open",""
"Elderless","037796a3-eb73-4b89-a12e-feffc5aa1681","2026-07-28","owner-occupied","open",""
"California","0379e417-dfab-42b1-afee-8ffffe1bc07d","2029-03-10","buy-to-let","open",""
"Roast Ham","037a4288-1863-497a-b9bd-87f215b2d24c","2025-06-30","owner-occupied","redeemed","2025-07-22"
"Elderless","037c166f-24f3-4e5a-9903-b15b52b2f9d8","2027-02-28","owner-occupied","open",""
"Elderless","037c739d-adfa-4767-9d91-7ab35cfac1bf","2029-12-19","buy-to-let","redeemed","2025-10-05"
"Elderless","037c80c4-8fd7-4d13-a8b7-5ccfddb42fa1","2026-10-31","owner-occupied","open",""
"Elderless","037e58b0-e80c-4535-b97c-7c016b15620c","2026-02-28","owner-occupied","switched","2026-01-24"
"Elderless","037ff9ff-620e-4b93-a554-27dd6e91c42c","2030-07-22","owner-occupied","open",""
"Elderless","03823849-c755-4a5f-9fb8-edb064ba03e9","2029-04-11","buy-to-let","open",""
"Elderless","0382f720-cb9a-4c29-87ce-d3403b65a1d2","2027-12-20","buy-to-let","open",""
"Elderless","0383be86-ccec-4236-9132-ff2c4aea8b32","2025-05-31","buy-to-let","switched","2025-05-29"
"Elderless","03849348-8001-4d7d-a175-5bbdf8efa6eb","2025-09-30","buy-to-let","redeemed","2025-10-03"
"Elderless","0387f162-818b-4017-b604-6af67988cd60","2026-10-13","owner-occupied","open",""
"Roast Ham","03888b14-c115-4c13-a350-feac6517f301","2028-01-31","owner-occupied","open",""
"Elderless","0388c054-a821-4fa5-8409-a1d903d44d00","2027-05-13","buy-to-let","open",""
"Elderless","038a1b91-ea26-499c-a986-d0197f4136e6","2026-09-30","owner-occupied","open",""
"Elderless","038ac3f7-c9ab-4e13-9ae5-b5ffe6b20435","2026-02-22","buy-to-let","switched","2026-03-14"
"Elderless","038b19e2-9f0c-41f7-90bf-e774ef48845c","2026-03-31","buy-to-let","switched","2024-04-02"
"Roast Ham","038ce05c-644f-4b6a-b8a2-a4d5eb23e036","2027-10-31","owner-occupied","open",""
"Elderless","038d3fc7-2db4-4577-98fe-d830ecd0e290","2029-08-01","buy-to-let","open",""
"Roast Ham","038f2efa-4bc0-4504-9f80-5626e3d2713a","2026-10-31","owner-occupied","redeemed","2024-02-13"
"Hidecreek","03914d9d-a183-4247-91d4-76dfa6b1f024","2026-04-15","buy-to-let","switched","2026-04-16"
"Elderless","0391a83d-fcfe-465e-8e75-2151e9804d85","2031-03-31","buy-to-let","open",""
"Roast Ham","0391dd12-4318-4acb-b0fb-d37f8ec19f53","2027-03-31","buy-to-let","open",""
"Roast Ham","0392b77e-7b8a-41e1-ad1e-e9abe248c676","2028-02-29","owner-occupied","open",""
"Elderless","039416f8-11dd-4558-8b44-bfede77acbc9","2025-07-31","buy-to-let","redeemed","2025-09-30"
"Elderless","039cc35e-f62f-4141-a7e4-1b7ae002c65a","2028-04-30","buy-to-let","open",""
"Elderless","039debf5-fadd-4e42-9c2b-bfb5abc94078","2025-09-10","buy-to-let","switched","2025-07-18"
"Elderless","039fe095-9c2c-4bef-9731-f5fae5ad1e24","2026-10-28","buy-to-let","open",""
"Elderless","03a1ce3b-3192-4c3d-99be-14b542f26761","2026-07-31","owner-occupied","switched","2026-05-20"
"Elderless","03a4ef74-3e20-48b3-9a03-aba94d4f9e0c","2029-06-12","buy-to-let","open",""
"Hidecreek","03a687a1-963d-420b-b0b3-f8899b9812a0","2027-12-22","commercial-buy-to-let","open",""
"Hidecreek","03a8268b-68b9-475c-a561-25b6387955f4","2026-11-30","buy-to-let","open",""
"Roast Ham","03aa7383-c9a8-494a-b4fa-e6a4bb79259f","2027-12-31","owner-occupied","open",""
"Elderless","03ad4e75-0a72-4fea-9b68-9755daa3f968","2025-12-31","buy-to-let","switched","2025-10-02"
"Elderless","03af218b-10bd-430a-93bc-7a72a57520bd","2028-03-31","buy-to-let","open",""
"Elderless","03afde3d-125d-40cd-825b-96e2dac31cf5","2027-04-19","buy-to-let","open",""
"Roast Ham","03b094b2-e71f-4cbd-b500-ce785934666e","2025-09-30","buy-to-let","switched","2025-10-18"
"Elderless","03b4593a-7b50-4dd2-8348-2da0ab7fb3d4","2026-02-10","owner-occupied","redeemed","2026-02-25"
"Elderless","03b5c4dd-1f40-4173-89d2-83a2f3f8e98a","2028-03-27","owner-occupied","open",""
"Roast Ham","03b9e1c1-19db-4e77-abae-12971ca69524","2026-10-31","owner-occupied","open",""
"Elderless","03ba0166-a538-4d3f-a3e2-38608820e12f","2026-05-31","owner-occupied","open",""
"Elderless","03bab8cf-519d-497b-9e64-2286e05efa6c","2026-05-30","buy-to-let","switched","2026-05-30"
"Elderless","03bef110-4aa0-4f68-9ebe-7c3b79552b19","2027-04-30","buy-to-let","open",""
"Roast Ham","03c14d84-751c-4e3e-b227-ffed26a46243","2027-08-31","owner-occupied","open",""
"Elderless","03c280e7-4dcd-4686-8a52-739fdab7b234","2028-03-31","owner-occupied","open",""
"Roast Ham","03c39108-7980-449a-b953-24c45e483941","2027-02-28","owner-occupied","open",""
"Elderless","03c6e49e-5f06-412f-b921-406411beeb89","2027-07-22","buy-to-let","open",""
"Roast Ham","03c86f7d-486d-4c0b-846e-ace1c93c6e63","2029-07-31","owner-occupied","open",""
"Elderless","03ccf07d-c041-4976-ab24-86d6f739da5f","2027-03-31","owner-occupied","open",""
"Elderless","03d4fb45-ed6b-4006-967b-53183234e3a2","2028-01-29","owner-occupied","open",""
"Elderless","03d7f146-2135-43d9-97c5-fd5e5be92860","2026-01-28","owner-occupied","switched","2026-01-27"
"Elderless","03d876cd-e9fa-4c22-8da0-2d40070fe8a7","2027-09-22","buy-to-let","open",""
"Roast Ham","03d89f59-3dfd-4b1c-8b61-7becd4ebc400","2025-06-30","buy-to-let","open",""
"Elderless","0433df84-0bbc-4730-ae37-0fbd5685071a","2029-07-29","buy-to-let","open",""
"Elderless","043551c6-b05d-4621-8964-b716cfe02031","2027-04-30","owner-occupied","open",""
"California","043bd6a5-c691-4b8d-b8ed-3b23bed0e935","2029-09-22","buy-to-let","open",""
"Elderless","043d31c4-7cd4-473e-bef7-c6975e724085","2026-04-30","owner-occupied","switched","2026-01-31"
"Roast Ham","043f2206-324f-488f-a18e-03369a5f083a","2026-03-27","buy-to-let","switched","2026-03-05"
"Elderless","0441e1ed-ee65-4e89-aa83-5fc5f973473c","2028-03-26","owner-occupied","open",""
"Elderless","0442a3f8-e17d-4b9c-bcff-5eb86e8001f7","2031-03-05","buy-to-let","open",""
"Elderless","04457907-ce24-4043-812a-9e2c698f62c0","2026-06-14","buy-to-let","switched","2026-03-06"
"Roast Ham","044631be-be76-4795-a7b6-670905dd47c7","2029-05-31","buy-to-let","open",""
"Elderless","04494171-5c8b-4011-8b4b-4380e55cf83d","2026-10-07","owner-occupied","open",""
"Roast Ham","044d1417-4065-4941-92a8-27c48d30fbe9","2027-06-30","buy-to-let","open",""
"Hidecreek","044d2537-d532-4de8-b4d3-8d4e18003376","2028-02-10","buy-to-let","redeemed","2025-09-09"
"Roast Ham","044fe976-0fab-4d54-9cff-13be0979a5e5","2026-03-31","owner-occupied","redeemed","2025-06-11"
"Roast Ham","0450de93-aa0a-4c79-a23a-ae6a52cf6752","2025-05-31","owner-occupied","redeemed","2025-08-02"
"Elderless","04519f82-8451-43e5-9777-8093ac1d1bb1","2030-01-31","buy-to-let","open",""
"Elderless","04527559-9b5e-4398-b5ff-acaaf0cce565","2026-10-30","buy-to-let","open",""
"Elderless","0453751b-8e35-4e7f-be7d-17a6d4e1e936","2030-05-15","buy-to-let","open",""
"Elderless","045379f4-bc60-489a-8f20-12c4dd6bcaf4","2025-05-14","buy-to-let","switched","2025-03-25"
"Elderless","04557aa6-0d4a-4656-8aa8-827183154c8a","2027-03-12","buy-to-let","open",""
"Hidecreek","04578fd9-2695-4fe4-91ce-5384400e0557","2029-08-15","buy-to-let","open",""
"Roast Ham","045a2115-644b-4596-a4ae-18caa0c68f76","2028-04-30","buy-to-let","open",""
"Elderless","045f00c8-75d6-483b-9978-bd86040858a5","2030-12-31","owner-occupied","open",""
"Elderless","04608ce9-f990-410d-9dc7-5ce2987c1ecb","2026-09-14","buy-to-let","open",""
"Elderless","046260d2-f6d6-4216-9a42-5fc69098d048","2025-05-31","buy-to-let","redeemed","2025-03-11"
"Hidecreek","046364fa-aef0-47bc-a3f1-3f1db68fa414","2028-05-14","buy-to-let","open",""
"Elderless","04683e30-f81f-49c9-ba5d-d6fc91baede9","2027-07-31","buy-to-let","open",""
"Hidecreek","0468ab07-9759-4150-9668-6b1ac036c239","2028-02-22","commercial-buy-to-let","open",""
"Elderless","046e16f3-072b-4188-9dd3-cc675f3e1770","2028-11-30","buy-to-let","open",""
"Roast Ham","0475d6fb-b6dc-4937-ae3a-cc4ee8218a4b","2029-06-30","buy-to-let","open",""
"Hidecreek","047728ca-d7b3-4a9a-a807-b9c2bae78e81","2028-03-25","buy-to-let","switched","2026-03-27"
"Elderless","04779897-ab35-41d4-babc-611eddbc491c","2026-06-30","owner-occupied","open",""
"Roast Ham","047d56ec-1dcd-4faf-aab3-d04be32dc923","2027-10-31","owner-occupied","open",""
"Roast Ham","047ff6e3-3810-448f-979d-41b60c06d734","2029-06-30","buy-to-let","open",""
"Elderless","0484212c-4b04-41e8-ac38-3a537afdcc2a","2027-01-31","buy-to-let","open",""
"Elderless","04895219-caad-4488-88e9-40a8a1513f91","2029-07-16","buy-to-let","open",""
"Elderless","048a4491-621f-40fe-b761-825f483156d2","2030-04-22","owner-occupied","open",""
"Elderless","048bcbfe-9d91-4568-93e3-05e684543b76","2027-08-28","buy-to-let","open",""
"Elderless","0492284c-3f94-4b3c-a8a9-982d34c2fe5b","2029-09-30","buy-to-let","open",""
"Elderless","0492bef4-8de1-49e3-9a9a-747bd74aef7c","2025-07-05","buy-to-let","redeemed","2025-07-11"
"Roast Ham","0492da70-fc86-4102-97ac-0f52b15d2156","2028-09-30","owner-occupied","open",""
"Elderless","0495fa8c-33f9-41d9-ad8c-3015ca44a054","2027-11-30","buy-to-let","open",""
"Elderless","049b0a78-c18b-4a61-b4a6-91d89cf1ebda","2031-05-27","buy-to-let","open",""
"Roast Ham","049f23d1-07f2-42b8-b5ec-1d0b927b1faa","2028-01-31","buy-to-let","open",""
"Roast Ham","04a2db2e-41dc-40e6-8865-2b797873c968","2025-07-31","owner-occupied","redeemed","2024-08-29"
"Roast Ham","04a6cb26-aa43-472e-8277-66e04d76c70f","2028-07-31","owner-occupied","open",""
"Roast Ham","04a7d5e1-2bc1-40ae-bcc1-8b4e1e04f4da","2026-03-31","owner-occupied","redeemed","2026-05-08"
"Elderless","04aec5d6-6030-4a26-a313-67636c89eeef","2030-05-29","buy-to-let","open",""
"Roast Ham","04b1f133-afdd-4d3e-9ec1-5b84eac11334","2030-02-28","buy-to-let","open",""
"Elderless","04b20969-12ca-4a95-a368-65ada0ccb7f2","2028-08-31","buy-to-let","open",""
"Elderless","04b5f202-5e86-4558-a97c-1d4746680a2e","2029-04-30","buy-to-let","open",""
"Roast Ham","04b9fad5-4d2f-48c0-98a2-c90556028e48","2025-06-30","owner-occupied","redeemed","2025-07-23"
"Roast Ham","04baa72c-332c-472b-a2ff-f7b9c4c58899","2027-01-31","owner-occupied","open",""
"Roast Ham","04bb9472-b579-428e-84da-a8a9a6ec0db5","2025-10-31","owner-occupied","redeemed","2024-06-03"
"Hidecreek","04bc5ad7-5304-4184-b138-bc0e466bde40","2028-10-06","buy-to-let","open",""
"Roast Ham","04c1feb5-5bc8-472c-85fe-32983ef9db30","2026-07-31","owner-occupied","open",""
"Elderless","04c2c63c-e035-40fc-a841-341da1407df3","2027-04-30","owner-occupied","open",""
"Elderless","04c8095f-f0d5-4a66-af16-c2762d1425ae","2030-03-31","owner-occupied","open",""
"Elderless","04c9f1d9-6680-40c8-8667-d245f719c41f","2028-02-02","buy-to-let","open",""
"Roast Ham","04cc6437-4751-4df6-9ddd-dc8aa174d979","2026-01-31","owner-occupied","switched","2025-12-18"
"Elderless","04cd9a1c-9372-4923-862c-8508a61b98df","2029-02-27","buy-to-let","open",""
"California","04cdf835-2dd6-4155-90ea-70531127943d","2026-10-15","buy-to-let","redeemed","2026-04-10"
"Elderless","04d1b548-c550-41fd-ace0-2ada2584f1c1","2025-06-30","owner-occupied","switched","2025-05-17"
"Roast Ham","04d352ae-ef41-4c4b-8429-67dc7b2f1a68","2026-05-31","owner-occupied","redeemed","2026-01-10"
"Elderless","04d629f7-245f-4fbe-9196-423abf3ce9dc","2029-03-31","owner-occupied","switched","2024-05-16"
"Roast Ham","04d7179e-d3b0-4656-9053-c477020cfa9f","2026-07-31","owner-occupied","redeemed","2024-05-11"
"Elderless","04d867cf-c104-471b-addc-5cc3af2614a6","2029-07-31","owner-occupied","open",""
"Roast Ham","04d91af0-448f-4a40-9409-f3628de09e52","2028-07-31","owner-occupied","open",""
"Elderless","04d95794-63ef-4ee0-8070-b5eaa4decc19","2030-07-21","owner-occupied","open",""
"Hidecreek","04dac673-650b-4813-a9fa-2044de396199","2029-06-21","semi-commercial-buy-to-let","open",""
"Elderless","04dac9a1-4440-4d65-a017-3cf9e5f140fd","2029-12-03","buy-to-let","open",""
"Elderless","04db7bbf-60f5-4937-95a6-a7306ebb4bad","2029-12-11","buy-to-let","open",""
"Elderless","04dee960-6e12-449d-817e-f84082271c81","2026-08-31","owner-occupied","open",""
"Roast Ham","04e1b366-eade-4b46-affd-0edf01be95de","2027-06-30","owner-occupied","open",""
"Roast Ham","04e4a5c6-8bc6-4661-a642-0ca69b3d24e7","2026-05-31","buy-to-let","open",""
"Elderless","04e60639-6807-4e02-adc7-2482d1608a74","2028-09-20","buy-to-let","open",""
"Hidecreek","04e6997d-7ffa-4a13-ac1d-1268eb0ddadb","2027-09-15","semi-commercial-buy-to-let","open",""
"Roast Ham","04e727be-92a5-4925-b821-a643dc3dfac1","2027-03-31","owner-occupied","open",""
"Roast Ham","04e788c0-77e7-4c7a-8d2d-b91154b93917","2027-07-20","owner-occupied","open",""
"Elderless","04e7f7e9-3387-41c2-9adf-8a1cafce1462","2031-03-29","owner-occupied","open",""
"Roast Ham","04eb0be5-3c34-4615-8326-07daa1bdda96","2029-06-30","buy-to-let","open",""
"Hidecreek","04eebf5e-03c0-40dd-a1ab-ef041135a7c6","2028-10-12","buy-to-let","redeemed","2025-11-10"
"Roast Ham","04f7d3f6-d0a2-4304-9813-afd75a3e9ecb","2026-09-30","owner-occupied","open",""
"Hidecreek","04f9ad5d-5800-47e1-85d6-a43efd5db0d9","2026-10-15","commercial-buy-to-let","redeemed","2025-11-18"
"Elderless","03d9fa82-26f3-4f1c-92e8-180d8638034b","2027-12-31","owner-occupied","open",""
"Elderless","03de7af4-9031-4c4a-8465-8bce0effc054","2031-05-21","owner-occupied","open",""
"Elderless","03dffb35-6ce5-47a0-b775-9e7c39f60e4d","2031-03-19","buy-to-let","open",""
"Roast Ham","03e11889-b182-4e00-92f0-17dfdf57c27b","2026-07-31","buy-to-let","switched","2026-04-22"
"Elderless","03e4ea82-0167-4ff4-84eb-10e3015a59d4","2030-03-20","buy-to-let","open",""
"Hidecreek","03e8cf53-27bc-4460-8b3f-2e4e31177c7a","2028-04-27","buy-to-let","redeemed","2025-09-09"
"Hidecreek","03ec78c0-c458-4a9c-b6d4-b0603b3f8bb8","2029-04-12","buy-to-let","open",""
"Elderless","03ec95e9-91bc-49df-bc23-4c09f6e5b206","2027-04-30","buy-to-let","open",""
"California","03fb570d-62a2-4f37-a345-c3144bb7697c","2030-10-09","commercial-buy-to-let","open",""
"Roast Ham","03fb91f1-3f39-46e9-b898-4bfc24206f12","2030-05-31","owner-occupied","open",""
"Elderless","03fe436f-881a-4e0e-8dcc-14c515a79381","2028-06-30","owner-occupied","open",""
"Roast Ham","03ff8f90-b8f8-4da3-9e38-a1416bbbacc0","2028-01-31","owner-occupied","open",""
"Roast Ham","04005826-edde-4332-9ba8-588fda481b3c","2029-03-31","owner-occupied","open",""
"Roast Ham","0407dde6-885b-41ba-8fe7-fb7115580ad1","2025-07-31","owner-occupied","redeemed","2025-07-30"
"Elderless","040a7209-4845-450d-8584-c509cd92d710","2031-01-27","buy-to-let","open",""
"Elderless","04101a3c-9b65-4839-ad67-bddf0a9d5a61","2027-02-28","buy-to-let","open",""
"Elderless","04168917-2023-4b0f-8b4f-ace54d9c2ecc","2027-11-11","owner-occupied","open",""
"Hidecreek","041d4083-701e-477c-9d40-382b55bc9dad","2030-02-18","buy-to-let","open",""
"Roast Ham","041eea8c-145b-4cb0-82a6-4b2412883a06","2026-05-31","owner-occupied","open",""
"Roast Ham","0421036d-58f0-47a8-ac9b-1224fe296b59","2026-06-30","owner-occupied","open",""
"Elderless","0421723f-49d8-466b-8c88-dd4f3416fc7c","2028-03-31","owner-occupied","open",""
"Roast Ham","0422c29b-c21f-4622-b6c0-6f30ebc4f707","2025-08-31","owner-occupied","redeemed","2024-09-25"
"Hidecreek","0425a965-a757-4353-91a7-1267a7f1c957","2026-09-14","buy-to-let","open",""
"Elderless","0427c01d-a0e5-45f4-adf3-f8f3b162bb0f","2028-03-31","buy-to-let","open",""
"Elderless","042b29ab-2256-4e87-b51f-309f9fb6a9dd","2027-05-31","buy-to-let","open",""
"Elderless","042b5565-2396-4567-a287-470e67c3c37f","2026-09-30","owner-occupied","open",""
"California","042fc245-8c80-4045-ad25-90a70b5f0879","2028-01-28","commercial-buy-to-let","open",""
"Elderless","0431d694-4fb0-4781-9205-c6900f100690","2028-03-30","buy-to-let","open",""
"Hidecreek","04328837-a1ea-4a49-b452-8f17cd3bef51","2029-09-27","buy-to-let","open",""
"Elderless","04338e79-579b-4fa7-a335-95735986b039","2025-08-31","buy-to-let","redeemed","2025-11-21"
"Hidecreek","04360f99-289f-4f71-a0cf-0e29668eda34","2025-11-21","buy-to-let","redeemed","2026-02-14"
"Roast Ham","04377273-312e-4b6d-8af7-7725e7c455f5","2026-01-31","owner-occupied","open",""
"Roast Ham","043bcffd-c9c8-4740-aada-1252fc109d04","2025-10-31","buy-to-let","switched","2025-08-09"
"Roast Ham","043bf4f4-0f88-46bf-ba30-bca5ba9cf84f","2027-08-31","buy-to-let","open",""
"Elderless","043df50c-5f77-497d-9ca6-a3797646e8b1","2027-09-02","buy-to-let","open",""
"Elderless","043fc22a-28bf-41e5-aee1-2f32ef27e627","2026-10-31","buy-to-let","open",""
"Elderless","0448bf0b-e36e-43bc-87e1-23deecdf5066","2029-06-24","buy-to-let","open",""
"Elderless","044a3af6-655c-4929-9073-4da3a50afe47","2029-02-28","buy-to-let","open",""
"Elderless","044ab9ec-2530-4491-ad92-cc73a320370b","2030-11-30","buy-to-let","open",""
"Elderless","044bf72f-7237-4823-bef5-932885dfae25","2029-08-31","buy-to-let","open",""
"Roast Ham","0452c5a4-a775-411d-be66-898a524d04c2","2027-10-31","owner-occupied","open",""
"Hidecreek","045465fa-0345-43db-9d7a-b89e4314e6f2","2026-08-23","buy-to-let","redeemed","2025-09-09"
"Roast Ham","04557b58-a914-44db-bac8-cfadcac408b5","2027-04-30","buy-to-let","open",""
"Elderless","045be6df-9053-4d72-a26d-02acb99cf987","2027-08-31","buy-to-let","open",""
"Elderless","045cdd47-32de-4154-b2ca-434e37b82928","2029-05-19","owner-occupied","open",""
"Elderless","045d78a1-e1f0-470c-87cd-5db0328d6be3","2029-12-04","buy-to-let","open",""
"Elderless","045fbfeb-fd6d-41b1-b378-bbe6fbc01735","2027-07-27","owner-occupied","redeemed","2026-05-20"
"Hidecreek","0460bcab-61d3-4289-9754-49ca5f2a0083","2029-02-27","commercial-buy-to-let","open",""
"Elderless","0462860f-eb8d-4f65-b17b-d3ad0abdec50","2026-03-07","buy-to-let","open",""
"Elderless","04658ea0-440e-4dcc-8e69-9e8a3f01e62d","2031-02-09","buy-to-let","open",""
"Elderless","046630f7-5c0c-41a4-a5cb-a5369083f091","2026-05-15","buy-to-let","open",""
"Hidecreek","047a1435-ce0f-4619-8ede-a211f0f0fff4","2028-03-16","commercial-buy-to-let","switched","2026-03-18"
"Hidecreek","047b0a98-6973-4328-a947-0cbced275f3b","2026-10-02","buy-to-let","open",""
"Elderless","047bc037-f282-4881-8e85-8db2f9058f8f","2027-10-12","buy-to-let","redeemed","2026-05-08"
"Roast Ham","04875edc-b02e-4655-9b60-62745cf6aa72","2025-12-21","owner-occupied","redeemed","2025-01-29"
"Roast Ham","0489c758-5f9f-4f8e-a1f1-5fe0ecc91070","2025-08-31","buy-to-let","switched","2025-08-23"
"Elderless","048a638d-77cb-44d5-b82b-c54aeb14ac38","2028-03-17","buy-to-let","open",""
"Elderless","048e840f-b4e4-4c3c-a6d6-ad771b43fad3","2026-10-28","buy-to-let","redeemed","2025-11-05"
"Hidecreek","0491a323-8891-4e3e-9ac8-89a5c804d283","2027-12-06","buy-to-let","redeemed","2025-09-09"
"Elderless","04952cc7-8f54-43d9-b43d-9d66634682da","2031-03-26","buy-to-let","open",""
"Elderless","0496720e-549d-4bdf-b9f0-e2e34301a210","2030-10-06","buy-to-let","open",""
"Hidecreek","0497168a-f29c-40cf-b091-72a3a360cd8b","2027-12-22","commercial-buy-to-let","open",""
"Elderless","049ab1d5-8a25-4038-883f-a1637ccae566","2030-09-17","buy-to-let","open",""
"Hidecreek","049b206f-d1c3-4103-a968-2b73e09ee40e","2027-07-01","buy-to-let","open",""
"Elderless","049bc83f-3b9a-4e80-9d56-85588c0397ac","2028-04-30","buy-to-let","open",""
"Roast Ham","049d5055-a584-4c36-8ea5-ba8855bc25b5","2026-03-31","buy-to-let","switched","2026-02-17"
"Elderless","049db2c1-5284-4c96-8d35-112e6af10c1d","2026-11-30","owner-occupied","open",""
"Elderless","049ddfc1-2d6f-4e47-9e0c-3e5c1adf3e18","2027-09-25","owner-occupied","open",""
"Hidecreek","04a10150-0606-4d1b-9763-d315a4093901","2030-04-11","buy-to-let","open",""
"Roast Ham","04a20eb5-5960-4091-bf18-4c6cea9cb0b3","2026-01-31","buy-to-let","switched","2025-12-05"
"Roast Ham","04a5e890-c23d-4de6-8e14-95158b4587a1","2028-10-31","owner-occupied","open",""
"Elderless","04ad4bd1-722c-4623-acb1-401ac205ae69","2027-03-31","buy-to-let","open",""
"Roast Ham","04af5ad6-8832-46fe-944f-c177c21edebc","2027-02-28","owner-occupied","open",""
"California","04af9958-9a59-4f26-bd45-5f43ebd8f9ad","2030-02-06","commercial-buy-to-let","open",""
"Elderless","04b4c872-8dba-4af0-acda-d49946b4e936","2025-06-30","buy-to-let","redeemed","2025-07-03"
"Elderless","04b61947-961f-4746-b391-c5835c2e063b","2025-12-08","owner-occupied","switched","2025-11-21"
"Elderless","04b64c8a-6f36-4423-8d93-554e6c08874f","2030-10-23","buy-to-let","open",""
"Hidecreek","04b9a513-d268-4e0b-8461-a6ed4244b960","2027-03-23","buy-to-let","open",""
"Roast Ham","04ba2450-cf25-4b1e-9f5f-e4c2756ebb98","2026-01-31","owner-occupied","redeemed","2026-02-03"
"Roast Ham","04bb4552-d047-40ac-8fe6-c0785cce5294","2025-05-31","owner-occupied","redeemed","2025-06-04"
"Roast Ham","04bd011b-e642-456f-84b7-23ba70f58184","2027-08-31","owner-occupied","open",""
"Elderless","04bf088a-300a-4e91-9182-02dd7004ed9c","2030-06-26","buy-to-let","open",""
"Elderless","04bf45c3-c374-4024-8621-d882c0e608a2","2031-05-12","buy-to-let","open",""
"Elderless","07215193-ccb0-4f3a-85ac-c32ac6573300","2026-01-31","owner-occupied","switched","2025-12-09"
"Roast Ham","0725613f-969e-490f-b812-27fe09a30011","2027-08-31","buy-to-let","open",""
"Elderless","072bfc54-1789-47bf-9b7c-14df6d129110","2026-03-10","buy-to-let","switched","2026-01-27"
"Elderless","072decdb-b026-42d1-8dd4-f344cdb57268","2029-03-11","buy-to-let","open",""
"Roast Ham","07300cfe-f156-4ff0-a4b1-fd3e2b24fbd8","2027-11-30","owner-occupied","open",""
"Roast Ham","0732a905-0bf3-4252-89d8-6692595924b6","2027-05-31","buy-to-let","open",""
"Hidecreek","07339103-42f5-4073-bfeb-376e5edf7af8","2027-05-09","buy-to-let","open",""
"Roast Ham","0734f7c2-a383-4a4c-b80d-24307c10338a","2025-09-30","owner-occupied","redeemed","2025-05-02"
"Roast Ham","0736769c-3ae4-46a8-90bb-d5a8d37ca6c3","2028-06-30","owner-occupied","open",""
"Hidecreek","0738162e-30a0-44ac-9084-d0b7617daf03","2028-01-27","buy-to-let","open",""
"Elderless","07388a13-96d6-4201-b834-bd436e7191cc","2026-01-31","owner-occupied","redeemed","2026-02-03"
"Hidecreek","073b0c6f-e53a-40fc-b7a7-dc558594e94b","2028-05-18","buy-to-let","open",""
"Roast Ham","073f4380-e394-4ba2-aad7-62ac1644244b","2027-04-30","buy-to-let","redeemed","2025-10-04"
"Roast Ham","074537fc-4f03-4292-be1c-d16f25b13186","2025-09-30","owner-occupied","redeemed","2025-10-03"
"Elderless","0746b29a-c110-4dc4-b0a4-ddf37686265c","2027-07-14","buy-to-let","open",""
"Elderless","0748d8ae-cd93-4504-a960-144546ac36d5","2029-02-26","buy-to-let","open",""
"Elderless","074a688a-3181-468d-a4df-f02b040ba2f0","2030-05-07","buy-to-let","open",""
"Elderless","074f5c18-443f-4859-aed1-0f8a676955e3","2028-08-24","buy-to-let","open",""
"Elderless","0751bea5-d5c4-4830-9582-bedb2d15a099","2026-07-23","buy-to-let","open",""
"Hidecreek","0758b7b9-f062-4565-a384-324343f253f7","2027-12-05","commercial-buy-to-let","open",""
"Elderless","0760c200-dbc6-4e0c-8c37-c2ae303f79cb","2026-07-25","buy-to-let","open",""
"Elderless","0761a7a0-46d5-46c0-894a-fd9efce28f8c","2025-05-09","buy-to-let","switched","2025-07-09"
"Elderless","0762e257-168d-489c-b2a3-da4aaa67bcf6","2027-06-23","buy-to-let","open",""
"Roast Ham","07667874-0992-4695-8fd1-969cdfb8063a","2026-05-31","owner-occupied","switched","2026-05-22"
"Elderless","0766b870-0ca4-4b09-b707-674007518f9e","2027-03-31","buy-to-let","open",""
"Elderless","076718d2-76b0-4f25-922b-1fa4a4a8aab5","2031-05-20","buy-to-let","open",""
"Elderless","0767a57d-f0fa-40e1-88a5-bd7cac3d3db2","2026-01-28","buy-to-let","switched","2026-03-14"
"Elderless","076adfc1-582a-4515-b032-0c4c08af4654","2026-05-05","owner-occupied","redeemed","2026-04-21"
"Elderless","076b87e6-64f0-4448-8d1e-767741f18fde","2025-11-03","owner-occupied","switched","2025-09-05"
"Elderless","076f6901-4c15-4894-aad2-37751467403a","2027-08-23","buy-to-let","open",""
"Roast Ham","076f8692-6481-43d3-ac44-865ddb307d86","2027-10-31","buy-to-let","open",""
"Elderless","07703fa8-158a-463b-bac4-d11f4cdac468","2026-07-31","buy-to-let","open",""
"Roast Ham","07717487-2d43-4564-88fb-76d9d554d513","2028-08-31","owner-occupied","redeemed","2024-09-17"
"Elderless","0773bcb1-6b0b-4e1d-8b98-3c43592f6af6","2030-12-31","owner-occupied","open",""
"Roast Ham","07766ae2-58eb-4783-8de7-929952505263","2027-01-31","owner-occupied","open",""
"Roast Ham","07776954-4841-4470-a2c6-86e614590878","2026-12-31","owner-occupied","open",""
"Hidecreek","077d21e9-e813-4e45-ba85-f142b7256b85","2026-10-15","buy-to-let","open",""
"Elderless","07804299-7093-42f8-92c4-06a9bd47828e","2026-10-31","buy-to-let","redeemed","2026-01-13"
"Roast Ham","0780cce4-f5d6-4f25-b0a5-bfa567429a00","2026-09-30","owner-occupied","open",""
"Hidecreek","0780cebf-02ee-4b27-8a4b-cbd650c1a1ef","2030-03-12","buy-to-let","open",""
"Elderless","078214d5-0f2c-4ffa-b71f-ad668571fd06","2027-10-08","owner-occupied","open",""
"Elderless","0782e838-dc61-4001-99d2-1f208f9de12c","2025-10-31","owner-occupied","switched","2025-10-22"
"Roast Ham","0782f13a-68ab-48c8-a2ed-9897eb6e09b8","2026-03-31","owner-occupied","redeemed","2025-04-23"
"Hidecreek","0783758b-7e30-4f42-8448-68192938fc84","2027-02-11","semi-commercial-buy-to-let","open",""
"Hidecreek","0783e70f-1e9c-42bf-9202-87396fcd8439","2030-02-21","buy-to-let","open",""
"Roast Ham","07845834-7c8a-40b4-a285-b780c7c16ccc","2030-02-28","owner-occupied","open",""
"Elderless","0785da57-b9da-4cb1-b557-abeb25e7ac6b","2027-01-23","owner-occupied","open",""
"Hidecreek","0792816f-bfa6-49df-9789-f5ed8b477a4d","2029-03-30","buy-to-let","switched","2026-04-01"
"Elderless","07938928-342f-4539-9e77-334bfcdb67dc","2030-01-21","buy-to-let","open",""
"Hidecreek","0794bfeb-b7ae-495b-bfc7-fd4e5ab834f8","2028-03-01","buy-to-let","open",""
"Elderless","079714a7-7d10-4292-8257-8830267d58ed","2027-07-31","buy-to-let","open",""
"Roast Ham","07999291-fc10-4d1c-8409-a3fec90f4dc2","2026-12-31","buy-to-let","open",""
"Elderless","079a9e26-29f7-4c1c-9a7d-62ee5807ed7d","2030-08-26","buy-to-let","open",""
"Elderless","079c7e21-0dd2-4fe9-8693-3d0c79ef471b","2030-12-31","owner-occupied","open",""
"Elderless","079ca387-bd23-4b07-b134-e008b3a4d59f","2028-08-17","owner-occupied","redeemed","2025-11-29"
"Elderless","079f6002-ff0e-435d-bc19-e84db6cff880","2027-10-31","owner-occupied","open",""
"Elderless","07a21255-2c71-445e-a74a-a3b5ceeb30f9","2027-02-13","buy-to-let","open",""
"Elderless","07a41779-41a6-486a-9ece-69fd3431e3ce","2027-06-23","buy-to-let","open",""
"Elderless","07a5d4a1-bba6-420d-8cca-4f2bf02e5a9a","2027-11-30","owner-occupied","open",""
"Elderless","07a66cbb-4125-4d83-9cca-2cfbc26e7df1","2028-07-31","buy-to-let","open",""
"Roast Ham","07a843d3-3727-446e-a7f1-60f199ec089c","2026-11-30","owner-occupied","open",""
"Elderless","07b3148a-a668-4b7a-9f18-81bce6eb4b70","2025-11-30","buy-to-let","redeemed","2025-12-03"
"Elderless","07b46c35-00e2-411b-aaf4-0dc2bd134712","2027-12-31","buy-to-let","switched","2025-04-04"
"Roast Ham","07b489fc-a7d6-4c67-bb78-5ae649f60e24","2028-04-30","owner-occupied","open",""
"Hidecreek","07b95de6-65af-4837-b46b-7bbff345aa02","2027-06-10","semi-commercial-buy-to-let","open",""
"Roast Ham","07b9b75f-f2a6-429e-95ab-6d0bc8f0eeb6","2028-04-30","owner-occupied","open",""
"Elderless","07bcadc5-0df4-4805-ad04-870713a8a6c7","2027-03-27","buy-to-let","open",""
"Elderless","07bd3e42-bfdf-47af-8c13-bcc07e7996fb","2026-02-12","buy-to-let","switched","2026-03-18"
"Elderless","07bdf156-84ea-48ae-8d6d-91dcd830c46e","2029-05-14","owner-occupied","open",""
"Roast Ham","07c3b7ff-110b-410e-9b8b-c88b4e21351d","2030-12-31","buy-to-let","open",""
"Elderless","07c72a69-fe90-4d03-bbf0-5cbe59eab4bd","2030-02-28","owner-occupied","open",""
"Elderless","07c79d46-2504-4330-8ee6-e676aed19b91","2027-04-12","owner-occupied","open",""
"Elderless","07c82a8b-1206-4d5c-a7f0-bf7ce6c39616","2030-03-12","owner-occupied","open",""
"Elderless","07d3a957-9660-4915-b612-ed81fd69f78b","2026-12-12","buy-to-let","open",""
"Roast Ham","07d5cb92-e28e-4011-9c5d-2f3c15fec202","2025-09-30","buy-to-let","redeemed","2025-05-09"
"Roast Ham","07da52f2-adc0-4008-8a04-022395acdfca","2026-02-28","owner-occupied","switched","2026-01-22"
"Elderless","07da9046-37b1-4a41-bee4-c964e1aaf85e","2028-04-20","buy-to-let","redeemed","2025-08-01"
"Hidecreek","07dd005f-dd7a-4ee1-899b-b28591717802","2029-01-09","buy-to-let","open",""
"Elderless","07e03ce5-13df-4866-9e46-2dcace2834b1","2028-05-18","buy-to-let","open",""
"Roast Ham","07e0d3ef-be8e-4f0d-8cca-5d100fb2df1f","2026-07-31","owner-occupied","open",""
"Hidecreek","07e38430-4880-4c09-bf43-d309e021b684","2029-01-17","buy-to-let","open",""
"Hidecreek","07e49941-e617-45a8-ba68-1ca4ce3c56df","2029-07-18","buy-to-let","open",""
"Hidecreek","07e5cfd7-2f4a-4b7d-8dfd-4ee536a2f4fe","2030-02-10","buy-to-let","open",""
"Elderless","04fbf454-708a-461b-b536-de658ae97b40","2029-09-12","owner-occupied","open",""
"Elderless","04fcd582-9df2-418a-abb5-15b4bca1eebf","2031-02-28","owner-occupied","open",""
"Elderless","05042188-b987-4bfa-8908-d11f9c0a60b9","2028-11-23","buy-to-let","open",""
"Elderless","050616bc-490a-4b6b-89fb-6da1e0f78ee1","2025-07-12","owner-occupied","redeemed","2025-07-16"
"Elderless","050afcb0-f44e-4e12-9c6c-2de49ffcb119","2026-05-31","owner-occupied","redeemed","2025-09-23"
"Elderless","050e3b94-54f3-407f-9a80-330d4a5a46e7","2030-06-01","buy-to-let","open",""
"Elderless","050ebffc-1a98-405b-a85f-05c12ee54f86","2031-05-19","buy-to-let","open",""
"Roast Ham","0510e4ae-8a14-4bd8-9893-f34bc0fec437","2029-06-30","owner-occupied","open",""
"Elderless","051127d0-28ed-4831-8666-f8966007099e","2027-06-15","owner-occupied","open",""
"Elderless","051442b8-ca0b-4706-a46e-830e47071087","2027-04-30","buy-to-let","open",""
"Elderless","0516376e-fee7-474f-938b-da176dcda3c8","2028-01-31","owner-occupied","open",""
"Elderless","0516bdc3-6f6b-4bd5-8cbe-beaa50af4b8f","2025-05-14","buy-to-let","redeemed","2025-06-07"
"Hidecreek","0519764e-07bf-4aaa-823f-31a345540632","2029-09-20","buy-to-let","redeemed","2026-03-28"
"Roast Ham","051d050c-f6f7-4bf4-aec9-a3fc67a41632","2029-10-31","owner-occupied","open",""
"Roast Ham","051f6f2a-dc71-4fef-847d-59362a2c867e","2025-07-31","owner-occupied","switched","2025-07-15"
"Roast Ham","052372de-a970-4d66-9e36-36649481677b","2025-07-31","buy-to-let","switched","2025-04-16"
"Elderless","0525ed9a-c4a4-40a6-a8a9-fc7f8d709625","2025-07-21","owner-occupied","switched","2025-06-07"
"Elderless","05289005-a354-470d-851f-d2dbb29c0c9e","2027-05-23","buy-to-let","open",""
"Roast Ham","052e914f-17e9-4794-a499-63ea2d55d5a3","2027-04-30","buy-to-let","open",""
"Hidecreek","0530eae6-4941-4c6a-9b12-1a7bb4730223","2025-10-21","semi-commercial-buy-to-let","switched","2025-11-29"
"Elderless","05324a42-0a98-479f-9dc9-feb7aebfc160","2027-04-12","buy-to-let","open",""
"Elderless","053686ce-5d1e-437f-9004-48dfb4340db3","2025-10-11","owner-occupied","switched","2025-07-31"
"Elderless","0538ab1f-3f60-468e-a63d-a1af7f6dd730","2026-11-30","owner-occupied","open",""
"Elderless","0538ee97-1473-4717-baaf-fd9876757de9","2026-04-21","buy-to-let","open",""
"Roast Ham","053b63dc-b66c-4f51-a1a3-08aa8a0d4ac2","2028-01-31","owner-occupied","open",""
"Roast Ham","053c08d2-1f58-4ca3-8885-f6ad6726ccaf","2026-10-31","owner-occupied","open",""
"Elderless","053d651e-d702-4954-ad89-f150ec9af1ba","2026-03-31","buy-to-let","open",""
"Hidecreek","053dd31c-7995-4471-87d7-52296f22297a","2026-08-27","buy-to-let","open",""
"Elderless","053e248a-ff5d-4ef5-800e-98ba10b7e425","2026-11-30","buy-to-let","open",""
"Elderless","0542871c-3be4-44c9-9270-ce68b32c9ec6","2025-08-31","owner-occupied","switched","2025-07-29"
"Elderless","0543225e-c586-4d2e-9d43-b585687c4949","2025-09-03","owner-occupied","switched","2025-07-23"
"Roast Ham","054355ce-330e-4a72-88b0-748d8128ecda","2027-02-28","owner-occupied","open",""
"Elderless","0543bbf9-b49c-49f0-b77f-409dfb5b2f81","2030-06-30","owner-occupied","open",""
"Roast Ham","05453c7c-ed12-424c-912e-67926ffcbaff","2026-02-28","owner-occupied","switched","2025-11-29"
"Roast Ham","054bf407-08d6-4b8a-a90b-21c2f989618e","2027-04-30","owner-occupied","open",""
"Elderless","054e2d22-7573-4464-8130-b314212e65a1","2030-11-05","buy-to-let","open",""
"Elderless","054e4795-42b0-4eb3-88cd-37c1ed975923","2027-06-30","buy-to-let","open",""
"Elderless","05516ee9-ea83-4522-9c37-d720cef8f8a8","2027-07-02","owner-occupied","open",""
"Elderless","0551d5f6-3e21-42b3-b705-67d14dcb0f08","2027-06-05","buy-to-let","open",""
"Roast Ham","0552ac5f-819b-417a-a3e1-8fe868e8bb83","2027-01-31","buy-to-let","open",""
"Hidecreek","05589ea9-b5b9-470f-b1f6-8eff10bf0ad5","2025-10-23","buy-to-let","open",""
"Elderless","055b9d52-c4eb-44b6-a4ef-037e6f5a7452","2027-02-28","buy-to-let","open",""
"Hidecreek","0560d4bd-537c-4186-b3df-bd4977ca4af8","2027-12-22","buy-to-let","open",""
"Elderless","0560e483-cd7b-44bd-a5fc-4b6871f12554","2027-03-31","buy-to-let","open",""
"Elderless","0563b588-7b19-4858-8484-448c7acfc883","2026-09-30","buy-to-let","open",""
"Elderless","056488e4-3ce7-4dd5-8b56-9c395f14b84d","2025-06-30","owner-occupied","switched","2025-06-07"
"Hidecreek","0565d2ac-a47c-4f50-b376-68b2716669fa","2029-03-06","commercial-buy-to-let","open",""
"Elderless","05662f52-d4cf-4339-96db-845802789620","2031-03-15","buy-to-let","open",""
"Elderless","056757d9-5297-40a6-8af1-6029bd89298b","2027-08-31","buy-to-let","open",""
"Roast Ham","056fd1c8-8f2e-4b8b-b582-d9c54387a53f","2029-11-30","owner-occupied","open",""
"Roast Ham","057433f1-7439-47c1-9deb-ff6c01aae81f","2027-01-31","buy-to-let","open",""
"Roast Ham","057b4053-ccc6-47fe-9682-91fb81e1191d","2025-10-31","buy-to-let","redeemed","2025-07-22"
"Elderless","057ef6be-6254-4e8a-9d4e-3e2fbdfcc5af","2027-11-09","buy-to-let","open",""
"Hidecreek","057f739c-efc1-4f9b-b8af-f091c7db3348","2029-07-30","buy-to-let","open",""
"Roast Ham","05883c56-5868-4c0c-a28a-f2516911f276","2031-01-31","buy-to-let","open",""
"Elderless","0588a83a-a014-48fe-ac77-ee96ce3634cb","2029-02-27","buy-to-let","open",""
"Elderless","0589f7fa-9d84-48d9-9133-ba55995bc42b","2029-11-28","buy-to-let","open",""
"Elderless","058c52c9-116b-4ee4-acf1-beabc19c7d9d","2029-04-30","buy-to-let","open",""
"Elderless","0591ccc8-5292-4f27-ace2-67289985536c","2027-09-30","buy-to-let","open",""
"Roast Ham","05941b17-14a9-43a7-b25f-c65eb6312ffd","2027-02-28","buy-to-let","open",""
"Elderless","05953b70-2d48-4e73-8369-e236dfb78a12","2031-01-28","buy-to-let","open",""
"Elderless","05970b14-22ce-4b29-96f7-2d24da42fc0e","2027-04-30","buy-to-let","open",""
"Roast Ham","059ccaae-e9f3-4094-b1a2-f93f94cd84f6","2028-04-30","owner-occupied","open",""
"Elderless","059d59b7-0d46-40e6-846d-ee919112e844","2025-05-31","owner-occupied","switched","2025-06-26"
"Roast Ham","05a0c523-08d3-4c4d-9e6a-bc5b57803fc3","2025-07-31","owner-occupied","switched","2025-08-15"
"Elderless","05a296bd-7de8-4b08-b86c-fd9450f7df80","2026-12-28","owner-occupied","open",""
"Hidecreek","05a3c5ce-30c2-43d9-8856-57d9810b906b","2030-07-11","buy-to-let","open",""
"Elderless","05a82657-4dc8-4071-996c-ab1a8c46c85e","2025-08-24","owner-occupied","redeemed","2025-09-09"
"Elderless","05ab5df3-537e-4cd5-8604-cd00d920fa93","2027-10-18","buy-to-let","open",""
"Elderless","05ace113-72e1-4c7c-bb13-6d5a1cb602b7","2026-08-29","buy-to-let","open",""
"Hidecreek","05acebde-2343-4364-aa4c-02af2d5237fb","2030-08-27","buy-to-let","open",""
"Elderless","05baf2f0-492b-46f7-ba8a-a7c3b783396c","2028-04-14","owner-occupied","open",""
"Roast Ham","05baf7ae-e65d-432d-b8e4-39d1c561dbad","2027-05-31","owner-occupied","open",""
"Roast Ham","05bcb62a-6234-490b-b5b3-5d8a9a349998","2027-08-31","owner-occupied","open",""
"Hidecreek","05bdedf7-1fab-4902-b876-0fd82c9ecfaa","2030-04-17","buy-to-let","open",""
"Roast Ham","05bdf00b-b6c4-4060-b432-ed15153a6408","2027-04-30","owner-occupied","open",""
"Roast Ham","05c5479c-e071-4e19-aa65-d2bf57405d62","2027-11-30","owner-occupied","open",""
"Elderless","05c63587-098a-4634-8c28-ed7dce57da0e","2030-05-31","buy-to-let","switched","2025-06-02"
"Elderless","05c6de4b-f3d4-4f2a-9c58-2ea6571803a8","2029-12-19","buy-to-let","open",""
"Elderless","05c831c8-72e9-47aa-a5fe-0bd2a8efd866","2027-03-31","owner-occupied","switched","2025-04-02"
"Roast Ham","05c9831e-47e8-4f34-904b-8e60200df5f4","2025-06-30","owner-occupied","redeemed","2024-01-24"
"Elderless","05ca8c5c-f915-4e24-9305-818c82104525","2028-02-29","buy-to-let","open",""
"Elderless","05caa9f4-d92b-41fd-bfb9-0575d4c7a364","2029-03-31","owner-occupied","open",""
"Elderless","07e70d5a-331b-4b0d-b878-ff9d15568977","2026-12-09","owner-occupied","open",""
"Elderless","07eabed5-21db-4963-8f7d-a5f00fb174eb","2025-05-31","owner-occupied","switched","2025-05-23"
"Roast Ham","07f2ec3b-a046-403b-afa1-3435e1ff4046","2029-02-28","owner-occupied","open",""
"Elderless","07f350a2-3186-4be3-b3a0-ab0598df3fce","2025-09-07","owner-occupied","redeemed","2025-09-09"
"Roast Ham","07f85bbe-6e48-4c57-9b59-9e868b12e75f","2027-05-31","buy-to-let","open",""
"Elderless","07f96604-bc3f-4fb6-a149-e1189501e36c","2027-08-16","buy-to-let","open",""
"Elderless","07fb7ecb-3f76-4b3f-977f-1bfbcb547125","2027-08-27","buy-to-let","open",""
"Elderless","07fccbc4-11b9-4556-9259-a49e7843ec50","2027-10-19","owner-occupied","open",""
"Roast Ham","0801e116-23b1-48d6-a811-0d7a51f41462","2028-03-31","owner-occupied","open",""
"Elderless","08022924-87db-4dfc-8f41-cd3641e26cd6","2028-09-11","buy-to-let","open",""
"Elderless","080b33b8-7391-4acc-b622-1a5494c78505","2026-12-01","buy-to-let","open",""
"Roast Ham","080e6afe-b3a8-4298-948d-dce85477c557","2025-11-30","owner-occupied","redeemed","2026-01-29"
"Hidecreek","080eee48-6c90-4bba-92bd-efe7f3cdd911","2026-10-18","buy-to-let","open",""
"Elderless","080f61dd-cbc9-4097-b1c4-a8a7760aab88","2026-05-31","owner-occupied","open",""
"Roast Ham","08157011-cbd3-46a4-aacd-504a4aaff9f9","2027-11-30","owner-occupied","redeemed","2026-05-02"
"Roast Ham","08192714-ba0d-44a4-a7ef-3fad458ad47c","2027-07-31","owner-occupied","open",""
"Roast Ham","081b7a7f-30b3-43db-8c17-7a9b0679542d","2025-09-30","owner-occupied","redeemed","2023-12-18"
"Roast Ham","081cc56a-af64-433a-bfdd-7c8850d8c89a","2031-01-31","buy-to-let","open",""
"Roast Ham","081e76c8-e12d-4dd8-8763-7e5358c5cdd6","2026-01-31","owner-occupied","redeemed","2023-11-24"
"Hidecreek","081eabac-093b-41f7-9127-633eddd097a9","2026-12-10","commercial-buy-to-let","open",""
"Roast Ham","081f703c-7a7e-4e97-b1b7-f4330919deed","2027-01-31","owner-occupied","open",""
"Elderless","0821bab5-8aae-4617-959f-66d4636a721a","2029-09-01","buy-to-let","open",""
"Elderless","08239c4e-3e62-47b4-8dd2-3f8ea7eaa33f","2027-04-30","owner-occupied","open",""
"Elderless","0824c7e0-8e3d-4bbc-9d62-b978f1ceb2ff","2027-12-18","buy-to-let","open",""
"Elderless","0826c6e5-ebc4-4d7a-8fe5-aa20713d71ab","2027-03-14","buy-to-let","open",""
"Roast Ham","082a8468-2b62-4cb5-9f58-2eb2afd86fd5","2028-09-30","buy-to-let","open",""
"Roast Ham","082f6283-2952-4431-b710-e1aecdb1f82e","2027-02-24","owner-occupied","open",""
"Roast Ham","08328b8a-2e49-4745-a732-2baccd80141e","2027-06-30","owner-occupied","open",""
"Hidecreek","0832e7f6-d6b1-487f-bdb5-279153ad2ed0","2026-12-02","semi-commercial-buy-to-let","open",""
"Elderless","08349c7c-d5ca-4a53-8b62-337c691415fe","2027-08-21","owner-occupied","open",""
"Elderless","08352edb-d7ef-45c3-89c9-23f4bbf4d919","2027-03-31","buy-to-let","open",""
"Elderless","0837fb2d-dc36-4898-af19-04eedb0b592c","2027-07-05","buy-to-let","open",""
"Elderless","083a0cc7-9b25-4147-ba7a-5c6a6c95fa68","2027-06-20","buy-to-let","open",""
"Hidecreek","083ae498-e925-44f7-937e-7198764a8a86","2026-09-04","buy-to-let","open",""
"Hidecreek","083b82f6-1cb1-42ac-811e-c56c9a268f17","2027-02-09","buy-to-let","open",""
"Elderless","083bf1c6-63ec-4e17-a967-fd7fbeb4f390","2025-06-09","buy-to-let","switched","2025-06-04"
"Roast Ham","083c0f01-abc4-4008-b80b-682415fb4b14","2026-11-30","owner-occupied","open",""
"Elderless","0840f7f8-2d7b-4d12-9201-22e5dd999817","2026-08-23","buy-to-let","open",""
"Hidecreek","0841c187-796f-438e-9967-e6be279a391a","2026-03-26","commercial-buy-to-let","switched","2026-04-22"
"Hidecreek","08459cd2-9499-4b42-8eab-0fffbdc2dbb3","2030-04-28","buy-to-let","open",""
"Roast Ham","084b4b22-795d-466f-a02f-cf09d2039867","2025-10-31","buy-to-let","redeemed","2026-02-03"
"Roast Ham","084dbea8-c5c5-47cb-bcd9-c94b776bdbbe","2027-05-31","owner-occupied","open",""
"Roast Ham","08519c2e-73eb-4bc1-8b50-56da6a376445","2025-10-11","buy-to-let","switched","2025-10-02"
"Hidecreek","08552c21-af9a-4f4c-a723-d9cbf3c22e11","2025-12-24","buy-to-let","switched","2025-12-26"
"Roast Ham","085b4af4-42a4-4a17-b966-ac6d20a2b494","2031-01-31","owner-occupied","open",""
"Roast Ham","085d3727-9354-499c-be5d-1915ec086f64","2026-03-31","buy-to-let","redeemed","2026-04-30"
"Elderless","085d75e7-54c6-4940-a271-430cd159b280","2027-09-02","buy-to-let","open",""
"Elderless","085dcc8c-034f-422e-91a4-b1405040fb6f","2025-10-25","buy-to-let","switched","2025-09-10"
"Elderless","085e25c4-ea42-461e-a5ca-92e2e7a7ca3b","2029-06-20","buy-to-let","open",""
"Elderless","0860a2b3-936d-4c5d-904f-e59395017b07","2027-11-12","buy-to-let","open",""
"Elderless","0863c233-facc-4673-8703-2fb368f4fe71","2031-01-29","buy-to-let","open",""
"Elderless","0864c71a-7b99-4d27-91b1-67b874372620","2027-05-31","buy-to-let","open",""
"Elderless","08653851-c462-4401-a51e-ac68ee4ffe96","2031-04-23","buy-to-let","open",""
"Elderless","086619f2-5895-4c4a-a236-1f278406cc08","2025-08-05","buy-to-let","switched","2025-06-26"
"Hidecreek","0867bb7b-3428-4a88-b701-1099e3822f8d","2026-04-25","semi-commercial-buy-to-let","redeemed","2026-05-29"
"Hidecreek","0867bebf-8846-4bd9-997e-494b17237f47","2028-02-01","buy-to-let","open",""
"Roast Ham","0867d6ab-f1d2-4be5-86e4-0736a7e9f19d","2025-10-31","buy-to-let","redeemed","2025-11-04"
"Elderless","08713acb-20e6-40fb-97d1-62ebc411f5bd","2030-09-30","buy-to-let","switched","2025-10-02"
"Roast Ham","0875bfaa-78de-4bfb-b422-f86d09c353b6","2025-07-31","owner-occupied","redeemed","2025-08-05"
"Roast Ham","087f7879-40dd-4270-9399-6d668122c864","2026-12-31","owner-occupied","open",""
"Elderless","0884b4ba-54f5-45cb-8d9b-b2c9250e4bae","2029-09-11","owner-occupied","open",""
"Elderless","0884f112-e9ad-4284-87d3-5809a7d1cdb1","2027-05-28","buy-to-let","open",""
"Elderless","0885b746-f232-4e4a-aca3-967caabd8bb2","2025-12-20","buy-to-let","redeemed","2024-12-05"
"Roast Ham","08889b38-8161-45ff-8bc2-420c368a4edb","2030-01-31","owner-occupied","open",""
"Elderless","088a524e-552a-437b-abd5-9936cb713c3f","2026-07-31","buy-to-let","open",""
"Elderless","088d7428-4855-4f96-80b9-3446c71bab57","2031-04-07","buy-to-let","open",""
"Roast Ham","089300dc-0722-489c-9be9-a3a335c3ff3c","2027-02-28","owner-occupied","open",""
"Hidecreek","08941235-3411-4d09-9c91-a75827bb2730","2026-12-17","commercial-buy-to-let","open",""
"Elderless","08960ee9-bf70-4c84-bfea-e18d5fe0b127","2025-08-31","owner-occupied","switched","2025-06-04"
"Elderless","0896a1b2-ed4b-4ebb-8632-2c187f4c5d06","2027-02-28","buy-to-let","open",""
"Elderless","0898aefc-2606-4895-bc01-5b677d4bc192","2025-09-07","buy-to-let","redeemed","2025-11-04"
"Elderless","089d2596-20fd-495b-ad6d-0e35c2e4caa9","2028-01-29","buy-to-let","open",""
"Roast Ham","089f12b4-d624-4944-af3a-4c4af5cb3f96","2026-11-30","owner-occupied","open",""
"Elderless","08a3c81e-2768-4245-964b-fa9fc9c6290d","2027-12-31","buy-to-let","open",""
"Elderless","08a5f022-9105-446d-b58b-999ff67c307c","2025-10-31","buy-to-let","switched","2025-12-14"
"Roast Ham","08ae6473-4ebe-471a-9591-144f1a39dafa","2026-03-21","owner-occupied","switched","2026-03-21"
"Roast Ham","08ae9510-55f6-4159-a7f5-d6607e59f171","2025-08-31","owner-occupied","redeemed","2025-06-12"
"Roast Ham","08afc2d8-9e9f-4503-a6f3-1ae37d8587b1","2025-05-16","owner-occupied","redeemed","2025-03-04"
"Hidecreek","08b3aa2b-c728-4219-8790-76450940499b","2027-02-11","commercial-buy-to-let","open",""
"Roast Ham","08b669c4-3687-4501-b72a-abaaf5600625","2026-11-30","owner-occupied","open",""
"Roast Ham","08bb7101-521d-4f84-843c-6f657c8360df","2029-11-30","owner-occupied","open",""
"Roast Ham","08bdd120-f83d-4629-bb3c-c8decc112570","2027-03-31","owner-occupied","open",""
"Roast Ham","05cb4293-b5cd-48e7-8299-8d43fb9c1dec","2028-05-31","owner-occupied","open",""
"Hidecreek","05cbd203-dce8-46dd-ad21-75ab032092b8","2031-03-27","buy-to-let","switched","2026-04-01"
"Elderless","05cf7012-ea35-4c30-b68a-8aa3f92ae24f","2025-06-29","owner-occupied","redeemed","2025-07-04"
"Elderless","05d73dd0-4e45-49e3-9c1d-73a8eba95d5b","2029-08-26","buy-to-let","open",""
"Hidecreek","05d97fa9-a2ce-4991-9089-87370e1c065d","2028-01-17","buy-to-let","open",""
"Elderless","05dda04d-1df4-4e01-bf75-ac168fd03bfe","2027-03-01","buy-to-let","open",""
"Hidecreek","05ddc335-bb23-4760-a215-c5f4dd2c7667","2026-06-27","semi-commercial-buy-to-let","open",""
"Hidecreek","05e01763-aa52-40df-a484-6669adfbc30e","2027-08-08","commercial-buy-to-let","open",""
"Hidecreek","05e0a369-1d6d-4d36-a3d1-7482ed465d45","2035-04-30","commercial-buy-to-let","switched","2025-09-09"
"California","05e2e0c2-f0f3-4409-9402-79c9c419c72f","2030-02-23","buy-to-let","open",""
"Roast Ham","05e438cf-b1aa-4d29-9ebf-7be902771ba0","2029-06-30","buy-to-let","open",""
"Hidecreek","05ea820f-0acb-4382-a616-26ca11ec3d20","2030-05-07","commercial-buy-to-let","open",""
"Elderless","05ec929c-6ecd-4bf8-83ce-8a7a1fee2300","2026-06-25","buy-to-let","switched","2026-03-17"
"Roast Ham","05edb7e1-c38d-4b24-838b-01906d3a9a61","2027-01-20","buy-to-let","open",""
"Elderless","05edc72b-a64b-473c-b4b2-08d653414d6c","2025-05-31","owner-occupied","redeemed","2025-06-04"
"Elderless","05f3bd82-2418-4bfb-aa0e-3e5b00883824","2028-01-22","buy-to-let","open",""
"Roast Ham","05f76b4e-775f-4e31-9682-997511df23e3","2028-05-31","owner-occupied","open",""
"Roast Ham","05f841ea-cc3c-4165-b703-7fddb2198071","2026-11-30","owner-occupied","redeemed","2024-08-05"
"Hidecreek","05f955e0-b68d-42fe-83c3-76cedb101617","2028-12-19","semi-commercial-buy-to-let","open",""
"Elderless","05fb861f-a01d-472a-a470-46291a9c60fd","2028-10-05","buy-to-let","open",""
"Roast Ham","05febc88-ca0d-462a-9687-da2517189f3e","2027-04-24","buy-to-let","open",""
"Elderless","0600a632-760e-492c-a2c8-5a89c4b965fe","2028-05-25","buy-to-let","open",""
"Elderless","06015e86-744e-4770-9bff-76581dbd17e2","2026-10-16","buy-to-let","redeemed","2026-05-09"
"Roast Ham","06076123-547e-40ff-ae17-610219c6569e","2028-11-30","owner-occupied","open",""
"Elderless","060dae90-2c1a-4a4f-9b07-7286f546ae56","2027-06-17","owner-occupied","open",""
"Hidecreek","060f4752-26e8-4be1-91a5-addfdb96b6ad","2028-06-13","commercial-buy-to-let","open",""
"Elderless","06133ee0-c0a1-4b3a-910b-9d82e2a6bd0c","2027-08-18","buy-to-let","open",""
"Roast Ham","0614f6ef-998f-4b2f-9e73-1db2cf7dacf1","2027-11-30","owner-occupied","open",""
"Elderless","06157097-5302-4d62-8ae2-02eaf5c5c76b","2031-03-12","buy-to-let","open",""
"Roast Ham","061dac70-d6f7-4e19-bc9c-7464e913902a","2026-09-30","owner-occupied","open",""
"Hidecreek","061fbd85-2afd-46df-a85b-a7dcdd64ae1c","2029-04-04","commercial-buy-to-let","open",""
"Elderless","0620c398-29d5-4588-bd60-06883b0ddd45","2027-07-31","buy-to-let","open",""
"Roast Ham","06214226-d1d6-468c-865c-bd800c20dd58","2027-03-31","owner-occupied","open",""
"Roast Ham","0622ce7a-c6ec-4c95-b79f-ff2e83f3cc7d","2027-09-30","owner-occupied","open",""
"Elderless","06240d29-17ae-4615-b473-ab04d6559adf","2029-09-30","owner-occupied","open",""
"Elderless","06249ef9-21bb-49b3-8b14-f493f1983d6d","2028-03-31","owner-occupied","open",""
"Elderless","062c8895-73ce-4264-8684-d86f46b1db20","2031-02-25","buy-to-let","open",""
"Hidecreek","06325cc8-c1ee-46ce-810b-a994eaa1634d","2029-04-16","buy-to-let","open",""
"Elderless","0632b7c1-c7e3-4f6c-921f-4222e78dd7d7","2030-06-02","buy-to-let","open",""
"Elderless","06351614-9b9c-458a-8139-2329dff0723d","2027-11-05","buy-to-let","open",""
"Hidecreek","0638ea5a-b444-4752-ba42-be3d7d811ae0","2030-04-10","buy-to-let","open",""
"Hidecreek","063a4465-df87-47ed-abc2-1991f1a1b8bc","2030-10-21","buy-to-let","open",""
"Elderless","063b4195-ca09-4230-97aa-ac894a0c16ad","2028-07-12","buy-to-let","open",""
"Elderless","063b700b-b87b-4705-9b06-0593bc71e7f9","2029-07-14","buy-to-let","open",""
"Elderless","063e6910-84f4-4590-ab1d-24f91908f5b4","2031-05-21","buy-to-let","open",""
"Elderless","0644d1ad-3add-4edc-9275-10d9451f9b44","2030-07-29","buy-to-let","open",""
"Hidecreek","0645bcf7-5070-4566-98f6-c44ddf3e5614","2026-06-03","buy-to-let","open",""
"Elderless","064904f9-0592-443f-99dc-aff8eb2dbff5","2029-11-07","buy-to-let","open",""
"Elderless","064a58bc-cf76-4ae1-bd08-a2ef2354af6b","2029-12-16","buy-to-let","open",""
"Elderless","064e0271-0195-4d90-a8db-2533f1e1c496","2026-08-31","owner-occupied","switched","2026-05-16"
"Roast Ham","064ebe13-2f65-4fb2-9ec8-3fa037bee220","2027-08-31","owner-occupied","open",""
"Elderless","064ee434-23ab-4dac-8add-6195057a94a2","2028-11-30","buy-to-let","open",""
"Roast Ham","0650d58e-44c5-43dc-bb6c-676dc0a87110","2026-10-31","owner-occupied","open",""
"Hidecreek","06537889-9363-47ca-a103-ae30ece2f4ec","2027-12-02","buy-to-let","open",""
"Elderless","0654848f-1ac1-402b-86bf-829b25185b5f","2028-08-10","buy-to-let","open",""
"Roast Ham","0654e087-be4e-4c41-a276-aea8a6184cc4","2025-09-30","owner-occupied","switched","2025-09-12"
"Elderless","06556aea-9044-4647-95f7-a96eadaa0a4f","2031-02-12","buy-to-let","open",""
"Hidecreek","06589103-71c2-4362-9fa4-1003c44f5ffa","2030-12-10","commercial-owner-occupied","open",""
"Roast Ham","065a4498-5a47-41f2-8e15-8aec2822ad9e","2025-07-31","owner-occupied","open",""
"Hidecreek","065b4c36-77b3-449e-96a5-f937f2c94832","2028-02-09","commercial-buy-to-let","open",""
"Elderless","065c09bc-2740-4907-9ff5-a63162d1d6a5","2028-02-08","owner-occupied","open",""
"Elderless","065d87cd-7962-437b-864d-8ef8ddb87411","2029-12-31","buy-to-let","redeemed","2026-04-21"
"Elderless","06603fe8-f809-4b8d-aecc-6407cc396e2b","2026-11-18","buy-to-let","redeemed","2026-02-04"
"Roast Ham","06616b48-2115-44e2-b971-9aa077709b7a","2029-06-30","owner-occupied","open",""
"Roast Ham","0661b710-fa1e-43b3-b83d-0f6852edaf53","2026-05-31","buy-to-let","switched","2026-03-25"
"Elderless","0664210d-4ca5-4ece-9d6d-b731a71f263e","2026-12-31","buy-to-let","open",""
"Elderless","0664b321-1897-4a22-8178-2e9aca90adb2","2026-02-18","buy-to-let","redeemed","2026-03-13"
"Roast Ham","06675729-623e-41bf-bb57-8f5d2867acd4","2026-01-31","owner-occupied","switched","2026-01-21"
"Elderless","066b188b-173a-49bd-ba9a-1c9b821bb1f6","2029-07-31","owner-occupied","open",""
"Elderless","066cf10f-57b3-4c37-9004-1ab6ea940e58","2027-10-31","buy-to-let","open",""
"Elderless","066e6443-868b-4b9e-9fb0-ef1dfa67400c","2027-04-30","owner-occupied","open",""
"Hidecreek","06732108-a396-47f8-b105-6309867ac50a","2028-05-16","buy-to-let","open",""
"Roast Ham","067881df-06a3-4802-bd16-335e1b877388","2026-07-31","owner-occupied","open",""
"Roast Ham","067af6cb-a415-4a7d-b61e-5319e05a4d24","2026-12-31","owner-occupied","open",""
"Elderless","067c8d75-3af4-4689-97a8-a16fbd01dc2d","2028-07-13","buy-to-let","open",""
"Hidecreek","0682c353-fb04-48ca-99f9-b4ff33d26b44","2028-11-20","buy-to-let","open",""
"Elderless","0683112e-fb9f-402f-9320-b1bff61480cf","2026-10-07","owner-occupied","redeemed","2025-05-29"
"Roast Ham","068c1d04-b54f-4043-aa4b-613731504581","2027-10-31","buy-to-let","open",""
"Elderless","068c477b-5383-4fac-9010-b7bc34af3009","2030-03-31","owner-occupied","open",""
"Hidecreek","068cdf3e-12ea-4fb1-af51-38668c839330","2029-01-26","buy-to-let","open",""
"Elderless","068f9495-476f-46ea-8ffa-1cfff85de954","2030-03-30","buy-to-let","open",""
"Roast Ham","0694188d-6129-4f97-ab44-f2f1016e852e","2025-11-30","owner-occupied","switched","2025-09-17"
"Elderless","00022a06-fe6e-429b-9bb5-72cf2a711dec","2026-10-12","owner-occupied","open",""
"Elderless","0005125f-9d59-487d-a247-9a2c6703a592","2028-06-30","buy-to-let","open",""
"Hidecreek","00063e10-b8ef-4c01-b975-af3a230f7fae","2026-08-10","buy-to-let","open",""
"Elderless","00080b46-3036-493d-993c-4a398c18afb2","2027-01-01","buy-to-let","open",""
"Roast Ham","000877d0-b6c5-498b-9106-b4481e48c412","2025-09-30","buy-to-let","open",""
"Elderless","000d4ecf-0e44-47e3-8b1a-dc47a23ec267","2029-05-31","owner-occupied","open",""
"Elderless","000daf5e-ea1d-4413-a17f-48fbb978f621","2027-11-30","buy-to-let","open",""
"Elderless","00142c18-38c1-4986-8e87-23e68b609b0f","2029-09-30","owner-occupied","open",""
"Elderless","00158aeb-91af-4305-b433-051400ce4fb0","2029-04-22","buy-to-let","open",""
"Roast Ham","0019a68b-26f0-4c77-a7d1-11e68ba6b7df","2025-10-31","buy-to-let","redeemed","2025-12-20"
"Hidecreek","001befb0-a313-4cf6-ac07-7057e6883ebf","2027-06-29","commercial-buy-to-let","open",""
"Elderless","001e162a-5698-46a5-a9c5-97beed3d8bc9","2025-06-30","buy-to-let","switched","2025-06-07"
"Roast Ham","00235764-2d59-4ad7-b370-b454d9e5747d","2026-04-30","owner-occupied","redeemed","2025-06-28"
"Elderless","0028351c-12bb-4574-865f-30c117b82902","2026-11-30","owner-occupied","open",""
"Elderless","002ba17f-b2bb-4d24-8b1f-90272c6dbf59","2029-08-22","buy-to-let","open",""
"Roast Ham","002e5a56-7318-4bde-a7b4-9da4b79a3c2d","2028-03-31","owner-occupied","open",""
"Elderless","002feecf-c50d-4766-b7ba-8ceb9d4904f7","2027-05-31","buy-to-let","redeemed","2026-05-20"
"Elderless","0031a051-a852-41dd-915c-2bd7dc60351d","2027-05-05","buy-to-let","open",""
"Elderless","00335d72-fae6-42bb-8160-9bb02d9db19b","2026-01-31","buy-to-let","switched","2026-01-16"
"Roast Ham","00378a61-2ee1-4212-b6a4-e74afd660625","2028-03-31","owner-occupied","open",""
"Elderless","0038a871-07bc-4dcc-b5db-20b58d3e0cbe","2026-10-07","owner-occupied","open",""
"Hidecreek","003a2fea-adf0-43de-9849-b7cf23a47de8","2026-05-28","buy-to-let","open",""
"Elderless","003bad78-4b68-4fe0-b5df-b43a7e42d1f0","2025-09-30","owner-occupied","switched","2025-09-20"
"Elderless","003e9065-3eab-4711-92f2-de440615022f","2026-02-15","buy-to-let","switched","2024-02-21"
"Elderless","00411517-1ac0-4375-9287-cb1f55fdb80e","2026-06-30","owner-occupied","open",""
"Elderless","004538c9-4437-4b5b-ba6e-8f58835aeac2","2030-08-31","owner-occupied","open",""
"Elderless","0048f6ab-ae45-458e-8f57-d3618e8807d8","2026-01-03","buy-to-let","switched","2025-12-11"
"Elderless","004bd300-da9f-464c-bf43-fc50ce0f125b","2027-10-05","owner-occupied","open",""
"Hidecreek","004f3a85-5077-47e8-825f-0a6f1014c9b0","2030-01-31","buy-to-let","open",""
"Elderless","0052db35-e2c5-4712-996f-0a902f73472c","2025-05-31","owner-occupied","switched","2025-04-26"
"Roast Ham","005328af-ac99-4231-a9bf-42a1b59a72d0","2026-04-30","buy-to-let","redeemed","2026-05-02"
"Elderless","0053f4b4-7dd6-4b3e-8948-195f0cc4da22","2028-12-31","buy-to-let","open",""
"Roast Ham","005422ea-635d-45ab-a6e0-39f1a33b00f4","2028-05-31","owner-occupied","open",""
"Hidecreek","00546860-d0af-4821-ae00-b18dbd075c10","2026-06-25","buy-to-let","redeemed","2026-01-10"
"Elderless","0057b5b0-0e4a-4682-a69a-a8ac8b916046","2030-03-30","owner-occupied","open",""
"Hidecreek","0059607f-aaf7-4e02-898c-11afc8b3df63","2031-02-10","buy-to-let","open",""
"Elderless","005ac09b-7551-4318-8704-a5ed43e6b951","2029-06-03","buy-to-let","open",""
"Roast Ham","005be4e2-8ed0-4429-8c80-72e5b1d5c54a","2027-03-31","owner-occupied","open",""
"Elderless","005dad11-c7e9-42e5-887b-5fc2b2c5c359","2029-10-10","buy-to-let","open",""
"Roast Ham","005e2128-97cb-4930-9d3f-945cc2dede76","2028-07-31","owner-occupied","open",""
"Elderless","006883b7-78a5-4885-89e8-a1602ce931ae","2025-08-31","owner-occupied","switched","2025-05-16"
"Elderless","006da612-99ab-43d0-9a66-f394bfb5e479","2025-06-30","owner-occupied","switched","2026-01-07"
"Elderless","00709e7f-6065-44be-944b-5041378fc897","2029-07-28","buy-to-let","open",""
"Elderless","0075b3ad-ee43-4db5-9f4c-2ea9808fae81","2025-09-14","buy-to-let","open",""
"Elderless","0075e05c-e599-427d-ab6f-9b8d2410268b","2027-06-30","owner-occupied","open",""
"Roast Ham","0077ccde-7c95-4ca6-867d-5fb97f3bb82e","2025-09-30","owner-occupied","redeemed","2025-10-01"
"Hidecreek","0078b03f-7d6f-42f6-997e-a3368270141e","2031-01-26","semi-commercial-owner-occupied","open",""
"Hidecreek","007e6a0b-9635-4300-b3ba-adaa3e1fa629","2026-01-18","commercial-buy-to-let","redeemed","2025-09-09"
"Elderless","007ee11c-2d91-468c-b76b-525275d02d0b","2029-01-24","buy-to-let","open",""
"Elderless","007f770f-51c3-46c3-8f52-2664d0b9988c","2027-05-23","buy-to-let","open",""
"Elderless","0084021e-b9c1-4ca9-bc68-2f25a0aab310","2028-11-19","buy-to-let","open",""
"Elderless","00858ac1-aabd-4141-ad8a-09e5ba09f77a","2030-08-14","owner-occupied","open",""
"Elderless","0085a834-0c75-4f53-bb15-cca45c876da3","2027-02-28","buy-to-let","open",""
"Elderless","0085fb42-4784-4d0b-82ad-d6f6292d174c","2027-02-19","owner-occupied","open",""
"Elderless","008f5ce4-ed47-471c-aee4-f3369baa0b21","2030-10-31","buy-to-let","open",""
"Elderless","00937c27-33da-44cc-b8b3-8a983a2ab71c","2025-08-31","owner-occupied","redeemed","2025-09-16"
"Elderless","0095a7fa-3302-488d-8af5-b8c1af71ac0e","2031-05-05","buy-to-let","open",""
"Hidecreek","0097dde3-db1e-4c6c-96ea-f2112a177a30","2029-11-14","commercial-buy-to-let","open",""
"Elderless","009a0401-7067-418a-aa05-cf6a4b544c73","2025-05-31","owner-occupied","switched","2025-03-27"
"Elderless","009df46e-e122-4865-a4d3-f03ec73916f8","2026-02-22","buy-to-let","redeemed","2026-02-25"
"Roast Ham","009e7f41-0a9a-4de4-8f80-74c50c87bc1a","2028-04-30","owner-occupied","open",""
"Hidecreek","00a2db54-eadd-46f6-b68e-202bf45f7f15","2028-05-04","commercial-buy-to-let","redeemed","2026-05-22"
"Roast Ham","00aa4a38-2105-4579-8288-c74db5ef858b","2026-02-28","owner-occupied","redeemed","2026-03-06"
"Elderless","00ad7512-4d7c-4ff4-9060-533947b0849e","2027-08-24","buy-to-let","open",""
"Elderless","00b2a875-c68b-4c35-a975-2342c113a0c9","2025-08-31","buy-to-let","open",""
"Elderless","00b6452f-9cf5-4b13-af28-1552e4a1cf1f","2027-03-31","buy-to-let","redeemed","2026-02-24"
"Elderless","00b7db7d-dcbd-4ee4-a197-5acfcdc8401c","2027-02-28","buy-to-let","open",""
"Elderless","00b8e0bc-92e6-4e28-83d1-d93dc963500d","2029-10-27","buy-to-let","open",""
"Hidecreek","00bb05b5-4210-4bec-85c9-c9426c4a537e","2029-04-29","buy-to-let","open",""
"Roast Ham","00c5f4b6-de0a-4566-b32e-ba7222f7c8ab","2026-12-31","owner-occupied","open",""
"Elderless","00c6821a-9d41-4006-a901-e450e4155223","2027-03-31","owner-occupied","switched","2025-04-02"
"Roast Ham","00c99f31-2774-4385-8081-82cd192f7134","2027-02-28","owner-occupied","open",""
"Hidecreek","00ccc396-39d5-4808-955c-b3bfea4afa0d","2026-04-19","buy-to-let","open",""
"Elderless","00cd249a-b369-4bf5-9bbb-3acdd8b362d0","2028-12-17","owner-occupied","open",""
"Elderless","00cec7ea-ba5d-4eeb-8ad0-aaaae584e907","2025-05-31","buy-to-let","switched","2025-04-01"
"Roast Ham","00d54262-6f0a-4789-8d2d-34ee19dd08ba","2025-12-31","owner-occupied","switched","2025-12-30"
"Elderless","00d729fe-9805-4e71-b520-1b699239a20a","2025-11-30","buy-to-let","switched","2025-11-01"
"Elderless","00d75ebe-ce57-4c2c-977c-1e4099e91d3a","2026-06-30","buy-to-let","switched","2026-03-13"
"Elderless","00d92c47-3b6e-44cc-bd60-3d238ce993ff","2030-11-19","buy-to-let","open",""
"Elderless","00e25b8a-d019-4f0c-a981-9c0e533d0c0d","2026-05-20","buy-to-let","redeemed","2026-05-23"
"Elderless","00e2e9b5-36d5-443b-8174-948c1343d5bc","2028-01-06","buy-to-let","open",""
"Roast Ham","00e4a50f-6a4c-48d3-ab2f-c89f7e9fd478","2027-11-30","owner-occupied","open",""
"Elderless","00e67754-0a13-4ebc-9cd3-3211d52d75bb","2030-06-17","buy-to-let","open",""
"Roast Ham","00e79ea7-573f-4037-a3e1-ab7017cf7bed","2027-05-31","owner-occupied","open",""
"Elderless","00e84727-3b59-4f6d-bc67-5df7ed233ecf","2027-07-28","buy-to-let","open",""
"Elderless","00e89cca-f8d8-45b3-ba90-5bd00444a061","2027-08-22","buy-to-let","open",""
"Elderless","00e9ea31-886b-49f7-af75-f8fa25cbc299","2025-05-31","buy-to-let","switched","2025-06-03"
"Elderless","00ec36c8-a181-4455-b3b7-99d880b3fe0a","2027-02-20","buy-to-let","open",""
"Roast Ham","00edc89a-419d-41cc-a724-70af059d87cb","2027-09-30","owner-occupied","open",""
"Roast Ham","00ee9053-c3bf-40f8-9c57-8529a8100789","2026-01-31","owner-occupied","open",""
"Elderless","00ef93fa-243c-463d-b7d4-a0dd4078f300","2030-05-13","buy-to-let","open",""
"Elderless","00f05ceb-af04-4849-8108-65cc9ea8caae","2027-01-12","owner-occupied","open",""
"Elderless","00f231ce-4477-4d55-8a68-59e5b86f8b3c","2025-07-31","buy-to-let","redeemed","2024-12-06"
"Elderless","00f25f5d-eadf-45c1-b262-a018cd17472a","2029-07-03","buy-to-let","open",""
"Hidecreek","00f5d2c5-ce94-416c-8cdc-50015a962040","2029-03-28","buy-to-let","open",""
"Elderless","00f61610-2e1b-4ab9-9001-a22c39c16d3a","2027-01-02","buy-to-let","open",""
"Elderless","00f68db5-795c-47fd-9aaa-e52c1502c614","2026-09-30","buy-to-let","open",""
"Elderless","00f73f90-ce89-4040-aad4-b8a7a1682149","2029-11-13","owner-occupied","open",""
"Elderless","00f7b8c5-64ba-451b-a29d-99c7f055e34b","2025-06-30","owner-occupied","redeemed","2025-07-03"
"Hidecreek","00f88d0d-21e2-45ce-a461-0f760c6bc634","2027-01-31","semi-commercial-buy-to-let","open",""
"Elderless","00fa8909-b3eb-4957-a43f-b8b49ef8621d","2030-06-11","owner-occupied","open",""
"Roast Ham","00fbcd66-39ab-4fb3-a9e4-6afe4c3c4f4d","2030-02-28","owner-occupied","redeemed","2025-10-21"
"Elderless","01004823-d338-4dd0-bc67-a4c9ad7de0b7","2026-08-31","owner-occupied","open",""
"Hidecreek","010923e0-19f9-44d3-a351-57810ec4649a","2030-01-06","buy-to-let","open",""
"Elderless","01125f1a-0a5f-4270-9193-1bbbfb81ac9b","2026-10-31","buy-to-let","open",""
"Elderless","01126045-f2df-439f-9b09-0c546cbbac6b","2029-01-22","buy-to-let","open",""
"Elderless","01126d5e-c0cc-49c2-8067-8a0fbfd0b51f","2025-11-26","buy-to-let","open",""
"Roast Ham","0112ead0-4570-4f13-bc22-654771ce0436","2028-10-31","owner-occupied","redeemed","2024-08-30"
"Hidecreek","0112f60b-87f2-4c12-a4d7-0eeff7342924","2028-07-28","commercial-buy-to-let","open",""
"Elderless","0114acc9-2192-460a-af7b-34d3a0b5f485","2027-11-30","owner-occupied","open",""
"Elderless","0116e044-6e33-403b-aa95-3332b0fcc353","2027-06-30","owner-occupied","open",""
"Hidecreek","01173560-b3f4-4715-95b9-f875f3942358","2028-02-20","buy-to-let","switched","2026-02-24"
"Elderless","01181b95-5616-486b-a003-88996e8ccbd8","2026-12-31","buy-to-let","open",""
"Roast Ham","0119be95-85d0-49b4-b3d3-49e82ec5eb2d","2029-05-31","owner-occupied","open",""
"Elderless","011b088e-e5b2-4741-825e-ff76681c9c90","2025-12-31","buy-to-let","redeemed","2025-12-18"
"Elderless","011bc8f1-5370-4f74-946e-0dd33676ad23","2030-08-19","buy-to-let","open",""
"Elderless","011c4aef-df73-41e2-887b-5873abf7bd4f","2025-08-31","owner-occupied","switched","2025-06-16"
"Elderless","011ed663-2351-4ab9-a5c5-3b88243907e9","2027-03-30","buy-to-let","open",""
"Elderless","011efa76-0ce7-49b6-b531-aa26881fc8a6","2026-04-08","buy-to-let","open",""
"Elderless","012619d5-1b12-4734-ae4d-364401084733","2029-09-30","owner-occupied","open",""
"Roast Ham","0127d124-b554-4f4c-9b01-eef07cff3659","2027-08-31","owner-occupied","open",""
"Hidecreek","0129ace7-f5c0-49c6-987c-04b95fc9b884","2026-06-08","commercial-buy-to-let","open",""
"Elderless","012a0e2d-eb7c-4cec-a341-5bb97e2886c1","2025-11-30","buy-to-let","redeemed","2026-03-06"
"Roast Ham","012b72bb-ca97-4d04-9433-519f09cb1238","2027-02-28","buy-to-let","open",""
"Roast Ham","012f2928-081b-41bc-b975-91f752b9340d","2029-08-31","owner-occupied","redeemed","2025-03-19"
"Elderless","01334c5a-2f06-467c-86bb-b121cda6242a","2030-11-27","owner-occupied","open",""
"Roast Ham","01349ded-6b1b-432c-b1f3-574d6f7572c2","2031-06-30","buy-to-let","open",""
"Elderless","013588b2-5aff-4925-9473-b8151d1f585a","2030-03-31","buy-to-let","open",""
"Hidecreek","013a4249-9b88-4da6-b14f-80fec2b82638","2025-12-21","buy-to-let","switched","2025-12-22"
"Hidecreek","013b79f7-8868-4528-89b7-380c387f9351","2027-08-01","buy-to-let","open",""
"Elderless","013d7085-0d53-4d97-89b6-1ca1c0d1519f","2027-09-19","owner-occupied","open",""
"Elderless","01401b60-6542-4adc-8ea3-b4a3d0afc248","2025-07-13","buy-to-let","redeemed","2025-07-23"
"Elderless","0149f0dd-f909-4682-bd2c-60f6deae4998","2027-07-31","buy-to-let","open",""
"Elderless","0151d0d5-d4fc-430e-af77-3be1efdc8b81","2026-04-30","owner-occupied","switched","2026-02-10"
"Elderless","01536ab5-62e3-426b-b9cc-23d218fc634f","2027-08-31","buy-to-let","open",""
"Elderless","0155209f-09a9-4f44-9657-ac2f368484f9","2025-06-30","buy-to-let","switched","2025-03-21"
"Roast Ham","0155ed1f-8b43-40a3-b46c-b4cdd57966e7","2026-02-28","owner-occupied","redeemed","2026-03-03"
"Elderless","015727cf-15f1-4c6c-9ffa-534c00cc33a1","2026-08-31","owner-occupied","open",""
"Roast Ham","015886d3-5ef6-4c37-ad78-8ea295f1b19f","2028-10-31","owner-occupied","open",""
"Elderless","01597543-d7d8-4222-ab28-7c12540abc0b","2030-04-08","buy-to-let","open",""
"Elderless","015a4de8-f2b1-4fd9-98ce-49ac42050d96","2030-07-31","buy-to-let","open",""
"Hidecreek","015bfb34-29b7-4779-81b8-f10a59e1b5fd","2029-11-21","buy-to-let","open",""
"Elderless","015c9885-171f-42c0-a9af-909f047d49ed","2028-02-29","owner-occupied","open",""
"Roast Ham","015e9622-07bc-4679-8f0c-db89566d9df4","2027-04-30","owner-occupied","open",""
"Elderless","016134e4-4568-44b2-9419-3040eb3f10a3","2027-07-21","buy-to-let","open",""
"Elderless","0162a33a-b525-4d66-a42b-a86d374caa7e","2029-04-01","buy-to-let","open",""
"Roast Ham","01634eb3-d8a0-4d48-b502-452339a47608","2026-11-30","owner-occupied","open",""
"Roast Ham","0165f84b-a2e9-4d1f-9831-d2140273af8c","2026-11-30","owner-occupied","open",""
"Elderless","01669578-63e6-413a-ab7a-8a9562e83243","2027-03-31","buy-to-let","open",""
"Elderless","016a5a2f-a0d8-4d5b-bc00-8d4445721746","2030-08-28","buy-to-let","open",""
"Elderless","017084d7-7ac3-4698-835d-6428100d503e","2025-12-31","buy-to-let","switched","2025-12-11"
"Roast Ham","01719ff6-328d-41ec-9b7e-ddc3716a8ff5","2026-11-30","owner-occupied","open",""
"Roast Ham","01745853-5b68-41de-a619-4cd41abac11b","2026-01-18","buy-to-let","switched","2026-01-07"
"Elderless","017693a7-6538-4d01-a5d5-7c42da6b61a5","2027-06-30","buy-to-let","open",""
"Roast Ham","01774ead-03e3-417f-83e1-20d92977e34a","2026-08-31","buy-to-let","redeemed","2025-08-07"
"Elderless","01796d1d-3279-4d75-9397-9eaab106f57a","2027-10-28","buy-to-let","open",""
"Elderless","017e02cd-293c-487e-aa17-4fb03fe4a778","2028-08-31","buy-to-let","open",""
"Elderless","017e93f3-97c0-45a7-abf7-19453e39bc44","2027-03-25","buy-to-let","open",""
"Elderless","017f98b7-f197-4abf-ac59-73bed6c2eb44","2027-12-04","buy-to-let","open",""
"Elderless","01821c87-7d7b-4c2c-86e2-7cf2ca4d0504","2025-06-04","buy-to-let","open",""
"Elderless","01863538-b409-4f23-b2bf-091e9026dcc2","2029-02-14","buy-to-let","open",""
"Hidecreek","01874f05-7578-47f0-9c85-cd6cff96595b","2027-03-16","buy-to-let","open",""
"Roast Ham","018876ff-254d-4e04-83a0-5f37de995943","2029-03-31","owner-occupied","open",""
"Elderless","01891661-357e-4160-a07b-c0dcebaceb27","2029-10-23","owner-occupied","open",""
"Roast Ham","018c519f-8d24-4ff7-9847-adf27224521f","2026-04-21","buy-to-let","redeemed","2026-04-23"
"Hidecreek","04bf9ab5-2597-4485-bee6-93222aafc0ea","2030-09-16","buy-to-let","open",""
"Elderless","04c0c08d-2e0c-4fd6-8e5a-34522179328b","2027-08-31","buy-to-let","open",""
"Roast Ham","04c4a099-61c2-42f2-94b6-dccbb1fcabcf","2027-10-31","owner-occupied","open",""
"Roast Ham","04c57b43-0d84-43b9-bab4-52e1dd462459","2027-11-30","buy-to-let","open",""
"Hidecreek","04ccc236-5fa2-4172-b3b1-a4b08a90e6e1","2027-04-29","buy-to-let","open",""
"Elderless","04ce053e-08aa-4440-acd0-2180edae4192","2026-06-30","owner-occupied","switched","2026-03-11"
"Roast Ham","04d0de5e-f017-4f8c-912a-62744adcdc4d","2028-12-31","owner-occupied","open",""
"Elderless","04d7d360-1b53-420d-a7f2-a4f6da46364a","2026-09-25","buy-to-let","open",""
"Elderless","04dcc20a-bfd1-4a25-a69e-e1992c882ecd","2026-05-31","buy-to-let","switched","2026-04-10"
"Roast Ham","04dce8ee-6dc7-4b48-a21b-ecec0225390d","2025-10-31","owner-occupied","switched","2025-10-29"
"Elderless","04de0a37-cd61-4eff-a2c0-6ff5e60a83be","2027-03-15","buy-to-let","open",""
"Elderless","04e38271-67c5-4a4e-9bf9-99e8221f9d9f","2028-03-09","buy-to-let","open",""
"Roast Ham","04e4a944-6b6d-445c-9f6d-cdf93ab8cb0d","2026-10-31","buy-to-let","open",""
"Elderless","04e5876f-6dc0-46b8-b927-dfefd475a6bb","2027-03-23","owner-occupied","open",""
"Roast Ham","04e5ca7f-ec96-4990-8fc9-cdf4c5a57327","2027-12-31","buy-to-let","open",""
"Elderless","04ed8517-016b-4c14-bb51-b2844e945de2","2030-03-27","buy-to-let","open",""
"Elderless","04f12577-223a-4b2f-812d-6dff50e99c73","2026-06-30","buy-to-let","open",""
"Elderless","04f13d8b-35ad-48f9-aa88-d6645816afb0","2030-06-25","buy-to-let","open",""
"Roast Ham","04f5a2c9-251e-4eeb-a248-0b737448dcdb","2030-09-30","owner-occupied","open",""
"Hidecreek","04f774ad-5c60-4802-82e6-46174b08d970","2027-05-05","buy-to-let","open",""
"Roast Ham","04f9e68f-ac7f-46d4-8d04-3bbfc4a5e8d9","2025-08-31","buy-to-let","switched","2025-10-18"
"Roast Ham","050268e9-9940-40be-848c-57e337e703e1","2027-02-28","owner-occupied","open",""
"Hidecreek","05032de9-ff87-42f8-8652-539dc239960f","2025-11-20","buy-to-let","open",""
"Hidecreek","05038a9e-4987-4cc8-a0f4-227bde20a5be","2025-12-08","buy-to-let","redeemed","2026-03-25"
"Elderless","05046b2c-5eeb-4243-8680-63422afd4be2","2025-07-31","owner-occupied","redeemed","2025-06-16"
"Roast Ham","0507748a-baf7-428d-891d-ef8aa2ce5ac2","2027-05-31","owner-occupied","open",""
"Elderless","05080707-b140-4005-98a9-49dee82e57b2","2029-10-31","owner-occupied","open",""
"Roast Ham","050cedcf-f8c5-4c35-bfe5-da6d3279acd3","2029-01-31","owner-occupied","open",""
"Elderless","0510e2e2-8289-4c14-93e2-0411ba223ed0","2026-10-31","buy-to-let","open",""
"Elderless","0516c3f9-8006-476d-95e6-d16c5a7ad6ce","2025-12-28","buy-to-let","redeemed","2025-12-10"
"Elderless","0519e7bf-d0b8-4cea-9d06-08b5febea3df","2028-08-23","owner-occupied","open",""
"Roast Ham","051ac763-802e-4806-8d71-42dc5d1bf193","2030-09-30","buy-to-let","open",""
"Roast Ham","051c40c1-8dd8-405d-8c38-329d29bce095","2026-06-30","buy-to-let","switched","2026-03-19"
"Elderless","051cc25f-7d00-4c28-b756-e190551b6710","2031-03-31","owner-occupied","open",""
"Elderless","051daab8-9a3b-4f49-b3fe-51db75b54738","2026-12-31","buy-to-let","open",""
"Elderless","051e8bcf-8e7a-4e21-95ff-78caf37de147","2027-12-31","buy-to-let","open",""
"Elderless","051f2415-b381-42c7-b5f6-4c3ebe3521e0","2027-10-23","buy-to-let","open",""
"Elderless","051f2a1e-d9d2-4019-a778-968c9b406fab","2025-06-14","buy-to-let","redeemed","2025-06-18"
"Elderless","051fcdca-cef2-44eb-b944-73437dddc4f0","2029-03-26","buy-to-let","open",""
"Elderless","0526c3a2-f36f-48d9-bfd3-889b7e9ac940","2027-08-28","owner-occupied","open",""
"Hidecreek","052c27e5-7370-48d4-824d-9ae4402cdffb","2029-03-01","buy-to-let","open",""
"Hidecreek","052c8b09-0e21-40ea-89c1-d7ea0a877bdc","2030-10-29","buy-to-let","open",""
"Elderless","0534d98e-5ad4-41e7-b01c-ab5ba2e83eb2","2027-10-31","buy-to-let","switched","2026-03-25"
"Roast Ham","0534fbb3-2484-4742-b225-b53e74fb1920","2027-01-31","owner-occupied","open",""
"Elderless","0535ba12-08fb-481d-9522-bb08f10f6ddb","2027-12-31","owner-occupied","open",""
"Hidecreek","0537b0d5-12e1-4bae-b360-5538526efd8d","2029-04-26","buy-to-let","open",""
"Elderless","05401b19-60a1-4d8a-91e6-450ba8b2f04c","2029-12-19","buy-to-let","open",""
"Roast Ham","0540d260-b4b2-4bcd-871a-a1d5eaac4070","2027-07-31","owner-occupied","open",""
"Roast Ham","05428fd9-ffd8-4149-a38c-eb1ed9ffe8a4","2030-03-31","buy-to-let","open",""
"Elderless","054b343d-2f6d-45e9-b012-afb5bffea6a1","2029-05-20","buy-to-let","open",""
"Elderless","054c6ade-627b-4dae-89be-10ae47523e1a","2030-03-19","buy-to-let","open",""
"Elderless","054f3804-fb8a-4fc0-bea3-23cf983f23d9","2029-02-28","buy-to-let","open",""
"Roast Ham","0550c69c-3484-4ed9-b12e-2068a1d62526","2027-05-31","owner-occupied","open",""
"Hidecreek","05572cbd-47c5-4586-84f5-c3c4ed4df47e","2030-06-02","buy-to-let","open",""
"Roast Ham","055a214d-02d3-4952-9446-4c05cda113fc","2026-06-30","buy-to-let","open",""
"Hidecreek","055d6fc0-2cf9-4556-b9a7-ef67fe7c37cf","2029-12-04","buy-to-let","open",""
"Elderless","0564c51a-c72a-421d-8db4-77ba710c2618","2028-12-07","buy-to-let","open",""
"Elderless","056ad842-3a17-456a-bb94-6d2d89c9062d","2030-11-05","owner-occupied","open",""
"Hidecreek","056d656f-b663-49db-8f2b-b0e68dcf94ca","2026-04-07","buy-to-let","open",""
"Roast Ham","05702577-faeb-4b2c-bbfb-cc886478ace4","2025-06-30","owner-occupied","redeemed","2025-07-02"
"Roast Ham","0570b7c2-9b79-4118-a290-65076fa6b2ce","2029-07-31","buy-to-let","open",""
"Roast Ham","0572d745-629b-4448-97af-e0ee86238677","2027-01-31","owner-occupied","open",""
"Elderless","05730950-01f2-47ee-b6a4-4c269aa921e9","2031-02-05","buy-to-let","open",""
"Elderless","057392cb-c8b7-48f8-bcc5-ee2e3ad14264","2030-03-05","buy-to-let","open",""
"Elderless","0578bc6b-5c2c-4f7b-9402-1dcdf80524a8","2025-06-30","buy-to-let","switched","2025-08-30"
"Elderless","057983aa-f1c1-4724-81ef-79cd7a0f9738","2027-10-09","buy-to-let","open",""
"Elderless","057a2963-93ff-4be6-ac3e-b1ad48c8a69c","2027-02-28","buy-to-let","open",""
"Roast Ham","057b0663-3daf-43c9-adbb-c0e0fd0e163c","2026-03-31","owner-occupied","switched","2026-03-03"
"Elderless","057cd66d-d655-4465-a6fe-079ed83b6e7b","2029-04-15","owner-occupied","open",""
"Roast Ham","057eb8c2-96a1-4e32-9e03-d38a7f81fd9c","2029-03-31","owner-occupied","open",""
"Hidecreek","0582f6bb-961e-43e3-a3de-80eedb3b57db","2028-10-06","commercial-buy-to-let","open",""
"Roast Ham","0583a071-a4f4-43bf-a7d2-be21ccb7e036","2026-12-31","owner-occupied","open",""
"Elderless","0586f17a-88c2-4143-a993-8624f65048fb","2030-07-23","buy-to-let","open",""
"Elderless","05874334-f376-4b06-846c-320e3953ddf6","2029-01-18","owner-occupied","open",""
"Roast Ham","05875f1e-e033-4cc8-8ddf-23e2af6b620b","2028-02-29","buy-to-let","open",""
"Roast Ham","058771b5-b13a-4be6-92a2-047cd0f31c76","2028-02-29","owner-occupied","open",""
"Elderless","058a9ce4-3a7e-44c4-950e-62deced2c4f5","2026-08-31","buy-to-let","open",""
"Roast Ham","058bf3ad-f132-4182-8db3-6fa5587e9605","2029-07-31","buy-to-let","open",""
"Elderless","058d6c85-23dc-448e-9a71-63cc78912d06","2025-06-30","owner-occupied","redeemed","2025-10-09"
"Hidecreek","05917ef6-9d04-4caf-8af6-4a7f52860dd9","2029-12-20","buy-to-let","open",""
"Roast Ham","0591bf59-a57a-42a6-be1c-3c3a09cf2b02","2025-11-30","owner-occupied","redeemed","2025-12-03"
"Elderless","059291c0-224e-419f-9995-de6002f11e86","2027-01-12","owner-occupied","open",""
"Roast Ham","05953b95-a29c-4aed-bdbb-c36349056232","2027-11-30","owner-occupied","open",""
"Roast Ham","06972041-d8f0-4b5d-b907-603bb43b354c","2026-06-30","buy-to-let","open",""
"Elderless","06993ea2-9b99-43b7-ab2b-a776c3227407","2027-06-30","owner-occupied","open",""
"Elderless","06997fce-863f-410a-8276-17b4fdda79c5","2031-02-04","buy-to-let","open",""
"Elderless","069b1800-ac0c-4e3a-bd5a-a677743621f2","2030-11-30","owner-occupied","open",""
"Elderless","069f39fd-e00d-4690-ae94-b4491adb39f6","2029-02-07","buy-to-let","open",""
"Roast Ham","069f4149-5d6b-4b45-84fb-b5d1fc23132f","2028-05-31","owner-occupied","open",""
"Roast Ham","06a6e158-c83d-465e-a269-b4ce15e0c2ce","2029-10-31","owner-occupied","open",""
"Roast Ham","06a77bf6-a227-488b-b69d-d1d9dad5f696","2027-08-31","buy-to-let","open",""
"Elderless","06aa8474-a912-4b4c-ab1b-bf45bfa9d756","2026-12-22","buy-to-let","open",""
"Elderless","06ae9eb9-65b2-45bb-95b0-11d1e5f11dd6","2027-02-28","owner-occupied","open",""
"Elderless","06b37286-3d9b-4972-8cba-4ea02b67d6ea","2027-09-30","buy-to-let","open",""
"Elderless","06b61180-0b6a-4a6a-9f70-28eaeb4520fc","2029-12-12","owner-occupied","open",""
"Elderless","06b61294-d20f-4a42-859c-1ce759c60ac8","2027-09-30","owner-occupied","open",""
"Elderless","06b621ae-7279-4b2e-89f4-9a81724177bb","2028-03-31","buy-to-let","open",""
"Roast Ham","06b9e95c-b34e-4cf1-ad6b-41edd2c1d21c","2029-07-31","owner-occupied","open",""
"Roast Ham","06ba2afe-89fb-4e51-ae6e-ceb5b8bc9197","2026-12-31","buy-to-let","redeemed","2025-09-27"
"Elderless","06bedb58-1b0a-46e8-9e67-2ef69ed3d6f6","2028-10-26","buy-to-let","open",""
"Roast Ham","06bee72c-6c13-4a0d-b30e-edbe50892f2e","2027-11-30","owner-occupied","open",""
"Elderless","06c0cde8-93a7-4711-9257-8236e9949de2","2029-05-23","buy-to-let","open",""
"Elderless","06c0e103-d99c-42a4-b5f3-3b55aa107dcd","2031-04-19","buy-to-let","open",""
"Elderless","06c5e4d5-a58b-4302-81d7-4baee8d319eb","2028-04-12","buy-to-let","open",""
"Roast Ham","06c724ae-aed1-47f5-bef2-64c9f8556c46","2028-07-31","buy-to-let","open",""
"Elderless","06d244f1-64c6-49ba-bf2d-98ae039dab59","2028-02-26","buy-to-let","open",""
"Elderless","06d30a08-77cf-4600-9425-d2a33d7aaad1","2027-06-22","buy-to-let","open",""
"Elderless","06d47cb9-722d-4d6d-b2ff-dadb2e4c3ff1","2026-02-28","owner-occupied","redeemed","2026-03-03"
"Elderless","06d75ed9-0fc4-4a8d-b65b-c4b7e98fb787","2029-07-31","owner-occupied","open",""
"Elderless","06e350ce-5fc0-4e77-9a3c-96b270439174","2029-03-01","buy-to-let","open",""
"Roast Ham","06e3e29e-32c1-4319-bca3-fb29fc5fbb1d","2027-09-30","owner-occupied","open",""
"Elderless","06e5dbb9-8817-422c-84f6-e349e28f1b3d","2026-01-18","buy-to-let","switched","2026-03-07"
"Roast Ham","06e6c92f-92ff-4122-ae3c-a646a99681fe","2029-02-28","owner-occupied","open",""
"Elderless","06eae58f-0c59-48fd-9e4c-088c428db660","2028-01-31","owner-occupied","open",""
"Elderless","06ed9278-0feb-41e1-92a8-33f433fcaf26","2031-05-04","buy-to-let","open",""
"Roast Ham","06ef398f-1f5f-45f2-8bf0-a0c6fe55822e","2029-05-31","buy-to-let","open",""
"Roast Ham","06f0d86a-8cf9-4928-92f2-bad218dcc44e","2029-06-30","buy-to-let","open",""
"Elderless","06f17596-f66f-4509-9826-3a14e07f67d1","2027-07-31","owner-occupied","open",""
"Roast Ham","06f42d55-7d77-4bed-85ac-608a66c740d5","2028-03-31","owner-occupied","open",""
"Roast Ham","06f4428c-1f40-4782-a288-f3977f3cfbaf","2027-05-31","owner-occupied","open",""
"Roast Ham","06f79956-e0f4-4ea6-bd12-9f7ab8c02465","2026-11-30","owner-occupied","open",""
"Elderless","06f7e6e8-2de4-420a-8da0-8f2b5f3f4c73","2027-06-30","owner-occupied","open",""
"Elderless","06fc1121-8611-467b-8e7b-9a958ddffefe","2026-08-05","buy-to-let","open",""
"Roast Ham","06fc2db5-2581-44fb-ad40-629faaaaa228","2029-03-31","owner-occupied","open",""
"Roast Ham","06fcf47c-f1d2-435c-9c07-dca563a5ff79","2028-12-31","owner-occupied","open",""
"Roast Ham","06ffb468-6759-4634-b16b-76554c46c666","2027-02-28","owner-occupied","open",""
"Elderless","0708c853-b1b3-4fa5-ac77-f4fcd3c2b0e2","2026-01-31","buy-to-let","switched","2025-11-21"
"Roast Ham","070d4059-2a48-459f-8e9a-2bfd373238c5","2027-08-31","owner-occupied","open",""
"Elderless","070ef57e-09ba-4272-bef0-d26c013eb550","2028-06-30","buy-to-let","open",""
"Roast Ham","070f2245-12cc-4e16-91d0-4b9b694d9759","2029-08-31","owner-occupied","open",""
"Elderless","070f4de6-3728-4afd-bc94-bc4f5433d8f2","2026-03-31","owner-occupied","redeemed","2026-04-07"
"Hidecreek","070f899f-937b-4db5-bd00-845d0892e54d","2029-04-18","buy-to-let","open",""
"Hidecreek","0711b3aa-8912-4a29-8326-38120e586a92","2027-10-12","buy-to-let","open",""
"Roast Ham","071d8f5f-73d6-4b02-b3a2-693427cb7722","2028-06-30","owner-occupied","open",""
"Elderless","0721d39f-3e0b-4756-aa53-f3ec6041c658","2026-04-30","owner-occupied","switched","2026-03-28"
"Roast Ham","072300b9-30d2-4319-b8d7-aef1d80ba888","2025-11-30","owner-occupied","redeemed","2025-12-03"
"Elderless","07238e49-26b9-4566-9a91-7025eb68ab59","2029-03-31","owner-occupied","redeemed","2026-04-29"
"Elderless","07316ac1-922f-49ae-aeed-0a8a83f29026","2026-04-30","owner-occupied","open",""
"Roast Ham","0734af45-1d13-411c-90ca-a509f7794794","2027-08-31","owner-occupied","open",""
"California","0737ae96-7b53-4f95-8e7e-49aa8ab69c15","2029-07-31","buy-to-let","open",""
"Elderless","07384d90-6f95-4457-b145-828a486b190b","2025-08-31","owner-occupied","switched","2025-06-20"
"Hidecreek","073b475f-5fca-479e-9203-7569b6abb2bb","2028-02-22","buy-to-let","redeemed","2025-09-09"
"Elderless","073d250e-35e9-44c4-9f12-566438393b3a","2031-04-29","buy-to-let","open",""
"Elderless","073ee0eb-9397-4f9d-89cf-d33421cc1829","2027-09-30","buy-to-let","open",""
"Elderless","073f9079-bc1e-48bc-8e80-352a354c38cc","2027-04-30","buy-to-let","open",""
"Hidecreek","073fd4f1-ae99-4e07-a455-9330fe45dd74","2027-02-27","buy-to-let","open",""
"Elderless","0742ef09-772a-4775-b037-d7cf4fb20fa4","2030-05-29","buy-to-let","open",""
"Roast Ham","07437081-7c21-411e-8bc9-7a0c8f33e8ea","2029-06-30","buy-to-let","open",""
"Elderless","0743ed1d-a2b5-4ab8-8942-808e5572f1de","2027-10-20","buy-to-let","open",""
"Elderless","074e4ef0-2d6d-4ff8-8db4-e1ac0958ab5e","2028-11-05","buy-to-let","open",""
"Roast Ham","0751dbb6-8388-4660-a41f-bc4a8fc7b749","2028-06-30","owner-occupied","open",""
"Elderless","07559da7-d20d-44ff-bae9-d24b036c49d3","2028-02-18","owner-occupied","open",""
"Hidecreek","0755faa6-6866-4e31-adaa-ccefde59b6c9","2027-02-24","buy-to-let","open",""
"Elderless","0756fc6c-124b-4c2c-a015-b7312dc43973","2030-11-30","owner-occupied","open",""
"Elderless","0758e382-5786-4e87-b9ec-4ef37b15ae14","2025-06-30","buy-to-let","switched","2025-03-27"
"Elderless","075c111e-c7e1-43b6-8449-fddea06ca9a4","2025-11-29","buy-to-let","redeemed","2025-12-03"
"Elderless","075c6e84-8f99-4ba1-96c9-6cbd9933ecdf","2025-09-24","buy-to-let","switched","2025-09-19"
"Elderless","075cde03-6579-47c6-8381-3e161ba204f3","2026-05-31","buy-to-let","open",""
"Hidecreek","075d9f63-905c-4f6b-bf3c-ce36944c22e1","2028-01-28","buy-to-let","redeemed","2025-09-09"
"Elderless","075f06a3-57aa-4b3e-bd82-57c700cbb554","2027-09-01","buy-to-let","open",""
"Elderless","0762ee99-b7bb-4681-9f18-660dadcbefe4","2028-04-29","buy-to-let","open",""
"Roast Ham","0764558d-bbc7-4cb5-83cc-45cf9edc4747","2025-11-30","owner-occupied","redeemed","2025-12-04"
"Hidecreek","076a5ec3-3ade-45d5-8ccf-d2fffdfa2271","2027-08-19","buy-to-let","redeemed","2025-09-09"
"Elderless","076b6a9e-e1a8-4745-bfd3-4266763a55bf","2025-06-30","buy-to-let","redeemed","2025-07-04"
"Elderless","076b7523-ffa8-4b6a-a3f1-69d01b62d7d7","2026-06-30","owner-occupied","switched","2026-04-28"
"Elderless","076f13a3-a7e8-46d3-b20f-e6effcb62470","2027-05-31","buy-to-let","open",""
"Elderless","08c12419-f6fe-4bce-9cbc-ee1f640c993a","2026-10-30","buy-to-let","open",""
"Elderless","08c3b7ea-94a8-4df1-8b97-15f18a1e331b","2027-10-30","owner-occupied","open",""
"Roast Ham","08c5bfb6-6bee-4954-aef7-61e888b62ce8","2029-05-31","owner-occupied","open",""
"Elderless","08c5d68d-097c-4094-b1ca-63c63be6dcf5","2027-02-28","owner-occupied","open",""
"Elderless","08c7ee42-32b7-4125-bfa8-fb1469ebbd6b","2027-04-27","buy-to-let","open",""
"Elderless","08c7f789-908a-447a-8d26-01d9000da089","2027-03-03","owner-occupied","open",""
"Elderless","08ccaf62-e08f-4ef2-a3cd-6f259d0244ec","2027-12-06","owner-occupied","open",""
"Elderless","08cd29f1-7e6a-43a8-88ca-2b8ae0f9fdda","2031-02-05","buy-to-let","open",""
"Roast Ham","08cda203-4d82-4f11-ad24-5690cb2856f1","2030-05-31","owner-occupied","open",""
"Elderless","08cea9b6-c47a-4999-b08c-d5ea0d93bb02","2025-11-30","buy-to-let","redeemed","2025-12-04"
"Elderless","08cfae5a-c7fa-477c-aecd-021b4b7bbfe2","2030-03-20","buy-to-let","open",""
"Hidecreek","08d268ea-fa3f-44dc-be49-902e7a37c170","2027-12-06","buy-to-let","open",""
"Hidecreek","08d29176-4320-42e4-b827-445ecc8a64bb","2029-03-08","buy-to-let","open",""
"Roast Ham","08d5dc10-7f18-41a7-b191-76b2fc3f8ec4","2026-11-30","owner-occupied","open",""
"Roast Ham","08da3d97-5a28-48f8-ba0b-e21b56fdaa29","2030-08-31","owner-occupied","open",""
"Elderless","08db14fb-dd2e-471d-bf13-8fe217c2e8dc","2028-10-31","buy-to-let","open",""
"Elderless","08ddb57f-1170-4cbb-a40f-5b1288920744","2027-09-07","owner-occupied","open",""
"Elderless","08e00767-ab71-430b-8b3d-fe231950b9a4","2031-03-09","buy-to-let","open",""
"Elderless","08e14b99-c0d0-4b8c-b392-eb673b72b1c3","2025-10-01","buy-to-let","redeemed","2025-10-17"
"Elderless","08e1fc3b-8a85-4513-a047-d661f42f86db","2028-02-05","buy-to-let","open",""
"Elderless","08e5c2b8-4a5b-4983-9404-45be97333585","2026-01-06","owner-occupied","switched","2025-12-11"
"Elderless","08e6309b-cfab-4c96-90d0-3898a511c299","2026-07-29","buy-to-let","switched","2026-05-02"
"Roast Ham","08e69b7c-983b-4189-b633-fd5abf3d6c22","2028-07-31","owner-occupied","redeemed","2025-09-13"
"Hidecreek","08ea7315-cb5f-4101-856a-2f2cc8e2880f","2030-08-19","buy-to-let","open",""
"Roast Ham","08eea64b-cb2e-469b-ad1c-2f1d1c31d3ff","2027-03-31","owner-occupied","open",""
"Hidecreek","08ef316e-dbb6-4a4d-af4e-294ff97838ea","2031-01-22","commercial-buy-to-let","switched","2026-01-26"
"Elderless","08efb753-0451-4c3d-b128-8b24f140a0af","2027-06-22","owner-occupied","open",""
"Hidecreek","08f65eb8-aee1-41cd-a897-ad1b1ff55702","2028-06-14","commercial-buy-to-let","open",""
"Elderless","08f82515-6f94-4108-a14b-e084c24b8530","2030-06-15","buy-to-let","open",""
"Elderless","08f84f51-eee9-4831-8af5-bd24789854db","2025-12-20","buy-to-let","open",""
"Elderless","08fbd5df-f472-4c05-8de0-4b183d7981aa","2029-05-09","buy-to-let","open",""
"Elderless","08fda820-81d8-4034-b031-30e2e5887926","2030-11-11","buy-to-let","open",""
"Hidecreek","09030ded-265e-4046-b3ee-05559b948ae4","2031-05-18","buy-to-let","open",""
"Elderless","09038e1d-daf4-4245-a03b-bedc13ca92d2","2031-02-08","buy-to-let","open",""
"Roast Ham","0907059b-c7b9-46b4-acdb-bb939a0e8f76","2027-10-31","buy-to-let","open",""
"Roast Ham","09092bfd-63e1-41d2-8f13-712c1dd937c7","2028-10-31","owner-occupied","open",""
"Elderless","090bccc0-34a5-4544-83c0-2ff8f3af9264","2027-09-23","owner-occupied","open",""
"Hidecreek","0910dc3c-5ffd-4aa1-8191-fbb1681b1bc0","2029-10-04","buy-to-let","open",""
"Hidecreek","091448e8-f697-46df-8aa4-59f14457fbc5","2029-04-15","commercial-buy-to-let","open",""
"Elderless","09149a90-56e6-4dc5-93a9-38b3570c58f8","2027-03-28","buy-to-let","open",""
"Roast Ham","0915472a-e8c9-4d89-a15b-ec8c9ebaf559","2027-05-31","owner-occupied","open",""
"Roast Ham","0916b93b-9ab4-45d4-8052-2f9e7a4d0b71","2029-08-31","owner-occupied","open",""
"Roast Ham","091aa811-b944-40ad-aede-96a1787eccdb","2026-12-31","buy-to-let","open",""
"Roast Ham","091f0a47-c27e-4e1e-ad87-e614a67d0c56","2028-08-31","owner-occupied","open",""
"Roast Ham","0922f12b-b8e3-49f7-8221-353d06b8a049","2027-04-30","buy-to-let","open",""
"Hidecreek","0923fbba-8173-41ee-b004-74ab47d367df","2029-01-02","buy-to-let","open",""
"Elderless","092cd38e-1001-497b-ba43-0786495525c9","2027-04-30","buy-to-let","open",""
"Elderless","092fb2e1-35fb-44f7-847d-b225d97fd936","2026-11-30","owner-occupied","open",""
"Roast Ham","0931db9a-e4b5-4a3c-aa65-b1ab13f9ee99","2026-10-31","owner-occupied","redeemed","2026-05-02"
"Roast Ham","093389d5-aaa1-4c8e-9ef4-a3eb5cd3a43f","2030-10-31","owner-occupied","open",""
"Roast Ham","093433e9-883a-4bd1-8360-2c838931ebfe","2027-10-31","owner-occupied","open",""
"Roast Ham","0939368b-4be3-4586-be03-4b1b0b937e94","2026-04-30","buy-to-let","redeemed","2026-05-02"
"Elderless","093990ae-626a-41e6-bdda-4dc90bf26e5b","2027-06-30","buy-to-let","open",""
"Roast Ham","093cda4e-53a2-455b-afa2-e83e496d0eab","2025-07-31","owner-occupied","redeemed","2025-11-25"
"Elderless","093ff4c3-b60d-4dba-852c-93c3e2740788","2025-07-31","buy-to-let","open",""
"Elderless","0943c54a-70a0-4246-900b-5940efc0957c","2025-10-31","buy-to-let","switched","2025-10-04"
"Hidecreek","09479877-dd9e-4392-bfbc-148704749a34","2030-01-27","semi-commercial-buy-to-let","open",""
"Elderless","0949ad72-d6c4-4ed3-bab2-84f17e079da1","2029-08-15","buy-to-let","open",""
"Elderless","094c734c-c143-48ec-a63f-c0217204667c","2029-12-12","buy-to-let","open",""
"Roast Ham","0956e016-c8d4-4504-bf98-69687534cec7","2028-01-31","buy-to-let","open",""
"Elderless","09574233-1631-4110-b0bb-20302b70b0aa","2028-07-16","owner-occupied","open",""
"Elderless","09584979-a3ac-404b-b864-2909705994ce","2031-02-01","buy-to-let","open",""
"Elderless","095ae3e6-2bfa-403b-b589-3faa10845e69","2026-08-31","owner-occupied","open",""
"Elderless","095c2ab8-0d6d-487d-913b-5607ddbf0dcf","2028-02-29","buy-to-let","open",""
"Elderless","095f8140-f532-4021-b60e-846beb8276ab","2031-04-26","buy-to-let","open",""
"Hidecreek","0963df4e-ac16-4bbf-8526-a82772e66c84","2029-02-03","commercial-owner-occupied","open",""
"Hidecreek","0965617b-e518-4707-9244-57344d4ccb16","2028-07-21","commercial-buy-to-let","open",""
"Hidecreek","09684c77-1a83-474d-86f1-e2aa515d0dd2","2027-08-12","buy-to-let","open",""
"Elderless","096a9a11-9d07-4614-a71e-12519d48d2e9","2025-10-31","buy-to-let","redeemed","2026-03-13"
"Roast Ham","096b723e-57a0-4eac-b948-4d4da2c9e8fd","2030-07-31","owner-occupied","open",""
"Roast Ham","09700e28-acaa-43a5-8ae7-3b0d6d913eda","2027-04-30","buy-to-let","open",""
"Elderless","0971a5fd-d450-4b9e-bdb7-ead88f31a9fd","2028-01-31","buy-to-let","open",""
"Roast Ham","0971ed2e-a8b2-4995-b2c0-ddb605188998","2026-08-31","owner-occupied","open",""
"Elderless","09778796-e5a9-4b22-9e7f-ce25e3921aef","2029-06-10","buy-to-let","open",""
"Roast Ham","097b1bc5-76c7-4e0f-bf9b-3d53dfa51e42","2030-07-31","owner-occupied","open",""
"Elderless","097d6048-7cb5-4cf6-add7-138d16e251e6","2030-07-06","buy-to-let","open",""
"Elderless","097d8a42-d8ac-4cb7-a765-851266a93514","2026-12-31","owner-occupied","open",""
"Elderless","097fea87-b1bb-43a5-9f2b-279409625ace","2025-05-31","buy-to-let","redeemed","2025-07-26"
"Elderless","0980ce76-e76d-4a40-b265-e65884d135b0","2027-07-31","owner-occupied","open",""
"Elderless","0981c51d-5da2-4ce7-b2a1-e5336e303949","2029-11-27","buy-to-let","redeemed","2026-01-14"
"Elderless","098375ff-adeb-46f8-ba92-71cbee4e593e","2026-07-31","buy-to-let","open",""
"Elderless","0984ec74-71f2-4c6f-a8d2-63c076705c44","2027-10-07","buy-to-let","open",""
"Elderless","09866493-b312-444a-a9da-0e426ed6aaf6","2029-02-28","buy-to-let","open",""
"Elderless","0598cccc-8bfc-4c7d-9965-f9d9993a910e","2029-12-17","buy-to-let","open",""
"Elderless","0598e93a-8a48-46e8-86f3-9a14ba11e70e","2030-09-29","buy-to-let","open",""
"Hidecreek","059bebfd-72d1-4a6f-a9a7-ee131c6fe42d","2027-08-30","buy-to-let","open",""
"Hidecreek","059c304c-3803-4934-9a8d-1f3d6b8e2f12","2028-10-26","buy-to-let","open",""
"Elderless","059dffde-0231-407f-b288-315d5af6e9aa","2025-06-10","buy-to-let","switched","2025-05-28"
"Roast Ham","05a1b58b-4094-4bb8-b5ab-6dd4185eb5b3","2025-05-31","buy-to-let","switched","2025-04-25"
"Elderless","05a2df99-0e6d-4ff0-a546-a081c10fb3a6","2026-06-13","buy-to-let","open",""
"Hidecreek","05a5b268-a658-45af-9d3b-fc541b2a4913","2025-11-06","buy-to-let","switched","2026-01-24"
"Elderless","05a65b83-2bb2-4a63-8655-df7aa50dcfbb","2029-02-22","buy-to-let","open",""
"Roast Ham","05adb233-77f4-4817-8cd9-c8e3befc4483","2025-07-31","owner-occupied","switched","2025-06-06"
"Elderless","05af15f1-238f-4c75-8695-e454bc7c40ed","2027-12-31","buy-to-let","open",""
"Roast Ham","05b04df9-efb8-4a47-b9bd-2d25630a96cc","2026-05-31","owner-occupied","open",""
"Hidecreek","05b4376a-61e2-4927-9e64-c8c3e9453745","2027-10-03","buy-to-let","open",""
"Roast Ham","05b5d72f-adb3-4ebb-b007-1b9278b850a5","2027-02-28","buy-to-let","open",""
"Elderless","05c2e8f1-556d-473e-9a5e-a06781672eed","2027-11-30","buy-to-let","open",""
"Elderless","05c2fd6c-713e-44c8-b960-d6e4a4d7ccdf","2026-09-30","owner-occupied","open",""
"Elderless","05c8c745-0ca6-4ec1-8035-46dc06130cea","2028-03-31","buy-to-let","open",""
"Hidecreek","05d0eb97-1643-474e-8f82-4b2889ca8452","2030-04-03","buy-to-let","open",""
"Roast Ham","05d371ee-4ec6-40f6-8779-b6e0af72ee8c","2028-08-31","buy-to-let","open",""
"Roast Ham","05d4b770-d6ea-45cb-a5d4-d7993c83e81c","2027-07-31","owner-occupied","open",""
"Elderless","05dca0b7-bbd0-4452-ad0e-e15877823d04","2027-04-30","buy-to-let","open",""
"Roast Ham","05de2c44-8300-43b2-8f60-272469969adc","2026-05-31","owner-occupied","open",""
"Elderless","05df9674-f59a-45dd-9392-f7c4917b118b","2026-05-31","owner-occupied","open",""
"Elderless","05e55b5f-8b20-4e6d-b6bc-073fccb571f3","2026-06-30","buy-to-let","switched","2026-03-17"
"Elderless","05eb3205-5653-4169-a765-d931c94e7f90","2027-12-17","buy-to-let","open",""
"Roast Ham","05ece1ed-b8ba-4b93-a949-466c9256fb1d","2027-10-31","owner-occupied","open",""
"Elderless","05eece55-1ff3-496e-a88d-fd2b59603cc2","2030-11-26","owner-occupied","open",""
"Elderless","05f1ed5b-59df-4821-8a00-1afe5b0c5671","2027-05-29","buy-to-let","open",""
"Roast Ham","05f37c54-362d-4793-95cd-4e031eb138b7","2027-03-31","buy-to-let","open",""
"Elderless","05f6eb4c-34f8-49ae-8cdb-df4a5ba8d538","2026-09-23","buy-to-let","open",""
"Elderless","05f95d77-f9e6-4d9f-9ac9-885781f2028c","2029-03-24","buy-to-let","open",""
"Elderless","05f9cf84-ca48-45da-a577-64d34fb1234a","2029-11-30","owner-occupied","open",""
"Roast Ham","05fa06e9-36a1-4bec-b884-130fdd8a5f78","2026-11-30","owner-occupied","open",""
"Elderless","05fa44b8-6398-4b82-9621-76d71825db46","2029-09-03","owner-occupied","open",""
"Elderless","05fcd462-b150-4bad-a928-84d2b8b0fd1e","2029-12-31","owner-occupied","open",""
"Elderless","05fcf1aa-b8c2-4686-a407-0e0f0a46b486","2028-11-30","buy-to-let","open",""
"Elderless","05fd289b-998b-44c9-864b-df6a5f8c0b5b","2027-07-31","buy-to-let","open",""
"Elderless","05fe7964-7bf3-4176-a8f6-56234c05de7a","2027-03-31","owner-occupied","open",""
"Elderless","06003e80-19ce-4a5d-973a-8dfe6efcc87d","2026-02-16","buy-to-let","switched","2026-02-16"
"Elderless","06067acb-547e-4f5e-bc2f-1d5a0e947282","2031-02-18","buy-to-let","open",""
"Roast Ham","060770c6-b449-4b3d-ad41-c1d5954465b5","2027-05-31","buy-to-let","redeemed","2023-11-18"
"Elderless","060b8126-85af-4b11-abbb-1aa03e5979a0","2027-07-31","buy-to-let","open",""
"Elderless","060fb187-2536-4ff9-91c6-3a85f1e09af5","2029-01-31","buy-to-let","open",""
"Elderless","0612acb5-7e56-4c90-874c-22ff13d53041","2027-12-22","buy-to-let","open",""
"Elderless","0614755b-16b8-49fd-bab5-e3c0c3229a9d","2029-01-31","owner-occupied","open",""
"Elderless","061616dc-bda3-4408-8767-ad07f61dcb1f","2027-12-07","buy-to-let","open",""
"Elderless","0616ebc1-fe13-4821-a9c8-7adb3031969d","2031-04-27","buy-to-let","open",""
"Roast Ham","0617c7b3-a3ae-412a-8dbf-a84f5ff79a40","2030-05-31","owner-occupied","open",""
"Roast Ham","0617e806-cb6c-42f2-b670-d69271749d49","2025-05-31","owner-occupied","switched","2025-05-30"
"Roast Ham","0618d915-9977-4f13-8540-71eaa4ce4530","2028-07-31","owner-occupied","open",""
"Roast Ham","061bc489-05ab-4bf4-9cee-89aad8193a9e","2025-09-30","buy-to-let","redeemed","2024-08-01"
"Elderless","061f2257-e121-4e7a-87dd-aead41f5f3d3","2027-10-13","buy-to-let","open",""
"Elderless","0620fae0-9c1f-4392-81c8-b6bb8a0d23ab","2027-11-14","buy-to-let","open",""
"Hidecreek","062216f4-c74e-41e0-bf13-b5bdbbc1dce2","2029-07-26","buy-to-let","redeemed","2026-03-13"
"Elderless","06275d99-0f0b-4b49-811a-cc0e65b7e80a","2025-11-30","buy-to-let","redeemed","2026-02-18"
"Elderless","0629013d-f9e7-43ce-ad3c-5a2f1e457a4a","2028-07-31","buy-to-let","open",""
"Elderless","0629eaf9-aae1-4b0f-9f9f-a016686b60bc","2027-05-28","buy-to-let","open",""
"Hidecreek","062b89f0-7bd3-4f15-a73e-7904eea1763d","2025-10-09","commercial-buy-to-let","redeemed","2025-11-01"
"Elderless","062bd3c8-824e-4c90-a409-c80a355296c6","2026-02-28","buy-to-let","switched","2026-02-17"
"California","062cb5b9-2b1b-4073-9b3b-5da63d9794fd","2030-06-30","buy-to-let","open",""
"Elderless","062f6d27-4604-4891-96cf-f69b7d49b76c","2028-04-15","buy-to-let","open",""
"Elderless","0635eb78-4539-4745-b66f-e01d50e072a5","2027-03-31","owner-occupied","open",""
"Roast Ham","0637fa64-4564-4806-b088-17073a04c55e","2026-10-31","owner-occupied","open",""
"Hidecreek","06385d62-31d5-4c9c-a668-6299df783b98","2027-07-28","buy-to-let","open",""
"Hidecreek","063ab135-fe01-4c5a-be9b-61bb1a555794","2027-10-17","buy-to-let","open",""
"Elderless","063b2c87-8493-43f7-8370-38fabd24c46e","2030-07-09","buy-to-let","open",""
"Elderless","063b7512-803c-4e5d-96db-0d2a511415f2","2031-04-15","owner-occupied","open",""
"Elderless","063c94f1-fc07-41e4-9e17-e0628ba9258e","2030-07-09","buy-to-let","open",""
"Roast Ham","063eb505-a24d-40e4-a04d-418a8bf6b380","2031-07-31","owner-occupied","open",""
"Roast Ham","0645928d-5140-4ab6-9f8d-202fb765bf15","2025-12-31","owner-occupied","redeemed","2023-11-25"
"Hidecreek","064a0023-f188-4efb-a70a-e92be42e9c1d","2026-04-07","buy-to-let","redeemed","2026-04-08"
"Elderless","064a03a5-5b46-43f7-ae46-3be385540083","2029-04-30","owner-occupied","redeemed","2025-03-25"
"Hidecreek","064eeb09-0225-4a3b-a452-3c839b365eaa","2027-06-06","buy-to-let","open",""
"Roast Ham","064f4c44-9fc3-4f7e-b864-0cb779cf42e4","2025-09-30","buy-to-let","redeemed","2025-10-02"
"Elderless","064ff6bc-346f-4767-8f7b-c71df47e29ef","2028-03-31","buy-to-let","open",""
"Hidecreek","06524ed7-f633-42c9-828a-c5694632c8e4","2027-09-02","buy-to-let","open",""
"Elderless","0657bf97-3535-4428-85a7-9fd7e77fd24e","2030-04-01","buy-to-let","redeemed","2026-02-04"
"Hidecreek","065ae632-7ab4-42a9-a072-1b688619c00d","2027-01-18","buy-to-let","open",""
"Roast Ham","065d3595-1794-48d3-af83-6d59513d6867","2027-11-30","buy-to-let","open",""
"Roast Ham","065df522-e66f-4c32-8173-115076a9f523","2027-07-31","buy-to-let","open",""
"Elderless","065f89a9-d069-427b-b854-3ebbaeac882b","2027-04-04","buy-to-let","open",""
"Elderless","06691f1b-4794-497a-8ff4-58b4366a60e1","2027-02-13","buy-to-let","open",""
"Elderless","066d8a3f-92bb-40af-baa7-a3715890cecb","2025-11-30","owner-occupied","redeemed","2026-01-21"
"Elderless","09875a21-901f-4c07-88b4-be7da63a1248","2026-12-22","buy-to-let","open",""
"Roast Ham","098d62de-351b-4757-904d-99686109dabe","2025-08-31","owner-occupied","redeemed","2025-08-13"
"Elderless","098f1548-65e8-4dd2-abfe-8ce9ad0048ce","2027-06-25","buy-to-let","open",""
"Roast Ham","09900b69-7132-4bc8-a7bf-00eb273a3c5f","2025-09-30","owner-occupied","switched","2025-08-20"
"Elderless","0992806b-962a-47d9-ab8f-bb93a5bb2868","2025-07-28","buy-to-let","switched","2025-07-10"
"Elderless","0993f63b-1497-4da2-be20-02cca600c9bd","2031-05-07","buy-to-let","open",""
"Roast Ham","099467ab-d0b4-4835-872d-06d1032305d7","2026-11-30","owner-occupied","open",""
"Elderless","0995241f-389d-484c-96c7-f06c343f7341","2030-06-09","owner-occupied","open",""
"Hidecreek","0997f1f7-3da7-49e6-b822-f1e7fba95bf3","2030-10-07","buy-to-let","open",""
"Roast Ham","0999f470-7447-409d-8f90-e1e1139828ee","2028-01-31","owner-occupied","open",""
"Elderless","099af3b1-2c7f-4413-94c3-fc82e29b1223","2029-02-01","buy-to-let","open",""
"Hidecreek","099b0183-2e38-480f-8aa7-8640b7cea4e7","2029-03-18","buy-to-let","open",""
"Elderless","099ddce6-1f36-4552-a2a8-0b40595ff0de","2027-10-11","buy-to-let","open",""
"Roast Ham","09a007fa-5f24-453e-b08c-78684d54c5b6","2028-01-31","owner-occupied","open",""
"Elderless","09a3664d-192a-4bf9-8630-d3f8edffcdf6","2028-04-30","buy-to-let","open",""
"Elderless","09a5ac23-3d47-41f0-9b50-c7e23799e5fa","2027-04-30","buy-to-let","open",""
"Hidecreek","09a69780-52fc-4117-982e-a7ea7fe7b3f4","2026-09-27","commercial-buy-to-let","open",""
"Roast Ham","09a831bd-af60-43ff-ad13-4d03065644a7","2030-06-30","owner-occupied","open",""
"Elderless","09a96485-3267-49e4-9a46-18caa0ddc69f","2030-11-27","buy-to-let","open",""
"Roast Ham","09b09c5a-29c9-404d-b9e7-17d5a86e2738","2025-07-31","owner-occupied","redeemed","2025-08-20"
"Roast Ham","09b1ae5e-f04d-4972-887d-0c3669695f7e","2027-11-30","owner-occupied","open",""
"Roast Ham","09b1e753-9ecd-4a56-8d18-30bf1a92eb93","2026-12-31","buy-to-let","open",""
"Elderless","09b2c975-2a4c-4a6a-a1a6-87917ae0db5d","2031-01-31","buy-to-let","open",""
"Elderless","09b36641-d8df-4522-9a74-26ef8d1ba226","2029-04-04","buy-to-let","open",""
"Hidecreek","09b3753b-198f-4d89-b2c2-5a2e615aae26","2029-05-09","buy-to-let","open",""
"Elderless","09b3c6f1-f31e-4bd0-b25c-8d237d0efa27","2026-04-07","buy-to-let","open",""
"Elderless","09b6ad65-631d-45a5-bf01-c10803ae7bb0","2027-07-12","buy-to-let","open",""
"Elderless","09b76c17-49f7-4dc4-bde4-04c74d5dfbba","2026-07-31","owner-occupied","open",""
"Roast Ham","09b7777b-f0ce-4449-8c35-e8ab5137ecc4","2029-05-31","owner-occupied","open",""
"Roast Ham","09b7c1b0-8140-4a9e-b0e3-6bbf956a6f53","2027-11-30","buy-to-let","open",""
"Elderless","09bd94cc-8a2d-4594-928b-b3349fd4ebd1","2027-11-29","buy-to-let","open",""
"Hidecreek","09c161a8-7e21-4de1-a0b4-ca39ca098fe8","2026-07-08","buy-to-let","open",""
"Elderless","09c290fb-4c43-4b89-b77f-fd2ded995c03","2027-04-29","buy-to-let","open",""
"Elderless","09c2d9c5-b2e6-444f-95a2-8cd15c296715","2027-05-31","buy-to-let","open",""
"Hidecreek","09c2f28c-5d07-47a4-bd32-4711cd31975a","2026-12-21","buy-to-let","open",""
"Elderless","09c85297-a1b9-48d5-8f24-38c449846283","2025-10-18","owner-occupied","switched","2025-09-06"
"Elderless","09c8aaa3-be24-4628-ade1-e53007a63e67","2028-11-28","buy-to-let","open",""
"Elderless","09c8ce26-a278-49f0-996e-9c0dec81d2be","2026-04-14","buy-to-let","switched","2026-02-24"
"Elderless","09c90320-4e68-4d78-aed9-a92773bce634","2028-02-01","buy-to-let","open",""
"Roast Ham","09c934ad-5fe6-48ac-921d-2d169ebf1e97","2027-06-30","owner-occupied","redeemed","2026-03-06"
"Hidecreek","09c95c7b-273c-49c0-bf5e-a10f22b0650e","2027-09-09","commercial-buy-to-let","open",""
"Elderless","09c98b0a-13f9-4c60-b9ce-15b9c78ac3bb","2027-07-31","buy-to-let","open",""
"Elderless","09c9c85f-19f2-42ae-a485-9dfdf6da406f","2030-01-31","owner-occupied","open",""
"Roast Ham","09cd0097-9f0c-428f-811d-b59a82005c48","2030-01-31","owner-occupied","open",""
"Elderless","09ce07ca-4dc9-4d85-91d0-3e6ba84b805a","2026-03-31","buy-to-let","switched","2026-02-27"
"Elderless","09cf28dc-2b90-4153-91d0-ac0cd890c1fc","2028-11-16","buy-to-let","open",""
"Elderless","09d1e53a-11f1-472b-9300-f776f8693dba","2028-02-18","buy-to-let","open",""
"Roast Ham","09d394b7-8ef4-4e7a-aade-4cdb288df612","2026-08-31","owner-occupied","open",""
"Roast Ham","09d43b0d-befb-488f-93bc-b16294f6ddca","2025-10-31","owner-occupied","open",""
"Elderless","09d91660-33c4-4b47-9a54-89d71b0bcd8e","2028-05-21","owner-occupied","open",""
"Elderless","09db6394-2977-4931-81fa-b7014c676275","2030-07-23","buy-to-let","open",""
"Elderless","09dc4ceb-e0bd-45d1-ac96-20556699ea86","2028-04-14","buy-to-let","open",""
"Elderless","09decf9c-1f70-4f20-9b3f-7f629b498f58","2026-04-30","owner-occupied","switched","2026-05-02"
"Hidecreek","09e03ada-2f87-4065-bc9e-a792bf4ec2d1","2030-04-07","buy-to-let","open",""
"Hidecreek","09e1ce59-f993-4e27-ac2e-d404ff031e9c","2030-02-12","buy-to-let","switched","2025-09-09"
"Roast Ham","09e3a010-289a-4ec9-a769-7ae3a37d46d6","2026-05-31","owner-occupied","open",""
"Elderless","09e42601-dc72-4af5-b4cd-91f7b7d2f902","2025-09-30","buy-to-let","switched","2025-10-15"
"Elderless","09e4f058-c5ec-4609-8f20-1b88b3b0ec4f","2028-03-31","buy-to-let","open",""
"Elderless","09e84ef0-108e-4735-aab5-429f4ac36ddc","2029-12-18","buy-to-let","open",""
"Elderless","09eb9998-528a-4ee3-902a-fe2bb2669e30","2026-07-11","owner-occupied","open",""
"Roast Ham","09ee6572-77a8-421a-a13d-ba5798fa7600","2027-05-31","buy-to-let","open",""
"Elderless","09f239ff-ea0c-48d9-9c6a-c9556a5f8f1f","2025-07-01","buy-to-let","switched","2025-06-17"
"Roast Ham","09f336f7-d30c-4a40-a433-fddb6c56d1a0","2027-03-31","buy-to-let","open",""
"Elderless","09f4f3ac-2b29-4c18-b4c8-79d9a11c0e33","2025-12-31","owner-occupied","switched","2026-01-31"
"Elderless","09f55e67-1e22-4907-83dc-d7038e6a2be5","2026-08-31","owner-occupied","open",""
"Hidecreek","09f82af3-8f8f-481e-9d85-6a460c4183ff","2028-01-05","buy-to-let","open",""
"Elderless","09f8313d-f12e-4b35-bcb2-cc073af3ffdf","2026-08-31","owner-occupied","switched","2026-05-22"
"Roast Ham","09f9730a-f2a6-4569-a5b6-a2d07c38261a","2027-11-30","owner-occupied","open",""
"Elderless","09f9e3f2-fa18-490e-83eb-3ba81c7efef1","2027-04-03","buy-to-let","open",""
"Roast Ham","09fa46d4-4921-4409-b0ae-1780f90b8b18","2026-05-31","owner-occupied","switched","2026-02-14"
"California","0a00f8fb-da57-4add-b007-0257cae96c57","2030-09-17","buy-to-let","open",""
"Roast Ham","0a0809f1-805f-44c2-b2d7-737bc8070908","2026-10-31","owner-occupied","open",""
"Hidecreek","0a09dc22-0182-4b4e-8f3d-4734b8570b92","2028-05-05","buy-to-let","open",""
"Roast Ham","0a0a9651-ea3a-43cc-8989-dfb298d60b82","2030-02-28","buy-to-let","open",""
"Elderless","0a0b20ec-c7b4-4c98-b245-e73288c9f46d","2026-01-12","buy-to-let","open",""
"Elderless","0a0c68d0-0a55-4190-838d-8627a0b92e1e","2027-06-30","buy-to-let","open",""
"Elderless","0a0c77d8-fdd4-433e-98e6-fb49cc3d9f24","2028-01-31","buy-to-let","open",""
"Roast Ham","0a0e05c3-ab56-4952-a492-544a561791d5","2029-08-31","owner-occupied","open",""
"Elderless","0a0f9c15-0952-4d89-8888-6b083cbd361c","2030-12-21","buy-to-let","open",""
"Hidecreek","0a120163-80f5-4f26-b5e9-c1b36442f6e2","2028-03-07","buy-to-let","open",""
"Elderless","0a133db2-da8c-4475-95e5-3e58cd79d2ee","2030-10-30","owner-occupied","open",""
"Roast Ham","0a13ef72-403d-4608-bf71-f8da7ca66ae8","2027-09-30","owner-occupied","open",""
"Roast Ham","0a162a8b-476e-494b-acab-9b97364cee46","2028-01-31","buy-to-let","open",""
"Elderless","018c583c-d76a-47d9-a57c-4350281f9105","2028-08-24","buy-to-let","open",""
"Elderless","019029a7-97a9-4468-9178-9e7f64b5fa6c","2026-08-31","owner-occupied","redeemed","2025-06-25"
"Roast Ham","01935927-c854-48c8-b77c-97bccce68550","2028-03-31","buy-to-let","open",""
"Elderless","01936b90-09ea-4552-b509-54faee9babf1","2029-04-11","buy-to-let","open",""
"Elderless","0198c2e6-fbd4-4c65-9bef-6ea13b24b85d","2029-10-28","buy-to-let","open",""
"Elderless","0198c856-8fde-44ad-8aa6-6a2999fe8c8d","2027-09-01","buy-to-let","open",""
"Elderless","01993e08-1aba-416a-a1b8-688dec3f4517","2028-08-08","buy-to-let","open",""
"Elderless","019d72f0-d53d-438d-ab02-ed734cf93edb","2030-10-13","buy-to-let","open",""
"Elderless","019d8bf2-d71a-499b-a433-35168f22c1ff","2027-03-26","buy-to-let","open",""
"Roast Ham","019f9b04-ed91-4e85-887f-c32be1326a62","2027-03-31","owner-occupied","open",""
"Elderless","01a00621-b602-48fd-8ed7-871943bbeb2c","2026-09-16","owner-occupied","open",""
"Roast Ham","01a01915-a90d-4db9-bb6a-e1e3880aa350","2028-10-31","buy-to-let","open",""
"Elderless","01a0719e-349e-4f5f-8874-1678b40814a0","2026-04-30","buy-to-let","switched","2026-01-20"
"Elderless","01a1fcdc-81df-4134-bf48-1051aa2a3d20","2027-10-31","buy-to-let","open",""
"Elderless","01a30db7-4021-46e6-9aea-7fe62db8a3eb","2030-07-31","buy-to-let","open",""
"Elderless","01a55a9f-38bd-48e6-a8dc-e65de00fc278","2026-05-31","buy-to-let","open",""
"Elderless","01a5ddd5-40f9-4bca-af7c-df26e003dd49","2029-02-18","owner-occupied","open",""
"Elderless","01a751ae-401c-4b5f-b806-8064557d030e","2027-10-01","buy-to-let","open",""
"Roast Ham","01a903a3-aa40-4a26-a05b-e9d57f099e19","2025-10-31","owner-occupied","redeemed","2025-12-30"
"Elderless","01a9db8d-5259-45cd-95fd-2bf9681d2512","2029-10-01","buy-to-let","open",""
"Elderless","01ab148a-9d6c-4d44-b6f9-50d0e4467423","2028-02-29","buy-to-let","redeemed","2025-10-31"
"Elderless","01ae3b7d-f237-45dd-a3c6-54867514c682","2025-08-31","buy-to-let","switched","2026-01-22"
"Hidecreek","01b0bd26-7ff1-445c-891c-16788a80dd18","2026-06-18","buy-to-let","open",""
"Roast Ham","01b21ba8-2911-48eb-a7ac-f696c3bac8aa","2029-06-30","buy-to-let","open",""
"Elderless","01b5c341-38ec-4d5a-bd24-a63cf0dc8bd0","2027-12-11","owner-occupied","open",""
"Roast Ham","01b914db-ed0e-4e23-9220-5a70a04f962a","2026-09-30","owner-occupied","open",""
"Elderless","01b97d98-0d19-4232-b7ca-7483158921bf","2027-04-08","owner-occupied","open",""
"Elderless","01ba1363-a7e3-4d5b-a133-cb01fe78fb76","2027-08-16","owner-occupied","open",""
"Elderless","01bbf9b8-6a2c-4acb-bba9-e7d722935857","2027-12-10","owner-occupied","open",""
"Elderless","01bdc061-bb1f-4245-a51c-9c6b62f6825b","2027-05-31","buy-to-let","open",""
"Elderless","01be82f2-f0b2-4a02-8db5-dc8df531ef84","2026-09-17","buy-to-let","redeemed","2025-11-01"
"Elderless","01c00800-f825-4b2a-97a4-05679d4395e6","2027-12-15","buy-to-let","open",""
"Elderless","01c30e27-9640-45b4-94e0-d998e012d75d","2025-07-31","buy-to-let","redeemed","2025-11-01"
"Elderless","01c3c38c-6995-4d84-aa61-190a03ced685","2030-11-06","buy-to-let","open",""
"Elderless","01c9bfec-dc9f-4fb0-b1ad-a3d0d0f5058a","2029-04-24","owner-occupied","open",""
"Roast Ham","01cb7e42-637e-4f0a-9428-e7f6989648d3","2025-08-31","owner-occupied","switched","2025-08-30"
"Elderless","01cf95be-6e0c-41c6-819e-e86f38ab26f1","2028-01-05","buy-to-let","open",""
"Roast Ham","01d08271-1911-4b72-b825-cdb9697a45c9","2028-09-30","owner-occupied","open",""
"Roast Ham","01d34941-34e9-42bf-84b8-e86d4a469f2f","2026-04-30","buy-to-let","redeemed","2026-05-02"
"Roast Ham","01d40ae9-63e1-4eb9-9f62-da4e0665fcac","2028-12-31","owner-occupied","open",""
"Hidecreek","01da38e3-d7cd-4ca3-8486-c629607197e7","2030-01-10","buy-to-let","open",""
"Roast Ham","01db033a-482b-4f03-9c88-de573cacb2f0","2027-10-31","buy-to-let","open",""
"Elderless","01db7e91-c050-4d0c-b780-3723880c82c0","2026-09-29","owner-occupied","redeemed","2026-04-17"
"Elderless","01dd92e6-fd81-4bdf-95e7-50338ceacec9","2030-03-17","buy-to-let","open",""
"Roast Ham","01dee889-056f-41a7-9b80-353c0a76471e","2025-09-30","owner-occupied","open",""
"Elderless","01dfbf82-ba1e-4943-ad42-deae4998224a","2026-02-05","buy-to-let","redeemed","2026-02-10"
"Elderless","01dfeb58-146c-464a-8e3d-c982ca315e9a","2027-10-15","buy-to-let","open",""
"Elderless","01e2e2f4-bc9b-4ec6-95fd-039fb6888e72","2027-05-31","buy-to-let","open",""
"Elderless","01e524c7-e5ab-48bd-9264-12f4e3a07fbe","2029-01-25","buy-to-let","open",""
"Roast Ham","01e60ee2-d65a-4be9-bbbe-6e1ea94142ab","2025-08-31","owner-occupied","redeemed","2024-06-08"
"Hidecreek","01e7cc62-c7da-4114-b65b-971d8d5c7e28","2031-01-09","buy-to-let","open",""
"Roast Ham","01e91c89-8506-41fa-84d1-6bb34f8d7b0c","2025-05-31","owner-occupied","redeemed","2025-07-05"
"Elderless","01ea7b99-2d21-44de-b8d7-c37c17d79e25","2027-07-24","buy-to-let","open",""
"Roast Ham","01eec4eb-6ad5-4625-9410-f3ee51b2a09a","2029-02-28","owner-occupied","open",""
"Roast Ham","01ef0fb3-12a4-4ef1-a64b-328e55254bcc","2027-04-30","owner-occupied","open",""
"Roast Ham","01ef6fb8-d861-40b6-b59a-7d1daad4dc5e","2025-05-31","buy-to-let","redeemed","2025-06-27"
"Hidecreek","01f1de9b-ad80-48d7-86d0-36770b9c0c4c","2028-05-15","buy-to-let","open",""
"Elderless","01f1ed99-16f0-45b2-9029-ed7d0f0405d8","2027-01-28","buy-to-let","open",""
"Hidecreek","01f33a3a-f5bb-49ff-89aa-cfc8f3756ca5","2027-09-29","buy-to-let","open",""
"Hidecreek","01f4cf3d-83f6-4a87-92df-d8f0dcfd1aca","2027-07-02","buy-to-let","open",""
"Roast Ham","01f5324c-325b-45a7-841b-3c740b3e2614","2025-11-22","owner-occupied","open",""
"Roast Ham","01f684b5-04ec-4b62-89d6-1667ffb209c2","2027-11-30","buy-to-let","redeemed","2023-11-30"
"Elderless","01f6df87-b6f4-4b8e-8d2d-3a375dfec914","2030-07-31","owner-occupied","open",""
"Hidecreek","01f71c2a-d7c7-4cfa-8006-9841dfa12944","2026-09-20","buy-to-let","open",""
"Elderless","01f77d35-5f86-45aa-97e4-b021788ba144","2027-05-31","buy-to-let","open",""
"Elderless","01f7f0ea-9a50-48a0-8d01-230c67e6d5fa","2025-11-30","buy-to-let","redeemed","2025-12-03"
"Hidecreek","01f8d2be-6cd4-43d3-85e7-b188c392bf93","2028-01-31","semi-commercial-buy-to-let","open",""
"Roast Ham","01f92f17-d4ce-4945-ae7b-1074bff02c32","2027-11-30","owner-occupied","open",""
"Hidecreek","01fa963b-ccf2-4b1f-b44c-26667942df4e","2025-12-26","buy-to-let","switched","2025-12-31"
"Hidecreek","01ff38a6-12b0-4353-a202-ba40f5b07a55","2029-04-08","buy-to-let","open",""
"Roast Ham","020372ba-e2e7-4f12-9a00-b187258101cc","2027-02-28","buy-to-let","open",""
"Roast Ham","02065a5e-e69e-4370-8c20-0372e5295eab","2030-11-30","buy-to-let","open",""
"Elderless","02065fbc-0fd6-4b13-800e-c4e79fe06148","2030-11-10","buy-to-let","open",""
"Elderless","02067abb-cc86-4ce6-9eb9-e2cd29cfccd6","2027-03-31","owner-occupied","open",""
"Hidecreek","0215a0a8-6f49-41cd-bae6-f62958d5266e","2028-02-07","buy-to-let","open",""
"Elderless","0215b73f-2ac8-43be-82d6-41a782800616","2028-07-13","buy-to-let","open",""
"Roast Ham","0215fc7f-a2de-423c-93ad-bc0f1f55cd99","2026-05-31","buy-to-let","switched","2026-02-21"
"Elderless","0216c02c-992c-487a-bc21-f671fd987ee9","2026-02-28","buy-to-let","switched","2025-11-06"
"Elderless","0217c518-1507-4cd1-9651-1d4b57e07d29","2025-08-23","buy-to-let","switched","2025-07-18"
"Roast Ham","021939e2-2fca-4dac-9170-f847f7852f27","2026-04-30","owner-occupied","redeemed","2026-05-12"
"Elderless","021c6660-cb35-421e-91ed-ac56f27d9f94","2028-04-30","owner-occupied","open",""
"Elderless","0221f7d4-c767-4a2b-a157-850715717421","2030-12-04","buy-to-let","open",""
"Elderless","02235cb6-cb7d-4738-b00e-3f7eaf20792f","2030-02-20","buy-to-let","open",""
"Roast Ham","06781022-81ec-4d12-9a08-b85137ca6764","2025-10-31","owner-occupied","switched","2025-10-28"
"Roast Ham","067a222d-b3af-4be9-b19d-d9539275f983","2026-06-30","owner-occupied","open",""
"Elderless","067c5d80-0a46-4da7-891d-5139627a2973","2030-09-16","buy-to-let","open",""
"Hidecreek","067fffdd-80bf-4896-b9dc-eac83663d242","2029-04-14","buy-to-let","open",""
"Elderless","0681899a-4500-4ce8-a7fe-e600c3a7c79a","2029-11-28","buy-to-let","open",""
"Hidecreek","0681f890-7edb-406f-b42a-570638e5745e","2028-02-10","buy-to-let","open",""
"Elderless","0684ca26-72a2-4c78-9399-2b6b8ae25abf","2029-10-30","buy-to-let","open",""
"Elderless","0686bd5f-65f2-4db4-81fd-6ba06a8c2f34","2027-09-28","buy-to-let","open",""
"Elderless","068a3a28-f263-4ad0-87c3-4f1b0f74fc95","2025-10-26","buy-to-let","switched","2025-09-04"
"Elderless","068b1465-ec36-4e59-8b3e-a5d5eac6e648","2026-09-30","buy-to-let","open",""
"Elderless","069110d6-4781-44b4-bfaa-fd39c4edd4e6","2031-05-28","owner-occupied","open",""
"Elderless","06919e81-1cb0-4ee2-9285-3ecb3255de2d","2031-01-22","owner-occupied","open",""
"Elderless","06931eb0-b1ba-4a20-aa94-31dd8149ad30","2025-12-31","buy-to-let","switched","2025-09-12"
"Elderless","0693cb13-2608-49d0-a01d-c4cb567dc05c","2027-05-31","owner-occupied","open",""
"Elderless","069633ac-4576-46bc-88f8-149130d8f02f","2030-10-29","buy-to-let","open",""
"Elderless","069afe4d-da56-432b-96e4-228ec2bef481","2028-01-03","buy-to-let","open",""
"Elderless","069f0be1-e965-455f-b7a7-bee850761edb","2030-01-30","buy-to-let","open",""
"Roast Ham","069f3238-c738-4ed3-bf9c-af10ad826859","2026-12-30","buy-to-let","open",""
"Hidecreek","06a7bf88-a444-4aac-bd13-69c9da5b206c","2027-01-10","buy-to-let","open",""
"Elderless","06acb733-a75e-4ad0-a9f2-7433f94a7d86","2025-08-23","owner-occupied","redeemed","2025-08-27"
"Hidecreek","06ad00ba-5f16-4163-98fa-2e5bf999d5cf","2027-11-29","buy-to-let","open",""
"Roast Ham","06b15c3c-b474-4b2b-8511-90c2c9f59753","2026-12-31","owner-occupied","open",""
"Elderless","06b597ad-3a53-42dc-8b75-f561abccea84","2029-09-04","buy-to-let","open",""
"Hidecreek","06b6dbfc-e5c5-469e-905c-bd27fb76a624","2030-02-21","buy-to-let","open",""
"Elderless","06b80ef5-0f3b-4635-933a-c591d1c26fb3","2027-03-31","buy-to-let","open",""
"Elderless","06c07e6f-f417-4d3f-a8b5-d921f91c9901","2028-09-24","buy-to-let","open",""
"Elderless","06c175f7-e241-4d0b-9b11-d4dff06d9522","2030-08-31","buy-to-let","open",""
"Roast Ham","06c2da0a-9a3e-4190-a4d6-ad4f52045737","2028-01-31","owner-occupied","open",""
"Hidecreek","06c3e9c9-7422-4dcc-8702-ef3d467a6e29","2030-08-15","buy-to-let","open",""
"Elderless","06c49487-c6ee-4950-b069-42624255601e","2027-11-24","buy-to-let","open",""
"Roast Ham","06c52138-a756-460b-ae17-3f3deb7ceeb8","2030-01-31","owner-occupied","open",""
"Hidecreek","06c60871-8a01-4c22-85d2-682717d0f46e","2030-12-05","commercial-owner-occupied","open",""
"Hidecreek","06c6b0b4-2236-40b8-aa9b-aa16de02d54b","2027-12-14","buy-to-let","open",""
"Elderless","06cb699f-c109-477a-9be9-f0d32bc40dac","2027-04-03","owner-occupied","open",""
"Roast Ham","06cf107b-b933-452b-93a3-415aa84a7faa","2030-07-31","owner-occupied","open",""
"Roast Ham","06d0b205-9378-4346-a785-9fef7ff1dfec","2026-03-27","owner-occupied","open",""
"Elderless","06d0d78f-e3fe-408a-ba7e-07a32eb9e118","2027-06-30","owner-occupied","open",""
"Elderless","06d23855-ada9-46a6-84cd-6df3391e688f","2031-01-04","buy-to-let","open",""
"Hidecreek","06d3440a-c2e0-431e-bcfc-448808cdda33","2030-03-17","buy-to-let","open",""
"Hidecreek","06d39e1b-777a-450d-88bc-031560ef8b9f","2025-12-03","buy-to-let","redeemed","2026-01-31"
"Elderless","06d42d82-ad0b-4216-a599-08ccaa161a7b","2030-09-28","owner-occupied","open",""
"Elderless","06d5fb71-65b8-4b77-ba1f-2006d1862da6","2027-11-28","buy-to-let","open",""
"Hidecreek","06df5e71-0af8-4a28-9252-fe9210719e3c","2029-10-14","buy-to-let","open",""
"Roast Ham","06e1464a-f67d-4f86-a4f9-15da06d80b25","2026-06-30","owner-occupied","open",""
"Elderless","06e80827-ad1d-4c8f-9424-38fda39b3fa8","2029-05-31","owner-occupied","redeemed","2025-03-18"
"Elderless","06ea0bd8-d71f-4a0a-a777-6dd83c50b444","2027-11-17","buy-to-let","open",""
"Elderless","06eb3659-8ead-47f7-aa16-6cefacbe76e1","2027-12-31","owner-occupied","open",""
"Elderless","06f1d809-0660-49ff-8fca-2edfe49ee794","2031-05-10","buy-to-let","open",""
"Elderless","06f222a5-629c-4525-a427-a6804ca7febf","2026-08-31","owner-occupied","open",""
"Elderless","06f4a573-7003-4d25-88f4-620ad4478b32","2030-05-28","owner-occupied","open",""
"Roast Ham","06f5d0ac-03c0-4d2d-a03a-9712412aeba6","2027-05-31","owner-occupied","open",""
"Hidecreek","06f75746-531f-4a8e-9e40-5b9814c14cee","2029-09-16","buy-to-let","open",""
"Roast Ham","06f7b1e8-0fab-46c2-a327-83918fae8188","2027-11-30","owner-occupied","open",""
"Roast Ham","06fbb109-c7bb-4189-8dd5-0450dcb4cda9","2025-08-31","owner-occupied","switched","2025-09-02"
"Hidecreek","06fc1116-bd09-4709-ac66-4841d95d9d0f","2027-03-11","buy-to-let","open",""
"Roast Ham","07002b5a-a3c3-4dc2-8538-1be0acb3640a","2028-04-30","owner-occupied","open",""
"Hidecreek","07028845-d814-45a7-816f-a74e1ba054ab","2030-01-24","buy-to-let","open",""
"Elderless","0704349f-dfeb-48af-ba88-55663042b0d9","2030-06-25","buy-to-let","open",""
"Elderless","07058ea9-6c6c-47b4-a281-4b8266ed4fde","2025-09-30","buy-to-let","redeemed","2025-10-03"
"Hidecreek","070c0fd2-bef9-4103-8297-1600e27389ef","2029-07-12","buy-to-let","open",""
"Roast Ham","070c93c1-d7fa-4805-b985-9d444d3adf41","2026-11-30","owner-occupied","open",""
"Elderless","070ccc82-ed21-4e90-aefb-018a8dd4964d","2028-03-18","buy-to-let","open",""
"Elderless","070d0589-db26-4ebb-8a87-09c4e6d63116","2026-01-14","buy-to-let","redeemed","2026-03-14"
"Roast Ham","071290cf-469e-4660-9d8b-d79fb1bfaca8","2030-08-31","buy-to-let","open",""
"Elderless","07160246-e87b-49f5-a2e5-07abd6ccbb78","2030-05-20","buy-to-let","open",""
"Elderless","071823af-0df3-42c2-b8b3-6bfc5215d9a8","2025-09-18","owner-occupied","redeemed","2025-09-23"
"Elderless","0718574c-1444-4c54-aa4a-13f3e825638f","2026-01-25","buy-to-let","redeemed","2025-04-09"
"Elderless","071e1761-49c4-40e5-9d6a-ac23bf3d67a9","2027-07-18","owner-occupied","open",""
"Elderless","071e8f35-421e-4789-a152-8afacf6370fe","2029-08-10","buy-to-let","open",""
"Elderless","071fac79-b203-4c64-bd13-4c7702b6fc9f","2027-11-29","buy-to-let","open",""
"Roast Ham","07229733-e8fb-4fed-8dce-dac15b1092c7","2028-08-31","owner-occupied","open",""
"Hidecreek","072342f9-ef0a-43c3-86bf-82d7ff56a876","2027-02-01","buy-to-let","open",""
"Elderless","0723b309-4950-4d80-9505-b4ebbe373e95","2027-10-31","buy-to-let","open",""
"Hidecreek","07241d46-bd53-4850-8534-4c44e422c3f3","2030-05-15","buy-to-let","open",""
"Elderless","0728f3f3-b043-45e3-aa82-7b998152f82e","2026-07-31","owner-occupied","switched","2026-05-22"
"Elderless","0729e5f9-18a5-40e0-9ce5-c091bf07031f","2025-10-31","buy-to-let","switched","2025-07-29"
"Elderless","072b46d9-fb21-4760-b378-46c5d36c8b2e","2026-11-30","owner-occupied","open",""
"Elderless","072c2e6e-3a01-447e-a95a-84335f4c101c","2027-12-31","owner-occupied","open",""
"Elderless","072e2288-a0f6-46f8-9040-ace5e645cb84","2026-03-31","owner-occupied","switched","2026-02-26"
"Elderless","072e63f4-a563-4f5a-9a98-e72a6321bc1b","2029-04-30","buy-to-let","redeemed","2025-03-11"
"Elderless","07307b41-5dc4-4b7f-b4d4-ed8fe10a4b3f","2030-02-16","buy-to-let","open",""
"Elderless","07308c72-7a83-4139-acc7-710aaed86d88","2030-12-31","buy-to-let","open",""
"Roast Ham","0735b712-3b6a-41e3-a13a-62edb83c3799","2031-09-30","owner-occupied","open",""
"Elderless","076ff665-7fcd-4aee-a958-5773081938c1","2029-08-14","buy-to-let","open",""
"Elderless","0771624a-6e5c-4cd8-b153-7fe1226fc486","2025-07-31","buy-to-let","redeemed","2025-09-30"
"Elderless","0773001a-01b1-4e13-a19c-c688a4cfdeb6","2026-03-31","owner-occupied","open",""
"Elderless","07772a27-767e-42d9-8652-b9f098125285","2029-06-30","buy-to-let","open",""
"Hidecreek","07780c43-1334-442c-a504-1091f81c3226","2030-05-01","semi-commercial-owner-occupied","switched","2025-09-09"
"Elderless","07785fdc-749a-4aae-beea-1efc03df79d8","2026-03-28","buy-to-let","redeemed","2026-04-01"
"Roast Ham","077a3d5b-d4c3-4586-aa83-90c3d34ccfdb","2027-03-31","owner-occupied","open",""
"California","07825212-d139-4d1d-a0d1-212584641983","2028-07-27","buy-to-let","redeemed","2025-05-09"
"Roast Ham","07837f8f-ec77-4762-8869-3e8a2614ad50","2026-03-31","owner-occupied","switched","2026-03-31"
"Roast Ham","0783c712-ce8b-4d1c-a961-8b5ca0b57545","2026-07-31","buy-to-let","open",""
"Elderless","07852022-fa1c-4a96-a3ca-2bfb604b54a7","2027-09-30","buy-to-let","open",""
"Roast Ham","07865b66-88b8-4127-9913-b85be4e308fc","2027-08-31","owner-occupied","open",""
"Elderless","07865c35-0e70-46d1-b160-a83f65ede959","2027-05-20","buy-to-let","open",""
"Elderless","0786de4d-209c-4d0c-9170-8d214ef4a3c4","2026-09-30","owner-occupied","open",""
"Elderless","0789ad13-edab-4c32-87bc-df906afbb85f","2029-06-30","owner-occupied","open",""
"Roast Ham","078b3172-f821-4c4c-a49a-3b8f8f428e7d","2025-08-31","owner-occupied","switched","2025-07-05"
"Elderless","078b3b86-5434-4c85-9261-f461effe758a","2027-11-28","buy-to-let","open",""
"Elderless","078e28bd-3346-4f6f-964d-b150b5a3a2b6","2030-03-20","buy-to-let","open",""
"Elderless","079054cb-ec9b-4a0c-bafe-5fc3b28ef81b","2030-08-13","buy-to-let","open",""
"Elderless","0791c5aa-b212-4919-87d7-0a1a06d7e3f7","2031-01-01","buy-to-let","open",""
"Roast Ham","079cd75a-1b16-48b3-afc9-2f6696e5ea9d","2030-05-31","owner-occupied","open",""
"Elderless","079fafec-ecc2-4770-96c7-ccaff86e35a7","2028-05-20","owner-occupied","open",""
"Roast Ham","07a3003d-450d-4cda-99b6-4932aaf3df60","2025-05-31","buy-to-let","open",""
"Elderless","07a35a24-ad32-4c14-8488-837998da7886","2025-07-10","buy-to-let","redeemed","2025-09-09"
"Hidecreek","07a6ab9a-48df-4547-9499-2e92b263aacf","2028-06-30","commercial-buy-to-let","open",""
"Roast Ham","07a6e902-a9ca-49b6-8f3b-7be8cb90a87a","2026-02-28","owner-occupied","switched","2025-12-09"
"Roast Ham","07a73b8b-80ab-4d33-a82e-acf6c9785dba","2026-03-31","owner-occupied","redeemed","2026-04-02"
"Elderless","07a97bde-ed93-4186-a598-2593d7a41137","2030-03-25","buy-to-let","open",""
"Elderless","07b13fe7-56d5-4972-913a-b6da0e55d8cc","2025-07-01","buy-to-let","redeemed","2025-09-18"
"Elderless","07b140c7-968d-4558-addb-319317c471c4","2027-10-31","buy-to-let","open",""
"Elderless","07b38799-33cf-46ce-96e5-b98116fa7ed4","2027-06-30","owner-occupied","open",""
"Elderless","07b4d8b9-09c5-453c-8de5-f76d9a1d9426","2030-02-06","buy-to-let","open",""
"Elderless","07b5e46b-ddfa-42f6-9fa6-75174bddb5a6","2029-07-16","buy-to-let","open",""
"Roast Ham","07b7d7b7-1f1d-46a5-afb9-7b6926edd7d9","2027-02-28","owner-occupied","open",""
"Elderless","07b829ad-72b9-4726-82e8-90c82b984625","2026-02-28","owner-occupied","switched","2026-04-09"
"Roast Ham","07bb19ba-2aea-48f2-a4d9-195c688a7ea8","2027-02-28","buy-to-let","open",""
"Roast Ham","07bd1b38-12b8-48b5-b81e-ae7e7b64638e","2028-02-29","owner-occupied","open",""
"Elderless","07be076d-d9f3-4001-b460-b830d6aff308","2026-03-31","buy-to-let","redeemed","2025-11-13"
"Elderless","07c0aa45-ad30-41c3-b01d-0e4300c7923a","2027-09-05","buy-to-let","open",""
"Roast Ham","07c521d2-ce27-4cb2-b363-ae005a04286c","2026-11-13","owner-occupied","open",""
"Hidecreek","07c5cc90-faea-4a6e-ab5c-3798e60dbdd4","2026-10-22","buy-to-let","open",""
"Hidecreek","07c9d450-481c-44ed-a50a-e7213ed24057","2028-01-19","buy-to-let","open",""
"Hidecreek","07ca99c1-8a9d-4fce-8d13-45c1014fe463","2028-02-09","buy-to-let","open",""
"Roast Ham","07cf6957-1fa5-4e66-83a5-170ddb0abf52","2028-10-31","owner-occupied","open",""
"Roast Ham","07d0733a-e368-43bd-a408-5234ae63e270","2025-07-31","owner-occupied","redeemed","2024-09-21"
"Elderless","07d4883a-1166-453b-bb00-cf64b8122df6","2026-12-01","buy-to-let","open",""
"Elderless","07d78ac0-4ce3-45f0-9ec9-4ad20cae383d","2027-11-30","owner-occupied","redeemed","2026-05-19"
"Hidecreek","07db2437-b0e2-4220-a20b-1a259ad64508","2027-08-17","buy-to-let","open",""
"Elderless","07dde66c-fe41-4efa-abc6-13d275c845d1","2027-08-31","owner-occupied","open",""
"Elderless","07de7c56-9aca-434a-bef0-8807d2a8dd5c","2026-06-30","owner-occupied","redeemed","2025-08-27"
"Elderless","07edd36b-c9d5-451a-a36b-644334910af4","2027-10-12","owner-occupied","open",""
"Elderless","07f09dbf-f89d-40ca-bd70-4c164dc7fc9e","2027-03-31","buy-to-let","open",""
"Hidecreek","07f12439-0b6b-4d0a-94c4-3985761588ac","2027-12-12","buy-to-let","open",""
"Roast Ham","07f3c390-fa64-400d-b0b3-0fef6104f453","2027-02-28","buy-to-let","open",""
"Elderless","07f50099-ba82-4498-b994-a53e95a212b4","2027-08-31","owner-occupied","open",""
"Hidecreek","07f67204-b27e-461c-a296-3848569dcd87","2028-07-28","buy-to-let","open",""
"Elderless","07fa1d32-b005-4f51-acfc-1d77635d53e1","2027-02-17","buy-to-let","open",""
"Elderless","07fb0413-5c9f-45c6-99cf-bceccc5fdd46","2027-03-31","buy-to-let","open",""
"Elderless","07ff2ce7-c3a5-4373-b72d-fa618c4d8407","2030-11-12","buy-to-let","open",""
"Hidecreek","07ff410c-80bf-4ebb-9343-74b5805cb7ae","2026-03-17","buy-to-let","redeemed","2026-03-20"
"California","0801376b-3250-409d-a685-13a8c8a5098a","2029-10-10","buy-to-let","open",""
"Elderless","0801da64-2091-4396-b9ab-71bc03f57bc1","2026-05-31","owner-occupied","open",""
"Elderless","080a481e-da93-4767-aac3-e570b2842c2a","2029-01-22","buy-to-let","open",""
"Hidecreek","080d12a7-0dc2-4bd1-9a56-d8f7fc923826","2026-12-20","buy-to-let","open",""
"Elderless","080e9279-63cd-4d03-9c78-c640153996fe","2027-06-15","buy-to-let","open",""
"Elderless","08101950-3850-4b13-8a9f-550edff8d8ab","2028-08-28","buy-to-let","redeemed","2025-08-05"
"Elderless","0813ace7-a2bc-477e-b9a1-94e09eef64de","2031-05-06","buy-to-let","open",""
"Elderless","08155678-913a-462d-8148-329fba75b3f4","2027-03-25","buy-to-let","open",""
"Roast Ham","081795d3-d8a1-4e3d-bee1-f579883faed9","2026-11-30","buy-to-let","open",""
"Elderless","0817ec3d-c726-4f14-bad7-6daba0653dd1","2026-07-17","owner-occupied","switched","2026-04-15"
"Hidecreek","081a9663-486f-45df-b4f1-9837c2efd116","2031-04-30","commercial-buy-to-let","open",""
"Elderless","081f756b-35cd-4666-b1a7-f394c2563ba9","2025-10-08","buy-to-let","redeemed","2025-04-04"
"Elderless","0820da7b-5f2d-4d35-849d-915f66717b88","2029-02-27","buy-to-let","open",""
"Elderless","082202e7-b08e-4746-b9dd-014be3b09c90","2026-07-31","buy-to-let","open",""
"Hidecreek","0823370b-9b37-4ac8-acc9-ebe8a4017f35","2027-03-02","buy-to-let","open",""
"Roast Ham","082d9dd5-bc7d-40c1-bd43-36518a7a013e","2028-04-30","owner-occupied","open",""
"Roast Ham","0832df42-4cda-49b9-abb6-2845229f72bc","2026-03-31","buy-to-let","switched","2026-02-04"
"Elderless","0836d2bd-8b71-40f0-99c5-b52009f37bae","2027-05-31","owner-occupied","open",""
"Elderless","0837fead-e1c8-48c9-8af5-6844269d1f05","2025-07-31","buy-to-let","redeemed","2025-09-30"
"Elderless","08384894-dbf3-4a8f-97a3-ebe0f13beae4","2031-01-15","buy-to-let","open",""
"Elderless","083b0d8f-f704-4051-bc9a-67f198fdacd7","2027-02-28","buy-to-let","open",""
"Hidecreek","083f60b4-9738-48fd-9d57-adbdcb183be6","2026-08-12","buy-to-let","open",""
"Elderless","083f7a30-de08-471d-a898-a02cb9daadfc","2026-03-18","buy-to-let","switched","2026-03-12"
"Hidecreek","0a17325c-b70a-42ac-9b01-c343013dc7f6","2027-08-03","buy-to-let","open",""
"Roast Ham","0a1735dd-cbee-4c8c-aa70-533cd41acd73","2025-12-31","owner-occupied","open",""
"Elderless","0a17c26c-bfb5-4d3b-baa2-2a8d1024b0ba","2028-04-14","buy-to-let","open",""
"Elderless","0a192259-4127-49ea-82ab-f534cd8c08b3","2026-09-17","buy-to-let","open",""
"Elderless","0a264fa1-a039-4b39-89b9-1a8893418650","2027-07-23","buy-to-let","open",""
"Roast Ham","0a274396-4fdf-4c56-8cd6-e5152777a6fc","2026-10-31","buy-to-let","open",""
"Elderless","0a274b4a-86a7-4b68-8cd6-72ff3cbfb7ed","2025-08-31","owner-occupied","switched","2025-06-16"
"Roast Ham","0a2a792a-795c-466c-b65f-4e608388b014","2026-06-30","owner-occupied","open",""
"Elderless","0a2f39ea-e0e2-41f7-84b2-b839e7fa16c6","2031-04-30","buy-to-let","open",""
"Elderless","0a2fc7e7-81d3-41ac-90e9-e53e4f6c21bd","2027-09-14","buy-to-let","open",""
"Roast Ham","0a36b9e7-af33-4622-aeb4-983256a59a59","2026-03-31","owner-occupied","switched","2026-03-18"
"Elderless","0a383bc3-fcf1-4cd1-ade3-f253158f4267","2030-04-23","owner-occupied","open",""
"Hidecreek","0a39e041-785c-4f5a-a37f-89ed18754e44","2026-10-07","buy-to-let","open",""
"Elderless","0a3d0a9e-c581-4fa8-9df1-31defd7e6a39","2031-04-08","buy-to-let","open",""
"Elderless","0a3d442f-b1de-4984-8f3d-841b98672ece","2030-01-06","buy-to-let","open",""
"Elderless","0a40258e-b124-4132-88f7-d6cdea00992b","2029-12-01","buy-to-let","open",""
"Hidecreek","0a44bb53-ef15-4257-95c7-4d6c984aee50","2026-02-04","commercial-buy-to-let","switched","2026-02-05"
"Hidecreek","0a46baa1-4f8a-45f0-ac36-ed084ff4c23d","2030-03-25","buy-to-let","open",""
"Elderless","0a47c375-7736-4fbf-ba70-57d36d985fd4","2026-09-30","buy-to-let","open",""
"Elderless","0a48b56b-d2a0-4e71-a1f6-e95bb7f716b9","2031-02-28","owner-occupied","open",""
"Elderless","0a48d8f6-af50-4c25-8bc8-c166bdef4eab","2030-11-30","buy-to-let","open",""
"Elderless","0a516bc1-2271-4ab9-a13c-05083d535652","2027-09-30","buy-to-let","open",""
"Elderless","0a520402-2e92-4f1d-83e1-321e24571153","2030-08-07","buy-to-let","open",""
"Elderless","0a524966-a82f-4aae-b67f-d7f4051dd3b8","2026-05-31","buy-to-let","open",""
"Elderless","0a5341f5-2e64-44a3-b139-3f55328fe0ed","2028-05-04","buy-to-let","open",""
"Elderless","0a53b12c-a963-45f9-bf6e-7d25e7c1288d","2027-06-25","buy-to-let","open",""
"Elderless","0a54ac76-6950-453b-9d06-634273515322","2027-08-08","owner-occupied","open",""
"Hidecreek","0a54e0d3-0bc3-4984-8fc8-418df055d5d3","2028-02-23","semi-commercial-buy-to-let","open",""
"Elderless","0a5ee323-098f-425a-9e3b-22ba94277fc5","2030-10-02","buy-to-let","open",""
"Elderless","0a60f2ae-b861-4ed5-947a-c7ed24ddae7f","2028-01-31","buy-to-let","open",""
"Elderless","0a61a0c8-f7c2-4318-8519-d536c99d879e","2030-11-10","buy-to-let","open",""
"Elderless","0a6ad85a-edf3-4ccf-a1de-7ec0f9321f16","2030-06-18","buy-to-let","open",""
"Elderless","0a6c891f-49b1-4b6b-bf73-ecadbff121f9","2026-12-31","buy-to-let","open",""
"Elderless","0a6ea902-a208-4eed-bc13-aee6cf7a927a","2030-01-26","buy-to-let","open",""
"Roast Ham","0a6f2331-0324-4ef8-bbf5-b57cbfcb76d1","2030-02-28","buy-to-let","open",""
"Roast Ham","0a72ee04-e2d5-4e66-881b-7d6dc460c3a7","2027-08-31","buy-to-let","open",""
"Elderless","0a75f6d5-c118-41f7-8d6e-0b621199034a","2028-05-10","buy-to-let","open",""
"Elderless","0a769049-9483-4f06-a326-b0653b2d49cd","2030-10-06","owner-occupied","open",""
"Elderless","0a797852-0599-49af-a959-be3545c92bd1","2027-10-31","buy-to-let","open",""
"Elderless","0a80cada-99e7-48c3-8298-e7aad94b3d83","2026-07-31","buy-to-let","switched","2026-05-22"
"Elderless","0a8214c2-2212-4159-8cc4-a3563116a46a","2029-03-06","buy-to-let","open",""
"Elderless","0a85f015-cba9-4d8e-bf6f-8c4b85217f02","2025-08-31","owner-occupied","switched","2025-08-01"
"Roast Ham","0a896385-a99b-49bf-b9dc-e01b6993878d","2028-03-31","buy-to-let","open",""
"Elderless","0a8a4c11-fcc5-47aa-84e4-2b45adbf87c9","2026-03-31","buy-to-let","switched","2026-01-07"
"Elderless","0a8e2f09-99d6-4f49-b46e-fc6d6550e6bb","2027-11-06","owner-occupied","open",""
"Roast Ham","0a9458bc-b7a4-45b5-be71-8632ebc6bda1","2027-10-31","owner-occupied","open",""
"Elderless","0a959e78-7e89-4b76-98b2-bcd13774bb2e","2026-02-28","buy-to-let","redeemed","2026-03-24"
"Hidecreek","0a9947a4-4617-4f3d-bdca-0e0416df2915","2030-03-09","buy-to-let","open",""
"Roast Ham","0a9e7b6e-f3b3-4dc1-94f2-cd8b8991c5f1","2026-12-31","owner-occupied","open",""
"Elderless","0aa0ad48-dd83-4d2c-9608-855955a615ce","2026-08-12","buy-to-let","open",""
"Elderless","0aa0c9d5-7843-482b-82dd-143249e81dc4","2030-07-15","buy-to-let","open",""
"Elderless","0aa1880d-0e16-42d6-9c3d-cec7efb4eb85","2029-10-13","buy-to-let","open",""
"Elderless","0aa96589-3043-4df6-8392-c3fc214d61fc","2026-05-31","owner-occupied","redeemed","2026-02-07"
"Roast Ham","0aa9cf51-3a84-4156-bc2c-26e9f169ed1f","2027-10-31","buy-to-let","open",""
"Elderless","0aaa91e9-c9bc-4191-a4bb-28d944915472","2025-05-31","owner-occupied","redeemed","2025-06-04"
"Elderless","0aacbb81-bda4-4f4a-9e90-e491099335d5","2030-05-07","buy-to-let","open",""
"Roast Ham","0aacf68c-c12d-435a-baa8-b75b6f961368","2027-07-31","buy-to-let","open",""
"Elderless","0aae9b87-37b3-4a02-8569-08734152ed8d","2029-11-14","buy-to-let","open",""
"Roast Ham","0ab0f62a-32d4-4e8e-8749-0f51f14495b5","2025-09-30","buy-to-let","switched","2025-09-20"
"Elderless","0ab120e7-da31-48a0-bca4-a223bc438905","2027-07-01","buy-to-let","open",""
"Elderless","0ab261b6-2f54-4983-9b9d-026bc4768025","2027-04-01","buy-to-let","open",""
"Elderless","0ab2ef57-4d1e-4880-9d7b-422812add1c2","2029-06-27","buy-to-let","open",""
"Roast Ham","0ab5c766-1c14-40b3-b168-50384fa4af55","2027-03-31","owner-occupied","open",""
"Roast Ham","0ab705dd-cb67-4e9f-91c7-bf558acfede2","2026-11-30","owner-occupied","open",""
"Elderless","0ab74377-e803-45a3-babe-ef43787cd071","2025-12-03","buy-to-let","switched","2025-08-22"
"Roast Ham","0ab778fa-2284-44c4-854c-8bace1dd6867","2029-10-31","owner-occupied","open",""
"Elderless","0ab9295a-4e5e-47d9-9fc8-bf1fcc7cc151","2025-10-05","owner-occupied","switched","2025-09-17"
"Roast Ham","0abef879-9919-4149-94c4-349b7e51ee66","2026-03-31","owner-occupied","switched","2026-03-30"
"Elderless","0abfffa6-b3ce-4c5c-9c38-946c93070405","2029-09-26","owner-occupied","open",""
"Hidecreek","0ac04b21-279e-4296-96ed-eeb9ab672946","2026-12-17","commercial-buy-to-let","open",""
"Elderless","0ac5b041-9f84-4851-9051-3cdd85979b73","2027-04-30","owner-occupied","redeemed","2025-07-16"
"Elderless","0ac62547-66f7-4f0f-8d11-cafff428dfa6","2027-05-31","owner-occupied","open",""
"Elderless","0ac76422-140b-4564-a1b7-39e8516bf31e","2030-09-08","buy-to-let","open",""
"Roast Ham","0ac7db1f-6906-4dc5-bcea-1deeb71cf0f2","2027-06-30","owner-occupied","open",""
"Elderless","0ad03911-d626-4c1c-9c15-5af198ef4d49","2031-01-28","buy-to-let","open",""
"Elderless","0ad187b5-1343-4c54-8fdf-c19390348e7b","2028-09-06","buy-to-let","open",""
"Hidecreek","0ad69cfa-b249-41d6-82ce-caab7847a55a","2030-10-28","commercial-buy-to-let","open",""
"Elderless","0ad90afe-fbac-466a-8cf3-230088658023","2025-07-31","buy-to-let","redeemed","2025-09-10"
"Elderless","0adaf4bf-f73d-4044-98ef-0d0e3b2ef704","2026-03-31","owner-occupied","redeemed","2025-12-18"
"Elderless","0addbee2-b0ec-414c-a9d8-babe28115c9d","2028-05-07","owner-occupied","open",""
"Hidecreek","0adf67df-bc42-4cea-bf96-808111456e88","2030-08-18","buy-to-let","open",""
"Hidecreek","0ae070e0-0127-4495-bb74-2cec1e08a35b","2029-06-26","buy-to-let","open",""
"California","0ae64ed3-86dc-4d14-ae34-1b63b81faa13","2026-08-02","buy-to-let","redeemed","2026-02-20"
"Hidecreek","073b2650-3489-4585-865c-ace20eb54822","2028-02-27","semi-commercial-buy-to-let","open",""
"Elderless","073b5f54-7536-4787-aad9-1a5160d04dd3","2027-10-30","buy-to-let","open",""
"Elderless","073bb557-da0a-4128-886c-20eb4a2a2b48","2028-03-23","buy-to-let","open",""
"Elderless","073d7d4f-27d9-4917-9cc8-c5f78c3317e1","2027-01-19","owner-occupied","open",""
"Elderless","0740627c-0da0-4f20-ad55-0bd2aca2c4a5","2027-12-14","buy-to-let","open",""
"Roast Ham","074263d8-791b-4156-8361-d7ce50174e6f","2027-03-31","buy-to-let","open",""
"Hidecreek","07443376-6ee3-49b6-9eb1-38692793f080","2027-09-23","buy-to-let","open",""
"Roast Ham","07452d76-7101-49fa-ba75-eeb33b29e4c6","2028-03-31","owner-occupied","open",""
"Elderless","074a5adc-b5ec-41b9-883e-ba6d8a453c10","2031-02-12","buy-to-let","open",""
"Elderless","074b376b-9ec7-446e-9781-a671ecafb273","2027-11-30","owner-occupied","open",""
"Elderless","0750618b-9afd-4493-b204-cd1ad753cbbc","2029-03-11","buy-to-let","open",""
"Elderless","07542859-dc00-4a59-bd28-be05f5de1a65","2030-12-16","owner-occupied","open",""
"Elderless","075862d3-067d-44ed-8e1c-303fe32a0a77","2029-03-31","owner-occupied","open",""
"Elderless","075b18dd-f7f8-4ece-b67a-92dd77691470","2027-03-31","buy-to-let","open",""
"Hidecreek","075cc5a3-d456-425f-a387-4255120faa95","2031-03-31","buy-to-let","open",""
"Elderless","07616174-8f2a-4af3-9ae7-d4555017271c","2026-06-30","buy-to-let","open",""
"Roast Ham","0763aca1-28d1-42a3-9b58-ab2edd63acfa","2026-10-31","owner-occupied","open",""
"Roast Ham","0766978e-611d-4be5-aaa9-8e7e2631f673","2028-01-31","buy-to-let","open",""
"Elderless","07681e6c-5500-42f2-9ad8-18945e46b92a","2025-08-31","owner-occupied","switched","2025-08-07"
"Roast Ham","0768a284-7000-47b5-9e38-9db63e1d9bcc","2026-11-30","buy-to-let","open",""
"Elderless","0769ce47-1d5e-431f-a36b-d6937bc24c06","2027-09-30","buy-to-let","open",""
"Elderless","076a98aa-48c3-4a78-8702-271db2abd3fc","2026-04-30","buy-to-let","switched","2026-04-29"
"Roast Ham","076b56bf-a721-45d1-86aa-c89dcaf7386a","2026-05-30","owner-occupied","open",""
"Elderless","0770cce0-a52d-426a-89aa-6b9f74d42e9d","2027-10-18","buy-to-let","open",""
"Elderless","07713187-0663-4834-a964-ad59ba7d380d","2025-10-18","owner-occupied","redeemed","2025-10-22"
"Elderless","07738da2-9764-41e0-ba16-3cff4469c52d","2029-08-15","buy-to-let","open",""
"Elderless","077cd544-94b3-4c4d-89a9-bd9c44526c16","2031-01-01","buy-to-let","open",""
"Elderless","0788e762-87dd-46f3-9dc5-ec765f170b24","2028-08-31","buy-to-let","open",""
"California","0788ef3b-183b-4763-b639-3aaf432582de","2029-06-02","commercial-buy-to-let","open",""
"Elderless","0789bc1b-1864-44dd-96fe-35d4fdc46f36","2029-12-11","buy-to-let","open",""
"Hidecreek","078a68eb-9beb-4a91-97bb-55186b031a47","2028-09-27","semi-commercial-buy-to-let","open",""
"Elderless","078a7701-c265-48af-abb4-3411c211e921","2027-08-16","buy-to-let","open",""
"Elderless","078cda41-c4a7-4d76-a774-37e90d69bef5","2027-10-05","owner-occupied","open",""
"Elderless","078ce49c-c940-4109-b4c2-411bd6f5052d","2031-04-30","buy-to-let","open",""
"Elderless","0791257b-6385-4dac-a600-1bcaf21f5ec4","2029-01-11","owner-occupied","open",""
"Hidecreek","079817d8-1ce1-4c95-bcb8-66b08bdc35d5","2027-10-06","buy-to-let","open",""
"Elderless","079917e0-a459-4891-9b4e-d1863cf3cd7f","2030-01-14","buy-to-let","open",""
"Roast Ham","079c2930-a6c9-4002-95d2-f7cba5d3f221","2025-05-24","buy-to-let","redeemed","2024-12-20"
"Roast Ham","079d4686-487d-497f-9c2a-48d4561cc9d2","2028-05-31","owner-occupied","open",""
"Roast Ham","079e7b89-525d-40f9-a3f0-e192760d2302","2025-11-30","owner-occupied","redeemed","2026-01-10"
"Elderless","07a590cd-eacf-4479-8e34-c7935fce9b91","2027-10-23","owner-occupied","open",""
"Roast Ham","07a70ee6-7c41-43da-bd1d-64d75e00648d","2029-01-31","buy-to-let","open",""
"Elderless","07a756eb-5cac-433d-9d24-f409a3cdd738","2027-04-14","owner-occupied","open",""
"Elderless","07a8dbc1-1ae5-46e3-9206-b70b42148847","2026-08-22","buy-to-let","switched","2025-03-11"
"Hidecreek","07aab42a-8954-4519-a410-34cba9c41d0b","2030-10-30","buy-to-let","open",""
"Elderless","07abb28a-d7e2-46a1-b4f0-8785c1315dcc","2027-12-07","buy-to-let","open",""
"Hidecreek","07ac9d5c-0135-40e0-b887-46e0dce43d13","2026-03-18","semi-commercial-buy-to-let","open",""
"Elderless","07ad9b51-d507-432a-9e85-9988750b149d","2027-06-19","buy-to-let","open",""
"Elderless","07add821-50c8-4c89-aa4c-f8eff5ce4ae6","2025-07-31","owner-occupied","switched","2025-07-17"
"Hidecreek","07b1f15c-8ad8-49e8-8a45-abc2f3dd1d37","2027-04-05","buy-to-let","open",""
"Roast Ham","07b6612e-c541-4da8-a98f-b2dc46d00722","2026-09-30","owner-occupied","open",""
"Elderless","07bc4395-a588-433b-a5bb-8d2c88f8d1c8","2027-09-30","owner-occupied","open",""
"Elderless","07bccce9-efb6-4103-b074-ffe85159b4a7","2031-04-16","buy-to-let","open",""
"Hidecreek","07bd819b-cc44-49e5-b848-f55d184876df","2026-08-06","buy-to-let","open",""
"Roast Ham","07c1431d-944f-420b-9ad8-d00545ff91e5","2027-09-30","owner-occupied","open",""
"Roast Ham","07c252b6-d4c0-46ed-86aa-e0156ee00eff","2025-12-31","owner-occupied","switched","2025-09-11"
"Elderless","07c35475-de36-4390-a844-24284f42a4c3","2030-10-31","owner-occupied","open",""
"Hidecreek","07c4d540-8f6b-4a50-8eb8-ffbd4b355956","2026-10-23","buy-to-let","open",""
"Hidecreek","07c5abe1-c3b4-4e6d-9b27-31b070c801ff","2027-08-26","semi-commercial-buy-to-let","open",""
"Elderless","07c5dac4-e274-4a7d-a44a-a00631247bf3","2030-03-31","buy-to-let","open",""
"Elderless","07c7c90a-2330-4d40-afe9-eb80971a0fb7","2027-07-31","owner-occupied","open",""
"Elderless","07cbc3d5-c5bc-4df7-b18f-44e2f1ccedaf","2026-11-30","buy-to-let","open",""
"Elderless","07cf1739-057e-41ee-8536-7e35bf16f9f5","2030-09-30","buy-to-let","open",""
"Elderless","07cf6d90-3afe-4587-b6ed-bb4634f293d1","2026-11-30","buy-to-let","open",""
"Roast Ham","07d06e4d-4556-4c89-98f0-2ef133f3306d","2028-12-31","owner-occupied","open",""
"Elderless","07d253cc-e34e-4cfc-bd7e-952f7a265eda","2027-09-05","buy-to-let","open",""
"Roast Ham","07d79aa0-a528-45ca-84f3-29dc618def65","2026-11-30","buy-to-let","redeemed","2026-02-07"
"Elderless","07d83bd8-bd53-4383-aca9-876203f81d60","2030-07-31","buy-to-let","open",""
"Roast Ham","07db69ae-b759-4803-bbc2-8d43e7b23573","2027-03-31","buy-to-let","open",""
"Roast Ham","07db9b2e-b5ce-4625-a0ff-5dc3c71b8c32","2028-03-31","owner-occupied","open",""
"Elderless","07dc1922-fb34-4d12-ba29-163a4b20a71f","2030-12-01","buy-to-let","open",""
"Hidecreek","07dd3190-de78-4fdf-91f1-63947eab8ae1","2027-01-19","buy-to-let","open",""
"Elderless","07df0354-4ea1-4ee4-8c5b-f9095b2bb8a2","2031-04-01","buy-to-let","open",""
"Elderless","07e3a036-49dd-4d94-8f9c-0cd5f481ea99","2027-10-31","buy-to-let","open",""
"Roast Ham","07e4ceaf-dbc5-4117-9988-173d0993d1f5","2029-11-30","buy-to-let","open",""
"Roast Ham","07e632a5-dc07-4d27-9802-099bc74741ad","2025-09-30","buy-to-let","redeemed","2025-10-25"
"Elderless","07eac139-22a4-4b10-938b-77c954efe9f6","2028-03-31","buy-to-let","open",""
"Elderless","07f1182d-45a3-443c-8cb0-2809a7634677","2027-05-05","buy-to-let","open",""
"Roast Ham","07f2b0fb-a56d-4183-b866-a833346ddf94","2026-02-28","owner-occupied","switched","2026-01-08"
"Elderless","07f45af4-8895-489d-99c2-49b0b587d881","2028-06-19","buy-to-let","open",""
"Roast Ham","07f4c9d9-6a94-4986-90c6-fee14d1adcb1","2026-03-31","buy-to-let","switched","2026-02-13"
"Roast Ham","07f56b7c-3591-4bfa-826a-e9d2a191e661","2029-06-30","owner-occupied","open",""
"Hidecreek","07f7c491-e614-4089-8ee0-b533804aaf63","2030-02-05","buy-to-let","open",""
"Elderless","0841b280-2ffc-4edf-a675-a413ca596d8a","2027-10-31","buy-to-let","open",""
"Elderless","0842aaed-d3db-4e7c-b20d-3943c9a5c72b","2031-03-12","buy-to-let","open",""
"Elderless","084b2f0e-c1da-4434-9100-180fef70ae80","2026-03-10","owner-occupied","redeemed","2026-04-21"
"Elderless","084c5ff1-1a3c-4997-962a-20e49e18bad8","2027-10-08","buy-to-let","open",""
"Elderless","084db9e3-1fa4-4073-8b24-40e50a613a54","2027-07-31","owner-occupied","open",""
"Elderless","084ec0f7-aaeb-4a41-b77e-b888855b6e68","2026-10-31","owner-occupied","open",""
"Elderless","085736a1-a351-4523-913d-09921b059ee5","2027-09-07","buy-to-let","open",""
"Hidecreek","085830a9-9285-4cf9-8cff-cb657f4d98dd","2029-04-09","buy-to-let","open",""
"Roast Ham","085fcfdd-5c4b-4e73-903c-7229450dbf3b","2026-03-31","buy-to-let","switched","2026-02-18"
"Roast Ham","0860a2b0-b396-421f-b2cb-8fdb388e3c4f","2026-11-30","owner-occupied","redeemed","2026-05-16"
"Hidecreek","08612aef-3a2b-4524-bac0-f3e11bf93fad","2027-08-24","buy-to-let","open",""
"Roast Ham","0861f6cd-95a0-42f9-b3ac-5c244b5a425d","2027-06-30","owner-occupied","open",""
"Elderless","08629ee5-8838-42d0-bc91-66ba0cc8b85f","2027-10-31","owner-occupied","open",""
"Roast Ham","08686361-1568-43aa-a3be-11ea7a3a976e","2029-06-30","owner-occupied","open",""
"Hidecreek","0871c331-4fe2-49d5-aae3-3eb94906eb2e","2029-03-22","buy-to-let","open",""
"Roast Ham","08787d44-d82b-41ac-a8f8-48dee1a94055","2027-01-31","buy-to-let","open",""
"Elderless","0878eb49-cb1a-46b6-a8ae-c8c0a3d2637a","2025-08-31","owner-occupied","switched","2025-08-29"
"Roast Ham","087a3379-c6a8-47e2-a2fb-9d5644c9999e","2027-03-31","owner-occupied","open",""
"Elderless","087dd82c-9f58-434a-a051-2a200da901b1","2027-08-20","buy-to-let","open",""
"Elderless","088283c4-f4b8-48bf-8cda-1545cd1ee036","2026-04-02","buy-to-let","redeemed","2026-05-14"
"Elderless","088638bb-8fa8-4616-85cf-ae808c19f417","2026-02-03","owner-occupied","switched","2025-11-06"
"Roast Ham","08899c08-ec2a-4344-9b87-c80ebd9728af","2027-03-30","buy-to-let","open",""
"Roast Ham","0889df97-6f51-4a36-9afc-fe72bb189474","2027-03-31","buy-to-let","open",""
"Elderless","088d107d-6bd9-4ba9-8221-46cb4c97b837","2028-05-20","owner-occupied","open",""
"Hidecreek","0892c1d5-413a-4ab7-9959-f5ac11f0fdaa","2027-07-22","buy-to-let","open",""
"Elderless","08954e6d-776b-4358-913d-08566acfd731","2030-04-14","buy-to-let","open",""
"Elderless","089747b4-6497-409b-a13c-9d5d4308f936","2026-10-31","owner-occupied","open",""
"Elderless","08992f6c-f6e8-4dd4-8602-f5cc8cb8b93c","2025-08-31","buy-to-let","redeemed","2025-11-06"
"Hidecreek","08997423-7d9e-4091-bc0d-fb6fde753783","2030-07-30","commercial-buy-to-let","open",""
"Elderless","0899e56d-9cf9-4458-9050-ffde5752539d","2026-09-30","owner-occupied","open",""
"Elderless","089a7bed-da06-4506-98d9-c9d89e78f68f","2026-12-31","buy-to-let","open",""
"Elderless","089f1188-9b58-4411-818e-bfda94a99a2e","2030-04-22","buy-to-let","open",""
"Elderless","08a097fc-6ed5-400b-abad-31dc0797b84f","2026-11-09","owner-occupied","open",""
"Roast Ham","08a0f213-969b-4a34-b3d4-26a0f670cd77","2026-01-30","buy-to-let","redeemed","2026-01-07"
"Roast Ham","08a26fdc-359f-499f-8bb8-a8860e0fcb82","2025-06-30","owner-occupied","redeemed","2025-07-02"
"Elderless","08a3ce21-225e-4c9e-821a-f413334d2bad","2025-07-31","buy-to-let","switched","2025-03-05"
"Elderless","08a6b296-4e6e-49cf-a4a1-80c8293d2423","2025-11-12","buy-to-let","switched","2025-12-03"
"Roast Ham","08aaa0e6-eedb-43b1-9e86-041af1d48f0b","2027-08-31","owner-occupied","open",""
"Hidecreek","08ae119e-c3d0-4767-ba78-b82891ece86b","2027-01-06","commercial-buy-to-let","open",""
"Roast Ham","08ae4dd3-4a73-43a4-bb6f-65c45d7194a3","2027-05-31","owner-occupied","open",""
"Roast Ham","08b22422-5241-446b-b85c-4a265ea96040","2026-05-13","buy-to-let","switched","2024-05-16"
"Hidecreek","08b2d2ba-89ae-486d-b98d-9d1f1d8f4a82","2029-02-28","buy-to-let","open",""
"Roast Ham","08b2fe91-761b-462c-97dc-9dace35af289","2025-11-30","owner-occupied","redeemed","2025-11-29"
"Hidecreek","08b459ff-946a-4f66-a6db-a0a7477126bc","2027-02-28","commercial-buy-to-let","open",""
"Roast Ham","08b4c7ec-2e95-47ad-976a-281bb9346926","2028-08-31","buy-to-let","open",""
"Hidecreek","08b7eab4-4dc3-401b-be34-caea4b1d5821","2029-07-26","buy-to-let","open",""
"Hidecreek","08b8052f-0ef4-4492-988e-973fbdbe807a","2027-10-14","buy-to-let","open",""
"Elderless","08b9b831-1951-4a64-b446-170d2ec0d193","2027-09-30","owner-occupied","open",""
"Roast Ham","08bf0e46-9942-4533-8958-5cb5d74bf919","2025-09-30","buy-to-let","switched","2025-08-09"
"Elderless","08c386aa-06df-4b7b-b33b-1f4e716ca17b","2030-12-04","buy-to-let","open",""
"Hidecreek","08c6b83c-8570-4eb6-919b-1b02d5540843","2028-10-27","buy-to-let","open",""
"Elderless","08c88213-b319-40ec-9c04-fab6d4d6c63d","2030-12-17","buy-to-let","open",""
"Roast Ham","08d123b8-ced5-432d-a13a-241c07e42340","2030-02-28","owner-occupied","open",""
"Elderless","08d13112-fc9f-4c98-a30f-f9453df5ca3b","2028-03-30","buy-to-let","open",""
"Roast Ham","08d30fe0-4a12-491f-90bd-13abd1c67852","2029-12-31","owner-occupied","open",""
"Elderless","08d69a47-1c5f-4e7e-b4a8-67bb73357c34","2026-07-22","buy-to-let","open",""
"Elderless","08d84f29-e4c0-4ac3-a35a-817d5fbe967f","2028-09-26","buy-to-let","open",""
"Roast Ham","08ddd627-1e5d-45b8-9706-a275288a080c","2027-10-31","owner-occupied","open",""
"Elderless","08e3d0c7-604e-4b1d-affc-3bc8322cddd9","2029-05-08","buy-to-let","open",""
"Elderless","08e7617a-c0dc-4640-9b11-8157f3674cf6","2026-10-10","buy-to-let","open",""
"Elderless","08e9bc71-3c72-41d2-9891-9d5c60e72f8c","2029-09-30","owner-occupied","open",""
"Elderless","08eaaefc-beb7-4a6a-900b-b049309f906e","2029-12-17","buy-to-let","open",""
"Elderless","08ec6b01-129e-4fb0-996b-6ea61f6ebf69","2030-03-20","buy-to-let","open",""
"Elderless","08ecc8ca-8eba-45b3-8238-fa31f94400fc","2028-02-16","buy-to-let","open",""
"Roast Ham","08f1bfd9-4214-444a-ac05-d7bbbac3af1e","2025-10-31","owner-occupied","redeemed","2026-04-08"
"Elderless","08f24885-9ef2-4f43-9a45-1d6a0c0bc3e1","2028-02-29","owner-occupied","open",""
"Elderless","08f61a2b-fa33-4fb1-b408-790eaf718231","2030-04-29","owner-occupied","open",""
"Elderless","08f8628b-0ec6-4297-adce-69fa4bf9aa4b","2029-12-16","buy-to-let","open",""
"Elderless","08fbbfaa-255c-4945-99bb-bc8371e6c2fd","2027-08-31","buy-to-let","open",""
"Elderless","08fce232-9605-46f4-be54-2c9536a4e0ec","2026-05-31","buy-to-let","redeemed","2025-11-25"
"Elderless","09018bc0-f536-41d9-a084-647e6d595a01","2025-12-16","buy-to-let","open",""
"Elderless","09104a5b-3581-4201-86f3-d0e83d11c73a","2026-11-07","buy-to-let","open",""
"Elderless","09108735-d548-4b84-bbd7-0b8accce2f1f","2027-06-30","buy-to-let","open",""
"Elderless","09165fb1-19d4-4169-a31b-429c9580370c","2025-09-30","buy-to-let","redeemed","2025-11-11"
"Roast Ham","09166b4b-08cc-4349-92b5-ddb766a72394","2027-08-31","buy-to-let","open",""
"Roast Ham","0918e8fe-065c-4f52-b694-8aff0550bcd5","2025-05-31","buy-to-let","switched","2025-03-03"
"Hidecreek","091a2a2e-083c-498b-b799-e8a7c82ea472","2027-07-18","commercial-buy-to-let","open",""
"Roast Ham","091a69bc-c7d4-4e26-b78d-079034c27ae7","2025-07-31","owner-occupied","redeemed","2026-02-17"
"Roast Ham","091b3b09-dba9-4134-ab4e-afcde05bfea6","2028-01-31","owner-occupied","open",""
"Elderless","091c7a54-5674-4104-8885-7f035ae2194d","2030-04-09","buy-to-let","open",""
"Elderless","091d2988-3bc2-4893-a915-599f8d42a633","2030-11-16","buy-to-let","open",""
"Roast Ham","091eac5e-cd39-4d1c-931e-79dafa0c2ca5","2025-07-31","owner-occupied","redeemed","2024-03-13"
"Roast Ham","091f88b1-dbe1-4c25-8b5e-482061df333e","2027-04-30","buy-to-let","open",""
"Elderless","07feb892-17d2-4af5-9b7b-f1a43acd58e9","2029-08-01","buy-to-let","redeemed","2025-07-30"
"Roast Ham","0801199f-619c-4819-8c1d-d223b6809b1d","2026-07-31","owner-occupied","switched","2026-04-14"
"Elderless","08033f8b-424e-4117-b807-31dbf03f7795","2029-05-29","buy-to-let","open",""
"Hidecreek","08061379-23bd-47ba-b180-fb4a85d9e87d","2027-08-18","buy-to-let","open",""
"Elderless","080a2f25-0cf4-4bec-af5b-ac9c2264240e","2025-06-30","owner-occupied","switched","2025-06-19"
"Elderless","080ec11c-b2e1-4788-ad75-dcc5fc24acdf","2030-07-31","buy-to-let","redeemed","2026-03-24"
"Elderless","080f8005-d2d8-4791-8274-ce04305f8b5d","2030-06-30","owner-occupied","open",""
"Roast Ham","08113280-f3ff-4ebf-80b7-37358fa20d5a","2027-09-30","buy-to-let","redeemed","2026-04-02"
"Elderless","08166a81-0641-4b19-b8d6-c1e88ffc545f","2029-04-18","buy-to-let","open",""
"Roast Ham","081ad344-98ed-4d55-89c8-8b7fb685148d","2026-10-31","owner-occupied","open",""
"Roast Ham","081b0ab3-2711-4d22-b68a-b7f5e02163cd","2028-01-31","buy-to-let","open",""
"Elderless","081ca76d-68c0-41ac-8858-15953fc26c49","2027-07-15","owner-occupied","open",""
"Hidecreek","081cd52a-7d32-4e6f-aa24-2e3adfa7901c","2026-12-06","buy-to-let","open",""
"Elderless","081dc28c-be26-4693-9cee-f640c7d378c3","2030-05-07","buy-to-let","open",""
"Elderless","081fd849-5227-4e0a-92c1-ff254dcd2dcc","2028-01-31","buy-to-let","open",""
"Roast Ham","0826e56f-4822-42be-95de-3cd1d5002ba6","2026-04-30","owner-occupied","open",""
"Roast Ham","08273553-05c2-4884-97fc-ec6e35066e81","2027-06-30","owner-occupied","open",""
"Elderless","082848a4-39a9-40f3-80d7-a0e6e941acb9","2028-11-01","buy-to-let","open",""
"Elderless","082da97e-4be4-4ea9-b0ad-2673ebcb8fbf","2027-01-10","buy-to-let","open",""
"Hidecreek","0830220d-9902-4e0e-9824-de947cf0f6e8","2027-10-07","buy-to-let","redeemed","2025-09-09"
"Roast Ham","0830c20d-9a8d-41bd-9dc6-0d4c88890bf9","2028-04-30","owner-occupied","open",""
"Elderless","083186b5-377f-4ac7-b635-0f165f67eccd","2027-12-08","owner-occupied","open",""
"Roast Ham","0832b858-f3ec-4ede-be1b-ddc6c1b52c05","2028-03-31","owner-occupied","open",""
"California","08330653-02bc-4698-a82c-be2d6e163ab7","2026-04-01","commercial-buy-to-let","switched","2026-05-08"
"Roast Ham","0835b95e-6094-47bf-b917-ab70402f72ea","2026-01-31","owner-occupied","switched","2025-11-05"
"Elderless","0835f6fd-0269-4145-9ee6-d24237d02e1e","2030-03-31","buy-to-let","open",""
"Elderless","083889ad-baa2-40af-8ab1-cf6dbc5af151","2026-01-31","buy-to-let","open",""
"Roast Ham","0839ca04-15a2-41bb-94bd-31c9dd50b848","2027-05-31","buy-to-let","redeemed","2026-04-29"
"Elderless","083cc5e0-4a6a-4199-98f6-59d3e602328c","2026-12-19","owner-occupied","open",""
"Hidecreek","0844d6c0-d85c-42d1-84b3-a5249ce0304d","2028-09-12","commercial-buy-to-let","open",""
"Roast Ham","084b5e71-a259-43ef-8ff3-90723b812187","2025-09-30","owner-occupied","redeemed","2026-02-14"
"Elderless","084d28f9-8b1c-4a11-9cda-ee91f43f99d2","2025-09-12","buy-to-let","switched","2025-10-04"
"Elderless","084d9193-7ce0-471c-9292-92035d0e239c","2026-02-28","owner-occupied","redeemed","2026-03-13"
"Roast Ham","084ddae1-f5fe-47af-9c05-22a9b3af1325","2027-02-28","buy-to-let","open",""
"Hidecreek","085323e8-bc95-4f79-81b0-1843dad5a916","2027-10-28","buy-to-let","open",""
"Roast Ham","085654fc-f833-440d-b93c-f81e8477774e","2028-12-31","owner-occupied","open",""
"Roast Ham","0858ed8a-f47b-4941-9778-5910b1a719e7","2026-05-31","owner-occupied","open",""
"Roast Ham","085c535d-5f03-47e0-a27a-9d4e410ccf4f","2030-11-30","owner-occupied","open",""
"Elderless","085c7eda-7384-468b-92a2-f40ad3093cc9","2026-08-31","buy-to-let","open",""
"Roast Ham","085f11a8-8ac2-40c1-9077-4d9a76a7b20d","2027-04-16","owner-occupied","open",""
"Elderless","0861fb48-3334-423d-9cc2-3d92d52992fd","2029-05-23","buy-to-let","open",""
"Roast Ham","08626179-e121-49aa-8622-3c1c7f5c0def","2030-11-30","buy-to-let","open",""
"Hidecreek","086697b0-2537-48f7-aaf8-73c1b427340a","2031-06-15","semi-commercial-buy-to-let","open",""
"Elderless","086aab87-b0fa-403f-a144-e8f068c16142","2025-07-25","buy-to-let","switched","2025-07-08"
"Elderless","086abbfa-fbb1-4403-90db-6f1cd7c2a3a9","2027-03-24","owner-occupied","open",""
"Hidecreek","086ac87a-93f3-4b2e-81e9-2301ec91af39","2027-03-15","buy-to-let","open",""
"Elderless","086b4453-1e8b-423f-817b-40ed862d83b0","2029-04-04","owner-occupied","open",""
"Roast Ham","086c8416-2e3e-4cd3-882e-21e49d425036","2026-02-28","owner-occupied","switched","2026-02-03"
"Elderless","086cc5e5-9c30-4b69-987d-9064c6cdd623","2030-03-31","buy-to-let","open",""
"Roast Ham","086f66a0-1360-43db-ad9d-ad429dcd20f5","2026-11-30","buy-to-let","open",""
"Roast Ham","0870d307-127a-48e6-9ea9-154719df8914","2027-11-30","owner-occupied","open",""
"Roast Ham","087664d7-89a1-4df8-bffb-cc41351d7215","2026-09-30","owner-occupied","redeemed","2025-01-22"
"Elderless","0876cf8d-8a59-45e9-b553-8b8e1bb06b15","2028-04-01","buy-to-let","open",""
"Roast Ham","08771eed-8dcb-404d-af13-a838596fabf3","2027-02-28","buy-to-let","open",""
"Elderless","087a3a69-b753-4ed2-8612-b982b0a74d0c","2028-04-06","owner-occupied","open",""
"Roast Ham","087a6bd0-e620-4275-aa0e-49a21529d555","2028-01-31","owner-occupied","open",""
"Elderless","08810696-8404-461b-931d-a938bde3f17c","2027-10-13","buy-to-let","open",""
"Elderless","08830728-f231-4953-9823-d88ec1377be2","2025-07-29","buy-to-let","switched","2025-08-01"
"Elderless","08833cbf-7909-452c-8aca-9af0a035e7b0","2027-01-01","buy-to-let","open",""
"Elderless","0883a3db-e071-4649-8365-a9d064934da8","2026-06-30","buy-to-let","open",""
"Roast Ham","08845ef2-6e10-447b-8eb2-be5c04ea26cc","2027-10-31","owner-occupied","redeemed","2024-07-27"
"Roast Ham","08879375-d759-4f1c-b1a9-a70681f8c2f6","2029-05-31","buy-to-let","open",""
"Elderless","088abb96-d19f-4157-8e30-0634a8a2f8f8","2025-08-03","buy-to-let","switched","2025-07-04"
"Roast Ham","088f3ea9-5308-4a89-b469-50ae57a2ff76","2027-10-31","owner-occupied","open",""
"Elderless","08927aaf-c8b1-49f3-824e-f6433a463198","2026-04-30","owner-occupied","switched","2026-05-14"
"Elderless","0893c0e4-b50d-434d-8f7c-78c52d9ff189","2030-01-08","buy-to-let","open",""
"Roast Ham","089547ef-3ad2-4e60-9b78-bf74f8751ec3","2029-08-31","buy-to-let","open",""
"Elderless","08955f9e-5f79-4a0d-a729-02696f5337aa","2027-05-31","owner-occupied","open",""
"Elderless","089ab4c3-42b4-4917-9a18-c4dff9f0c238","2030-03-31","buy-to-let","open",""
"Elderless","089bd8d7-c879-4ff5-a13b-3c4bf8eb9aea","2026-09-30","buy-to-let","open",""
"Elderless","089d3f55-3e3e-4a1b-b467-e974686a3c4b","2026-10-19","buy-to-let","open",""
"Hidecreek","089f51ea-e6e7-4f5d-b124-93cd9c6bfe85","2029-04-24","buy-to-let","open",""
"Elderless","089ff260-4e79-49ab-a505-39a2f3a4933a","2027-11-15","owner-occupied","open",""
"Elderless","08a279a4-7480-4c84-9b79-1e1ec15ddc54","2030-06-23","buy-to-let","open",""
"Hidecreek","08a31c0b-d949-4cdb-b528-21b65f5bf441","2026-07-21","buy-to-let","open",""
"Elderless","08a4e73b-9be0-4246-b7d2-e86bf055b5b5","2030-06-12","owner-occupied","open",""
"Roast Ham","08a74fc7-6723-495d-ab3d-44f9d5c33f75","2029-05-31","buy-to-let","open",""
"Elderless","08aa106c-094b-4c50-8373-eb703c41da50","2026-12-01","buy-to-let","open",""
"Hidecreek","08aae857-6a1c-4885-bcda-07949bd03890","2027-10-16","buy-to-let","open",""
"Elderless","08abdc00-3a40-4e33-ae1f-8ea4b0178c74","2028-02-27","buy-to-let","open",""
"Roast Ham","08abdc5b-c99e-4147-bda9-aac13909bafb","2027-08-31","buy-to-let","open",""
"Roast Ham","08b28033-1001-44df-a389-669521519949","2029-01-31","owner-occupied","open",""
"Hidecreek","08b33399-e77e-4e54-a0c7-9ec6c63aa3ce","2027-02-22","buy-to-let","open",""
"Hidecreek","0ae696f4-709d-4903-aa2b-6debb44018ca","2027-05-17","buy-to-let","open",""
"Elderless","0ae911b0-642d-4483-9cd2-60b493f4fa22","2027-02-27","owner-occupied","open",""
"Roast Ham","0aeb99bc-d8ab-4913-8c62-4f63dae83a3d","2025-05-31","owner-occupied","switched","2025-04-10"
"Roast Ham","0aebcf78-ddac-44ac-a3e9-a834257d17db","2030-06-30","owner-occupied","open",""
"Elderless","0aec8cd4-8d7d-42a3-9839-9d27f76d0c23","2031-02-23","buy-to-let","open",""
"Elderless","0af00938-b74d-4e63-be83-fc38cd69e438","2026-05-31","owner-occupied","open",""
"Roast Ham","0af470e1-caa6-4b55-8e96-98c847d764c7","2028-03-31","buy-to-let","open",""
"Elderless","0af95842-72ce-48f6-992a-d5a52f4e0d8a","2030-10-31","buy-to-let","open",""
"Elderless","0afa2960-0b4b-4560-a505-7d97ce4ef93d","2031-01-22","buy-to-let","open",""
"Elderless","0afa9056-0162-470b-82a5-ac4618bc96e7","2027-11-12","buy-to-let","open",""
"Roast Ham","0afaa3e1-d432-4dbd-b64a-e09a45f02a4f","2026-01-31","owner-occupied","switched","2025-10-16"
"Roast Ham","0afb0206-2705-49ef-92fc-2820aba5b69c","2026-02-28","buy-to-let","switched","2026-02-06"
"Elderless","0afd8446-bf36-4aaf-a3a0-0ba210d4c5fb","2029-05-29","owner-occupied","open",""
"Elderless","0afe34e2-ecd3-4df6-adcc-6b380badecf5","2025-06-04","owner-occupied","switched","2025-03-12"
"Elderless","0b045bda-9ae9-4c8a-b679-1d95712a1a8d","2027-06-10","buy-to-let","open",""
"Roast Ham","0b06ac46-c1b2-4a69-8ce7-6768f9e508d9","2028-03-31","buy-to-let","open",""
"Elderless","0b0aeb33-4a6a-4015-828f-237145c1aa6d","2027-11-08","buy-to-let","open",""
"Elderless","0b0cd987-9f95-4384-aa8b-11b32a59727d","2026-07-31","owner-occupied","open",""
"Roast Ham","0b13991f-5d74-41a6-9279-fcbea7a98d76","2025-09-28","buy-to-let","switched","2025-10-07"
"Elderless","0b152994-d63c-4416-95d4-738f2ef8a634","2030-11-30","buy-to-let","open",""
"Roast Ham","0b16f553-773c-4ec8-b800-8195deb68f8f","2025-06-30","owner-occupied","redeemed","2025-06-27"
"Hidecreek","0b1a0a56-7e0c-4a47-83f8-328a6dad0aa5","2030-03-28","commercial-buy-to-let","open",""
"California","0b1b101d-e653-4673-be0d-6279746d4895","2028-11-28","commercial-owner-occupied","open",""
"Roast Ham","0b1f3a31-9e76-4ca6-b6a2-ef61ac78a72b","2026-12-31","owner-occupied","open",""
"Elderless","0b20077c-7aa8-4cc5-a53c-222eabdc07a6","2029-11-28","buy-to-let","open",""
"Roast Ham","0b202ca0-5d70-4d3e-89b6-64ffad90205e","2028-03-31","buy-to-let","open",""
"Elderless","0b282a3a-a19f-47cd-b5b7-4f63d01fb9fe","2028-03-31","buy-to-let","open",""
"Roast Ham","0b286238-9902-4395-b3d0-2b5e01f3b92f","2025-08-31","owner-occupied","redeemed","2024-05-15"
"Roast Ham","0b2a6c03-6fb4-4b77-a169-35a5b699c56f","2026-11-30","owner-occupied","open",""
"Hidecreek","0b2e7817-08ff-4a93-9af1-61dedf74afee","2026-09-08","commercial-buy-to-let","open",""
"Hidecreek","0b30421d-e1d3-4ed6-a6bb-b787e7e6c32b","2028-07-24","buy-to-let","open",""
"Elderless","0b314bae-b34b-4d40-a98f-349461ae6f54","2029-07-04","owner-occupied","open",""
"Elderless","0b34d3c6-f832-4660-95c0-fcd350aa1639","2026-11-26","buy-to-let","open",""
"Roast Ham","0b3956b0-89db-4200-ae1a-62e82fdd7339","2028-10-31","owner-occupied","open",""
"Roast Ham","0b3b626d-5910-4c02-8fde-42dec0305648","2026-11-30","buy-to-let","open",""
"Elderless","0b3c2433-2a8e-4812-a9b5-271982bbfa6a","2027-03-31","buy-to-let","open",""
"Elderless","0b400e1b-9563-4418-a00a-1dcc640bcaf3","2027-05-30","buy-to-let","open",""
"Elderless","0b40271a-72a8-4607-8c58-acd2bd78d793","2027-10-29","buy-to-let","open",""
"Elderless","0b461698-a6f3-419f-b749-d740b12814ed","2028-03-31","buy-to-let","open",""
"Roast Ham","0b461c16-6e9c-4b1e-a192-96ea2b42e268","2029-06-30","buy-to-let","open",""
"Elderless","0b49dfc7-04a1-4b28-a443-920bd0a86c96","2026-02-27","buy-to-let","redeemed","2026-03-04"
"Elderless","0b4bbbae-b7bd-498e-8038-73de0a36217a","2026-04-30","buy-to-let","switched","2026-03-05"
"Elderless","0b4f082e-cdae-45cc-b4a4-4d56c943ba58","2025-09-30","buy-to-let","switched","2025-06-12"
"Roast Ham","0b4fe1b2-11cc-482d-ab3c-b95693947723","2025-09-30","owner-occupied","switched","2025-09-27"
"Elderless","0b4fe760-d51b-4ad1-8433-56829075b31a","2026-05-31","buy-to-let","switched","2026-05-16"
"Elderless","0b570e89-b7f6-4773-82b7-de28124a3d15","2031-05-04","buy-to-let","open",""
"Elderless","0b59c9e2-120c-46ea-bf83-cec0ad5c7b7c","2027-12-01","buy-to-let","open",""
"Elderless","0b678ef2-79a9-4efc-90c2-a2e9e2174f67","2028-04-01","buy-to-let","open",""
"Elderless","0b6a348f-6654-4c61-9cb4-f39c7e82b6b5","2031-05-04","owner-occupied","open",""
"Hidecreek","0b6b44ea-3c38-4b75-9168-a3b757e0f539","2030-05-23","buy-to-let","open",""
"Hidecreek","0b6f95c9-03b6-409e-ad90-9efd6bb6c7cf","2026-10-01","semi-commercial-buy-to-let","open",""
"Elderless","0b7263e1-c310-4c61-94c6-9ea17cf38dd4","2030-01-09","buy-to-let","open",""
"Roast Ham","0b788ee3-48ba-4e9d-a733-4d4e58fdbca6","2028-04-30","owner-occupied","open",""
"Roast Ham","0b78cb3f-0921-4772-b8a9-ce2fb7db752f","2026-05-31","owner-occupied","open",""
"Elderless","0b7b136d-94a8-48e5-a081-35d3b7a6c49c","2029-12-17","buy-to-let","redeemed","2026-03-27"
"Elderless","0b874193-d778-45f6-a8f4-a8e43e39b196","2029-10-28","buy-to-let","open",""
"Roast Ham","0b87dcc3-658a-4599-9b69-66b7b07e4cec","2028-01-31","buy-to-let","open",""
"Elderless","0b8f1989-6b18-4e03-9203-87cc878a4ad4","2028-03-31","owner-occupied","open",""
"Elderless","0b8f8d75-d210-4d73-8a34-5e555ddd260b","2026-01-31","buy-to-let","open",""
"Elderless","0b932c6c-c8e8-4633-89bd-c183bdc21284","2027-07-13","buy-to-let","open",""
"Roast Ham","0b962bce-d464-44d2-a0ed-5aae25403032","2029-11-30","buy-to-let","open",""
"Elderless","0b98bba6-9978-4fb9-98e4-25d09c7a71cd","2027-09-30","owner-occupied","open",""
"Elderless","0ba0c8e4-1145-4200-b108-1300c158ed69","2030-05-13","buy-to-let","open",""
"Elderless","0ba65fd1-b603-423a-9a5d-873acc1c0875","2027-09-30","owner-occupied","open",""
"Hidecreek","0ba8d6fc-ad38-483e-a4ec-61facd09850e","2031-01-05","commercial-buy-to-let","open",""
"Elderless","0ba966ca-4d53-402d-928b-a2a28b9a42ee","2026-01-31","buy-to-let","switched","2025-10-09"
"Roast Ham","0baa23ef-4b74-412b-8147-731fd217f494","2027-06-30","owner-occupied","open",""
"Roast Ham","0badcddd-e072-4f3a-b79f-6dc14a768e52","2028-01-31","owner-occupied","open",""
"Elderless","0bb8216d-7de0-4228-a5e4-5fee09d6d96a","2027-08-31","buy-to-let","open",""
"Elderless","0bb93e04-8748-4025-9c4c-15bd4c2d8349","2027-08-28","buy-to-let","open",""
"Roast Ham","0bba0c86-0a1a-4e1f-b5d5-3b4bf13d2d17","2029-06-30","buy-to-let","open",""
"Elderless","0bba5ef8-9732-4c79-8405-de9ecef79eb0","2026-06-30","buy-to-let","open",""
"Elderless","0bbe607e-1ed4-4345-88ac-bb5a923875e3","2029-03-11","buy-to-let","open",""
"Roast Ham","0bbef49b-47ab-491e-b46e-c7c2afcc492b","2028-07-31","owner-occupied","open",""
"Elderless","0bbf8957-181a-4a9e-807a-abf36f7ea287","2027-03-23","owner-occupied","open",""
"Hidecreek","0bc5c77e-2672-4781-b8ac-b7204c97acde","2026-02-24","commercial-buy-to-let","open",""
"Roast Ham","0bcc092c-3a16-46c7-865c-c0a1a46f52d1","2026-09-30","owner-occupied","open",""
"Elderless","0bccb1a5-8562-4629-a325-2bccbcd19a81","2031-05-20","buy-to-let","open",""
"Roast Ham","0bccf96e-4277-42b0-9533-ed914ad06564","2030-12-31","owner-occupied","open",""
"Roast Ham","0bd00786-cf1f-4d43-a4b4-3af9647f4f19","2026-06-30","owner-occupied","open",""
"Roast Ham","0bd6e598-2400-4b6a-80f3-4402cbbfc5e0","2029-03-31","owner-occupied","redeemed","2026-03-26"
"Elderless","0bddcacb-e91a-4b2c-bd86-ff796dc85d64","2028-02-22","buy-to-let","open",""
"Roast Ham","0be16dd4-b919-4386-ba72-c66f0f4d2698","2028-02-29","owner-occupied","open",""
"Roast Ham","08b411ec-2d3d-454f-b1a3-d9b654f467d4","2028-04-30","owner-occupied","open",""
"Roast Ham","08b424a6-9e0c-4932-b594-08597c192317","2027-10-31","owner-occupied","open",""
"Elderless","08b5323c-7d67-4cc8-8161-7e97983d64e4","2027-03-31","owner-occupied","open",""
"Roast Ham","08b8b303-6f52-4e07-a6af-4da6e6bd5e68","2025-07-31","owner-occupied","redeemed","2025-07-29"
"Elderless","08bbb81e-928f-4c9b-b74f-db89375bae45","2031-03-29","buy-to-let","open",""
"Roast Ham","08c1a818-3bcc-4030-9450-5575ba0fd44a","2027-09-30","owner-occupied","open",""
"Roast Ham","08c2cfbc-cc94-4eec-9fc5-815d958aed4a","2027-01-30","buy-to-let","open",""
"Elderless","08c4c46f-fd6c-4eda-9940-df26579fc42f","2026-04-22","buy-to-let","switched","2026-03-13"
"Hidecreek","08c7f01a-2db9-499a-8403-ae4326f34efe","2027-04-29","buy-to-let","open",""
"Roast Ham","08cd3146-9b36-456f-a79f-007141f61784","2030-11-30","owner-occupied","open",""
"Elderless","08cfd05c-c464-4549-86a4-669665237f06","2029-07-31","owner-occupied","open",""
"Roast Ham","08cff496-c105-4f5e-ab65-eee453ef930d","2029-01-31","buy-to-let","open",""
"Elderless","08d3891b-9fcc-42b2-8162-f935139cc8b2","2027-05-31","owner-occupied","open",""
"Hidecreek","08d66b7e-c519-4a5e-99e9-e27a799e3b72","2027-10-05","buy-to-let","redeemed","2025-09-09"
"Elderless","08db9a74-350d-47ea-8147-04f3c7e31c3f","2027-09-30","owner-occupied","open",""
"Elderless","08df2c67-89b2-41ab-aabc-ee692f52b775","2025-12-16","buy-to-let","switched","2025-11-13"
"Roast Ham","08e06f1f-12d9-4343-832d-6e8112c7e681","2025-08-31","buy-to-let","redeemed","2023-09-28"
"Roast Ham","08e1cc4b-5f81-49c2-9c4f-b1633a151a8f","2027-10-31","owner-occupied","open",""
"Elderless","08e2238a-f93b-44ad-8cd5-26ff0ba7e544","2030-08-19","buy-to-let","open",""
"Elderless","08e242e5-6739-4cee-bc00-dff568ad8a1d","2028-11-30","owner-occupied","open",""
"Roast Ham","08e51c22-2f65-432a-ab02-6e0570700aa8","2027-04-30","buy-to-let","open",""
"Roast Ham","08ed3f11-fb78-4f07-81e8-c73085f9620d","2025-08-31","owner-occupied","switched","2025-08-22"
"Elderless","08eed075-aac7-4bb6-893d-de90013cbf99","2026-10-12","buy-to-let","open",""
"Roast Ham","08f4bd4b-1179-4837-a1f6-2d8787fa7220","2029-11-30","buy-to-let","open",""
"Elderless","08fb2c04-54d0-4b26-96a6-e58ee4bbd738","2027-04-30","owner-occupied","open",""
"Roast Ham","08fda2f9-1246-473b-93e5-382f36f54052","2025-07-31","owner-occupied","redeemed","2025-08-02"
"Elderless","08ff8746-12d6-4aec-bcd4-c0e1ba6bccac","2027-07-09","owner-occupied","open",""
"Roast Ham","09041e8e-068a-4536-9890-830a4921e599","2026-02-28","buy-to-let","redeemed","2025-10-02"
"Elderless","090ac311-815b-428b-8a6d-0f855e9bfdd1","2026-07-31","buy-to-let","open",""
"Roast Ham","090d8047-88bd-46e0-a703-7c529f8a12c0","2028-07-31","owner-occupied","open",""
"Hidecreek","090e5956-bd2d-4cdb-9ced-fc185e34278c","2027-12-05","commercial-buy-to-let","switched","2025-12-09"
"Hidecreek","090eb532-5710-4192-9527-784d325d1a08","2026-05-28","buy-to-let","open",""
"Roast Ham","090f2897-3c74-4bff-bb8b-06d5c67eecc8","2028-07-31","buy-to-let","open",""
"Roast Ham","0910d7cd-cdb5-4a64-a657-be349a6f541b","2026-12-31","owner-occupied","open",""
"Elderless","09143e9b-c5c8-479b-bae3-719c4e593096","2026-04-01","buy-to-let","switched","2025-12-06"
"Elderless","0914b0f1-95b3-4269-975b-0d77808f18de","2031-04-30","buy-to-let","open",""
"Elderless","09154865-ef8a-42f5-b6a4-33008c6ed54e","2029-03-06","buy-to-let","open",""
"Hidecreek","09165f4c-95de-448a-a2d7-e217cc1265e2","2029-12-06","commercial-buy-to-let","open",""
"Roast Ham","0916c559-70c9-4b27-ada7-7d018eddd776","2027-11-30","owner-occupied","open",""
"Elderless","0916d164-367d-4e79-82a8-887999f40907","2030-04-30","buy-to-let","open",""
"Elderless","09176ef1-f0ec-4cc1-9c8b-93348b567323","2025-10-31","buy-to-let","switched","2025-10-17"
"Roast Ham","0917e444-19e6-42a6-9481-be41d7b4cd99","2027-02-28","buy-to-let","open",""
"Roast Ham","091a562a-daab-406e-8e59-fc52a50557c4","2030-10-31","owner-occupied","open",""
"Hidecreek","091f708b-eda7-411a-bfe1-a2f6d82a2bcf","2029-02-13","buy-to-let","open",""
"Hidecreek","09203eac-3b0a-4e3e-826d-e103afe64017","2027-10-19","buy-to-let","open",""
"Hidecreek","0920b071-48b1-4adc-9c26-68fc8e8e1792","2030-07-31","buy-to-let","open",""
"Elderless","0925ba15-0c50-445c-89d2-6edfc843046b","2030-10-31","owner-occupied","open",""
"Roast Ham","09265932-4a57-4ba1-9144-4d30a834227d","2025-12-31","owner-occupied","redeemed","2026-01-06"
"Elderless","09288e5d-ceee-4f4b-bc72-27196a8a9c7d","2026-09-30","buy-to-let","open",""
"Elderless","0928a597-f9f8-4589-b3fb-5e6303d76738","2028-02-29","buy-to-let","open",""
"Hidecreek","092ad50d-0b51-4239-8d36-a790de482a7c","2026-05-19","buy-to-let","switched","2026-05-20"
"Elderless","092c69ec-b0b4-4852-9ba8-520654bc0b4a","2030-11-26","owner-occupied","open",""
"Elderless","092e54ed-6df5-4de1-aaaa-f59f6f1af5ab","2027-01-30","buy-to-let","open",""
"Elderless","092ee245-6d64-4af4-85ed-3bd9a31ea412","2027-04-30","buy-to-let","open",""
"Elderless","092ee3ad-2055-4630-9672-1454916acb54","2026-12-31","buy-to-let","open",""
"Hidecreek","0930d16d-f545-4eeb-9841-3757456b111b","2030-06-13","buy-to-let","open",""
"Elderless","0931e6a3-a09a-45d5-8b8d-a0a8648ac1f5","2027-11-30","buy-to-let","open",""
"Roast Ham","09327413-0cb8-4dea-b2a5-5c8333fc05f5","2030-06-30","owner-occupied","open",""
"Elderless","0934d442-9642-4f70-a43f-3d28a6c8e01a","2028-03-10","buy-to-let","open",""
"Elderless","09368e3d-e6bb-4d32-bbe1-d41c3a2aec1f","2028-06-28","buy-to-let","open",""
"Roast Ham","0936f130-4dbf-4dc1-aa1d-58e82e800ff2","2026-10-27","buy-to-let","open",""
"Elderless","09373516-e086-43b5-86f7-5f4df3e9b826","2027-11-06","buy-to-let","open",""
"Roast Ham","093936f8-d451-496a-93f5-454d2410d8a4","2025-12-31","owner-occupied","redeemed","2026-03-10"
"Hidecreek","09398b6d-9005-4d49-a857-298a91a94a4e","2026-03-05","buy-to-let","redeemed","2026-03-13"
"Roast Ham","093a8956-1326-4d4e-82e2-b63a6e782e2b","2028-07-31","owner-occupied","open",""
"Elderless","093d48a4-5152-4f19-9df2-fd0fe6ab8561","2027-04-12","buy-to-let","open",""
"Elderless","093f98d0-1d25-46ca-9259-aec5686b3131","2025-05-05","buy-to-let","redeemed","2024-06-23"
"Elderless","094914cf-a0ee-4476-bdd6-973e9dfb75fd","2027-12-05","buy-to-let","open",""
"Roast Ham","09496940-8762-45b6-8fea-0b8e2e9c747c","2025-05-31","owner-occupied","redeemed","2025-11-04"
"Elderless","094d7685-6242-49a6-b94a-1e17470f36d5","2026-12-16","buy-to-let","open",""
"Elderless","094e07ed-d950-4b2a-a079-85df77a2e99c","2026-09-23","buy-to-let","open",""
"Elderless","095442c2-09df-4f67-919d-060deb6e3bc1","2025-08-20","buy-to-let","switched","2025-07-22"
"Roast Ham","095551bf-84af-4e69-ba93-ed5807bd79a2","2030-02-28","buy-to-let","open",""
"Elderless","095955a7-e483-48f4-a2d0-14b99091b6e1","2027-11-30","owner-occupied","open",""
"Hidecreek","0959a5b2-193e-473f-a80e-39f0da9f055f","2027-02-23","commercial-buy-to-let","open",""
"Hidecreek","095a2061-a0d4-4b74-bf51-70a9a3450460","2026-03-15","buy-to-let","redeemed","2026-03-21"
"Elderless","095aabb1-19b4-4896-87ea-65f80f67abfb","2027-08-31","buy-to-let","open",""
"Elderless","095b9e59-389d-413d-a891-6b13e419632c","2029-03-15","buy-to-let","open",""
"Elderless","095cc4c0-4475-4ff3-be7f-48b4b29abc16","2027-07-06","buy-to-let","open",""
"Elderless","095d725b-770f-4c16-a2e4-5d3acac8fcef","2025-06-30","buy-to-let","switched","2025-06-04"
"Roast Ham","095f860b-2142-4111-a1c0-edd5b8dc5ea9","2028-04-30","buy-to-let","open",""
"Elderless","09608ada-97cf-496f-b669-9339901b093f","2030-07-31","buy-to-let","open",""
"Elderless","096c2a2c-ad11-48a9-b65a-c6d173c9d041","2027-04-30","buy-to-let","open",""
"Elderless","0be3a6cb-0f91-44f9-910c-7e7541e162d7","2026-09-24","buy-to-let","open",""
"Hidecreek","0be4bec1-e3eb-42e8-ac20-ff5d1c679dce","2027-08-26","buy-to-let","open",""
"Hidecreek","0be6d0d1-1e3d-4244-9675-92576c953a4e","2028-03-16","buy-to-let","open",""
"Hidecreek","0bea699f-199a-47bf-9395-73b1f961752e","2029-04-19","buy-to-let","open",""
"Elderless","0bec0988-adcb-4f97-ba15-ad415240eeea","2031-01-20","buy-to-let","open",""
"Elderless","0bedb8e8-399a-4e72-b2a9-768105e874d2","2029-10-29","owner-occupied","open",""
"Elderless","0bede1d7-f062-4ff8-92eb-3ed826ac609e","2026-02-19","owner-occupied","redeemed","2026-02-25"
"Hidecreek","0bf1e6de-7f73-4266-9405-cb793be6d16f","2026-10-12","buy-to-let","open",""
"Elderless","0bf49ceb-d399-40fe-8ab5-2b7104ddb68b","2028-10-19","buy-to-let","open",""
"Roast Ham","0bf64828-15c1-4a2c-af2c-3cb1a6d79ebf","2025-09-30","buy-to-let","switched","2025-08-23"
"Elderless","0bf79a0d-6336-401f-a1fb-adb0cea04c50","2026-12-13","buy-to-let","redeemed","2026-01-29"
"Roast Ham","0bfd01e0-aa01-4d9f-bde1-b4d4e03c11ea","2026-04-30","buy-to-let","redeemed","2025-11-27"
"Elderless","0c00ab3e-c9ec-4384-8c55-d63f5041d66a","2026-12-31","owner-occupied","open",""
"Elderless","0c01d263-a200-4568-a33b-cdb31fbcb028","2027-06-04","buy-to-let","open",""
"Elderless","0c0602a3-d764-425e-b948-0464d03c4b5c","2027-08-26","buy-to-let","open",""
"Elderless","0c06f0a7-392a-45b6-b741-0d4580018ec3","2030-03-13","buy-to-let","open",""
"Elderless","0c078c87-d2e8-4a97-9026-2a4fcb3e1405","2027-03-03","buy-to-let","open",""
"Elderless","0c0dd054-548c-4536-9319-2e134562f197","2026-07-31","buy-to-let","open",""
"Roast Ham","0c0f5ec8-ab55-43fa-b1d2-23bca150139c","2025-10-31","owner-occupied","redeemed","2025-11-06"
"Elderless","0c0f9582-22ac-4b92-a843-cacc6c091b35","2030-07-31","owner-occupied","open",""
"Elderless","0c124def-3f2d-4198-a109-c1eae075196e","2029-01-31","buy-to-let","open",""
"Elderless","0c13055e-52f7-4262-a228-1a21f547c498","2031-03-31","owner-occupied","open",""
"Elderless","0c172655-5cee-4b6a-a1b2-4d59effc5ab8","2029-07-10","buy-to-let","open",""
"Elderless","0c19243b-2b57-4479-a0b3-91c35c2ae972","2025-05-17","buy-to-let","redeemed","2025-05-21"
"Elderless","0c1f41d9-5029-47c4-b400-3b289bca1985","2025-11-16","buy-to-let","redeemed","2026-02-20"
"Elderless","0c28757b-40d9-406e-8c92-b98bd51389fa","2031-01-19","buy-to-let","open",""
"Roast Ham","0c3e1d04-1a95-4f42-a2ee-548750278c23","2028-07-31","owner-occupied","open",""
"Roast Ham","0c3f105c-a409-49f5-b76d-04342fde2c77","2027-02-28","buy-to-let","open",""
"Elderless","0c435d1f-feb1-41aa-82f7-95bdb087a417","2026-10-03","buy-to-let","open",""
"Elderless","0c445052-0853-4f40-b350-35e343d9fdf9","2029-05-16","buy-to-let","open",""
"Elderless","0c44e767-ef00-4664-a4d8-fb030eb6b045","2027-08-01","buy-to-let","open",""
"Roast Ham","0c45658d-8d35-4492-bd0b-d4b05ee9f23f","2026-11-30","buy-to-let","open",""
"Elderless","0c4573db-a54d-404d-9429-2c65f0f5b8c0","2025-07-31","buy-to-let","switched","2025-07-31"
"Elderless","0c4b6f0a-6177-4f19-b14f-f681a0cc10e7","2030-12-04","buy-to-let","open",""
"Hidecreek","0c4ba16c-9ab2-41aa-a839-ef8eed8c8df0","2031-01-30","commercial-buy-to-let","open",""
"Elderless","0c501378-66f1-470f-a950-a115f295b346","2026-08-25","owner-occupied","redeemed","2026-01-28"
"Elderless","0c5254d3-f996-41fe-b012-7c3c70e988d2","2027-02-13","buy-to-let","open",""
"Elderless","0c54edf0-9bc9-42de-ae0e-ca70448d7438","2025-12-31","buy-to-let","redeemed","2025-06-18"
"Hidecreek","0c5ca22d-4502-493d-ad24-f509141b00f1","2030-03-11","buy-to-let","open",""
"California","0c5cad8e-dc92-4dc6-b2ce-af18c049b26a","2029-02-13","buy-to-let","open",""
"Elderless","0c5cf71d-9a74-4588-8f15-afeea70bdd2d","2027-01-26","buy-to-let","open",""
"Elderless","0c620969-c4eb-459a-b94b-704ba8129988","2029-02-01","buy-to-let","open",""
"Elderless","0c64c0e3-f05b-4018-b9be-9ca01e8f92eb","2028-01-31","owner-occupied","open",""
"Roast Ham","0c67e6e8-6ddc-453a-9beb-9caac73deb03","2026-11-30","owner-occupied","redeemed","2025-12-04"
"Hidecreek","0c688ad4-abeb-4fe6-9ec6-888c052d193e","2029-01-23","buy-to-let","open",""
"Elderless","0c6f08f9-cb53-4b03-8373-c668ab8f802a","2026-11-07","buy-to-let","open",""
"Roast Ham","0c6f0ae7-f87e-4ff4-849a-1fbebe86c76d","2028-01-31","owner-occupied","open",""
"Elderless","0c6f6efd-efe6-47c3-b5e1-46aa931781c8","2031-01-06","buy-to-let","open",""
"Hidecreek","0c714032-da05-46ab-8b7a-841dd889c7aa","2028-05-16","commercial-buy-to-let","open",""
"Elderless","0c723e9d-0491-48a3-a0b4-70d19bdd081b","2027-11-30","buy-to-let","switched","2026-03-18"
"Elderless","0c7480ef-e0d9-4c41-a830-15b5132c02da","2025-10-30","buy-to-let","switched","2025-10-18"
"Hidecreek","0c74e6a0-9694-435d-8000-73b5331a2e60","2029-04-17","commercial-buy-to-let","open",""
"Elderless","0c759c12-e071-43d4-ab2e-7ed5e52c6252","2030-06-09","buy-to-let","open",""
"Elderless","0c76d6e4-8ca0-4ff8-b2a1-55deae86e38e","2029-01-14","buy-to-let","open",""
"Hidecreek","0c7a2405-b58f-4f18-a7b4-9284efa37927","2029-12-23","commercial-buy-to-let","open",""
"Elderless","0c7d761a-1c28-4030-a62f-5b822c2b9a1c","2029-08-07","owner-occupied","open",""
"Elderless","0c889432-0e45-484e-a3a6-9967f61041f6","2029-12-09","buy-to-let","open",""
"Roast Ham","0c8a4a4a-9c47-4c85-9719-8efe6f041b86","2026-09-30","owner-occupied","open",""
"Elderless","0c8ab908-1f63-4b28-88fc-637c2a30c46d","2027-09-28","buy-to-let","open",""
"Elderless","0c8bcb9f-f962-4f77-bc09-4743e578e701","2027-05-31","owner-occupied","open",""
"Roast Ham","0c8f52ed-df23-45e3-9646-7f9308999679","2026-12-31","owner-occupied","redeemed","2024-07-05"
"Elderless","0c90a80d-d3a4-4b77-bbda-97096d052eb8","2028-01-31","buy-to-let","open",""
"Elderless","0c920f75-0f99-43ff-b4e2-13b0944ba059","2028-05-01","buy-to-let","open",""
"Elderless","0c96254e-ff9e-4900-af7b-ad5f905c5095","2027-09-30","owner-occupied","open",""
"Elderless","0c98a760-b9dc-404d-987c-dc744c8c4b89","2025-06-28","buy-to-let","switched","2025-06-26"
"Elderless","0c99c869-c45b-4afd-8a2d-52e4a4ffbec2","2031-05-12","buy-to-let","open",""
"Elderless","0c9aa655-09fc-4470-849d-fdf10a1864e2","2028-03-01","buy-to-let","open",""
"Elderless","0c9aa951-de34-47fa-885c-cb4ce34ca54c","2030-07-27","buy-to-let","open",""
"Roast Ham","0c9eee56-9b02-4b35-ba05-7004d9b06bc0","2026-12-31","buy-to-let","open",""
"Roast Ham","0ca160e0-03df-4c5d-be48-5928156727c2","2025-05-31","buy-to-let","switched","2025-05-20"
"Roast Ham","0ca30416-04b6-4360-b211-9122fba500aa","2026-01-31","owner-occupied","redeemed","2026-02-03"
"Elderless","0ca756ca-e1df-4805-9b98-e8936c3134b7","2027-10-31","owner-occupied","open",""
"Elderless","0ca8aed3-70a6-4b0f-a826-45db27b3737c","2027-05-31","buy-to-let","open",""
"Elderless","0ca95407-1921-4dbb-a299-b7bddb08743f","2027-05-15","owner-occupied","open",""
"Elderless","0cac5601-ed59-4296-824d-49b664759e6c","2027-07-31","owner-occupied","open",""
"Elderless","0cad46e5-39ca-41aa-ba3b-6e6c52ecd269","2029-02-07","owner-occupied","open",""
"Elderless","0caf55f8-d34b-4f93-9690-f87e41721249","2027-04-24","buy-to-let","open",""
"Elderless","0cb259ac-912e-4c95-aa3b-b804e7e3daa1","2026-01-31","owner-occupied","switched","2026-01-16"
"Elderless","0cb3ec68-7b73-4288-87c5-3993099ded56","2027-08-30","owner-occupied","open",""
"Elderless","0cb64934-29b9-468a-b36d-ba164d0a6d46","2030-03-26","buy-to-let","open",""
"Hidecreek","0cbe1379-5b0b-42ae-b5f9-0148cae76022","2028-10-13","buy-to-let","open",""
"Elderless","0cbf9d48-3e49-4632-991e-adbb3d511440","2028-02-29","buy-to-let","open",""
"Hidecreek","0cbfd5c5-b22c-4726-870c-c913dc5f4c5b","2025-10-23","buy-to-let","open",""
"Elderless","0cc01c42-9bfd-4d40-9c83-c997ff31aefb","2031-03-05","buy-to-let","open",""
"Hidecreek","0cc21c91-7619-4214-91b4-0b5d8ef3e56c","2030-07-31","buy-to-let","open",""
"Hidecreek","0cc4011c-640d-4230-a255-2a5f82844e99","2030-07-18","buy-to-let","open",""
"Elderless","0cc4b5f8-5850-45b4-b5b4-2c20ed294fad","2030-02-25","buy-to-let","open",""
"Elderless","0ccfc54b-f8f6-4c54-b5cb-4255d84c5405","2026-05-31","buy-to-let","switched","2026-04-29"
"Elderless","0cd0f8f6-31aa-408d-97de-069df82b9201","2026-07-31","buy-to-let","open",""
"Elderless","0cd12bb4-c045-43be-ba3a-af4d9b13b519","2028-04-11","buy-to-let","open",""
"Elderless","0cd3e6f6-046c-4051-b349-1bdafabb5e71","2031-05-10","buy-to-let","open",""
"Elderless","0cd6786c-ffb3-4526-a310-73af9060e685","2026-02-28","owner-occupied","redeemed","2026-03-21"
"California","0cd82906-55a6-497f-aaca-cb6d5d314b94","2025-05-30","buy-to-let","redeemed","2026-04-10"
"Elderless","0cdae864-cd10-45d0-9c40-62874b0302d1","2026-11-10","buy-to-let","open",""
"Elderless","0cdbc30a-0376-4af8-b98e-d2814cc6bb80","2026-05-31","buy-to-let","switched","2026-04-23"
"Elderless","0ce0a57c-ba8d-4ea7-985d-61cbdc839b95","2030-11-06","buy-to-let","open",""
"Elderless","0ce52083-63ba-40a7-9195-1628a1eb3378","2030-03-05","buy-to-let","open",""
"Roast Ham","0ce9041e-a5ca-4e54-9e4e-d34cfa517ae8","2027-05-31","buy-to-let","open",""
"Elderless","0cf3f15c-3892-40ce-9a92-3a7b08687473","2031-03-30","buy-to-let","open",""
"Elderless","0cf7c98a-e754-47e0-a61a-e6c2ee050838","2029-12-10","buy-to-let","open",""
"Elderless","0cfc9528-0156-47a3-8fb9-abfabe4be9c9","2029-11-27","owner-occupied","open",""
"Roast Ham","0cfe7cb1-dbd9-44ce-8ef4-d70e8ed76f95","2026-05-31","owner-occupied","open",""
"Roast Ham","0d01fb8a-f9ee-4e0b-9673-61151bbe8d25","2025-06-30","owner-occupied","redeemed","2025-09-04"
"Roast Ham","0d0211e9-f811-4b41-99f4-37c526ce9ed2","2027-10-31","owner-occupied","open",""
"Elderless","0d02f202-10b1-43ab-9e12-2b07a933f3a1","2026-03-05","buy-to-let","switched","2026-03-03"
"Hidecreek","0d086cfd-cce0-441f-a3be-609e1308d132","2030-07-29","commercial-buy-to-let","open",""
"Elderless","0d09ff92-3cbd-4016-ace1-0c9606f14429","2026-05-31","buy-to-let","open",""
"Elderless","0d0a6699-dbe8-4c27-b68f-be9233f7bef2","2030-01-20","buy-to-let","open",""
"Roast Ham","0d100c96-8ba0-4cb8-b40b-78774dade1d0","2029-10-31","owner-occupied","open",""
"Roast Ham","0d11819f-ebcd-4e50-9efb-0667e69d5a9c","2028-07-31","owner-occupied","open",""
"Elderless","0d14dc04-0433-4ac2-9355-a96080967291","2031-04-23","buy-to-let","open",""
"Elderless","0d17df86-e1a4-4dca-b16e-6f0f14f0ba27","2029-09-12","buy-to-let","open",""
"Hidecreek","0d1f71a1-90a9-44d2-8a2c-e02a1076c2d8","2027-04-05","buy-to-let","switched","2025-09-09"
"Roast Ham","0d243f03-7624-45d0-afef-11fd8225d827","2025-07-31","buy-to-let","switched","2025-04-25"
"Elderless","0d340250-a7e1-433b-aabf-89ab7409cb7e","2028-02-29","buy-to-let","open",""
"Hidecreek","0d383bce-7d97-4335-8f2f-31488cb0b9ba","2026-06-04","semi-commercial-buy-to-let","open",""
"Elderless","0d3a9af6-058a-4651-bb79-11b76c91cdcd","2028-06-30","owner-occupied","open",""
"Hidecreek","0d3bf873-202d-438a-a59b-0dc561c8dd7c","2028-11-30","buy-to-let","open",""
"Hidecreek","0d3bf9ab-004c-451d-8203-7246713e9864","2027-12-22","buy-to-let","open",""
"Roast Ham","0d3ddc62-83a8-4957-93d9-44966897615d","2026-09-30","owner-occupied","open",""
"Roast Ham","0d405cc2-a7bc-404b-891e-d57e0ed6f18d","2027-06-09","buy-to-let","open",""
"Elderless","0d414254-1033-4fda-9e8c-d1aed947aa3c","2025-12-31","buy-to-let","switched","2026-02-14"
"Roast Ham","0d49bff0-c657-44af-853f-750b3ac5ad9a","2029-11-30","owner-occupied","open",""
"Elderless","0d4a501a-0121-4ddf-bdc3-28638240da11","2030-07-07","buy-to-let","open",""
"Elderless","0d4bd690-82a8-41d1-bf2d-5a327ed525b7","2031-01-31","buy-to-let","open",""
"Roast Ham","0d4d06f3-b2e3-4583-94a9-8e85984f146f","2028-04-30","owner-occupied","open",""
"Elderless","0d4e353f-0816-4219-947d-736377dff5ab","2031-02-28","buy-to-let","open",""
"Roast Ham","0d4ea075-012b-48bd-b849-106a00bfa78d","2027-08-31","buy-to-let","open",""
"Elderless","0d4ffe91-d7d0-48ac-8bbc-4916b60b3e4b","2026-02-27","buy-to-let","open",""
"Roast Ham","0d56111e-0b18-4943-8487-b7463fe08416","2027-05-31","owner-occupied","open",""
"Roast Ham","0d594962-d096-49e1-9814-dfd0d1875b16","2025-09-30","owner-occupied","switched","2025-08-20"
"Elderless","0d59d222-7aeb-4bbd-99bb-c353d4f5182b","2029-05-09","buy-to-let","open",""
"Roast Ham","0d5bfd10-8e12-4689-810b-7f4bb7dc06ac","2027-10-31","owner-occupied","open",""
"Elderless","0d60a2bf-77ae-4a00-9d17-16360811cba4","2026-03-31","owner-occupied","switched","2026-02-12"
"Hidecreek","0d63ca74-3f2f-41a5-a94e-995a2169aaf6","2028-04-13","buy-to-let","open",""
"Roast Ham","0d641c92-b052-4736-9e86-1deb4f399f08","2025-11-30","buy-to-let","switched","2025-08-15"
"Elderless","0d64a13d-aef5-4a6d-8ca5-c4a907791f1e","2029-03-11","buy-to-let","open",""
"Elderless","0d6bf5ba-4753-4cc1-8f13-1a826c675c59","2027-03-31","buy-to-let","open",""
"Elderless","0d6f34e4-744f-46fd-b9f8-b740c707b54a","2027-11-20","buy-to-let","open",""
"Roast Ham","0d73fbe7-b4a0-4ea8-b5e7-bf3db1b01031","2026-09-30","buy-to-let","open",""
"Roast Ham","0d7518ae-0b20-4611-a2c3-1952e8a5bea3","2027-02-28","owner-occupied","open",""
"Elderless","0d753c49-9bd5-4ca7-92b7-c947ba9f2821","2029-11-13","buy-to-let","open",""
"Elderless","0d7876e2-2e0a-439e-b552-873c68611dcb","2026-07-31","buy-to-let","open",""
"Elderless","0d7c04b6-8275-4f6b-ac94-c21c7e165927","2029-09-18","buy-to-let","open",""
"Elderless","0d7df197-049d-4e84-a60f-8c4ba7457eda","2028-08-16","buy-to-let","open",""
"Roast Ham","0d8228db-43e2-44df-be71-3973c42924fd","2031-02-28","owner-occupied","open",""
"Elderless","0d8e57d5-39ac-4eaf-9792-9845ece1eef8","2030-05-28","buy-to-let","open",""
"Hidecreek","0d906484-80c9-4a0c-ac7e-1fda0161b19a","2028-03-09","buy-to-let","open",""
"Roast Ham","0d9163db-d156-436d-acd7-b6e344e07a1f","2028-04-30","buy-to-let","open",""
"Roast Ham","0d929ca5-a37d-4b74-aedf-a9b1d4d6d88e","2025-10-31","owner-occupied","redeemed","2025-02-08"
"Elderless","0d9337b6-fef6-4834-a710-912b0e9b7e08","2031-03-30","buy-to-let","open",""
"Elderless","0d94feb9-8da8-49f3-9253-97ff0b451b48","2027-11-30","owner-occupied","open",""
"Hidecreek","0d9e7759-a8a6-4818-9e67-b189f5066554","2029-07-03","buy-to-let","open",""
"Elderless","0da1bd56-16fe-441d-b7e4-8ae43228ffef","2026-06-27","buy-to-let","open",""
"Elderless","0da26983-ba91-45ec-8017-4ec35de66605","2030-04-27","buy-to-let","open",""
"Hidecreek","0da5e972-8718-4fc0-81ba-75658ecd9ebd","2029-10-11","buy-to-let","open",""
"Hidecreek","0da607a1-51ac-454f-8bc1-9e957c6def52","2028-08-22","commercial-buy-to-let","open",""
"Roast Ham","0da68714-1dba-4083-8887-6bed4c930fad","2028-01-31","owner-occupied","redeemed","2025-08-06"
"Elderless","0da843d7-dba1-4ab8-91c0-29a9e2e208a5","2029-02-08","buy-to-let","open",""
"Roast Ham","0da87486-3b33-474b-bed7-c30ca63fe86c","2026-11-30","buy-to-let","open",""
"Roast Ham","0da9ed82-28c8-43f2-9af8-ee5405f80ab8","2026-10-31","owner-occupied","open",""
"Elderless","0dabc71a-ce8b-4864-ad43-542300dc7c64","2027-03-24","buy-to-let","open",""
"Roast Ham","0daf4d33-b4e6-4fec-8261-635b1a8836ec","2026-08-31","buy-to-let","switched","2026-05-14"
"Elderless","0dafa6f7-b2d6-471f-bab1-906175ecbf99","2027-01-16","buy-to-let","open",""
"Hidecreek","0db53200-be48-4bf3-9b11-f5ebde391c8c","2026-10-28","buy-to-let","open",""
"Roast Ham","0db677d6-f67f-4f74-b0f3-120e49c1787c","2025-11-30","buy-to-let","switched","2025-10-14"
"Roast Ham","0920d53e-26db-4757-94d6-4fdedd7421fd","2025-08-31","buy-to-let","open",""
"Roast Ham","09213972-047c-44e1-a93a-b3cafaa702e1","2029-05-31","owner-occupied","open",""
"Elderless","0922ca9f-d54a-4110-828c-020f4535c9ef","2029-09-19","buy-to-let","open",""
"Elderless","0924adf7-ae3f-4766-a1de-b9dc49069485","2028-11-30","buy-to-let","open",""
"Roast Ham","09273987-f561-4b75-9915-521f8ee3da7f","2026-06-30","owner-occupied","open",""
"Elderless","093088b9-8dd0-409a-9f5a-810d8bad6e10","2026-04-30","buy-to-let","redeemed","2025-10-07"
"Elderless","093117d5-8955-42cf-a039-2da0b54c5761","2025-08-31","buy-to-let","switched","2026-01-29"
"Elderless","0937278e-f7e2-424a-882f-8a114975bcc7","2031-04-27","buy-to-let","open",""
"Hidecreek","09375220-f024-45af-ae50-dc0e19e5b29a","2027-09-30","buy-to-let","open",""
"Elderless","093838be-5fc7-4b53-afd3-37081cf6a2f0","2026-01-04","buy-to-let","switched","2025-09-19"
"Elderless","093a8be5-1c72-4e21-94cb-edf3d656ea02","2031-04-30","buy-to-let","open",""
"Roast Ham","093bb3d5-ba79-4980-8a50-352973fb511a","2026-09-30","buy-to-let","open",""
"Roast Ham","093ce6ce-0c54-4a3e-a3d6-a80c48bd55e8","2026-02-28","buy-to-let","redeemed","2026-03-03"
"Roast Ham","0940b410-b432-4772-b974-419bedfae798","2026-07-31","owner-occupied","redeemed","2024-01-14"
"Hidecreek","0941cb1f-de53-45bd-b4cf-6c3a253da316","2028-03-31","semi-commercial-buy-to-let","open",""
"Elderless","0942cd5b-0dfc-4f96-bc05-d6956daa9b0f","2028-04-10","owner-occupied","open",""
"Roast Ham","094ff87e-1383-4589-89ea-ed11ba4fdc3a","2026-08-31","buy-to-let","redeemed","2025-10-07"
"Elderless","0950111f-1115-437c-8fe9-70efac0da5ea","2029-02-01","buy-to-let","open",""
"Elderless","0952dd15-fcbb-4423-b997-7f861524bdbd","2029-08-22","buy-to-let","open",""
"Elderless","09541a82-d55f-4e50-8540-d867019b7bb5","2025-12-31","owner-occupied","switched","2025-11-12"
"Hidecreek","095475ee-835f-41e2-8341-78b71d4b5446","2028-11-06","buy-to-let","open",""
"Hidecreek","09573c45-1db2-4d6d-80f6-53e14efd2d7d","2026-09-11","buy-to-let","open",""
"Elderless","0958566b-1d60-4a46-b931-6633b50256e8","2027-10-21","buy-to-let","open",""
"Elderless","0958d445-e947-4ae3-98d7-57b44f2286d2","2025-06-30","owner-occupied","switched","2025-05-29"
"Elderless","095bc203-31a8-4242-941e-b68cf84ac834","2026-09-02","buy-to-let","open",""
"Elderless","095d878c-7e89-4fe9-90d0-9e7b900b517b","2029-05-27","buy-to-let","open",""
"Elderless","095dd83e-cf7c-4372-a9aa-c65ee3745e4b","2027-05-12","buy-to-let","open",""
"Elderless","095df853-77cc-4916-8318-66f6d65adfd6","2028-03-31","buy-to-let","open",""
"Elderless","09619332-02c1-49fb-982f-c5d15e4f83bc","2026-09-30","buy-to-let","open",""
"Elderless","0967f62e-1956-4f26-b900-34eb713fd9a2","2026-03-31","owner-occupied","redeemed","2026-04-17"
"Elderless","096abc1f-cd02-4d84-aa03-9f63de182776","2026-02-28","buy-to-let","switched","2026-01-22"
"Roast Ham","096af97c-a58e-4fa7-a958-0ff20042998b","2027-09-30","buy-to-let","open",""
"Roast Ham","096b7c2d-038e-475c-a2c7-fa3cb724e999","2027-03-31","owner-occupied","open",""
"Roast Ham","096cc4af-82fc-44e5-81f2-b108afee43fe","2028-10-31","owner-occupied","open",""
"Elderless","097123cc-93ad-4541-b595-8a7ce492da8f","2027-12-02","buy-to-let","open",""
"Elderless","09761764-46d7-470d-a1a4-7ea33fe70b92","2027-08-06","buy-to-let","open",""
"Elderless","09769783-3630-4038-9899-1dbfc10e70e5","2029-02-20","buy-to-let","open",""
"Elderless","097a19ba-3754-4cfd-bac8-40216e9701e1","2027-12-01","buy-to-let","open",""
"Elderless","097ad514-6b3c-4f64-829b-a3d443d29cac","2027-07-30","owner-occupied","open",""
"Hidecreek","097d2cd7-b84a-47a2-9b61-f1245f2962bc","2026-10-01","buy-to-let","open",""
"Elderless","097d6a14-e3fd-401d-a0bb-564f051f9f8c","2028-04-30","owner-occupied","open",""
"Hidecreek","097f0632-9966-4717-8402-865618d6544e","2028-06-20","buy-to-let","redeemed","2026-02-24"
"Elderless","0980b5ad-350b-4242-bcc2-f5bb3ef425bc","2026-04-08","buy-to-let","switched","2026-02-21"
"Elderless","09815ee1-e2e9-4998-b744-617d5ed0c384","2030-11-13","buy-to-let","open",""
"Roast Ham","0981d1d7-3247-4cd8-a459-2e872c3ed43d","2025-11-30","owner-occupied","switched","2025-10-12"
"Roast Ham","0982209b-ee00-42b1-8d32-8aed1885c488","2029-06-30","owner-occupied","open",""
"Elderless","0984376a-bf86-4a78-b1e8-578999cf4fad","2027-02-28","owner-occupied","open",""
"Roast Ham","0985ab09-f2b5-487a-85f4-1ae6d9579df6","2028-07-31","owner-occupied","open",""
"Elderless","0989b094-8f3c-4eb6-8b61-3e0173403d57","2031-03-31","owner-occupied","open",""
"Elderless","098add06-16b7-4d4e-9865-e93cb6b4658e","2029-06-30","owner-occupied","open",""
"Elderless","098af2c5-fd6c-4a1d-9d1e-03ef5ca841ce","2027-07-31","owner-occupied","switched","2026-04-02"
"Roast Ham","098c924a-4acf-4778-8352-b9febc3b9c39","2028-10-31","buy-to-let","open",""
"Elderless","098cb6b3-5ee8-423a-b664-3668c977627d","2027-06-30","buy-to-let","open",""
"Roast Ham","098db368-42a7-487c-ad1e-5a053ccb4ecf","2026-02-28","owner-occupied","open",""
"Elderless","09915796-ca0e-45d6-b487-94af9866ebce","2026-10-28","buy-to-let","open",""
"Hidecreek","0992333f-695a-4705-b85e-6ec27a9635a2","2028-03-29","buy-to-let","open",""
"Elderless","09926f55-80ef-446b-bf65-0aea90a08ba1","2025-10-24","buy-to-let","redeemed","2026-01-16"
"Roast Ham","0993aa56-61a6-4b6a-8911-08f16db5b3bc","2027-11-30","owner-occupied","open",""
"Elderless","09942101-a7fd-4ec8-ac5e-bb8fba012f9a","2027-05-06","buy-to-let","open",""
"Elderless","0997f143-7e53-40ff-9dc5-493004707379","2026-09-05","buy-to-let","open",""
"Roast Ham","09a773c9-b2e4-4e78-be58-8de1c32db404","2027-05-31","owner-occupied","open",""
"Elderless","09a7d1d2-afe6-49f4-914e-2ef55a8b3b79","2027-09-12","buy-to-let","open",""
"Elderless","09a83389-4cb2-4389-9022-fb3450669717","2027-11-23","buy-to-let","open",""
"Elderless","09a8aa6c-9119-42b4-a89f-e0f37b9755cb","2030-12-18","buy-to-let","open",""
"Elderless","09aa8d07-35d2-455c-98a5-d734b7c1b7a3","2031-05-07","buy-to-let","open",""
"Elderless","09ad361a-a00a-4228-a8fb-ec6d62cd84dd","2025-07-31","buy-to-let","redeemed","2025-04-23"
"Elderless","09aff598-9bb7-4076-a255-342e9cb0d4da","2028-01-01","buy-to-let","open",""
"Elderless","09b34ca0-4548-4ba4-8fa4-1154bb51a2f6","2028-03-31","buy-to-let","open",""
"Roast Ham","09b5e933-74df-43cc-9e04-300d044a4363","2025-10-31","buy-to-let","switched","2025-09-11"
"Hidecreek","09b8186e-2518-46b6-9864-b4a06ee80d7a","2028-03-09","commercial-buy-to-let","open",""
"Roast Ham","09b94ccd-9dec-4993-9464-42ebed640990","2025-08-31","owner-occupied","switched","2025-06-17"
"Elderless","09b9786e-7538-4416-a9a7-4532919e123b","2028-05-20","owner-occupied","open",""
"Roast Ham","09bc60ec-6043-446a-9580-70ce0c10546b","2026-12-31","owner-occupied","redeemed","2026-05-08"
"Elderless","09bde34a-bc7f-432f-b0f7-59bcadd81adc","2025-11-02","buy-to-let","switched","2025-10-21"
"Roast Ham","09be3b78-3744-4b41-8eda-b593b97e54c7","2029-11-30","buy-to-let","open",""
"Elderless","09c01023-2d6c-4509-8ef8-fe87428f1f3f","2031-03-11","buy-to-let","open",""
"Elderless","09c61d28-053a-4e5c-aa1b-b1d776e05fbe","2027-08-31","owner-occupied","open",""
"Roast Ham","09c8e642-cd6c-4467-b08f-3fd4575c5c06","2026-11-30","buy-to-let","open",""
"Roast Ham","09d230f0-1de2-4294-a381-f9b8bca9f0b1","2027-10-31","owner-occupied","open",""
"Hidecreek","09d2bcec-3656-4002-b14c-79f5028c121e","2030-03-07","buy-to-let","open",""
"Roast Ham","09d5cc4b-60e3-44e5-83c7-88e2fcef7e78","2028-05-31","owner-occupied","open",""
"Elderless","09dc5b23-b8f9-463b-9b56-e5c58b29e44b","2027-05-01","buy-to-let","open",""
"Elderless","09dde87e-b73b-427b-955d-3fd2ad09452e","2027-03-31","owner-occupied","open",""
"Hidecreek","0dbc069a-a955-4697-9ca3-abd6e959f761","2027-09-29","buy-to-let","open",""
"Elderless","0dbd8068-be8b-4104-a89e-6965d5365f79","2030-05-28","buy-to-let","open",""
"Roast Ham","0dbdcf88-df40-4cd1-81f8-cc2407760f11","2028-10-31","owner-occupied","open",""
"Elderless","0dc015ad-acad-4bd9-9508-ce1a39370cf1","2026-02-28","buy-to-let","switched","2026-02-19"
"Elderless","0dc03c6d-eec0-4889-b4d5-99236060b1a9","2029-06-27","buy-to-let","open",""
"Elderless","0dc066e7-f0f5-43ee-a77f-0b01eee4db2e","2025-10-28","buy-to-let","switched","2025-10-15"
"Elderless","0dc11838-6407-4cb3-ac85-fb4cb221b6e2","2026-09-30","buy-to-let","open",""
"Elderless","0dc2e7f3-22dd-47a1-9772-f453f8eecae3","2029-08-31","owner-occupied","open",""
"Roast Ham","0dc650aa-9d2a-4165-9d8a-9a8232a20746","2026-12-31","owner-occupied","open",""
"Elderless","0dc71c61-7f7e-4b0b-a0fb-6e4ea5f46ee4","2028-03-07","buy-to-let","redeemed","2025-11-15"
"Roast Ham","0dc8809e-7f53-4f0b-93d0-a24b5516d5f8","2026-09-30","buy-to-let","open",""
"Elderless","0dcbcd67-ac8d-4182-861d-e54910f9d86b","2029-09-30","buy-to-let","open",""
"Elderless","0dcdf2f8-8ebc-4988-ab32-6d49ed48f317","2031-04-20","buy-to-let","open",""
"Hidecreek","0dcf3b99-327e-40eb-8923-c57540fea689","2028-02-28","semi-commercial-buy-to-let","switched","2026-03-04"
"California","0dcfc06f-d5c1-43bd-aaa6-ce3aad500c85","2028-07-18","buy-to-let","open",""
"Elderless","0dd5845c-2abf-46c3-a219-7337d0134469","2026-03-31","owner-occupied","switched","2026-04-09"
"Hidecreek","0dd93b00-513a-4785-86df-3e95e10c254f","2027-07-07","commercial-buy-to-let","open",""
"Elderless","0dda3fff-1926-4969-8ea0-257376c91742","2029-10-08","buy-to-let","open",""
"Elderless","0ddce485-523b-4b7e-9e1b-d651143e2873","2025-09-30","owner-occupied","switched","2025-07-30"
"Roast Ham","0de185ff-ba6e-4c89-8cbb-beaef4dabc85","2027-10-31","buy-to-let","open",""
"Roast Ham","0de3f05f-d85e-4a11-942b-3815ae0b40d9","2031-01-31","buy-to-let","open",""
"Roast Ham","0de4e138-e133-413b-b555-3cad203e2bf8","2025-09-11","buy-to-let","switched","2025-10-25"
"Elderless","0de4e3ac-e0bc-420c-9ab3-3c78fe8eeae3","2025-05-31","owner-occupied","redeemed","2025-06-03"
"Roast Ham","0de55fe2-0296-408f-a9c2-b2d0f51a8601","2027-08-31","owner-occupied","open",""
"Roast Ham","0ded3c58-cfef-46e7-afd2-1cb94ad04d4e","2026-07-31","owner-occupied","open",""
"Roast Ham","0defa08c-de39-43a9-abed-7dbfe4f9e0e2","2027-09-30","owner-occupied","open",""
"Roast Ham","0df2d1cf-0ed6-4872-8b4d-f7db91facdcc","2025-06-01","owner-occupied","switched","2025-04-23"
"Roast Ham","0df63a86-5f2f-436e-b844-4891071faf92","2025-09-30","owner-occupied","redeemed","2025-10-03"
"Elderless","0df66554-6f13-47a2-801c-b8f1612b21ce","2028-03-29","owner-occupied","open",""
"Elderless","0dfcc49f-8270-409a-a1a8-d609686122eb","2030-05-20","buy-to-let","open",""
"Elderless","0dfea528-6299-4ce0-a4c8-2c57764b5f5c","2029-01-31","owner-occupied","open",""
"Elderless","0e002016-8bad-42e3-9717-01047cd37324","2028-05-23","buy-to-let","open",""
"Elderless","0e015624-3f25-4959-8fb8-fdc7b92d0c79","2027-11-30","buy-to-let","open",""
"Elderless","0e018688-06da-416d-9904-d48096f9da9c","2031-02-02","buy-to-let","open",""
"Roast Ham","0e078548-11c7-4e82-8d32-05ebbdff56a9","2026-10-31","owner-occupied","open",""
"Elderless","0e0af410-04a2-4f91-acc5-b8702fef4295","2029-04-30","owner-occupied","open",""
"Elderless","0e0af64c-5119-4933-aa58-7c686ed35f2a","2025-07-30","buy-to-let","switched","2026-04-21"
"Hidecreek","0e0c7c85-287e-4276-998e-28f6232cf700","2027-08-02","buy-to-let","open",""
"Elderless","0e0e6643-78fd-48da-bea9-22f45c1e3938","2029-11-30","buy-to-let","open",""
"Elderless","0e134dba-4eb4-49df-8bee-6ea6d30d29ac","2029-02-13","buy-to-let","open",""
"Elderless","0e17949f-f657-4a37-813b-11703a44aa0a","2027-10-31","buy-to-let","open",""
"Roast Ham","0e17daa7-afd2-457e-b52a-01ce3dde67ab","2025-07-31","owner-occupied","switched","2025-09-30"
"Roast Ham","0e1887d9-0eb4-46bc-a590-1806f9736db2","2027-01-31","owner-occupied","open",""
"Hidecreek","0e18f89b-157b-4d44-a3fa-f7498f68d856","2031-04-07","buy-to-let","open",""
"Hidecreek","0e194f4a-6f5e-4244-919c-29c9deda982c","2027-11-30","buy-to-let","redeemed","2026-03-21"
"Roast Ham","0e1bb209-360a-44c8-a31c-263286bae82e","2025-05-31","owner-occupied","switched","2025-05-23"
"Elderless","0e1ebfaf-ccb1-4562-ba0f-842042f741e7","2026-09-16","buy-to-let","open",""
"Elderless","0e1f7574-a118-42a8-bf9e-1e6a3273a69f","2029-10-31","owner-occupied","open",""
"Roast Ham","0e22c000-c765-4c01-85e1-de3ee42355f5","2026-01-31","owner-occupied","switched","2026-01-21"
"Roast Ham","0e23fd80-c0dd-49c9-80e8-5d18e4976575","2027-08-31","owner-occupied","open",""
"California","0e24bef9-b560-4ccd-b756-28e7813980bc","2028-09-10","buy-to-let","open",""
"Roast Ham","0e2522e3-7dc3-41de-a2c8-ba5d79611256","2026-06-30","buy-to-let","switched","2026-04-24"
"Elderless","0e252ab5-cd7e-4517-a975-cf61db7ec9c4","2027-08-31","buy-to-let","open",""
"Elderless","0e272af0-abb4-4b44-bb80-70ef68669651","2028-12-31","buy-to-let","open",""
"Roast Ham","0e2c639a-be7c-4420-9597-d875904e888e","2028-04-30","owner-occupied","open",""
"Hidecreek","0e2dfcc4-1d47-44ca-ab16-dbadb729f8fd","2030-04-29","commercial-buy-to-let","open",""
"Elderless","0e2fff02-b266-46cf-aa0d-aec71308b5d5","2027-08-19","owner-occupied","open",""
"Elderless","0e306263-b861-4e7c-b91b-baa4b0ed00e5","2027-06-17","buy-to-let","open",""
"Elderless","0e30a69a-db79-41d8-8c68-420c0663ffd2","2025-06-21","buy-to-let","switched","2025-06-16"
"Elderless","0e30dae6-15a6-41f5-a28f-21a9e92f18d8","2027-03-22","buy-to-let","open",""
"Elderless","0e336ff4-f0b1-48d3-9d8a-9aa7c88b8068","2027-03-31","buy-to-let","open",""
"Hidecreek","0e353882-2e32-44e6-89c2-7d33a911b11a","2025-11-27","buy-to-let","redeemed","2026-01-20"
"Elderless","0e37a9c1-a68a-404b-8c2b-6b65c74aa072","2030-05-29","buy-to-let","open",""
"Elderless","0e39ddf9-3f89-460f-be9a-8d5ad5e6c6ba","2027-03-31","owner-occupied","open",""
"Roast Ham","0e3a508f-07f8-4d3b-a92c-338b30d68a75","2026-09-30","buy-to-let","open",""
"Hidecreek","0e3df67e-03e2-4935-ab42-92de4924f9c6","2027-11-25","buy-to-let","open",""
"Elderless","0e41dc00-31bd-43f9-9dae-627c71e4d75c","2029-06-18","buy-to-let","open",""
"Hidecreek","0e4215af-eea3-446c-ba17-55d1b8936916","2027-02-24","buy-to-let","open",""
"Roast Ham","0e46d116-7782-4b28-8320-8d8e7cb000da","2031-01-31","buy-to-let","open",""
"Elderless","0e478927-a528-47d6-8e98-5e5977c4df4e","2026-02-28","owner-occupied","switched","2026-01-20"
"Elderless","0e4a8a75-2030-4e93-b866-ba7ad8388640","2026-06-30","buy-to-let","open",""
"Elderless","0e4ccf04-87aa-4b50-b4d8-8add6790ab99","2028-01-08","buy-to-let","open",""
"Elderless","0e4d9a89-c565-4683-9b7c-0338bddad5d2","2028-03-24","buy-to-let","open",""
"Elderless","0e502b18-70c2-4d51-8e4f-576a534c7025","2027-05-31","owner-occupied","open",""
"Elderless","0e50d481-af81-4100-9d70-636da036ed7f","2025-06-01","buy-to-let","open",""
"Elderless","0e525b14-8a7c-47cc-8174-9703b6ae35d9","2031-04-28","buy-to-let","open",""
"Hidecreek","0e548d01-701c-45ad-8bd6-01a6c351d654","2027-09-21","buy-to-let","open",""
"Roast Ham","0e59ba47-68d9-442a-982d-e7dd7a786453","2027-10-31","owner-occupied","open",""
"Elderless","0e5c1c80-a882-4574-9253-1b63379bb902","2028-06-01","buy-to-let","open",""
"Elderless","0e607cf6-2f67-4f24-a6a2-3ee7c7bcb51e","2026-10-13","owner-occupied","open",""
"Roast Ham","0e63d097-8de8-45dc-a34a-14f77d1e8a40","2029-07-31","owner-occupied","open",""
"Elderless","0e656fb0-3b69-45c2-b388-d6860bb4d0d9","2027-09-01","buy-to-let","switched","2025-09-03"
"Elderless","0e65f526-81ba-4a10-b937-4f39fbfd60e8","2027-08-05","buy-to-let","open",""
"Elderless","09de5a9c-4a7b-4d12-8731-3f65b03c0873","2029-08-12","buy-to-let","open",""
"Hidecreek","09e12d1b-6853-468f-bc36-0dee679501ef","2025-12-14","buy-to-let","switched","2025-12-15"
"Elderless","09e22478-37af-4655-a776-4ed3f300cd89","2027-06-29","owner-occupied","open",""
"Roast Ham","09e35f34-1295-40be-886e-8e5414b4421a","2026-05-31","buy-to-let","switched","2026-02-06"
"Roast Ham","09e77c97-cf31-483a-bd75-49706d402868","2027-11-30","owner-occupied","open",""
"Roast Ham","09e7a22f-6b25-4064-b460-0e2483f32826","2027-05-31","owner-occupied","open",""
"Elderless","09e82025-f8d2-47f0-ae0c-ed6023201e2a","2025-12-31","owner-occupied","switched","2026-01-23"
"Elderless","09eb24d4-e7c1-446f-a548-56569db7a148","2027-05-31","owner-occupied","open",""
"Elderless","09eb2e47-3707-44dc-a264-6191d29cbd0a","2028-03-01","buy-to-let","open",""
"Elderless","09ece010-8e54-4d12-9e82-ddf00bf111ec","2027-03-27","owner-occupied","open",""
"Hidecreek","09f5d633-bb33-49cb-92f4-221ec20f86c4","2029-05-09","buy-to-let","open",""
"Elderless","09f6a956-7b54-447b-939c-6279f299b9eb","2030-12-17","buy-to-let","open",""
"Elderless","09f6be2e-4153-4588-91ff-3b90f432987e","2026-08-31","owner-occupied","open",""
"Roast Ham","09f7d502-9384-4387-a4b3-6efd6de7b43b","2027-11-30","owner-occupied","open",""
"Elderless","09f826f1-aa8b-4517-9522-46648e316c8b","2025-12-31","buy-to-let","switched","2025-11-25"
"Roast Ham","09f87e32-acd8-402d-90b6-0fe6f4bceddc","2027-01-31","owner-occupied","open",""
"Hidecreek","09f90b18-be9e-42e5-9e84-02e8052596e4","2027-02-25","buy-to-let","open",""
"Elderless","0a0282ad-17bf-45e9-9849-854caef2e59d","2028-11-21","buy-to-let","open",""
"Hidecreek","0a052cbf-5bb8-4c2f-8b1c-cfdb125095a9","2030-12-05","buy-to-let","open",""
"Roast Ham","0a07ee91-4ca2-496f-bdfd-2899c9ee6350","2027-10-31","owner-occupied","open",""
"Elderless","0a09817a-c47e-4923-84a0-968eada868fc","2029-09-30","buy-to-let","open",""
"Elderless","0a0e370b-6eb8-48ad-9101-46f6aafb6cbe","2028-12-13","buy-to-let","open",""
"Elderless","0a0f7c30-595c-4ba6-aa69-7aba771e4de2","2027-07-30","buy-to-let","open",""
"Roast Ham","0a12074f-2039-426c-8b83-275691e052df","2027-08-31","owner-occupied","redeemed","2024-03-28"
"Elderless","0a141f44-2a06-4dc3-aa65-81f915d2c991","2027-05-12","buy-to-let","open",""
"Elderless","0a14839e-3413-4e04-8c34-240f6f8bcdae","2027-08-31","owner-occupied","open",""
"Roast Ham","0a1495c5-5e49-494a-888f-aa6a45052828","2026-06-30","owner-occupied","open",""
"Elderless","0a157742-369e-437f-acf3-866017cc3c19","2027-01-31","buy-to-let","open",""
"Roast Ham","0a1735cb-b338-48c8-971c-27caf6d0e596","2029-09-30","owner-occupied","redeemed","2025-10-02"
"Roast Ham","0a1bd801-8e1c-45e1-b0aa-bf5c16d8bed4","2027-04-30","owner-occupied","open",""
"Elderless","0a1cb34e-8173-472e-93b6-e94d91602d25","2025-12-31","owner-occupied","switched","2025-12-20"
"Hidecreek","0a1d26e1-7e38-4b10-86b6-3fa8cd06d3ca","2028-05-15","buy-to-let","open",""
"Elderless","0a2323ac-89d4-4679-b2a4-1d1f0c80d48e","2031-05-28","buy-to-let","open",""
"Elderless","0a256ab4-7d26-4e2d-843b-3c606c076a83","2027-04-30","buy-to-let","open",""
"Hidecreek","0a280df9-8691-44fd-80bb-4326a65cea53","2026-04-13","buy-to-let","open",""
"Roast Ham","0a313716-c618-469e-90f5-73a86c019b58","2028-04-30","buy-to-let","open",""
"Roast Ham","0a32399f-3f04-4f57-905f-4b343f29d51a","2026-10-31","owner-occupied","open",""
"Elderless","0a375854-0a45-43e3-a2d6-5a3250cca475","2030-01-27","buy-to-let","open",""
"Roast Ham","0a39a6dd-bf1f-48c2-8ad6-3142fb97b41d","2026-11-30","buy-to-let","open",""
"Hidecreek","0a40a5e7-5a92-4f80-a32f-2f71fdfae078","2028-08-25","semi-commercial-buy-to-let","open",""
"Hidecreek","0a41a7d5-26df-4c0e-ba54-542504ebeeb2","2027-04-07","buy-to-let","open",""
"Elderless","0a421364-8d11-4509-969e-695624b4ed61","2027-05-19","owner-occupied","open",""
"Roast Ham","0a474758-40fd-4e92-9a17-c1ab74a8a9f8","2027-10-31","owner-occupied","open",""
"Elderless","0a47eee5-0118-4f67-a38e-266aa4171e23","2031-02-25","buy-to-let","open",""
"Hidecreek","0a48ceab-4e19-4a97-b83d-d067e1fa294c","2029-04-18","buy-to-let","open",""
"Roast Ham","0a4b5e68-b629-4c27-b23c-ac9d60d25cb5","2026-09-30","buy-to-let","open",""
"Hidecreek","0a4c901a-3f44-4559-a771-57fd7e397c94","2026-12-06","buy-to-let","open",""
"Elderless","0a506585-88d1-49a8-8af4-a916887fac5a","2031-05-27","buy-to-let","open",""
"Elderless","0a57c94e-91e8-404e-9d92-dd651564963c","2027-05-31","owner-occupied","open",""
"Elderless","0a5b40f8-c214-4704-9a28-4e4b2444bd43","2030-06-22","buy-to-let","open",""
"Roast Ham","0a5c9fd1-09d5-4ba3-b02d-669f45c9fd71","2026-06-30","buy-to-let","switched","2026-04-03"
"Elderless","0a5d259b-7ade-4a03-a0c4-e5fd39b41133","2027-09-30","buy-to-let","open",""
"Elderless","0a6097f3-968b-4675-8050-0d3dbf61bf3b","2027-03-31","buy-to-let","open",""
"Roast Ham","0a617798-78a3-47ec-8bda-f432cdb01f3d","2027-02-28","owner-occupied","redeemed","2025-10-25"
"Roast Ham","0a61929a-77c2-45b0-813c-11bf905f0f01","2026-06-30","owner-occupied","switched","2026-04-01"
"Roast Ham","0a651c02-3c26-450a-96dd-dcbdc16d2aca","2027-04-30","buy-to-let","open",""
"California","0a66e1bc-6dbc-4ff9-9c12-30c45c25e376","2029-10-31","commercial-buy-to-let","open",""
"Roast Ham","0a695333-54e6-43af-aaa1-8c9ec10a88ce","2025-09-06","buy-to-let","switched","2025-07-25"
"Elderless","0a6f4c01-76a4-430d-8ae0-1e683c0c188a","2027-03-31","owner-occupied","open",""
"Elderless","0a705aee-fea1-478f-9d1d-635159fd4849","2026-04-30","buy-to-let","open",""
"Roast Ham","0a732da6-4338-415c-a829-dc2e9c51f135","2028-03-31","owner-occupied","open",""
"Roast Ham","0a77ceb9-4664-42f2-85c9-1f98d06c2368","2026-01-31","owner-occupied","switched","2026-01-21"
"Roast Ham","0a7a00fd-3ba4-46f7-9627-fc3925276c01","2030-05-31","buy-to-let","open",""
"Elderless","0a7eae8b-d66d-4213-a586-17c87e0114ef","2027-07-31","owner-occupied","open",""
"Elderless","0a804712-c34d-41b8-9c03-e784e6ac6320","2028-12-20","buy-to-let","open",""
"Roast Ham","0a806348-93bf-4a6d-972b-7cc5b26e0683","2028-07-31","owner-occupied","open",""
"Elderless","0a818c0c-1d67-4f0a-90f4-f18da3c8a1e7","2031-05-05","buy-to-let","open",""
"Elderless","0a81cc00-5eb9-4392-89fc-08b8306db8b1","2026-09-05","buy-to-let","open",""
"Elderless","0a8395a7-5db8-455f-ba6d-891bc96bdf5a","2027-06-30","buy-to-let","open",""
"Hidecreek","0a8526d1-3d51-4242-9509-a21fd0029635","2028-02-24","buy-to-let","switched","2025-09-09"
"Roast Ham","0a869789-2af4-4eba-9b84-88cbd44c59e3","2025-06-29","buy-to-let","redeemed","2024-09-07"
"Elderless","0a89c3c9-5574-482a-851f-e516ff358b0c","2027-03-23","buy-to-let","open",""
"Elderless","0a8b82e1-5243-4b02-aa42-2f17081563af","2029-09-16","owner-occupied","open",""
"Roast Ham","0a8d4700-7f2d-4bbe-99ce-0b3afc54eb55","2027-01-31","buy-to-let","open",""
"Elderless","0a8fbe93-7fd3-4734-ae56-d8f783bc4ef4","2029-12-18","buy-to-let","open",""
"Hidecreek","0a939ba3-97e6-4d7a-83f9-6f2e73a37a46","2028-10-18","buy-to-let","open",""
"Roast Ham","0a93d0aa-140a-4b9b-8459-14cffd81461f","2026-02-28","buy-to-let","redeemed","2025-06-21"
"Hidecreek","0a980559-3cb7-48a8-b970-1c71394ba31a","2029-01-11","buy-to-let","open",""
"Roast Ham","0a9a16f1-e059-491c-8805-0fec2ee28d2d","2026-03-31","owner-occupied","switched","2026-03-31"
"Elderless","0aa10817-99de-4795-a182-f9692ee9027d","2031-05-17","buy-to-let","open",""
"Elderless","0aa59fe4-3a28-402f-88f8-3b413217fd76","2026-10-20","buy-to-let","open",""
"Elderless","0aa628ac-7243-4e4a-b0a6-f69928007ad9","2027-02-05","buy-to-let","redeemed","2026-01-27"
"Elderless","0aaba306-0dc6-4e1f-b9fe-33f8acb57ce4","2027-05-06","buy-to-let","open",""
"Elderless","096cd325-cb77-45d0-84c6-d02b9eba9659","2029-12-10","buy-to-let","open",""
"Elderless","09731089-2542-4944-8930-253e0e1937a7","2028-04-28","buy-to-let","open",""
"Elderless","09741073-3cbb-49c7-9bdc-b956770368ef","2027-06-28","buy-to-let","open",""
"Roast Ham","097aa4b4-d070-4b5c-8fc5-9b3599916fa6","2030-04-30","owner-occupied","open",""
"Hidecreek","097efa0b-1142-425a-b9f3-d8d27ab22c6a","2027-08-19","buy-to-let","open",""
"Elderless","097ff307-0cb3-477d-bde6-83b697ca9de8","2030-01-27","buy-to-let","open",""
"Elderless","0982c646-894b-49e0-8a96-0bb3909cb2ac","2030-07-16","buy-to-let","open",""
"Elderless","0985f78c-4a3c-4a18-9457-756e5b043642","2029-05-31","buy-to-let","switched","2024-06-02"
"Elderless","0988126d-0dcd-4a24-96cc-145acfd56ce4","2027-05-15","buy-to-let","open",""
"Elderless","098bd04b-5446-4bab-9d9f-9f83a0aaadeb","2027-08-20","buy-to-let","open",""
"Elderless","0992a94a-e59a-4888-a481-677f8df8557e","2030-04-30","buy-to-let","open",""
"Roast Ham","09944a90-f5c8-4fee-a2ef-e6974b7f3b8f","2025-09-30","owner-occupied","redeemed","2025-02-27"
"Elderless","09949221-d806-41ac-b2ff-30bb8d914d64","2030-04-14","buy-to-let","open",""
"Hidecreek","0995f568-ae0f-49c3-8bef-fc3ab276b72b","2026-10-08","commercial-buy-to-let","open",""
"Elderless","0996a508-4435-457e-b518-f309030e47ec","2028-02-02","owner-occupied","open",""
"Elderless","0996b6d8-6338-427f-82d3-8f6446562104","2031-02-04","owner-occupied","open",""
"Elderless","0999f71e-bf7e-4a10-a64e-86cbd0899a55","2026-09-19","buy-to-let","open",""
"Roast Ham","099b073a-b87b-4bb9-b501-476fdb25d162","2028-04-30","owner-occupied","open",""
"Roast Ham","09a29334-87da-4f2f-a553-d920a54c2938","2025-08-31","owner-occupied","switched","2025-08-30"
"Roast Ham","09a7d6ba-0749-44b2-a945-4ba53187af5e","2026-02-28","buy-to-let","redeemed","2026-03-03"
"Hidecreek","09b0edd8-3bf0-4101-9fd1-5252647c2bcb","2026-06-29","commercial-buy-to-let","open",""
"Elderless","09b30f6e-c8ee-4a04-8708-af273bd85762","2030-03-25","buy-to-let","open",""
"Roast Ham","09b429f0-c3bb-45a3-b7f4-2dd8020da820","2028-01-31","buy-to-let","open",""
"Hidecreek","09b45382-f58b-4404-a212-247acda4a92c","2026-11-12","buy-to-let","open",""
"Hidecreek","09b4c2ec-bb43-4e3b-9fe9-2d7bd3993a17","2027-05-15","commercial-buy-to-let","open",""
"Elderless","09b6e4ef-557c-4c46-9729-26840745727e","2028-03-16","buy-to-let","open",""
"Elderless","09beba26-d443-493c-8849-f11b6ed038a8","2030-04-06","buy-to-let","open",""
"Elderless","09c31954-c04c-47f8-a983-6ff7771345ef","2029-03-14","buy-to-let","open",""
"Elderless","09c3d054-85c5-41fa-8acc-1f58f2f27d37","2028-07-17","owner-occupied","open",""
"Hidecreek","09c45488-9128-4002-b631-b6767e4965f4","2029-08-05","buy-to-let","open",""
"Elderless","09d128d7-b332-4d65-9367-1bd0ffcaeb08","2025-10-31","buy-to-let","open",""
"Elderless","09d421ed-7c47-48aa-824f-31414f22cab9","2026-07-31","owner-occupied","switched","2026-05-06"
"Roast Ham","09da38c5-200d-4c48-ab88-8aadc1603f30","2026-10-31","buy-to-let","open",""
"Roast Ham","09ddcf67-b1c5-470b-926b-fc9dc181810b","2028-08-31","owner-occupied","open",""
"Hidecreek","09de8a6b-9a55-40b1-a045-bbb7ac596312","2026-06-14","commercial-buy-to-let","open",""
"Elderless","09df9b4d-eb1e-476b-9f97-53cf1d6fc5f1","2030-10-08","owner-occupied","open",""
"Elderless","09e0289e-9434-44df-a607-2eb185335740","2025-12-31","buy-to-let","switched","2026-01-08"
"Elderless","09e04241-7334-462d-8c5c-3309d04634e5","2027-09-14","buy-to-let","open",""
"Elderless","09e05072-90ed-47ed-85ce-5d1c41ba7e8e","2030-09-28","buy-to-let","open",""
"Roast Ham","09e15850-6d41-4215-be97-12a730de43a6","2027-03-31","owner-occupied","open",""
"Elderless","09e17a5a-25bd-4c2e-8489-f97adef9a73c","2028-01-31","owner-occupied","open",""
"Elderless","09e34233-d2b7-40c3-a7a9-7fe2ff5fe706","2026-10-31","owner-occupied","open",""
"Roast Ham","09e60ff7-9b76-4d57-9af6-3fc4319e9866","2025-05-31","owner-occupied","open",""
"Elderless","09e93d95-5976-45f5-9058-eb3aea49a103","2025-07-31","buy-to-let","redeemed","2025-07-09"
"Roast Ham","09ecff23-66b2-4551-97c5-61c1592dd68d","2026-02-28","owner-occupied","switched","2026-02-11"
"Roast Ham","09edaf66-b537-4269-9b49-b224b811772a","2026-11-30","owner-occupied","open",""
"Elderless","09f20a4d-61d2-44e9-a699-2d36c5085530","2028-06-08","buy-to-let","open",""
"Roast Ham","09f3d118-f07a-4c56-a870-db1a10aeec4d","2025-11-30","owner-occupied","redeemed","2025-11-06"
"Elderless","09f85921-3a5b-4d87-a20a-f76100e448aa","2027-04-30","owner-occupied","open",""
"Elderless","09fa8633-539f-418f-8a04-14c7bf90e115","2026-03-11","buy-to-let","switched","2026-02-17"
"Roast Ham","09fb9365-a14c-4b25-bce5-179fe8d6b0c6","2025-10-31","owner-occupied","redeemed","2025-08-23"
"Hidecreek","09fc6fcd-3345-443c-a8f5-f9b2185640fb","2027-02-18","buy-to-let","open",""
"Hidecreek","09fe3bfb-a3c2-4aa6-9aca-aca50801e7a9","2028-05-26","commercial-buy-to-let","open",""
"Elderless","0a020908-a01c-4402-a325-4d6614c10691","2028-04-30","buy-to-let","open",""
"Elderless","0a023e7a-3b1b-4ab2-9c1e-5ab07cb651db","2031-04-28","buy-to-let","open",""
"Elderless","0a02c3b4-4637-43fe-8ac4-348a585df631","2027-03-27","owner-occupied","open",""
"Elderless","0a039698-2491-48f8-a755-1a8b59ff2f2c","2028-02-09","owner-occupied","open",""
"Elderless","0a056a1b-9b51-4f56-ab60-9acfcf73a61f","2028-03-25","buy-to-let","open",""
"Elderless","0a0aa400-e0f1-4859-aa2b-81a0444e1079","2028-11-15","buy-to-let","open",""
"Elderless","0a0ca0d6-a3d8-47ea-8d13-74f2b964a414","2027-11-15","buy-to-let","open",""
"Roast Ham","0a0d9e08-bb68-4313-a029-c3f7c51ca546","2025-06-30","buy-to-let","redeemed","2025-10-18"
"Roast Ham","0a0eb264-67a3-45a2-bfcf-5dafac27be02","2027-03-31","buy-to-let","open",""
"Roast Ham","0a10a3b7-d0a8-4e8d-9314-79c218eb1d16","2027-06-30","owner-occupied","open",""
"Elderless","0a112899-5abe-47c7-aa1c-9c1510c3bfdc","2027-10-30","buy-to-let","open",""
"Elderless","0a13e0c7-512f-41cd-8b7f-c60b6198e156","2025-05-31","buy-to-let","open",""
"Elderless","0a181a91-7342-4f60-bfe4-953f1e3625a3","2025-09-19","buy-to-let","redeemed","2025-09-26"
"Hidecreek","0a1c435c-1c43-49ef-84e9-8adb620c11ac","2028-06-12","buy-to-let","open",""
"Elderless","0a207664-e7ea-45c9-aa12-47c5631ce046","2028-06-30","buy-to-let","open",""
"Hidecreek","0a23613c-ffb6-4278-bc02-ed8633047900","2028-06-06","buy-to-let","open",""
"Hidecreek","0a25f40b-1ca0-4bde-8372-1d1333b0ae6d","2026-10-08","commercial-buy-to-let","open",""
"Elderless","0a2724a1-60ae-483a-ad41-382f1f534a54","2026-06-01","buy-to-let","switched","2026-05-29"
"Roast Ham","0a283cdd-e9c3-465d-8000-21c03457a0de","2029-07-31","buy-to-let","redeemed","2025-11-26"
"Elderless","0a286148-c430-4585-b5cc-90617dd71717","2027-02-02","owner-occupied","open",""
"Roast Ham","0a29603c-7b69-4588-b221-67d925764de4","2027-03-06","buy-to-let","open",""
"Roast Ham","0a30845b-2550-427d-873e-3e6835260915","2028-12-31","owner-occupied","open",""
"Roast Ham","0a31dc83-072c-47a6-a251-879f912b0124","2030-10-31","buy-to-let","open",""
"Elderless","0a367ebc-0900-47be-88e5-1219cbb31e8a","2028-01-31","buy-to-let","open",""
"Elderless","0a3dc87b-4a0e-422f-98e2-bd0c1148d9f0","2025-08-31","owner-occupied","switched","2025-05-21"
"Roast Ham","0a42d51c-8007-411b-b452-ad0f31bfb55c","2027-04-30","buy-to-let","open",""
"Roast Ham","0a430b8a-cfc0-421e-a1de-399126ad27bc","2028-09-30","buy-to-let","open",""
"Roast Ham","0a4dd7b9-1fcc-455b-b7f3-71a509596ce3","2028-01-31","owner-occupied","open",""
"Elderless","0a51afbc-8801-4aa9-be4b-bb5aff74aff7","2026-08-28","buy-to-let","switched","2026-05-28"
"Roast Ham","0a565f81-80ad-4f0b-9515-43554a7f350c","2026-01-31","owner-occupied","redeemed","2026-02-07"
"Roast Ham","0a57e15c-f731-4a56-b9fc-ab5820aef23e","2027-02-28","buy-to-let","open",""
"Elderless","0a59c770-f889-4e86-a8dc-714bde7ef843","2027-02-28","buy-to-let","open",""
"Elderless","0a632e57-8675-4c92-8c3e-fcc9aa693465","2029-09-19","buy-to-let","open",""
"Elderless","0a6370cd-dc1a-4c8b-8d0b-6f24f0c30a92","2026-03-31","buy-to-let","switched","2026-02-10"
"Elderless","0a67669e-fddf-4a8f-b69d-4460d354fe9c","2026-12-17","buy-to-let","open",""
"Elderless","0a6e5009-0342-4472-8cc6-1e29db58e6e8","2027-05-31","owner-occupied","open",""
"Elderless","0a7320f3-9446-4d83-94d8-1eb45f656a03","2027-09-30","buy-to-let","open",""
"Elderless","0a738057-4dd9-412e-88a9-3ab33d97e5d1","2026-05-20","buy-to-let","switched","2026-03-20"
"Roast Ham","0a73ea4d-3cb2-43cb-a64d-ccee322d51da","2028-12-31","owner-occupied","open",""
"Elderless","0a741aa9-4274-4ea5-adb4-9e341c9c94fc","2028-07-26","buy-to-let","open",""
"Elderless","0a769ea9-acea-4070-a6f9-29b3c2addc93","2027-03-31","buy-to-let","open",""
"Roast Ham","0a77001c-423f-4f3c-ac3f-c80cc69cbf93","2027-08-31","buy-to-let","open",""
"Hidecreek","0a779303-a7c2-41d2-a2bf-2b2ca33b4e5d","2026-10-27","buy-to-let","open",""
"Elderless","0a78f1f6-65f8-4acd-aafe-cb4476e1f224","2030-09-03","buy-to-let","open",""
"Roast Ham","0a79835d-e90a-449e-9c62-011f63a11375","2026-12-31","owner-occupied","open",""
"Roast Ham","0a7abfb6-6f1c-47f1-8095-3aa7fe2f9709","2030-10-31","buy-to-let","open",""
"Roast Ham","0a7c9d94-1b89-42ef-a9ef-f18e578bd7ed","2027-09-11","owner-occupied","open",""
"Roast Ham","0a804045-f812-4e8c-bf0c-18360c664d36","2027-12-31","buy-to-let","open",""
"Elderless","0a804a29-f309-4013-90e3-2c4d13a8aa51","2026-04-30","buy-to-let","redeemed","2026-05-29"
"Elderless","0a81c88b-76c4-4e84-976d-8bf4a2d43cf8","2029-09-05","buy-to-let","open",""
"Elderless","0a86b82a-921b-47a5-b567-d8b398353d0d","2029-02-15","buy-to-let","open",""
"Hidecreek","0a93205c-423f-4ccf-8b14-2a9246d37cbd","2028-05-23","buy-to-let","open",""
"Elderless","0a944358-5491-4645-96fa-3a7da7b9d60a","2026-10-31","owner-occupied","open",""
"Hidecreek","0a959b98-a700-4290-a23f-178287f3497f","2027-07-12","commercial-buy-to-let","open",""
"Elderless","0a96488c-63f5-41e3-b0ff-1faf06ea4f65","2027-07-26","buy-to-let","open",""
"Elderless","0a9b5d52-ec58-49b4-a105-3abc3147f2fe","2030-04-04","buy-to-let","open",""
"Roast Ham","0a9bc605-f6e2-4743-84e7-6ba5b3d103cc","2030-04-30","owner-occupied","open",""
"Elderless","0a9f76be-7c03-4bb1-97f4-a896b52a6bba","2027-10-31","owner-occupied","open",""
"Elderless","0aa15d1d-c727-497a-b3a8-eb02c0cf1d97","2027-04-29","buy-to-let","open",""
"Elderless","0aa2fdcc-8da4-4ad1-ae78-6bfb45346173","2026-10-14","buy-to-let","open",""
"Hidecreek","0aabf0d2-d783-4fd4-a378-ffda1b9a2d01","2028-08-14","semi-commercial-buy-to-let","open",""
"Elderless","0aac952d-2418-4022-ac7e-19334a6e4833","2027-09-18","owner-occupied","open",""
"California","0aae2f8e-8ff7-493e-8a06-10e9bbfe022c","2031-01-13","commercial-buy-to-let","open",""
"Elderless","0aae7d78-0e8c-41c7-8dc1-846ba559579a","2025-12-21","buy-to-let","redeemed","2025-12-24"
"Elderless","0aaec01a-b4b5-4269-91cc-eb88dd035777","2028-02-29","buy-to-let","open",""
"Roast Ham","0aaed622-01f8-4656-8c6e-539e1c19cdc1","2026-01-31","owner-occupied","redeemed","2026-05-01"
"Hidecreek","0ab2a8fa-a349-442f-9bba-99dcfbe2c3db","2029-10-01","semi-commercial-buy-to-let","open",""
"Elderless","0ab76d1b-7b16-4d09-ae01-e3bd433bccdc","2027-12-12","owner-occupied","open",""
"Roast Ham","0ab917c2-cf15-4bb2-9c14-a6c5aec2ca4a","2029-08-31","owner-occupied","open",""
"Hidecreek","0abdb386-2b24-4724-a027-f6f5ac32cce6","2028-06-21","buy-to-let","open",""
"Elderless","0ac04688-ba07-458c-939b-b54522289826","2029-03-31","owner-occupied","open",""
"Elderless","0ac13bce-dd48-41d7-9c50-84f1b5b372ad","2026-08-31","buy-to-let","open",""
"Elderless","0ac580c8-9de3-4027-a1c1-9341d1a966b8","2027-05-07","owner-occupied","open",""
"Elderless","0ac5e0da-cae6-406d-9d06-9cca626f9b60","2029-12-03","buy-to-let","open",""
"Elderless","0ac6d163-1f6e-4a37-9191-6c169ebd988b","2029-02-28","buy-to-let","open",""
"Elderless","0aca0d44-21ec-4e66-a4c6-91cba5a301e1","2027-07-31","owner-occupied","open",""
"Elderless","0aca2302-2b18-48a7-a206-4711893b28e0","2030-04-29","buy-to-let","open",""
"Hidecreek","0ad17ab6-9e77-4ef8-93b0-d559ab0fefc7","2026-01-14","buy-to-let","switched","2026-01-15"
"Elderless","0ad191ed-d5d7-4d03-9851-b5968e4d5178","2027-08-26","buy-to-let","open",""
"Hidecreek","0ad51bfd-a79e-45a1-b8bb-b50ad437d076","2028-05-19","buy-to-let","open",""
"Elderless","0ad88997-b5b8-4d5b-a9de-f7b4d9a7767a","2026-06-28","buy-to-let","open",""
"Elderless","0ada57cd-d39a-469c-bf2a-28879301f6ff","2030-02-28","buy-to-let","open",""
"Elderless","0add0b27-54c5-4d1b-8c61-f3f1ff1927b9","2026-02-28","owner-occupied","switched","2026-02-19"
"Roast Ham","0addc96e-5d68-40b7-8c40-c0ac25248ea8","2027-02-28","owner-occupied","open",""
"Roast Ham","0adf3c11-25d8-4ddf-a47f-a5ffda180864","2027-01-31","owner-occupied","open",""
"Hidecreek","0adf850a-8fad-4bbb-9c67-1cd4755e6380","2031-08-02","buy-to-let","open",""
"Roast Ham","0adfeed5-668a-457b-9d91-8cff4442ed74","2025-10-31","buy-to-let","switched","2025-10-15"
"Roast Ham","0ae08016-da71-4052-96c9-3faa5bcd8502","2026-05-02","owner-occupied","open",""
"Hidecreek","0ae329bc-3b59-412d-8337-c96e08a33e4b","2026-05-10","buy-to-let","open",""
"Roast Ham","0ae41933-e6de-45a5-8b3d-0b8fd587fd7b","2027-10-31","owner-occupied","open",""
"Roast Ham","0ae7974f-0aef-480a-bae0-128186ab1f3f","2025-09-21","owner-occupied","redeemed","2025-09-27"
"Elderless","0ae897cc-f306-478f-b17d-92c39756800c","2026-09-30","buy-to-let","open",""
"Roast Ham","0ae960c4-8b06-4bc1-a376-469d27760968","2028-05-31","owner-occupied","open",""
"Elderless","0aea7a0e-2f4b-44e4-b32b-bc2d2072e290","2028-05-22","buy-to-let","open",""
"Elderless","0aed9057-5e6e-434e-99b3-b3637fdaff27","2029-04-07","buy-to-let","open",""
"Hidecreek","0aee702b-7826-4a9f-9141-7e7310160bd1","2027-02-11","buy-to-let","redeemed","2025-12-12"
"Elderless","0af2edc2-291a-4dbd-9dc3-701c9af61fc0","2026-01-30","buy-to-let","open",""
"Roast Ham","0af36748-c08d-47a4-bfdc-541f97cfb07e","2026-02-28","owner-occupied","redeemed","2025-07-12"
"Hidecreek","0af73b6d-cd11-4ddf-a320-bf78fe21fc80","2030-02-26","buy-to-let","open",""
"Roast Ham","0afb4901-ab98-435c-9fde-ddc27db0e870","2025-05-31","buy-to-let","redeemed","2025-06-03"
"Elderless","0afd54b6-95bb-473d-a0c3-80fab0d57db3","2027-12-12","buy-to-let","switched","2025-12-14"
"Elderless","0afea385-853b-45ff-8fa2-f86c6645a9d5","2026-11-01","buy-to-let","open",""
"Elderless","0b0099d8-976a-4f19-9ea0-25337cfd01b6","2027-05-22","owner-occupied","open",""
"Elderless","0b01cedf-9874-43a4-9cdf-2c8148b1831a","2027-07-01","buy-to-let","open",""
"Roast Ham","0b065b34-add5-4f78-8667-9e36be478f3d","2025-05-31","owner-occupied","switched","2025-03-25"
"Elderless","0b073ecb-6654-4973-9387-f4a2a0d12d5c","2025-09-30","buy-to-let","redeemed","2026-01-07"
"Elderless","0b078f8f-b27c-47ad-b3b6-b043dc4386b9","2029-10-29","buy-to-let","open",""
"Elderless","0b0b4439-7b04-4973-bd8a-dc3d78667ce3","2030-11-30","owner-occupied","open",""
"Elderless","0b0e3778-91ff-4e3b-a605-b713efa11af0","2027-09-12","buy-to-let","open",""
"Elderless","0b126468-8ced-4858-a9d7-f1ac6b1012eb","2028-09-24","buy-to-let","open",""
"Elderless","0b12a0f9-85a0-4e8a-81e6-9a32006eba0f","2027-11-17","owner-occupied","open",""
"Elderless","0b12af1f-b785-416a-81cb-20e5b9df42be","2027-12-15","buy-to-let","open",""
"Elderless","0b12b935-4ea1-4d7e-b6ad-65c207d4136d","2025-06-28","owner-occupied","redeemed","2025-07-03"
"Roast Ham","0aae06ae-70a9-4dd9-a24b-e7901b3cd0be","2026-02-28","owner-occupied","open",""
"Elderless","0ab42c8f-18cb-419e-bffa-8a89a04c7900","2030-06-17","buy-to-let","open",""
"Elderless","0ab43ada-d551-46ff-a637-d82bf58efe5c","2027-05-31","owner-occupied","open",""
"Elderless","0ab54e19-c2aa-43f9-8d6c-48ee0e98ef97","2030-06-22","buy-to-let","open",""
"Elderless","0ab56a82-ab03-467c-aaa4-f8d5e4c3aee2","2025-05-31","buy-to-let","redeemed","2025-06-12"
"Elderless","0ab88e91-6148-4590-856b-23ca9c63ad84","2026-03-31","owner-occupied","redeemed","2026-04-02"
"Elderless","0ab92461-1a73-4214-8839-39365fb04985","2025-07-31","buy-to-let","redeemed","2025-08-06"
"Roast Ham","0abf340c-cdb9-4001-96aa-3e4434fa12a6","2030-05-31","buy-to-let","open",""
"Elderless","0ac3bbb9-0e69-4bcf-b9be-009e26ebc90e","2027-08-08","buy-to-let","open",""
"Hidecreek","0ac3d218-025d-4683-b7b0-ec9102d1a4b9","2029-08-16","buy-to-let","open",""
"Hidecreek","0ac5a00a-0719-4dcf-98ff-bf9ec7a7da00","2028-05-05","buy-to-let","open",""
"Roast Ham","0ac71f98-370c-4718-81e9-e22053729460","2026-03-26","buy-to-let","switched","2026-01-31"
"Hidecreek","0ac81edc-6e93-4773-ac6c-f5f961165316","2030-03-18","semi-commercial-buy-to-let","redeemed","2026-01-08"
"Hidecreek","0acc8108-3346-4723-b431-bcb28cc241e1","2029-07-05","buy-to-let","open",""
"Elderless","0ace5774-9662-4fb0-a08b-549896ce835e","2030-10-01","owner-occupied","open",""
"Elderless","0acf20b3-d365-45e1-a5d3-fcb6396b54da","2027-01-09","buy-to-let","open",""
"Elderless","0ad0d95a-54a9-4250-a456-bdd62f2572bd","2026-04-29","buy-to-let","open",""
"Elderless","0ad3ebf6-9a8b-4746-afde-af2a7c3c3e1b","2027-02-05","buy-to-let","open",""
"Hidecreek","0ad49190-b801-4609-99f5-99c8a4107ccc","2029-09-30","buy-to-let","open",""
"Elderless","0addb8f0-693e-428e-b739-12f7294d3d99","2026-06-09","owner-occupied","open",""
"Hidecreek","0ade7f9c-5414-4ba6-ac65-96802cdfe215","2027-09-01","buy-to-let","open",""
"Elderless","0ae23c70-46af-4327-9039-139d792cef58","2027-05-26","buy-to-let","open",""
"Elderless","0ae3d189-3006-4421-a7cc-cdef55607f81","2026-08-08","owner-occupied","open",""
"Elderless","0ae55b7a-3087-4e4d-b1a7-719dad94d917","2027-02-19","buy-to-let","open",""
"Elderless","0ae7f25b-5b50-425b-bcfc-73fca7cbda76","2027-09-30","owner-occupied","open",""
"Hidecreek","0aea4a9b-1021-4232-92d5-e08ccced2914","2030-03-03","buy-to-let","open",""
"Hidecreek","0aebde8b-f587-41cf-afed-882722412a8a","2028-09-08","buy-to-let","open",""
"Roast Ham","0aee35c3-3c4d-4f6a-bea4-1ae5c06b3d68","2025-09-30","owner-occupied","switched","2025-07-30"
"Elderless","0aee4f28-ac1c-40f2-bcaf-b7bffca4ab55","2027-10-07","buy-to-let","open",""
"Roast Ham","0af4e84e-7c17-47ef-bf33-ce46709a0a12","2028-09-30","owner-occupied","open",""
"Elderless","0af59571-d6f4-4874-ac6d-5843bea8c936","2026-06-30","owner-occupied","open",""
"Roast Ham","0af90ebb-6afa-419c-83a3-09f0c0e8b950","2029-11-30","owner-occupied","open",""
"Elderless","0af9e202-2c5e-4cdc-94b3-17c9bc56aeda","2028-05-28","buy-to-let","open",""
"Roast Ham","0afa14c2-cc53-4c27-ba32-a630ed43b83a","2026-06-20","owner-occupied","redeemed","2026-02-25"
"Elderless","0afadc40-2cc5-4090-91b5-db094cc084e1","2027-07-31","buy-to-let","open",""
"Elderless","0afb04c9-d500-4911-981c-0bd12317fc5b","2026-09-30","buy-to-let","open",""
"Roast Ham","0afc6fbd-88bc-4f06-aaed-1692cef8e034","2028-07-31","owner-occupied","open",""
"Roast Ham","0afd1375-57f3-45c6-9443-9c7e132e0c4e","2027-10-31","owner-occupied","open",""
"Roast Ham","0afdb588-0b57-4b51-afa0-b0b612d27ae3","2029-01-31","buy-to-let","redeemed","2024-12-07"
"Roast Ham","0afee86f-b6a8-4f29-854c-95ca305d2785","2026-11-30","owner-occupied","open",""
"Hidecreek","0b032a69-449e-4fa1-83f7-dd505e9fce74","2027-12-08","commercial-buy-to-let","open",""
"Elderless","0b06bf53-4ac8-4052-89d6-560c6b0de8ff","2029-02-07","owner-occupied","open",""
"Elderless","0b091fdd-9cd7-4fc7-9a7c-bcde76d4c255","2025-11-30","buy-to-let","open",""
"Hidecreek","0b0b245a-8cf5-4409-9e3f-6edbee364d54","2027-07-31","commercial-owner-occupied","open",""
"Roast Ham","0b0e9a56-3ac2-4825-8001-3c46decece10","2030-07-31","owner-occupied","open",""
"Hidecreek","0b1534df-b3b5-4c79-ad0b-7e835eacbe64","2030-05-30","buy-to-let","open",""
"Hidecreek","0b158e91-653f-49af-b654-8a6ad9b6d3a3","2027-06-13","buy-to-let","open",""
"Roast Ham","0b15fce2-9701-4439-b9a6-a838d431cd96","2026-04-30","buy-to-let","switched","2026-03-26"
"Elderless","0b1959df-447d-4921-8200-5a9875e67cef","2026-03-31","owner-occupied","switched","2026-02-10"
"Roast Ham","0b1b2b23-516c-47e6-9223-a2e77508dc40","2026-06-30","owner-occupied","open",""
"Elderless","0b1c498e-7017-4829-ae5b-b1e8ec7e34fa","2026-01-31","buy-to-let","switched","2025-12-09"
"Hidecreek","0b1c981a-31ad-483b-a267-1836dce41dca","2030-04-28","buy-to-let","open",""
"Elderless","0b1e31b2-baab-46a7-b52b-7e9147bd612c","2027-12-31","buy-to-let","open",""
"Elderless","0b1ea8e2-8d68-4c3b-9896-5f56f5430fb4","2027-04-30","owner-occupied","open",""
"Hidecreek","0b21263e-42c0-4606-8b97-1dbe3c4ff18c","2030-07-22","commercial-buy-to-let","open",""
"Hidecreek","0b22d393-95a6-4bfe-ad13-1618ebc62b68","2028-10-02","buy-to-let","open",""
"Elderless","0b275696-1bde-4888-be4b-735464fa0f6d","2030-03-27","buy-to-let","open",""
"Elderless","0b2c5be8-d879-4875-a4d3-aab5993162a8","2025-10-26","buy-to-let","switched","2025-10-08"
"Elderless","0b2c8ec6-5176-4ec6-8837-cde081581b07","2028-03-31","buy-to-let","open",""
"Elderless","0b3275bc-4513-47d9-9844-efb800e24b77","2030-01-08","buy-to-let","open",""
"Roast Ham","0b3386eb-6be9-48cb-bc63-6403d4c91e84","2025-12-31","owner-occupied","switched","2026-01-10"
"Elderless","0b353e01-6260-436b-8d46-3d2405818618","2026-11-28","buy-to-let","open",""
"Elderless","0b358448-bf7b-4eb6-86f4-cccabfc23f92","2028-07-04","buy-to-let","open",""
"Elderless","0b375577-0b2f-4712-8fa6-ee85fdf3d263","2029-11-30","owner-occupied","open",""
"Roast Ham","0b376588-1474-4fe5-8f9b-92568f8c7b64","2028-07-31","owner-occupied","open",""
"Roast Ham","0b3e58c4-3b5d-423c-8cc2-5c1116e18f4d","2026-03-31","buy-to-let","redeemed","2026-04-02"
"Elderless","0b3e7045-f64c-4c9b-a25c-f501109dacfe","2028-04-30","buy-to-let","open",""
"Elderless","0b49832c-f432-45c9-9bd5-fd99b77b3a93","2025-12-05","buy-to-let","switched","2025-11-05"
"Elderless","0b4b1996-8ebf-4497-9471-f92d8f39055e","2028-05-14","buy-to-let","open",""
"Roast Ham","0b515a97-b334-4481-aeee-4a5428a20e73","2026-10-31","buy-to-let","open",""
"Roast Ham","0b526b4f-c749-4f7a-ada4-b560eea5c5d4","2027-07-10","owner-occupied","open",""
"Elderless","0b5e9f73-56af-44fb-80fb-dc2bbcc3c7ab","2029-12-03","owner-occupied","open",""
"Elderless","0b5fa929-7c26-44c0-9344-4dceb021e742","2027-03-28","owner-occupied","open",""
"Elderless","0b5fe991-2279-4d77-82ec-75a891e66dc5","2026-12-31","buy-to-let","open",""
"Roast Ham","0b60a082-b6a6-4b35-bb83-c609eba40a45","2026-03-31","owner-occupied","redeemed","2023-10-07"
"Roast Ham","0b612310-8f34-4e41-a577-44f64e8eec97","2025-09-30","owner-occupied","redeemed","2025-07-09"
"Elderless","0b6174d1-36d1-4975-8db2-ac97c7f49f0e","2028-06-30","owner-occupied","open",""
"Elderless","0b6215d8-d672-404a-ae20-a9a225ac1881","2027-04-01","buy-to-let","open",""
"Roast Ham","0b69b0d0-f9bd-447f-be79-c59a8b4f333b","2025-10-31","owner-occupied","redeemed","2025-11-04"
"Elderless","0b7bf5a7-aeda-4694-bb15-d5b615ff6bd5","2030-02-10","buy-to-let","open",""
"Elderless","0b830ab2-bc33-4dd3-a4f7-4a40eb394169","2028-04-29","owner-occupied","open",""
"Elderless","0b83d075-5120-4820-928a-f0dfc0ce92f7","2027-12-15","owner-occupied","open",""
"Elderless","0b865042-9031-4e50-80ce-51c4efb6a258","2031-03-25","buy-to-let","open",""
"Roast Ham","0b182495-c0fd-4293-b771-887cf5ef844b","2025-07-31","owner-occupied","switched","2025-06-12"
"Elderless","0b195c0c-cabf-4e8d-b9b2-42ac6ce4e6dd","2028-12-12","buy-to-let","redeemed","2025-07-25"
"Roast Ham","0b1c53f2-a1a0-4b1e-a980-033b1565577c","2030-11-30","buy-to-let","open",""
"Hidecreek","0b1e8f93-c5da-4d94-9847-2ef38ddc4237","2028-02-28","buy-to-let","open",""
"Roast Ham","0b1f1ab7-a09c-4692-a12f-995c02ca83d2","2025-10-31","buy-to-let","redeemed","2026-04-22"
"Elderless","0b1feb65-5469-4a3a-ba80-aee48451f961","2025-07-12","buy-to-let","switched","2025-06-06"
"Elderless","0b20f1c9-2545-443f-92c3-a1110d74295c","2029-03-31","buy-to-let","open",""
"Hidecreek","0b219301-7f43-42ee-8cca-985f04cd34b3","2025-12-03","buy-to-let","switched","2025-12-04"
"Elderless","0b258b2b-434c-4391-8c0f-085fb63b4682","2029-05-15","buy-to-let","open",""
"Elderless","0b26eae7-efa3-4fd9-aeef-96e793fd9a3e","2026-01-31","buy-to-let","redeemed","2026-02-04"
"Elderless","0b27b3d3-de37-4f20-8113-ababcea0206c","2028-02-29","buy-to-let","open",""
"Elderless","0b2989b8-2732-4c76-81e0-dd92de27d024","2027-12-31","buy-to-let","open",""
"Roast Ham","0b2a5109-6dee-4e93-b4e0-f039d45a9c57","2029-11-30","owner-occupied","open",""
"Roast Ham","0b308ecd-5b9b-4aef-9f94-71b4851107fe","2028-09-30","owner-occupied","open",""
"Elderless","0b3175e5-a78f-43ec-b35e-7306858239c0","2027-09-15","buy-to-let","open",""
"Roast Ham","0b329e93-bb68-434f-8fcd-891872910dbc","2030-09-30","owner-occupied","open",""
"Elderless","0b34c899-b9a0-4091-9bbc-e1feec21c3bd","2026-07-31","buy-to-let","switched","2026-05-08"
"Roast Ham","0b3a4e83-0030-4bb1-922f-fe795427e59c","2025-05-30","buy-to-let","switched","2025-05-31"
"Elderless","0b3c0576-75ae-4367-b9e5-e3b3933f2017","2027-10-23","owner-occupied","open",""
"Roast Ham","0b3c7d5e-80cc-45de-be3a-5f1ee9f3d57d","2028-07-31","owner-occupied","open",""
"Hidecreek","0b3c9f35-e182-4cb3-a516-bcdae5c226b3","2028-02-20","buy-to-let","open",""
"Elderless","0b3ef6e4-5f82-4e0a-b16d-753ee16c22c2","2025-08-31","buy-to-let","switched","2025-08-15"
"Elderless","0b3f43b7-d01f-4cd4-bb24-47cc58dd95f9","2027-04-30","buy-to-let","redeemed","2025-09-10"
"Hidecreek","0b418c9b-91b1-41a9-bce8-e1c10954ccc4","2026-02-02","buy-to-let","open",""
"Roast Ham","0b41c3fd-4fb1-486e-b381-631f3810fcb6","2025-08-31","owner-occupied","redeemed","2025-09-02"
"Elderless","0b46682b-8f99-4f74-9e07-3b45afb9edb1","2031-01-22","buy-to-let","open",""
"Hidecreek","0b47d072-c5e4-4f29-a4a3-b2ecf323ccbf","2026-06-30","buy-to-let","open",""
"Elderless","0b49ce1b-5a19-4942-9f82-ff6e5eaef14f","2026-07-31","buy-to-let","open",""
"Elderless","0b4e6c7c-d127-4a1a-8b51-5fd8be77f34a","2028-03-19","owner-occupied","open",""
"Roast Ham","0b4fa1ee-aa4c-43ca-93f4-c2d9b1821c66","2027-07-31","buy-to-let","open",""
"Hidecreek","0b5bfb6d-3e78-4f89-a3d2-38388d0d2ee1","2031-03-30","buy-to-let","switched","2026-04-01"
"Elderless","0b5cf784-4767-427c-9832-9b4f265014fe","2028-05-09","buy-to-let","open",""
"Elderless","0b5dea97-e8e8-495e-afec-38b398164748","2030-07-30","buy-to-let","open",""
"Elderless","0b5e485c-cbdf-47da-86cb-836f08328b5a","2027-07-20","buy-to-let","open",""
"Elderless","0b609c22-0bb8-41a2-abb8-ad1b9d93fd48","2030-11-13","buy-to-let","open",""
"Elderless","0b6117f5-92e7-4aa3-be36-f66e27bc2ba3","2030-01-28","buy-to-let","open",""
"Hidecreek","0b619851-a959-424b-bfa0-c53c06273e9a","2030-09-09","commercial-owner-occupied","open",""
"Roast Ham","0b61d396-7501-49bb-ab70-ed5bd1777629","2026-04-30","buy-to-let","switched","2026-03-30"
"Elderless","0b72db31-501a-40e4-aad7-5f6bb5c59500","2027-07-31","buy-to-let","open",""
"Hidecreek","0b746ad5-b530-4e36-9596-3b638036d18b","2028-01-25","buy-to-let","open",""
"Elderless","0b760ea9-7654-4078-8e1c-053a51bac0c5","2027-12-04","buy-to-let","open",""
"Roast Ham","0b765fc9-4c96-4c7b-9ac5-16202298f954","2025-07-31","owner-occupied","switched","2025-07-03"
"Elderless","0b7913ed-70d3-4fc2-a743-d83da3aab572","2028-04-30","buy-to-let","open",""
"Elderless","0b7920ee-8cb6-40e8-ab08-aa42c4118166","2028-02-29","buy-to-let","open",""
"Roast Ham","0b7afcb7-29f7-4d74-ab2b-104ce4fe480f","2027-11-30","buy-to-let","open",""
"Elderless","0b7d82fc-36cf-4d11-899f-d8bf2f0a2398","2026-03-28","buy-to-let","redeemed","2026-04-21"
"Elderless","0b81d363-78e0-4e33-8f67-fef8fea18813","2030-11-10","owner-occupied","open",""
"Elderless","0b82a6ba-3b2a-46f1-a3fe-2851593a1a61","2030-08-06","buy-to-let","open",""
"Roast Ham","0b8566a0-3eee-4dd2-a00c-6d7c576e81e5","2026-03-31","owner-occupied","switched","2026-02-03"
"Elderless","0b891bc2-3936-4a37-9242-d5c1dc8f5369","2031-04-28","buy-to-let","open",""
"Elderless","0b8c18cb-19f2-48ee-ad03-173563c56b56","2027-04-28","owner-occupied","open",""
"Elderless","0b9058ae-487e-418b-b580-45cfbd91e066","2025-12-31","buy-to-let","redeemed","2026-03-20"
"Hidecreek","0b93fee0-ecb7-43a2-8f81-4c31de5b448f","2027-10-07","buy-to-let","open",""
"Elderless","0b94885e-c046-48e6-ba34-2ae19940fe88","2029-04-30","owner-occupied","open",""
"Elderless","0b95400d-94c3-476d-b691-9e9c760b9622","2027-01-29","buy-to-let","open",""
"Roast Ham","0b990d3e-8f55-47f5-95be-1cf1400491ee","2028-01-31","buy-to-let","open",""
"Elderless","0b9aa605-2cb2-46f7-baa8-1588243b6067","2025-05-31","owner-occupied","redeemed","2025-06-04"
"Roast Ham","0b9ad01a-ff71-471d-97b3-aca0d30b5b06","2028-09-30","owner-occupied","open",""
"Elderless","0b9b2f52-b6f4-47a3-a351-eead070628e1","2029-10-30","owner-occupied","open",""
"Elderless","0b9b4090-cab5-493c-905d-4169d54f7e63","2029-02-28","buy-to-let","open",""
"Hidecreek","0b9da04e-8235-4ee9-b04f-71cf7f8924ba","2026-08-12","buy-to-let","open",""
"Elderless","0b9ed058-5356-46da-ac8a-0f42f41db263","2027-09-15","buy-to-let","open",""
"Elderless","0ba01be2-15e8-46b7-b2db-3d5717f5e277","2030-05-31","owner-occupied","open",""
"Elderless","0ba3d329-af5b-4ba0-b800-f140abeab5bb","2026-08-12","buy-to-let","open",""
"Elderless","0ba3d432-5334-4c2b-bb3f-fe5b63b5ca33","2025-09-22","buy-to-let","redeemed","2025-10-02"
"Roast Ham","0ba8b18f-22c8-4207-b83b-7595952b2942","2026-11-30","owner-occupied","open",""
"Elderless","0ba8b84c-d1ed-403d-819f-ee23860fa000","2026-08-31","owner-occupied","open",""
"Elderless","0ba968bc-06b0-4bda-9b95-27afe439227b","2026-08-15","buy-to-let","open",""
"Elderless","0bab55c0-e26f-42b4-9adf-b8fc1b628e02","2027-06-30","owner-occupied","open",""
"Elderless","0bb067df-7a91-44ae-af1a-eb60d98e66ce","2025-10-11","buy-to-let","open",""
"Hidecreek","0bb0bcf1-6465-4a10-b33f-27b33d7d81fd","2029-05-08","buy-to-let","open",""
"Elderless","0bb1144e-13e0-400d-b7c1-6be3d3fbdc6a","2029-05-22","buy-to-let","open",""
"Elderless","0bb44dfc-2c49-4fe5-ab79-720910e3def2","2028-01-29","owner-occupied","open",""
"Roast Ham","0bb92460-7eb0-4fb9-88c6-854a09f8c43b","2027-02-28","owner-occupied","open",""
"Roast Ham","0bba2e10-f33f-494a-b2dc-c9dd10093d57","2028-03-31","owner-occupied","open",""
"Roast Ham","0bc06738-1c62-4f35-940a-177f9a9e30b6","2025-08-21","owner-occupied","redeemed","2025-05-07"
"Elderless","0bc6a66f-a56f-4245-bcf0-ea9331dea794","2031-03-22","buy-to-let","open",""
"Hidecreek","0bc832fe-109e-4b9b-b846-f4085910b49a","2028-06-09","semi-commercial-buy-to-let","open",""
"Hidecreek","0bcb6f2b-530c-4f18-a505-18f4c35045e4","2027-02-17","buy-to-let","open",""
"Hidecreek","0bcb7383-3d45-4a79-9612-94220523e3af","2029-03-28","commercial-buy-to-let","open",""
"Hidecreek","0bcbff69-278c-4113-8185-4d40f629d0bd","2029-07-17","buy-to-let","open",""
"Elderless","0bcc4712-a7bc-4f1f-95c7-88c28559740e","2029-08-29","owner-occupied","open",""
"Roast Ham","0bcd13d7-d9f3-4ace-8cce-459664221cfd","2027-08-31","owner-occupied","open",""
"Elderless","0e67cca0-305f-4053-bb36-c862763523c0","2030-01-27","owner-occupied","open",""
"Hidecreek","0e6831f6-7acd-4a01-8165-d7834c85bcb7","2028-02-24","buy-to-let","open",""
"Elderless","0e6949a6-0bfd-40ea-950c-893196ec8f47","2027-04-30","buy-to-let","open",""
"Roast Ham","0e69b556-a235-46bb-83fa-3ccaae5d0450","2027-10-31","buy-to-let","open",""
"Elderless","0e6ad520-7e08-459a-b9ca-04c1c40015c7","2027-06-29","buy-to-let","open",""
"Hidecreek","0e6bec29-086d-4a87-ad0a-238af35157d5","2029-07-12","buy-to-let","open",""
"Elderless","0e762df2-7b93-43b8-bb2d-1f9e189bff35","2027-10-05","buy-to-let","open",""
"Hidecreek","0e77549e-8076-436d-84d0-f09b6c508ac8","2026-03-30","buy-to-let","switched","2026-03-31"
"Hidecreek","0e787145-eed6-482d-b7f7-82ad75af5709","2028-06-21","buy-to-let","open",""
"Elderless","0e78df7c-5f66-4c13-a87c-8313eb3fb5fd","2026-07-31","owner-occupied","switched","2026-04-15"
"Elderless","0e7a5ab4-e604-4275-b3a2-a6e074b7c7e4","2025-10-31","buy-to-let","redeemed","2025-11-04"
"Hidecreek","0e7ddfed-6255-4007-868c-a2b6562c0878","2028-03-13","buy-to-let","open",""
"Hidecreek","0e7e1eb4-a425-4309-91d9-3600ce6a8f32","2027-05-13","commercial-buy-to-let","open",""
"Roast Ham","0e7e5c65-489b-4d0e-90c6-e56c9210f4ed","2026-01-31","buy-to-let","redeemed","2026-02-06"
"Roast Ham","0e7f7c02-49b4-4b0f-8dbd-c48d1fdef6ec","2025-09-30","owner-occupied","switched","2025-09-13"
"Roast Ham","0e7fcb7a-43c1-4991-9f23-999d750c5c1a","2026-07-31","owner-occupied","redeemed","2024-11-13"
"Elderless","0e8bb64d-34e8-4276-bd73-1e4e3968e567","2030-04-21","buy-to-let","open",""
"Elderless","0e90f242-239a-46ca-8223-5182ae51072d","2026-12-16","buy-to-let","open",""
"Elderless","0e92d957-68df-4e87-bef3-473993ae215f","2025-11-29","owner-occupied","redeemed","2025-12-31"
"Hidecreek","0e946db6-d438-410f-86b2-4db53f4e7711","2029-06-18","buy-to-let","open",""
"Roast Ham","0e9c396b-56a0-4f4c-a643-b654924a46a8","2026-01-31","owner-occupied","redeemed","2026-02-03"
"Elderless","0e9e585d-6e8d-4df4-a7e5-0b426f04386c","2026-01-09","owner-occupied","redeemed","2026-03-28"
"Elderless","0ea0c530-e4fe-46bf-92b4-7e9cba3b9b3b","2026-09-26","owner-occupied","open",""
"Roast Ham","0ea42c22-9499-498d-bc87-58597e3b80eb","2027-04-30","owner-occupied","open",""
"Elderless","0ea447b6-588c-4778-8acf-923b00b734b9","2029-03-13","buy-to-let","open",""
"Elderless","0ea7c4cb-569a-4c37-860b-4b305c647b76","2027-04-07","buy-to-let","open",""
"Elderless","0ea916db-3803-4a3d-9402-c662856213ef","2027-06-30","owner-occupied","open",""
"Hidecreek","0ea995dc-cb30-468f-b31b-2bb25a278bb7","2028-12-07","buy-to-let","open",""
"Elderless","0eac36ba-2d81-483c-b463-52e3e5077154","2029-07-30","buy-to-let","open",""
"Elderless","0eb38634-9c6f-4a47-ba52-15285960efd3","2026-10-20","owner-occupied","open",""
"Elderless","0eb3ca23-e005-4c09-afcf-b5fc9bb0d750","2026-03-21","owner-occupied","open",""
"Hidecreek","0eb98391-cd1f-49af-a513-da1da96b4a77","2027-09-28","commercial-buy-to-let","open",""
"Roast Ham","0ebadb32-0854-4a85-9fdd-f957e7f2fa3a","2027-03-31","owner-occupied","open",""
"Roast Ham","0ec24af1-92f4-432a-989f-8cf58de509c9","2027-07-31","buy-to-let","open",""
"Hidecreek","0ec7589c-aa79-4c39-9039-0196501eb146","2028-12-08","buy-to-let","open",""
"Hidecreek","0ec8a133-eeaf-4974-815d-492fc5238a66","2028-10-20","buy-to-let","open",""
"Hidecreek","0ec9adb8-6f33-467e-975f-b4faf7dd4dd7","2027-06-10","buy-to-let","open",""
"Elderless","0ecd041a-cb48-43e8-9f1a-bfbf83f7a694","2028-05-31","buy-to-let","open",""
"Elderless","0ed2bd7d-3d3e-4940-bd7a-785a9dd6ee5f","2026-04-30","owner-occupied","redeemed","2026-02-07"
"Elderless","0ed4c354-e767-477d-907e-b360b1b5b85c","2025-09-14","buy-to-let","switched","2025-08-08"
"Hidecreek","0ed63112-6d59-491a-b9c1-d24c961bcd15","2029-05-24","buy-to-let","open",""
"Elderless","0ed6708b-bd45-436d-97ce-51292e374fc1","2030-06-08","buy-to-let","open",""
"Roast Ham","0ed69c34-b768-4085-ab80-83902a439bbb","2027-03-31","owner-occupied","open",""
"Elderless","0ed6cd3f-126c-43ae-9376-bec9dabb9445","2028-02-29","owner-occupied","open",""
"Elderless","0ed9f47a-0358-4364-927d-e24371234cd0","2027-02-04","buy-to-let","open",""
"Roast Ham","0edc0c78-4d0d-4c8a-ab7b-dfa80770457e","2027-12-31","owner-occupied","open",""
"Elderless","0ee18047-2c17-4ee8-8305-32ab428d95e6","2029-11-21","buy-to-let","open",""
"Elderless","0ee65d54-014a-46f1-ae13-bf3639a8617d","2025-06-21","buy-to-let","redeemed","2024-06-04"
"Elderless","0ee8db8f-25c4-4431-827a-a908e963c5e3","2025-11-01","buy-to-let","redeemed","2025-11-05"
"Hidecreek","0eec1959-1b24-4113-9005-d1db56ca087a","2030-03-18","buy-to-let","open",""
"Hidecreek","0eec4209-2786-43c9-bf67-b4ccd39ca940","2027-01-29","commercial-buy-to-let","open",""
"Hidecreek","0ef183ea-dcf7-4928-85df-c9cb18f75311","2026-10-15","commercial-buy-to-let","open",""
"Elderless","0ef3507d-bd7e-4c1d-a616-189c7ea354f2","2027-12-31","owner-occupied","open",""
"Elderless","0ef627e8-f357-4264-9533-bacb9bd16f03","2025-11-30","buy-to-let","switched","2025-09-25"
"Elderless","0ef9f251-f2cc-4c96-8c52-4039c8d27749","2029-06-02","owner-occupied","redeemed","2026-05-29"
"Elderless","0efb67e7-7c96-43c2-9914-11e3905be116","2026-04-30","buy-to-let","redeemed","2026-04-22"
"Elderless","0efcfe18-f413-40de-95dd-8fc20b397382","2028-12-19","buy-to-let","open",""
"Elderless","0efeb98a-f8b6-4eaa-8ec8-5b850836861c","2030-02-19","buy-to-let","open",""
"Elderless","0efefd17-ec38-4406-83f4-3e7ff85ba7e1","2030-11-25","buy-to-let","open",""
"Elderless","0effe3b4-c3f2-4baa-bdda-69cc910ee128","2025-09-30","buy-to-let","redeemed","2025-12-18"
"Elderless","0f028445-0897-4044-901a-718a1dd75cef","2031-05-14","buy-to-let","open",""
"Hidecreek","0f035540-bcd0-4cfe-958e-31d7dec1602c","2030-10-30","buy-to-let","open",""
"Roast Ham","0f05f0fe-5402-4317-9d1e-62a154b044fe","2027-02-28","owner-occupied","open",""
"Elderless","0f0740e2-a190-45eb-990f-88ad26a07474","2030-03-02","buy-to-let","open",""
"Elderless","0f0b9796-38ed-4a7a-b17c-ef1be8c55a66","2027-06-22","buy-to-let","open",""
"Roast Ham","0f0ccea3-9d9f-4749-b45f-6c5ed5281cdd","2026-03-31","owner-occupied","redeemed","2025-11-01"
"Roast Ham","0f10071a-d6fb-444b-a20f-5c386a12b660","2026-01-31","buy-to-let","switched","2025-11-22"
"Hidecreek","0f11b2a0-01f8-42a5-a3a4-b4525655cafe","2027-09-24","semi-commercial-buy-to-let","switched","2025-09-29"
"Elderless","0f13e542-fc88-450c-bfc6-b7f701bb4c43","2029-05-31","owner-occupied","open",""
"Elderless","0f146073-1196-4879-ab85-dc661ba16e9a","2027-07-19","owner-occupied","open",""
"Roast Ham","0f14f674-3546-444c-8c7f-5471faf71573","2030-07-31","owner-occupied","open",""
"Elderless","0f16870f-8ae9-41a2-8bb4-dcf2f5f8c27e","2027-05-31","buy-to-let","open",""
"Elderless","0f16a146-7b11-428f-b673-4d283a898db4","2030-03-03","buy-to-let","open",""
"Elderless","0f18ccb0-d6b7-4536-b7fa-0e15f88f8e0d","2026-10-31","buy-to-let","open",""
"Elderless","0f1a0956-dcf9-4fa6-b810-9e1371fa18f4","2030-10-06","buy-to-let","open",""
"Elderless","0f1a0ff6-0ee6-4703-9940-948adf283946","2026-06-29","buy-to-let","open",""
"Hidecreek","0f1d17c0-fbbd-487f-9620-b8b8c9560767","2030-07-09","buy-to-let","open",""
"Roast Ham","0f1ea415-186e-4552-abd2-c572d720d990","2026-08-31","owner-occupied","open",""
"Elderless","0f1ea449-5c6c-4eeb-9905-40df1f70b591","2029-12-10","buy-to-let","open",""
"Elderless","0f261d65-cc3e-4896-bbe2-c093a8c2ec14","2027-06-16","buy-to-let","open",""
"Elderless","0f27237c-f4c7-4cfe-a3ff-26330e3256fb","2030-09-14","owner-occupied","open",""
"Elderless","0f2ae2c8-36d3-40fc-a4ca-7ceb036def23","2027-05-10","buy-to-let","open",""
"Elderless","0f2b3858-dd8a-4f54-807f-aa085332a513","2025-05-31","buy-to-let","switched","2025-06-06"
"Elderless","0f2d39fb-c199-4432-91b6-dae47f5f064f","2027-10-14","buy-to-let","open",""
"Hidecreek","0f2e1343-fdbd-4075-8cf1-bb7fa8b2b9fe","2028-02-24","buy-to-let","open",""
"Elderless","0f2e8a62-ebb2-4375-bed3-43bfb262e338","2026-12-16","owner-occupied","open",""
"Roast Ham","0f334080-9b7c-4c52-bef7-b17cbff24a34","2025-05-03","buy-to-let","switched","2025-02-20"
"Roast Ham","0f34ef91-96b0-47e6-82c3-1dfe8e3c086d","2027-08-31","owner-occupied","open",""
"Roast Ham","0f3d23de-a6cb-4554-88e4-6d17d16bee0b","2026-08-31","buy-to-let","redeemed","2026-04-27"
"Elderless","0f3f15ae-77f7-44f3-b0b0-a7d4aa06a1ea","2025-05-31","owner-occupied","switched","2025-04-29"
"Elderless","0f3ff417-6762-4110-ad21-a970d48c8ef1","2025-11-30","buy-to-let","redeemed","2025-09-20"
"Roast Ham","0f46608c-a6f1-4b84-b97e-eb074405814d","2027-05-31","owner-occupied","open",""
"Roast Ham","0f46f3e1-6489-482f-a0c4-cd6b210abd4f","2025-08-31","owner-occupied","switched","2025-05-07"
"Roast Ham","0f4974df-9a88-4b15-b5b4-2b9ff74d744e","2028-04-30","buy-to-let","open",""
"Elderless","0f4ac608-f766-4873-b6a8-0f58513d9f3d","2027-02-16","owner-occupied","open",""
"Elderless","0f4d20ca-bca8-4325-bc38-43b7f4c882a5","2029-09-15","buy-to-let","open",""
"Elderless","0f5029db-9f89-4e3a-a888-80f3cc0cea93","2029-11-26","buy-to-let","open",""
"Elderless","0f53fe60-c415-41db-b94b-e00521f89f20","2025-07-12","buy-to-let","redeemed","2026-01-27"
"Elderless","0f5403d7-98f9-447c-a041-9335c8d26138","2027-09-04","buy-to-let","open",""
"Roast Ham","0f54cd77-e281-4707-a8a8-4d0c87b3bf11","2025-11-30","owner-occupied","redeemed","2025-12-02"
"Roast Ham","0f5551ab-77a0-418a-b68a-670efe8ab040","2028-06-30","owner-occupied","open",""
"Roast Ham","0f57774d-e6c4-4a18-8d59-839d0da27b7f","2027-11-30","owner-occupied","open",""
"Hidecreek","0f5ad594-3b28-485f-af8f-8e1dc6d6efa2","2027-03-15","semi-commercial-buy-to-let","open",""
"Roast Ham","0f5e1ee1-e5c0-486b-8b98-5ee167289771","2026-09-30","owner-occupied","open",""
"Elderless","0f62f328-34a5-470d-9577-354bdc58efa8","2026-08-31","buy-to-let","open",""
"Roast Ham","0f65daf9-bd53-4f19-a79b-63a933a4cc2a","2028-07-31","owner-occupied","open",""
"Elderless","0f686499-08ad-4515-aab4-94f24377b59d","2029-11-13","buy-to-let","open",""
"Elderless","0f6a19aa-f450-4ee8-8411-0620757b0dbc","2026-07-08","owner-occupied","redeemed","2025-09-30"
"Elderless","0f6b9d2d-8ada-48eb-8e0f-46405538a62b","2025-08-05","buy-to-let","open",""
"Elderless","0f6d3fac-0ce9-4986-aac9-55fb3cda12f9","2027-08-05","buy-to-let","open",""
"Elderless","0f708e81-1dea-47e1-b8b3-92f6228e56b2","2030-08-27","owner-occupied","open",""
"Elderless","0f79f5ed-41aa-4421-bd73-07a4fea76a4b","2027-11-24","buy-to-let","open",""
"Hidecreek","0f7bcee9-9212-427d-b90a-921696652fbd","2030-10-31","buy-to-let","open",""
"Hidecreek","0f7d97e0-2745-448b-bd82-cd5579056311","2027-09-16","commercial-buy-to-let","redeemed","2025-11-12"
"Elderless","0f8674f5-068c-4a0e-9fe6-d1c570fd573d","2027-10-12","buy-to-let","open",""
"Elderless","0f890d51-0aef-493a-a28f-a4d4fe02f256","2027-10-30","buy-to-let","open",""
"Elderless","0f9027d4-2508-4328-8004-995d30d3c332","2030-03-30","buy-to-let","open",""
"Roast Ham","0f9068ff-9e8f-4d45-8b48-15fdeb56b0c5","2026-07-31","owner-occupied","open",""
"Roast Ham","0f90b53f-2ae4-444c-b387-91b47f0bac0c","2027-05-31","owner-occupied","open",""
"Elderless","0f90b68d-5b85-4693-a619-afdcd2d0552d","2026-03-31","owner-occupied","switched","2026-03-10"
"Roast Ham","0f91563c-302d-4c3b-8e21-7e994d2f7b4d","2026-05-31","buy-to-let","open",""
"Elderless","0f98aab6-de6a-4c5e-9639-c3cc3926f7ef","2027-02-26","buy-to-let","open",""
"Roast Ham","0f999c2a-671b-47b3-8ac8-45da7f7dbcbe","2026-07-31","owner-occupied","open",""
"Hidecreek","0f9ab67f-ba5b-4788-9aba-cb8e1729aaf1","2028-03-01","commercial-buy-to-let","open",""
"Elderless","0f9f2905-d7d4-44fc-bd9d-1badade8d111","2027-07-31","buy-to-let","open",""
"Hidecreek","0f9fa473-f04d-4b88-beee-da6db7254a7a","2028-02-13","buy-to-let","open",""
"Elderless","0fa01d37-dc15-4472-a8ed-e7d499b81a91","2028-03-31","buy-to-let","open",""
"Elderless","0fa120fd-b293-4e4d-b1a4-fefd2364fdcd","2027-08-15","buy-to-let","open",""
"Hidecreek","0fa1b315-9267-4411-a703-2d9796e8726e","2027-05-04","commercial-buy-to-let","open",""
"Elderless","0fa41d8a-c6e4-4600-808c-12072f52e7ff","2025-12-02","buy-to-let","switched","2025-12-10"
"Roast Ham","0fa5236d-be4c-4abf-8ece-aa7b0d2d3ec6","2027-01-31","owner-occupied","open",""
"Elderless","0fa52703-898e-4781-ba33-04a4d5d70c42","2026-04-30","buy-to-let","redeemed","2026-05-19"
"Elderless","0faa7db4-e296-463a-81aa-20eb11fe01ca","2027-10-31","buy-to-let","open",""
"Elderless","0fab2a54-e56a-4d00-83aa-3fe3bab2be2a","2029-03-03","buy-to-let","open",""
"Elderless","0fae502e-47d5-4c0a-aa6e-f212575677d9","2028-10-24","owner-occupied","open",""
"Roast Ham","0fafb82d-3fd1-4a9d-83f4-e96ea4a5a992","2027-09-30","owner-occupied","open",""
"Elderless","0fb14130-1a0c-405d-bd26-746935847f85","2025-09-30","owner-occupied","redeemed","2024-09-14"
"Roast Ham","0fb4d03e-d83f-4527-abe3-1fd2e9c3eabe","2025-06-27","owner-occupied","redeemed","2025-07-22"
"Elderless","0fb5d149-6ae9-4da2-a9cc-6e2964b6de52","2030-08-19","buy-to-let","open",""
"Roast Ham","0fb662bf-3f09-4497-bc7d-408db5467e01","2028-12-31","owner-occupied","open",""
"Elderless","0fb7aeea-414e-47b6-9c2e-f43de93e4aa3","2027-08-31","buy-to-let","open",""
"Elderless","0fb91ef6-16ca-4d25-aec4-6ff872116276","2027-04-10","buy-to-let","open",""
"Roast Ham","0fb9294b-37d1-4fac-b887-0f7e38851f0b","2029-01-31","owner-occupied","open",""
"Roast Ham","0fbe475d-8fac-4e12-b8d3-5fe3ddf5f394","2025-11-30","buy-to-let","redeemed","2025-09-06"
"Elderless","0fbf8e2b-195a-4dc9-a127-802aeb5cbaf5","2025-11-15","owner-occupied","switched","2025-09-09"
"Hidecreek","0fc2c06c-0b35-4776-be60-26c79187dd5c","2028-12-01","buy-to-let","switched","2026-04-29"
"Roast Ham","0fc596c7-abcf-446a-947d-fbb1f2e9d067","2025-05-25","buy-to-let","switched","2025-05-23"
"Elderless","0fc63b47-114f-45a7-b793-ac73eb24b75f","2031-02-28","buy-to-let","open",""
"Roast Ham","0fc709b6-b645-4d23-aee5-b0758ce40db7","2026-12-31","owner-occupied","open",""
"Elderless","0fc7a76e-a622-42bb-aa37-4b81af600886","2027-03-17","buy-to-let","open",""
"Elderless","0fcb2e33-a797-4ebe-9334-3b5cb616cfb7","2026-10-22","buy-to-let","open",""
"Elderless","0fccc06c-5f16-4ea1-81b9-0c0410c3e716","2027-06-30","buy-to-let","open",""
"Hidecreek","0fcd505b-cf85-48da-bde7-b0127487fec8","2030-05-16","buy-to-let","open",""
"Roast Ham","0fd166f8-297f-490b-8fea-7e4c5e76e856","2025-06-30","buy-to-let","redeemed","2025-07-02"
"Elderless","0fd2ed5f-f454-49b2-b053-356efe471ab5","2028-01-15","buy-to-let","open",""
"Hidecreek","0fd3944c-b37d-415f-8b2f-d37170f992d7","2026-06-28","semi-commercial-buy-to-let","open",""
"Roast Ham","0fd581cf-f06d-4103-92af-113b940887e4","2026-09-30","owner-occupied","open",""
"Elderless","0fd9337e-c79e-448f-850d-7ba51c7411e3","2030-09-04","buy-to-let","open",""
"Roast Ham","0fd9beb3-fd6e-428a-8682-cc8cced1924c","2027-10-31","buy-to-let","open",""
"Elderless","0fdb566d-5015-4363-a921-d5c743003f64","2026-08-31","buy-to-let","open",""
"Elderless","0fdb94d8-e171-41a8-a883-edbe1f06a128","2026-03-31","buy-to-let","redeemed","2026-04-11"
"Hidecreek","0fdbb26e-f2fa-47d7-aff7-aa94e45ad16e","2027-11-22","buy-to-let","open",""
"Elderless","0fe233cb-43f7-44dd-8672-fc295c5b370b","2027-08-06","buy-to-let","open",""
"Hidecreek","0fe296f5-0f17-470e-a5aa-4c0788115315","2026-01-22","buy-to-let","open",""
"Hidecreek","0fe29e22-8d0a-4816-b600-0c5050972957","2031-03-14","semi-commercial-buy-to-let","switched","2026-03-17"
"Elderless","0fe4ecc1-beff-426a-9d38-0a84264881de","2025-10-04","buy-to-let","switched","2025-09-16"
"Elderless","0b8730b9-1f7e-4475-b1f6-7ac6177728d2","2027-01-31","buy-to-let","open",""
"Roast Ham","0b898f32-3f6e-46bc-ae8f-6e6d73c04ffa","2027-06-30","owner-occupied","open",""
"Roast Ham","0b8995ea-a551-4a4b-8e68-b20abb049579","2027-05-31","buy-to-let","open",""
"Roast Ham","0b8a6fcb-9890-4076-b816-7741d6209ed8","2026-03-31","owner-occupied","redeemed","2026-03-03"
"Elderless","0b8b8db9-75f5-48d8-9d8a-9b9a5b2df323","2027-05-23","buy-to-let","open",""
"Roast Ham","0b8f5338-9b25-49d6-aaa7-f7b044be1ec7","2025-08-31","buy-to-let","redeemed","2025-09-02"
"Roast Ham","0b9310e7-88fe-4009-81b0-8b9980960ef9","2025-11-30","owner-occupied","redeemed","2023-09-30"
"Roast Ham","0b9370c3-ac6c-4f7d-9041-a3e93b455e8d","2026-05-31","owner-occupied","switched","2026-03-05"
"Elderless","0b949729-119f-4675-bf8b-059923385196","2031-05-28","buy-to-let","open",""
"Elderless","0b959b3e-9fda-464f-b5c5-27e9a7b5a947","2030-10-06","buy-to-let","open",""
"Elderless","0b95def8-dd01-4446-a039-24862a2cc9cb","2025-08-31","buy-to-let","switched","2025-05-29"
"Roast Ham","0b970c4a-bef2-4e2b-bd4e-970f90222710","2028-10-31","buy-to-let","open",""
"Elderless","0b985ca9-57ac-4357-848c-fc535afd37ad","2030-03-02","buy-to-let","open",""
"Elderless","0b9979b6-a60e-4cd6-b328-73a1606a5af3","2030-02-19","owner-occupied","open",""
"Elderless","0b9d98e6-80a5-487c-8da5-ac3554b9cfd9","2030-01-22","buy-to-let","open",""
"Roast Ham","0ba02e82-8a56-4fd8-8b5e-1370cb41f82a","2025-06-30","owner-occupied","switched","2025-06-25"
"Elderless","0ba48013-db9b-4820-8701-b3b6d2c1f1b1","2027-05-31","buy-to-let","open",""
"Roast Ham","0badcdb8-7b19-4319-b2bc-223f1bcad548","2026-09-30","owner-occupied","open",""
"Elderless","0bba1315-6c25-4540-bbee-4583bb78c145","2027-11-06","buy-to-let","open",""
"Elderless","0bbba1b6-3349-4d2f-9ff0-4e882627d19d","2028-08-01","buy-to-let","open",""
"Roast Ham","0bbe1c4c-c357-4944-8d10-e62fa1869ebd","2026-02-28","owner-occupied","switched","2026-02-05"
"Elderless","0bbe3256-7cba-41d3-b17a-805d03007752","2028-11-30","owner-occupied","open",""
"Elderless","0bbe4493-8b1f-4fac-9d51-9f4820f4d99a","2028-09-03","buy-to-let","open",""
"Hidecreek","0bc19be9-441b-435c-9b08-0f60e510553e","2030-05-01","buy-to-let","open",""
"Elderless","0bc26f74-139f-4623-a54b-6cd1debe0846","2029-02-28","owner-occupied","open",""
"Elderless","0bc31a79-1651-4bf7-a7a7-7eeb72cf9c1c","2028-01-29","owner-occupied","open",""
"Hidecreek","0bcbc3b0-eba6-46b3-8711-a1a5e675690a","2027-01-21","buy-to-let","open",""
"Elderless","0bcc93d6-56d2-4787-8bd5-87b08016f7f4","2026-06-12","buy-to-let","open",""
"Elderless","0bccf94a-583d-4e2c-a5b9-f292e5181238","2026-12-31","owner-occupied","open",""
"Elderless","0bd098d2-3dd3-4efa-a4f1-4545034098f7","2027-05-12","buy-to-let","open",""
"Elderless","0bd1e546-b329-410f-b070-f28f3c5c0036","2026-06-10","buy-to-let","switched","2026-03-27"
"Hidecreek","0bd268be-6cab-4703-970c-f185d374576d","2029-07-10","buy-to-let","open",""
"Roast Ham","0bd513fa-df97-44c1-aece-55a905bad0bc","2025-09-30","buy-to-let","redeemed","2025-11-13"
"Elderless","0bd8a3ac-ba78-4bf0-b453-0a7ba8b7b42d","2030-08-07","buy-to-let","open",""
"Elderless","0bd95941-e235-4c6f-9fdb-8a20e07013b3","2026-12-15","buy-to-let","open",""
"Roast Ham","0bd9a24e-9b92-4d9b-8038-d6022273a5b0","2028-01-31","buy-to-let","open",""
"Roast Ham","0bdd9378-9bc2-4152-865b-c1967b79bd9f","2027-05-31","owner-occupied","open",""
"Roast Ham","0bddae1c-af44-4494-8bc8-2229c6904a51","2029-11-30","owner-occupied","open",""
"Elderless","0be12d75-bb22-49c7-b18b-ffdecf58bea1","2029-03-26","owner-occupied","open",""
"Elderless","0be19ce6-3bce-4bea-b64b-0b07bf97a334","2028-01-05","owner-occupied","open",""
"Hidecreek","0be65df6-5ca0-4518-b5f1-88f22e99e73c","2028-04-04","buy-to-let","open",""
"Elderless","0be66ce7-1722-4454-a361-605dab996af0","2028-09-30","owner-occupied","open",""
"Roast Ham","0be9e5b1-e5f5-4858-8a83-5d6ee00c36d5","2026-03-31","owner-occupied","redeemed","2026-04-02"
"Elderless","0bebf994-dca3-4fa2-9410-539ac08e83ef","2026-06-12","buy-to-let","open",""
"Elderless","0bec3311-2114-46a1-9271-d1338f635889","2030-06-01","buy-to-let","open",""
"Elderless","0bed707a-d4b8-4f87-ba77-52a17b4dc09f","2028-05-20","buy-to-let","open",""
"Roast Ham","0befbbc1-0052-4677-9911-e3fdeac4c253","2026-08-31","owner-occupied","open",""
"Elderless","0bf16865-161b-4e2f-a3e9-b4fc7b7e4a44","2029-09-18","buy-to-let","open",""
"Hidecreek","0bf39fb0-da7f-41f9-949d-6fbb6d62a4e4","2027-10-06","buy-to-let","switched","2025-10-08"
"Elderless","0bf6a0d2-c68d-46a9-ba68-93a996316190","2026-12-31","buy-to-let","open",""
"Elderless","0c011651-e9ed-44e0-938f-69945a898eda","2029-08-15","owner-occupied","open",""
"Elderless","0c01cd6a-4a7e-4e29-a51a-fb4dfc0aa4d0","2026-12-01","buy-to-let","open",""
"Elderless","0c0310d8-b056-424c-906b-c9160eda51da","2028-03-22","buy-to-let","open",""
"Hidecreek","0c03afc3-82b8-49b0-9c56-b4e9a02f1957","2026-03-26","commercial-buy-to-let","switched","2026-04-29"
"Elderless","0c056340-a2c2-440d-9265-5facb0c9a6cc","2028-01-31","buy-to-let","open",""
"Elderless","0c060ee8-2c9c-487b-b83b-7bae99963356","2027-10-01","buy-to-let","open",""
"Elderless","0c083450-42f7-48e6-92e4-35025569f17a","2028-04-30","buy-to-let","open",""
"Elderless","0c0c7bc2-c24e-44d7-a968-7d3133906402","2029-12-15","buy-to-let","open",""
"Elderless","0c0e00c8-2b07-46a1-8a96-73983cfe1ec1","2025-12-31","buy-to-let","switched","2025-12-13"
"Hidecreek","0c146b56-7e99-4fc2-beff-202595d33b53","2031-02-11","semi-commercial-owner-occupied","open",""
"Elderless","0c17535d-7fdc-4ba3-896f-fa1b0ba3ce81","2031-03-24","buy-to-let","open",""
"Hidecreek","0c199b21-9ac1-4033-b86b-208b7b91df0e","2030-05-02","buy-to-let","open",""
"Hidecreek","0c1b5f76-4ea7-4288-8deb-dec3b652fd05","2031-01-14","buy-to-let","open",""
"Elderless","0c1cb1a2-e996-448e-ba1f-d205fd30e230","2026-02-28","buy-to-let","redeemed","2025-04-10"
"Elderless","0c1ff37a-d5d2-4c0f-a3df-5ec5166c483a","2028-10-09","buy-to-let","open",""
"Elderless","0c221505-998d-4c3b-bd40-7e6d697417f1","2027-10-29","owner-occupied","open",""
"Elderless","0c22357c-0906-4578-9c3a-2798409a08c2","2027-04-30","buy-to-let","open",""
"Elderless","0c264aa6-5b79-4759-872b-224ac6bfba13","2028-06-28","buy-to-let","open",""
"Roast Ham","0c264af7-3965-40b9-a9f4-0a62fc9f527c","2029-05-31","owner-occupied","open",""
"Elderless","0c2aba38-b8b5-4b33-a516-3d1f5622d9b0","2028-01-31","owner-occupied","open",""
"Roast Ham","0c338a98-9fbe-46d1-809c-5da807c76c8b","2028-04-30","owner-occupied","open",""
"Roast Ham","0c36bb83-a5d9-457e-992a-f80662e02041","2027-11-30","owner-occupied","open",""
"Elderless","0c36bd75-8252-4429-b30f-8b873fffac04","2029-11-27","buy-to-let","open",""
"Roast Ham","0c39c5e2-ea46-4ecc-8411-17ce5d321f8b","2025-07-31","owner-occupied","redeemed","2025-08-27"
"Elderless","0c3d3661-9d2a-43d9-8024-799307ee5256","2026-01-28","owner-occupied","switched","2026-05-15"
"Elderless","0c47b60e-63ae-457e-abb5-6b9665d89b44","2025-09-15","buy-to-let","switched","2025-08-01"
"Elderless","0c4d8774-e613-4978-a533-424774cd7cde","2031-01-14","buy-to-let","open",""
"Elderless","0c4db8e4-6a31-486f-93ab-93fe3424da41","2027-08-24","buy-to-let","open",""
"Roast Ham","0c4f179a-0f04-4ed2-9c1b-992868361d92","2029-01-31","owner-occupied","redeemed","2025-09-05"
"Roast Ham","0c500803-b6fc-4d86-98b4-7f7db4370204","2026-05-31","owner-occupied","open",""
"Elderless","0c595daf-ef09-4f4a-ac1a-2bde94de636c","2025-12-31","owner-occupied","switched","2026-02-06"
"Roast Ham","0c5bdbd5-9deb-4a15-b5ce-b60d8afae0e7","2027-06-30","buy-to-let","open",""
"Elderless","0c5ce1bd-be7f-45ef-985f-7f0356ea1814","2027-10-05","buy-to-let","open",""
"Roast Ham","0bcf1de4-9d1d-4651-ac6d-1e0de6a2dd36","2028-01-31","owner-occupied","open",""
"Elderless","0bd40b3f-aef5-497c-bd68-12cbcf26b8ac","2027-07-07","buy-to-let","open",""
"Elderless","0bd469e8-aac5-4ede-bb4c-23d6df4b53ad","2028-03-31","buy-to-let","open",""
"Elderless","0bda42d9-d7b8-4196-8d23-82d81f81a5b3","2030-05-31","buy-to-let","open",""
"Roast Ham","0bdc39fb-d016-4f63-9682-85bdd07d05a4","2028-12-31","owner-occupied","redeemed","2025-11-07"
"Roast Ham","0be1df13-edfb-4bd1-a824-4e67210b5473","2028-10-31","buy-to-let","open",""
"Roast Ham","0be2513f-47bf-4320-b6f9-d7fee6d55e07","2026-01-31","buy-to-let","switched","2026-01-09"
"Elderless","0be33d32-7737-4527-a8eb-a757d908620d","2029-02-15","buy-to-let","redeemed","2025-03-11"
"Elderless","0be56584-f041-4886-84df-1bf18b721970","2027-09-30","buy-to-let","open",""
"Elderless","0be745c8-e205-4db9-b9a8-48c3802025cd","2027-10-12","buy-to-let","open",""
"Elderless","0be98785-8f54-435b-8e68-7126e1b8da7a","2025-07-31","buy-to-let","switched","2025-06-20"
"Roast Ham","0bec222a-2aa6-4135-85be-e57114bb96ab","2029-06-30","owner-occupied","open",""
"Elderless","0bedf914-57e1-442c-a296-3d93eab7926b","2028-03-08","buy-to-let","open",""
"Roast Ham","0bef849e-0236-43f4-bd65-8f7bfb916694","2026-01-31","owner-occupied","redeemed","2026-02-03"
"Elderless","0bf1f9cb-7d92-4012-a039-1dc4e70a802b","2026-11-30","owner-occupied","open",""
"Roast Ham","0bf29182-ab56-4eec-b608-f6fab9f75aa3","2025-11-30","owner-occupied","switched","2025-09-20"
"Roast Ham","0bf2e44f-1660-4e30-b705-679609d47172","2026-10-31","owner-occupied","open",""
"Elderless","0bf41850-e54c-4956-ba87-0453972e1c3b","2026-11-28","buy-to-let","open",""
"Elderless","0bf5559f-efdb-45c3-9f88-3b3e4cf025a7","2028-02-04","buy-to-let","open",""
"Elderless","0bf6a19d-453d-42dc-a50d-394938c72f10","2027-02-28","buy-to-let","open",""
"Roast Ham","0bfea4bf-cf74-4fe9-a3bd-735ffa063049","2026-07-31","owner-occupied","open",""
"Elderless","0c006c28-7a03-4ea9-a42d-f9f7b54e447f","2025-05-31","buy-to-let","redeemed","2025-06-17"
"Elderless","0c008757-4ee2-49f8-b9ae-fcb19bb1a306","2026-09-20","buy-to-let","open",""
"Roast Ham","0c00ee9c-32e1-458a-a668-2f4d83777d81","2027-04-30","owner-occupied","open",""
"Elderless","0c013a5c-a7fd-4c41-993c-b326f01833da","2029-04-25","buy-to-let","open",""
"Elderless","0c0241e5-fb90-4a94-b7b9-80c0d6ead288","2029-10-01","buy-to-let","open",""
"Elderless","0c0369c4-1951-4b8f-88b4-8514e494d7e0","2027-06-13","buy-to-let","open",""
"Elderless","0c05df6e-781b-496a-a4d7-5fe1fecb9352","2025-08-31","owner-occupied","redeemed","2025-09-02"
"California","0c1022e5-e96f-4a81-8ade-ba4bcff6b062","2030-04-06","buy-to-let","open",""
"Roast Ham","0c11117b-494a-40e0-937a-739d475a8154","2025-08-31","owner-occupied","redeemed","2025-09-02"
"Elderless","0c15a9d5-fd5b-4317-a9e8-05d2fb46258c","2028-05-17","buy-to-let","open",""
"Roast Ham","0c16f87b-c908-467f-8944-ae26ec2a71ae","2031-01-31","owner-occupied","open",""
"Hidecreek","0c175479-ef98-4e53-9d18-993b5996a76d","2030-02-07","buy-to-let","open",""
"Elderless","0c18a75f-2664-44eb-8609-ab4c61e49541","2028-08-31","buy-to-let","redeemed","2025-09-17"
"Elderless","0c19dd67-7668-4b79-98b2-d2d33ad929bd","2027-05-31","owner-occupied","open",""
"Elderless","0c1a757e-f6d4-4db0-9804-4ebaca91de64","2027-12-03","owner-occupied","open",""
"Hidecreek","0c1d8bc0-4529-42ab-bf91-3806470e23e3","2026-12-18","semi-commercial-buy-to-let","open",""
"Hidecreek","0c1f3c0e-003e-46f7-bf00-2089a4c6afad","2027-04-08","buy-to-let","open",""
"Elderless","0c21fb10-6652-4549-baab-65956a5d27ff","2027-07-31","buy-to-let","open",""
"Elderless","0c22c7a9-b542-4ad2-aaf9-d8340fc2c2e8","2026-07-31","owner-occupied","open",""
"Elderless","0c231328-c492-40b9-8b38-c67d5fb462c4","2030-01-05","buy-to-let","open",""
"Elderless","0c29777c-daab-4302-a1c0-b967c822bc14","2028-05-17","buy-to-let","open",""
"Elderless","0c2e0a3d-a54d-43b8-a6e5-d2b8642baa29","2026-01-09","buy-to-let","switched","2026-01-17"
"Elderless","0c2f0068-0390-4728-be18-e631d0472c22","2028-07-20","buy-to-let","open",""
"Roast Ham","0c321088-9a08-4076-909a-0d5a7328ce41","2027-05-31","owner-occupied","open",""
"Elderless","0c32cfc3-b0a2-4ada-996c-8763b583026f","2025-06-06","owner-occupied","redeemed","2025-06-16"
"Elderless","0c361b73-4af3-49e2-975b-04b0836a9144","2029-10-21","buy-to-let","open",""
"Roast Ham","0c36f82a-7abd-4df2-93a4-3bb22ddcf1d2","2026-02-28","owner-occupied","redeemed","2026-03-03"
"Elderless","0c382d57-704c-43e7-be3c-4e1b1ce964bd","2025-08-31","owner-occupied","switched","2024-09-07"
"Elderless","0c394683-540e-4d87-9e8b-d913ad4b1da8","2025-11-30","owner-occupied","switched","2025-10-17"
"Elderless","0c3a73de-c06b-4409-99ff-b726d251a1d7","2029-08-31","owner-occupied","open",""
"Roast Ham","0c3d3c4a-fa76-4205-97f3-6d26aad079c3","2025-07-03","buy-to-let","switched","2025-05-21"
"Hidecreek","0c3f20fa-7e01-4f04-a23b-da9e67440f93","2028-02-22","semi-commercial-buy-to-let","open",""
"Elderless","0c420a09-9ca2-476b-844b-d3c2a1712aca","2028-02-19","buy-to-let","open",""
"Roast Ham","0c42b45d-ea42-40ea-a9ee-d880c5696493","2027-10-31","buy-to-let","open",""
"Hidecreek","0c43f4da-5418-45fc-9718-6a58b6f2031e","2027-05-16","commercial-buy-to-let","open",""
"Elderless","0c48fba9-78c0-422e-ba6b-1c1e7978b5a3","2030-09-17","buy-to-let","open",""
"Elderless","0c50c377-42d8-4920-92e4-011b7ea2f57d","2029-10-22","buy-to-let","open",""
"Roast Ham","0c589b8f-d1e7-4e4e-a48d-d7612e42dbaf","2028-05-31","owner-occupied","open",""
"Elderless","0c5a3c7b-055f-4a7c-bc7e-72bb2664a64c","2028-01-29","buy-to-let","open",""
"Elderless","0c5f29d6-1596-47fd-a6d1-dcd1281da3a1","2030-02-25","buy-to-let","open",""
"Roast Ham","0c607e75-d69b-4457-ab4c-9a92b6c62c42","2025-08-31","owner-occupied","redeemed","2025-09-03"
"Hidecreek","0c60e368-289a-4b7f-a974-8e72d0bd13dd","2027-06-02","buy-to-let","open",""
"Roast Ham","0c662516-1072-4747-85f1-fd57db73eb47","2026-01-31","owner-occupied","redeemed","2023-07-11"
"Roast Ham","0c68a382-46da-4d8e-9c80-b0e5017c56f5","2028-09-30","owner-occupied","open",""
"Roast Ham","0c694c91-809e-4b9a-96bc-5de35a6198b8","2025-10-31","buy-to-let","redeemed","2024-12-21"
"Roast Ham","0c698150-469d-4ce2-84d4-2db314837e1d","2027-08-31","buy-to-let","open",""
"Roast Ham","0c698508-3463-4b9c-96bd-c3b88d530b5e","2027-05-31","owner-occupied","open",""
"Roast Ham","0c6dcc9a-11f4-4704-a138-82ef29b59157","2031-04-30","owner-occupied","open",""
"Hidecreek","0c70343f-80ff-4a77-9a69-0cc8855b2d64","2027-02-28","commercial-buy-to-let","redeemed","2025-09-09"
"Roast Ham","0c761cfa-33ea-45d7-b7a1-e84a5c8e4074","2027-03-31","owner-occupied","open",""
"Roast Ham","0c7f0e84-5e58-4e45-809a-bac0c4788372","2027-09-30","buy-to-let","open",""
"Elderless","0c8038c5-369a-4fb6-aade-815c62fe7e18","2028-08-23","buy-to-let","open",""
"Roast Ham","0c814901-ece7-46be-a974-6e21cf031d19","2026-03-31","owner-occupied","redeemed","2026-04-02"
"Hidecreek","0c85080f-4dc5-42f1-ac16-f8a47fdf940b","2030-10-24","commercial-owner-occupied","open",""
"Elderless","0c85124c-e710-41ca-b062-89ace5cde2e0","2027-05-21","buy-to-let","open",""
"Elderless","0c85483b-8f3b-4772-869d-1de3b4af0ffe","2026-10-31","buy-to-let","open",""
"Roast Ham","0c85e3b6-76b6-4a7b-9a5d-5b2987bfc39b","2026-07-31","owner-occupied","open",""
"Roast Ham","0c896d19-dbdd-447c-b983-16c448a12d98","2025-08-17","buy-to-let","switched","2025-08-15"
"Elderless","0c8aef31-e871-4455-a17e-e8239edf87b0","2030-10-29","buy-to-let","open",""
"Hidecreek","0c8c88e2-2866-4431-bae1-298c3ad87f77","2029-01-04","commercial-buy-to-let","open",""
"Hidecreek","0c90f8ff-47ad-42d5-940e-34e45e1bdf7a","2027-11-11","buy-to-let","open",""
"Elderless","0c968c28-3cc8-46bc-9330-3b5cb0c8d5dc","2028-02-29","buy-to-let","open",""
"Roast Ham","0c9ae4f3-ef60-43e8-b28d-3884fdeab2ba","2027-06-30","owner-occupied","open",""
"Elderless","0ca3d4eb-4612-4866-9d95-efa969d43a35","2030-12-15","buy-to-let","open",""
"Elderless","0ca40dfd-e162-444c-b68a-6436b4f07930","2030-03-31","buy-to-let","open",""
"Elderless","0ca4a5e0-e9d4-4e75-af93-3ec68be36148","2027-11-01","owner-occupied","redeemed","2025-03-15"
"Elderless","0ca5b249-8553-432f-9719-aa2039cb6fa9","2025-09-30","buy-to-let","redeemed","2024-10-08"
"Elderless","0ca7ad3a-1351-4f46-b255-2c1cc27e3f28","2026-11-30","buy-to-let","open",""
"Elderless","0ca7bdb7-9876-4421-b40c-63678f59ea2a","2028-11-13","owner-occupied","open",""
"Elderless","0ca9230e-f08b-4d5c-9369-c5548b470660","2029-08-31","owner-occupied","open",""
"Elderless","0caa40c5-ce93-4c85-ac0c-fd9be33205bd","2030-08-19","buy-to-let","open",""
"Elderless","0caa7909-af91-43da-880d-a1b2f68952f7","2031-03-31","buy-to-let","open",""
"Elderless","0cb199ac-58ba-4df5-916b-62c399470fce","2027-11-08","buy-to-let","open",""
"Elderless","0cb30a42-2b05-4af1-8b15-6ec9e2bac5a3","2027-09-01","buy-to-let","open",""
"Roast Ham","0cb4d365-628f-4708-85c5-b5fff1653b13","2028-12-31","owner-occupied","redeemed","2026-03-21"
"Elderless","0cb5ad01-ff79-4166-9898-1cda4ea22342","2029-12-18","buy-to-let","open",""
"Elderless","0cb5dd12-5a84-4c46-b3a5-22e18ede1d2e","2029-04-08","buy-to-let","open",""
"Roast Ham","0cb7b4e1-a2fe-4940-aecd-b113990efca2","2027-09-30","owner-occupied","open",""
"Elderless","0cba9a4f-40fb-437f-8929-82600b35de5b","2026-06-20","buy-to-let","redeemed","2025-05-08"
"Elderless","0cbb4cc1-c2e3-42d2-bd93-3dedb8ba8279","2030-09-17","buy-to-let","open",""
"Elderless","0cc29c07-1fe3-475a-bcf5-2f512ab876b1","2028-07-02","buy-to-let","open",""
"Elderless","0cc4e98d-eb24-4711-b650-a2375d071586","2030-03-31","buy-to-let","open",""
"Roast Ham","0cccece8-00e3-438e-9d1b-f543639a791c","2026-08-08","owner-occupied","open",""
"Elderless","0cce0a65-d37f-4169-b850-9383212931c5","2027-12-31","owner-occupied","open",""
"Elderless","0cd49e52-2b23-4815-aeaa-080b6cdb2e9a","2030-05-31","owner-occupied","open",""
"Hidecreek","0cd4a8a8-c859-435d-a3e2-c5de52aa78c6","2027-05-16","buy-to-let","open",""
"Roast Ham","0cd6e68f-921f-4e54-abb1-24b67dcc7bcd","2027-10-31","owner-occupied","open",""
"Elderless","0cd859dd-6bf2-44bc-b4db-0026621203ab","2026-10-01","buy-to-let","open",""
"Elderless","0cda098c-4f04-417d-8c89-17524af9cdc7","2027-10-09","buy-to-let","open",""
"Elderless","0cdc1c8a-d355-4b2a-b464-e67018a0e6b2","2030-03-26","buy-to-let","open",""
"Hidecreek","0cdc2561-c475-4e86-9e27-dc6ce1b059e1","2028-07-05","buy-to-let","redeemed","2026-04-06"
"Roast Ham","0cdf061b-51cd-4ee5-8bbc-8de6785e380a","2026-02-28","owner-occupied","switched","2026-02-26"
"Hidecreek","0cdf76b4-370a-4246-ac7d-78dd1102d670","2028-08-01","commercial-buy-to-let","open",""
"Elderless","0ce05138-e211-4084-adbf-ee812fcd6f77","2026-02-08","buy-to-let","switched","2026-02-05"
"Hidecreek","0ce327ec-814b-438b-820d-c4d07d77d14e","2029-07-19","commercial-buy-to-let","open",""
"Elderless","0ce3c0a5-8cff-46b8-a3b0-5b2b77bd7653","2029-05-28","buy-to-let","open",""
"Roast Ham","0ce54adb-29fc-496f-b824-a95ea590c7b0","2030-04-30","owner-occupied","redeemed","2026-02-24"
"Roast Ham","0ce86065-8730-40cb-b809-3a9ce6a53d75","2029-05-31","owner-occupied","open",""
"Elderless","0ce8fb5b-3d2b-46db-8c42-a25d10236e47","2028-02-02","buy-to-let","open",""
"Elderless","0ce9ee0b-3c98-49d6-b81a-a132a9e137b4","2026-10-31","owner-occupied","open",""
"Roast Ham","0cefc21b-320a-476c-aa35-79d5be590ab3","2030-06-30","owner-occupied","open",""
"Roast Ham","0cefc3ef-6180-4880-be5b-ceefe58eaba4","2026-08-31","owner-occupied","open",""
"Roast Ham","0cf17a2b-a966-4f90-9689-31ce4906734a","2027-09-30","owner-occupied","open",""
"Hidecreek","0cfaacd6-8c76-4531-ab14-56191107eee1","2026-04-16","buy-to-let","open",""
"Roast Ham","0cfde44d-ca6c-4bad-ad05-6afd882c58cd","2028-02-29","buy-to-let","open",""
"Elderless","0cfe6c06-ed8d-4c93-a9ae-1e3bb82fa6e2","2028-04-30","owner-occupied","open",""
"Elderless","0cffabe5-6f08-4c22-b819-9aac72d582c3","2029-11-30","owner-occupied","open",""
"Hidecreek","0d015949-7d3a-496e-a80f-55379feb6f85","2027-09-16","buy-to-let","open",""
"Elderless","0d03686b-abfe-40f2-baf8-ce920abc8551","2025-08-31","buy-to-let","switched","2025-08-06"
"Roast Ham","0d0438cd-8b16-4fa3-bb04-cfc62cf675b6","2026-05-31","owner-occupied","switched","2026-04-01"
"Elderless","0d05d2ba-6445-4154-afbb-cab175fd4df7","2025-07-31","owner-occupied","switched","2025-07-17"
"Hidecreek","0d062e49-9b47-49a2-ac10-d9f3ab472635","2026-08-15","buy-to-let","open",""
"Elderless","0d07702b-62aa-4dd7-85d0-f5120ac08b57","2025-11-30","owner-occupied","redeemed","2025-12-02"
"Elderless","0d0a908f-b156-4308-abbd-6905e1783ea5","2026-03-15","buy-to-let","switched","2025-12-17"
"Hidecreek","0d0ae4d2-8221-4b84-afef-650703ffd26a","2027-11-08","buy-to-let","open",""
"Elderless","0d0cca67-9b87-4614-851a-13934ec2f983","2027-06-30","owner-occupied","open",""
"Elderless","0d13faea-2c03-456f-8db2-4b5788513e59","2028-03-17","buy-to-let","open",""
"Elderless","0d17a628-e901-4a6e-bb42-dcbaac4d42ad","2028-03-31","buy-to-let","open",""
"Elderless","0d1f0d0a-4e94-48c2-b7bb-0b80fd2d412b","2025-12-06","owner-occupied","switched","2025-11-15"
"Elderless","0d1f9a75-4d00-453d-b4e0-ca2e09051e73","2026-04-23","buy-to-let","switched","2026-03-10"
"Elderless","0d23e6a4-0d4f-4387-bb58-9cca3f83308b","2031-05-21","buy-to-let","open",""
"Hidecreek","0d263b35-d3db-4d61-b370-66a58af0b26b","2027-04-06","buy-to-let","open",""
"Elderless","0d282cb4-55ee-4159-8870-5cbc704c67c8","2027-04-09","buy-to-let","open",""
"Elderless","0d290e0a-88ff-4c4b-8a3f-2ea12d2cbe2e","2029-02-22","buy-to-let","open",""
"Roast Ham","0d31912a-3e97-47a3-8027-447a079f9fa2","2029-07-31","owner-occupied","open",""
"Elderless","0d35abc1-f199-4a9e-83dc-b0045f9ea790","2029-05-16","buy-to-let","open",""
"Elderless","0d3658b0-5b91-445e-bc73-1e4c516bfae2","2025-11-09","owner-occupied","switched","2025-07-18"
"Elderless","0d38459b-7ca9-42f9-9756-d3ce66293c31","2026-05-31","buy-to-let","switched","2026-04-01"
"Elderless","0d3b71c4-96d1-422b-b112-b9fd72705809","2030-03-31","buy-to-let","open",""
"Elderless","0d3c5b49-24ad-40c6-ad76-4fda561ed816","2025-11-03","buy-to-let","redeemed","2026-01-20"
"Elderless","0d3d638f-6b05-42af-b787-1e31868603e8","2027-01-13","buy-to-let","open",""
"Hidecreek","0d3ee374-9e03-4d3a-8638-e11bdf94dcde","2028-04-25","buy-to-let","open",""
"Elderless","0d3eee4f-e4a6-4ac2-9088-6be6054326df","2030-08-27","owner-occupied","open",""
"Elderless","0d41c36e-0d67-4711-8191-b1d48d44e458","2029-10-02","buy-to-let","open",""
"Elderless","0d41fe31-f46e-4a34-be59-30b926229056","2027-09-30","owner-occupied","redeemed","2026-04-16"
"Elderless","0d4257d6-a0b3-4415-be13-315bb3d2874d","2025-11-30","buy-to-let","redeemed","2025-06-28"
"Roast Ham","0d43756d-1674-4611-a37a-1ae9f66fe8a1","2028-08-31","buy-to-let","open",""
"Elderless","0d44863f-58a2-4ab7-a140-f7e1c11d7a2f","2029-04-17","buy-to-let","open",""
"Elderless","0d45bab1-39fb-41b8-9af4-70052cfcba3e","2027-05-31","buy-to-let","open",""
"Hidecreek","0d46c869-69f0-47e1-81ae-8406aa7c59f5","2028-01-19","buy-to-let","open",""
"Elderless","0d4d7c66-cf1c-46bc-893e-a7dc9cd1d4ef","2027-08-31","buy-to-let","open",""
"Roast Ham","0d4f5329-2c49-4842-9c79-667df3e4f6a0","2029-01-31","buy-to-let","open",""
"Hidecreek","0d4f9def-0cfa-4824-a363-c848085d2084","2026-10-27","buy-to-let","open",""
"Elderless","0d504d19-2656-4329-b0c1-0ff066f3300a","2027-03-31","buy-to-let","open",""
"Hidecreek","0c5f2773-7fff-49bd-a112-de2b0714a91d","2026-07-26","buy-to-let","open",""
"Elderless","0c604e5b-ca9d-4241-9e21-577e20a3480c","2026-04-30","buy-to-let","redeemed","2026-05-06"
"Elderless","0c61743a-8f19-4c30-ad45-7e66dff69b0d","2026-04-30","buy-to-let","redeemed","2026-05-23"
"Elderless","0c624fbe-5192-4407-a050-bfa62e272ba4","2030-06-11","buy-to-let","open",""
"Elderless","0c63b1a1-9844-48de-a270-60422986e278","2030-07-08","buy-to-let","open",""
"Elderless","0c643f3e-73ad-491d-a338-1dda55ee384d","2027-02-24","owner-occupied","open",""
"Elderless","0c64dad3-136e-48c9-bed7-f05f32224b1f","2025-10-31","owner-occupied","switched","2025-09-25"
"Elderless","0c64e137-5d1b-46b4-9659-ab6695e1788d","2025-08-31","owner-occupied","redeemed","2025-09-09"
"Roast Ham","0c67d75d-4fe3-4ce6-9292-8e5f919436bc","2028-02-29","owner-occupied","open",""
"Hidecreek","0c68741b-95d3-469b-ae3b-36d7e7e8b974","2029-01-31","buy-to-let","open",""
"Roast Ham","0c69fd6d-72d1-4fea-a87d-b6275eaf12c2","2025-06-30","owner-occupied","switched","2025-03-28"
"Hidecreek","0c6ad575-8425-4dbc-82c8-ff640593bdc8","2028-10-05","buy-to-let","open",""
"Elderless","0c704a15-c5a0-45ed-a16c-be27a97e1f20","2027-03-30","owner-occupied","open",""
"Elderless","0c719f5a-e571-4cff-b67c-57463e39d220","2028-09-26","buy-to-let","open",""
"California","0c742120-5465-4112-b202-318f79626897","2029-05-23","buy-to-let","open",""
"Roast Ham","0c78acc4-e462-4839-a03d-50d6ebbf6c27","2026-07-31","owner-occupied","open",""
"Elderless","0c790065-d03c-4c98-b951-55136c4966bc","2027-09-30","buy-to-let","open",""
"Roast Ham","0c7ac8d3-80be-4a31-8cc7-c668eb9a5f16","2027-02-02","buy-to-let","open",""
"Roast Ham","0c7d8d46-7f72-4f9a-8a36-ceb52caf5359","2026-03-31","owner-occupied","switched","2026-03-01"
"Roast Ham","0c7da8e3-01fd-4ec3-9a6f-407d9860b609","2028-07-31","owner-occupied","redeemed","2026-04-25"
"Elderless","0c7deda8-ac46-4279-949a-ee4f00475299","2027-10-20","buy-to-let","open",""
"Elderless","0c7e2eb1-6764-4900-94a6-99c7b0a090db","2025-10-31","buy-to-let","switched","2025-11-27"
"Roast Ham","0c8100aa-3b21-4f6f-b85d-afc972645c2b","2026-09-30","owner-occupied","open",""
"Elderless","0c811e1b-f590-41f2-8f94-538ed8811436","2029-09-15","owner-occupied","open",""
"Elderless","0c811ee6-6c64-4fcc-93be-29869bb6a342","2026-11-30","owner-occupied","open",""
"Elderless","0c845ccb-0995-453e-a985-795828cda65f","2026-09-29","buy-to-let","open",""
"Elderless","0c84ae94-1f23-4523-97b3-f6960d14c79a","2027-10-04","owner-occupied","open",""
"Elderless","0c85be4d-b32c-428f-9930-426beb1295df","2027-11-03","buy-to-let","open",""
"Elderless","0c8d7952-b307-4151-9136-c293fb72248a","2031-04-07","buy-to-let","open",""
"Elderless","0c8fe9ab-bcd5-4e4e-aa2d-c32b1cf65d3e","2030-10-23","owner-occupied","open",""
"Elderless","0c911550-6666-404f-a929-67816d5d9890","2027-04-30","buy-to-let","open",""
"Hidecreek","0c94dc04-96de-4c82-904c-a49339747b82","2028-03-31","buy-to-let","open",""
"Roast Ham","0c96a9b3-2ca9-40fd-84ef-25a49da481be","2027-10-31","buy-to-let","open",""
"Elderless","0c97e675-e65d-495a-9dc9-0f14275f9e46","2029-02-27","owner-occupied","open",""
"Hidecreek","0c985c73-9b01-4647-b694-cadf3a2174a4","2027-10-07","buy-to-let","open",""
"Elderless","0c999286-d3b4-48f4-b5e9-42a41495b5a0","2025-07-31","buy-to-let","switched","2025-06-16"
"Roast Ham","0c9f00e0-d621-451f-a0bb-32648de8b99d","2026-03-31","owner-occupied","switched","2025-12-13"
"Elderless","0c9f27fa-3791-477e-94ce-ba6f971686b3","2027-03-20","buy-to-let","open",""
"Roast Ham","0c9f2d63-7eec-422b-8c24-37ae305bd3ad","2026-12-31","owner-occupied","open",""
"Roast Ham","0ca1b54e-4dbe-4ccb-a8d5-990edeee1eaa","2025-08-31","buy-to-let","redeemed","2025-09-03"
"Hidecreek","0ca1d6a5-be89-4742-b57a-2ff364c4e58e","2030-08-27","buy-to-let","open",""
"Roast Ham","0ca2bae3-b042-4280-bf81-a236a5c8cf47","2029-05-31","buy-to-let","open",""
"Roast Ham","0ca380cc-1154-4009-b823-487503d12f54","2028-08-31","buy-to-let","open",""
"Elderless","0ca40141-267e-42fa-ac29-ae42e2b02175","2029-07-28","buy-to-let","open",""
"Hidecreek","0cabafb7-71d1-4514-b35c-8498b1cf33a7","2027-04-25","semi-commercial-buy-to-let","open",""
"Roast Ham","0cadc5f0-6ceb-4be9-b82d-604fcd5b7b17","2027-04-30","buy-to-let","open",""
"Elderless","0cb045aa-6413-48d5-9188-8498fff4447a","2026-12-12","buy-to-let","open",""
"Hidecreek","0cb2ba81-6191-4e43-9a62-3249467497eb","2028-02-07","commercial-buy-to-let","open",""
"Hidecreek","0cb62f99-89ec-483c-b4c8-2c57406f144b","2027-06-08","buy-to-let","open",""
"Elderless","0cb88b6c-e3ad-49e8-84e8-2809137297e8","2025-08-28","buy-to-let","switched","2025-09-20"
"Hidecreek","0cbb60ba-4477-4c2a-87a7-7ff4bd261973","2026-05-26","buy-to-let","switched","2026-05-27"
"Elderless","0cbc2cb2-028b-4b7b-b8c1-bc8435e820ba","2027-12-10","buy-to-let","open",""
"Roast Ham","0cbc3481-154a-43ef-9b03-d04925e70c3e","2026-12-31","owner-occupied","redeemed","2026-01-09"
"Elderless","0cc44795-4dbb-4c4d-ac4b-41f08200aaf6","2025-12-31","buy-to-let","redeemed","2026-01-08"
"Elderless","0cc46b2e-0c50-44c5-b150-8fcef8c2194a","2028-04-30","buy-to-let","open",""
"Elderless","0cc931ca-bb44-415d-a555-a5e92ec496e1","2031-04-08","buy-to-let","open",""
"Roast Ham","0cca4176-1c1b-4eb1-8298-a640bde212e4","2028-09-30","owner-occupied","open",""
"Hidecreek","0cca6204-4b8e-4d6a-8636-ca2b46fab8a8","2026-12-17","buy-to-let","open",""
"Elderless","0ccc6878-91c7-420e-bd8e-250c45b7bc82","2027-02-06","owner-occupied","open",""
"Hidecreek","0ccda4fa-3714-4e9c-aacb-342bb531c44f","2029-08-30","buy-to-let","open",""
"Elderless","0cced131-182d-4767-856e-b266b4a09e12","2027-03-01","buy-to-let","open",""
"Elderless","0ccf1c9a-6ded-4b98-9102-4c94b1800245","2030-01-08","buy-to-let","open",""
"Elderless","0ccfacd0-316a-4d11-8187-0e830fa560fa","2030-10-30","owner-occupied","open",""
"Hidecreek","0cd3e4f8-51fa-4cbe-85aa-77451d31d82d","2028-09-12","buy-to-let","open",""
"Hidecreek","0cd6909a-0ba8-43c6-8902-60e97f1d7aa1","2025-09-21","buy-to-let","switched","2025-09-22"
"Elderless","0cdab531-f081-44fd-a47c-908680012d56","2030-07-23","buy-to-let","open",""
"Elderless","0cdbcf56-28ab-44ea-b12a-9e2bca19a5d0","2027-04-15","buy-to-let","open",""
"Elderless","0ce2f00a-cb8c-4e75-94b4-0b8e81bff896","2026-12-31","buy-to-let","open",""
"Elderless","0ce4efbf-56b3-4923-9b66-abbed57d5f51","2029-08-15","buy-to-let","open",""
"Elderless","0ce95bbc-585a-4539-b958-c0575fe1c9aa","2028-03-31","buy-to-let","open",""
"Hidecreek","0ce9ca76-2455-491c-b4e2-77834d324d68","2026-05-21","buy-to-let","open",""
"Elderless","0cea10a7-fcb5-457d-930f-8e2a04df633d","2026-02-28","buy-to-let","redeemed","2026-03-03"
"Elderless","0ceee9c2-866b-4fce-aa2f-9741272b4229","2028-05-19","buy-to-let","open",""
"Elderless","0cf04f65-836f-4904-8589-204e69896775","2030-09-11","buy-to-let","open",""
"Elderless","0cf497e1-622d-4f6a-a9cc-15f46de8d443","2027-07-31","owner-occupied","open",""
"Roast Ham","0cf71121-cdba-455e-9300-d685e50ca71a","2025-07-31","owner-occupied","redeemed","2025-07-17"
"Elderless","0cf7ad88-856e-4c32-8260-eaafb2a0a6d3","2027-06-30","buy-to-let","open",""
"Roast Ham","0cf7be46-1030-4008-a1bd-fb3959fb96f5","2026-11-30","owner-occupied","open",""
"Hidecreek","0cfbc25b-dde4-46aa-81f3-854f728cb073","2030-03-06","buy-to-let","open",""
"Roast Ham","0d045883-5309-4965-8834-190796193fba","2025-08-31","owner-occupied","redeemed","2025-11-18"
"Hidecreek","0d045c60-a4d9-42e5-9844-c22154a1a868","2031-12-21","buy-to-let","open",""
"Roast Ham","0d0494e7-339c-41a1-a3f4-4de140c6f8d0","2028-01-31","owner-occupied","open",""
"Elderless","0d0627c5-870b-4068-b49e-a4e4a321f7b9","2028-01-31","buy-to-let","open",""
"Elderless","0d515ee6-b85d-4f41-9b1f-e7a5feaafbe7","2027-10-31","owner-occupied","open",""
"Hidecreek","0d52168d-0940-48cb-921b-576c2b6514e6","2027-01-06","buy-to-let","open",""
"Elderless","0d526351-2a07-4bf9-8c95-5f375f8a5fb9","2030-08-12","buy-to-let","open",""
"Roast Ham","0d5471fc-1625-4de4-a0e7-0a377de80552","2029-07-31","buy-to-let","open",""
"Roast Ham","0d5505ff-e10a-49f0-98de-ca2aca0c08de","2026-05-31","owner-occupied","open",""
"Elderless","0d5643fc-d3bd-4b36-8670-4fc9ce18d800","2029-06-24","buy-to-let","open",""
"Roast Ham","0d57cbd0-697c-499e-90de-64227a47dcad","2026-07-31","owner-occupied","open",""
"Elderless","0d588acf-7a29-4b1a-b562-31a34246a605","2027-09-30","buy-to-let","open",""
"Roast Ham","0d58ed25-434f-4d50-8af0-8b745561f9b2","2026-01-31","owner-occupied","redeemed","2025-02-19"
"Elderless","0d5a6ad9-5537-49d3-adf9-22860430b700","2026-09-30","buy-to-let","open",""
"Roast Ham","0d5dc7ff-72f5-4502-b6b3-9037644c5a55","2029-11-30","owner-occupied","open",""
"Elderless","0d5f507e-8910-48e7-81f7-dd0698c2c9bd","2025-12-31","buy-to-let","open",""
"Elderless","0d6304d9-2db8-4f5d-b20f-c0535c46fae2","2028-02-18","buy-to-let","open",""
"Hidecreek","0d69eb17-f802-4906-89c8-7f5f9c450195","2027-10-19","buy-to-let","open",""
"Elderless","0d6a0bd7-3912-43fa-a461-8bef36cffce6","2030-01-31","owner-occupied","open",""
"Elderless","0d6a441f-a9c4-4407-b882-4ab6e32d3ef5","2028-04-30","owner-occupied","open",""
"Hidecreek","0d6ccdd2-4558-40da-bfc1-b878b9fc4404","2031-03-13","buy-to-let","open",""
"Elderless","0d6cf28d-b1ae-44bd-a651-b259a262f253","2025-10-13","buy-to-let","switched","2025-08-01"
"Elderless","0d6ffac5-46d0-45f2-84d7-dae90b216ec7","2026-11-30","owner-occupied","open",""
"Elderless","0d70c809-ae88-46fd-96ba-4248161cca8e","2026-05-31","buy-to-let","redeemed","2026-05-20"
"Elderless","0d70df10-7fe6-462a-91c7-096c9c54fb48","2026-07-31","buy-to-let","open",""
"Hidecreek","0d715e01-aa56-421e-9210-6c75dfc843e1","2026-07-27","commercial-buy-to-let","open",""
"Elderless","0d7433e5-781b-48d1-9578-1387b03ae16d","2028-04-07","buy-to-let","open",""
"Roast Ham","0d7b375c-8f21-4a5a-aebf-eed2b58149db","2027-06-30","owner-occupied","open",""
"Hidecreek","0d7ca83d-8234-486c-aede-743e82bc172d","2030-10-31","buy-to-let","open",""
"Elderless","0d80fdc5-b40b-400f-862f-5c1a85647e66","2030-11-20","buy-to-let","open",""
"Hidecreek","0d833d08-afe8-45d9-9fe6-fd785d18d374","2030-09-05","buy-to-let","open",""
"Elderless","0d833d8f-8084-4a63-b4e7-a02ee4d57d4a","2030-08-06","buy-to-let","open",""
"Elderless","0d8b71af-44b3-4ac1-9455-5b9294712e5c","2026-05-31","owner-occupied","open",""
"Elderless","0d8bc9f1-506a-4e06-85f5-428099d8df6a","2026-07-31","buy-to-let","open",""
"Elderless","0d8fa84f-aeef-47fd-bdec-cf3ee35372de","2029-12-05","buy-to-let","open",""
"Elderless","0d935295-574a-4395-ac87-a76e55b08141","2028-02-25","owner-occupied","open",""
"California","0d93e548-c5d6-4cdc-8911-55de005eaca0","2030-07-17","buy-to-let","open",""
"Elderless","0d9429c8-91ab-4328-8c33-bf84b66252ec","2028-01-31","buy-to-let","open",""
"Elderless","0d96e5d9-5a8f-4018-a417-c8aa1cfc2743","2027-12-31","buy-to-let","open",""
"Elderless","0d9870ca-34c5-40bd-bfc3-6ea9c632f205","2031-02-12","buy-to-let","open",""
"Elderless","0d9d40ea-950d-4295-aa69-6041eb16f9e4","2026-06-26","owner-occupied","open",""
"Elderless","0da10938-45ec-4af2-aea2-62d5fbc71290","2029-07-24","buy-to-let","open",""
"Elderless","0da131b1-d7ab-425b-bc15-d28b93129935","2030-05-18","buy-to-let","open",""
"Roast Ham","0da5638c-754b-4d51-8829-66087fe58186","2027-08-31","buy-to-let","open",""
"Roast Ham","0da70559-1c29-40c2-82f7-8468ea519b96","2028-01-31","owner-occupied","open",""
"Elderless","0da74e66-c164-4ddd-9695-9cb9d115d9fd","2028-04-30","buy-to-let","open",""
"Roast Ham","0da774ba-e66d-4710-a4ca-f00e8e1e5cc0","2030-04-30","owner-occupied","open",""
"Roast Ham","0da832b9-7413-4207-a44e-ff3fd5fbf740","2026-02-28","owner-occupied","switched","2025-12-05"
"Elderless","0da92099-a31d-4e3c-a2a9-bee6147ba3c1","2027-10-09","buy-to-let","open",""
"Elderless","0daaec38-085c-426e-be78-fc05cb03b598","2026-05-28","buy-to-let","open",""
"Elderless","0daf4566-84b5-4ba4-978d-6ed9db3d9684","2030-06-25","buy-to-let","open",""
"Elderless","0db0d63e-4e68-4901-a986-eb7277ce41dd","2029-07-11","buy-to-let","open",""
"Elderless","0db3dd36-0a73-48fb-b29d-da81a41fed01","2027-06-16","buy-to-let","open",""
"Elderless","0dbc8b06-eaa6-4f8b-a283-5626aac39a58","2026-07-27","buy-to-let","open",""
"Elderless","0dc1230e-6700-4131-ba8e-085ceecf840e","2030-06-30","owner-occupied","open",""
"Elderless","0dc328b7-d6de-4f13-8e65-86c9e53578f7","2026-08-31","owner-occupied","open",""
"Hidecreek","0dc38a20-c7fd-4ab7-bd1c-dc9ea95e8e67","2028-11-15","buy-to-let","open",""
"Elderless","0dc3fe51-cc29-4d62-9d28-04153e2db0ed","2027-10-17","owner-occupied","open",""
"Hidecreek","0dc504e7-aa7e-453b-a5d4-ca1be206e7a1","2028-01-09","commercial-buy-to-let","open",""
"Elderless","0dc5dcf2-9526-44c3-94e7-60f2441ebfde","2026-06-30","owner-occupied","open",""
"Elderless","0dc794b5-93d8-4732-9986-dff8bc0fc633","2027-08-04","buy-to-let","open",""
"Hidecreek","0dccc58a-9314-4645-9c08-cbcc80a141a9","2027-11-03","buy-to-let","open",""
"Elderless","0dd21cae-904d-4136-97c8-3310ce3c1a9a","2031-02-23","buy-to-let","open",""
"Elderless","0dd30832-8362-42bf-a919-31d519a48967","2027-10-01","buy-to-let","open",""
"Elderless","0dd41318-a627-433a-bcd6-94844cf5de1a","2027-08-28","buy-to-let","open",""
"Elderless","0dd6218d-0246-49e9-8c44-3bde306fb331","2029-05-02","buy-to-let","open",""
"Elderless","0dd687c9-9e48-4d46-8787-dd79ee5d4abf","2026-07-08","buy-to-let","open",""
"Elderless","0dd6f7f3-f87c-4276-8eb7-6117d7b42967","2025-08-02","owner-occupied","redeemed","2025-08-06"
"Elderless","0ddb777a-ce47-43a1-bcd1-730fb16b006a","2028-04-30","buy-to-let","open",""
"Elderless","0ddd0481-e2bf-4f14-bcfe-30cbae1bd21a","2027-09-04","buy-to-let","open",""
"Roast Ham","0de18f00-de57-48ea-85c4-2156a2348c0b","2027-10-31","buy-to-let","open",""
"Roast Ham","0de2f142-9103-4ec2-92f1-5ea35ae992c5","2028-02-29","owner-occupied","open",""
"Elderless","0de30794-42f2-4a6c-936c-aed94fbb892b","2025-09-30","owner-occupied","switched","2025-09-04"
"Roast Ham","0deca908-21c2-4422-8304-8991ccc5f8da","2029-12-31","owner-occupied","redeemed","2025-08-27"
"Roast Ham","0dedfa95-6135-45d3-8788-45fc882fe823","2031-03-31","owner-occupied","open",""
"Roast Ham","0df1dbb5-34cd-4471-b8fd-2e9e1a7c6e82","2025-09-28","owner-occupied","switched","2024-05-22"
"Elderless","0df37238-6106-4fe2-89b4-885ef3006a36","2027-02-17","buy-to-let","open",""
"Elderless","0df43028-44d4-4007-9d66-f8229591bb1c","2028-07-01","buy-to-let","open",""
"Elderless","0dffbb0f-2ff4-4ee6-bbe0-431725fa6644","2028-03-12","buy-to-let","open",""
"Roast Ham","0e02b740-b263-4acb-8b65-14349b8592b5","2027-10-31","owner-occupied","open",""
"Roast Ham","0e04a098-1b0b-4056-8927-b4959b827e7c","2025-07-31","owner-occupied","switched","2025-06-28"
"Elderless","0e05f23d-f1af-4a99-acd2-90f50f4c587d","2027-03-31","buy-to-let","open",""
"Elderless","0e07c774-d480-43f1-b92d-8c42cf60064d","2029-06-12","buy-to-let","open",""
"Elderless","0e088c5b-80e6-4dbb-8d8b-694c103692b1","2030-06-12","buy-to-let","open",""
"Roast Ham","0e0de27a-20c6-4335-83e2-9af3d48b83ab","2029-12-31","buy-to-let","open",""
"Roast Ham","0e13c600-9422-4c84-9519-82bdba3e0aa4","2026-09-30","owner-occupied","open",""
"Elderless","0e17d3fa-ef0e-429e-ab66-32d89b5d3da9","2028-04-09","buy-to-let","open",""
"Roast Ham","0e1c24ff-dcb6-45d3-a657-b1349b62440d","2029-05-31","owner-occupied","open",""
"Elderless","0fe6da26-20a7-4f24-aead-67292c4d3795","2026-09-30","buy-to-let","open",""
"Elderless","0fe7da17-53f2-4497-8601-f963ffec510b","2029-03-13","buy-to-let","open",""
"Roast Ham","0fe8e76c-ea20-4829-8111-f183bef02bf7","2027-02-28","owner-occupied","open",""
"California","0fe9a25d-05d0-4c60-a30f-a95a315dc703","2025-09-26","buy-to-let","open",""
"Elderless","0fe9b115-d28e-4ef8-8f7a-4f26be6adeda","2028-05-14","owner-occupied","open",""
"Elderless","0febf443-49cf-4b8b-9086-31dcb28e8a6b","2025-05-31","buy-to-let","switched","2025-06-16"
"Hidecreek","0fec4f8a-2405-46c8-b12e-193c00101dc8","2029-05-22","semi-commercial-buy-to-let","open",""
"Elderless","0ff05574-d50b-45b7-8543-9b39460df258","2028-06-26","buy-to-let","redeemed","2025-08-05"
"Roast Ham","0ff18de8-4ed6-4b39-9e5d-33ed7ed9619a","2026-07-31","buy-to-let","open",""
"Hidecreek","0ff39aea-cd98-444e-9b19-7be13966298d","2030-11-28","semi-commercial-buy-to-let","open",""
"Elderless","0ff4b9aa-c3f9-49f9-b2fe-c6697c8640e7","2031-03-12","buy-to-let","open",""
"Elderless","0ff596a6-0a6d-4b41-94f7-0871a4e6ee35","2027-09-09","buy-to-let","open",""
"Roast Ham","0ff60649-e41f-4eb0-8672-74dfff0094b1","2027-05-29","buy-to-let","open",""
"Elderless","0ff98f28-a4e5-4bb6-8b6d-e019d58b1d43","2025-09-30","buy-to-let","redeemed","2025-10-04"
"Roast Ham","0ffb94c9-c072-4517-afef-bb9fcb089f68","2028-11-30","owner-occupied","open",""
"Hidecreek","0ffd358d-6316-492b-9999-21e498d1a06d","2028-10-09","buy-to-let","open",""
"Roast Ham","0fffc1b6-cc07-4b86-bb22-903faccf5564","2026-06-30","owner-occupied","switched","2026-04-16"
"Elderless","1001d4c2-91aa-463a-9952-21fbcaeb2349","2031-01-08","buy-to-let","open",""
"Elderless","10024596-7f08-41c5-b177-8336ecd5ed9c","2025-10-21","owner-occupied","redeemed","2025-11-05"
"Hidecreek","10042bbc-ab7a-4109-a0f6-88ba9001ba5e","2029-04-12","buy-to-let","redeemed","2026-05-07"
"Elderless","10047e48-18e4-4876-b713-f770c10d1616","2026-02-28","owner-occupied","switched","2026-03-05"
"Elderless","10062c0c-9aeb-4d41-af97-37772f994b9f","2025-08-31","buy-to-let","redeemed","2025-02-20"
"Hidecreek","100ca48d-5f39-46fa-bf37-e609fb5227e4","2027-02-17","buy-to-let","open",""
"Hidecreek","100d4f6b-f5d3-43a2-a0d0-bd97ff7a899d","2029-05-23","buy-to-let","open",""
"Elderless","100ff18c-f410-4cf0-9b27-a1af86c8101e","2027-02-28","buy-to-let","open",""
"Roast Ham","1013a2e6-6248-4c2c-9527-b08b1c8f79b0","2029-07-31","owner-occupied","open",""
"Roast Ham","10187495-199f-487c-9a3d-e6efe91343f3","2025-11-30","owner-occupied","switched","2025-11-20"
"Elderless","101939a6-157d-43ba-b5a9-329fb3ca109a","2026-03-26","buy-to-let","open",""
"Hidecreek","101c36ff-5de2-4ee3-9042-d91652636dc4","2028-02-13","commercial-buy-to-let","redeemed","2025-09-09"
"Elderless","101c38c6-8ebc-4863-b46d-94b320f1c009","2028-04-12","buy-to-let","open",""
"Roast Ham","101c6d49-d9cb-43a3-9474-4693845b47bb","2028-02-29","owner-occupied","open",""
"Elderless","101ccc9d-29c6-4f28-87a3-85d2b7256099","2027-01-16","owner-occupied","open",""
"Elderless","101ef584-3c61-4574-8e4d-384ebdf27769","2026-05-31","buy-to-let","open",""
"Roast Ham","102204ec-18a2-4c93-9550-1675460c9bd3","2026-02-28","owner-occupied","open",""
"Elderless","1023e414-62a1-434f-9c51-297090675ebb","2025-05-31","buy-to-let","redeemed","2025-08-12"
"Elderless","10248286-1674-42e4-90d1-9c749d6ad692","2029-09-30","owner-occupied","redeemed","2025-10-03"
"Elderless","10259df3-9470-4f80-a8e5-68a0479b040c","2027-03-31","buy-to-let","open",""
"Roast Ham","102f8a8a-2b0a-47fb-b053-b59e10e56d57","2026-05-31","owner-occupied","open",""
"Elderless","102fec6c-17a0-49ef-9dcb-9124e0f81d6e","2029-09-30","buy-to-let","open",""
"Roast Ham","1031ff51-57ef-479d-b0e1-6929bdbe4a4e","2026-11-30","buy-to-let","open",""
"Roast Ham","10321ad4-2e3a-41ad-b21e-7124ca13140f","2028-05-31","owner-occupied","open",""
"Elderless","10330539-9dc7-4099-8084-276fb90e816f","2026-02-28","owner-occupied","switched","2026-02-06"
"Elderless","1039628c-31c3-4b26-8b20-713c3180f377","2027-03-12","buy-to-let","open",""
"Elderless","103aca8f-deb5-41d3-ab5a-414e870c9c8f","2026-08-31","owner-occupied","open",""
"Elderless","103beec2-a8eb-423f-a1c2-49b88bc0105a","2029-12-18","buy-to-let","open",""
"Elderless","103cc535-2605-4ba1-8302-c477344ab9c0","2030-05-22","buy-to-let","open",""
"Roast Ham","103e5fc9-6952-44d3-973e-ceb94ff70cb2","2027-02-28","owner-occupied","open",""
"Roast Ham","10477fed-3439-4e11-9f43-7031a99538e0","2027-10-31","buy-to-let","open",""
"Hidecreek","1049d947-9d6e-4cdc-b98c-527596d3f65e","2027-02-21","buy-to-let","open",""
"Elderless","104a4266-a9f7-4e8d-a521-9ef31796c596","2026-09-30","buy-to-let","open",""
"Roast Ham","104be4f2-81d6-4daf-b320-22f6de65b876","2025-08-03","buy-to-let","switched","2026-01-31"
"Roast Ham","104f253f-822d-462d-9dc3-48d7a148695f","2027-10-31","owner-occupied","open",""
"Elderless","1054422b-187a-4358-951c-5d3dcfcffdb8","2028-03-31","owner-occupied","open",""
"Roast Ham","1054a747-029b-44f9-ad2e-39042b51664f","2027-06-30","owner-occupied","open",""
"Elderless","1055ddf6-2436-4e55-bc23-02efe2ce81c1","2027-01-30","buy-to-let","open",""
"Elderless","105c5e3a-0f95-4f77-9058-a9fbd0cd9c15","2027-07-24","buy-to-let","open",""
"Elderless","106155e2-cf40-407c-9b48-b1f642cee8a2","2028-05-01","buy-to-let","open",""
"Roast Ham","1061b0b2-934d-4ae1-aad6-32278e989473","2028-07-31","owner-occupied","redeemed","2026-04-17"
"Roast Ham","1062e33b-3bbe-4344-93bd-7e972bc68ffc","2026-01-31","owner-occupied","switched","2026-01-28"
"Elderless","106b1136-809c-45f5-a8c7-5207e317453f","2028-02-29","buy-to-let","open",""
"Elderless","106eaf6d-8356-495a-9541-dbab1daf108f","2027-01-31","buy-to-let","open",""
"Hidecreek","106ed012-f995-4e5d-9c74-45a5f74b6239","2026-10-19","buy-to-let","open",""
"Elderless","106fa9f5-4151-4700-905d-f24a70e9c1c3","2027-11-30","buy-to-let","open",""
"Elderless","1071d9b3-524e-41bf-9a5a-89f95b73fe4f","2028-11-15","buy-to-let","open",""
"Elderless","1079830b-728b-4a04-8423-3c28fc05353f","2029-09-09","buy-to-let","open",""
"Roast Ham","107a1837-c96b-4c7f-a56a-a5411c36818d","2026-11-30","buy-to-let","open",""
"Roast Ham","107d7da5-9d73-4b1c-b4c2-9821a08c2d22","2029-12-31","owner-occupied","open",""
"Roast Ham","107e6245-a770-4518-a0e0-b5c9cd217412","2027-05-31","buy-to-let","open",""
"Elderless","107ed099-1aac-40f2-84d3-2e3f9fee9372","2027-04-03","owner-occupied","open",""
"Roast Ham","107f3a00-6478-402f-b9ba-69da143099fe","2025-05-31","owner-occupied","redeemed","2025-03-03"
"Roast Ham","1084781d-c220-457e-9a08-ff2334bac166","2025-09-30","buy-to-let","switched","2025-10-01"
"Elderless","1086c1ae-6249-456e-b399-5b80f5d6f46a","2027-02-28","owner-occupied","open",""
"Hidecreek","108a39e6-f8ba-40a1-bb11-951c35eb64a8","2028-04-13","semi-commercial-buy-to-let","open",""
"Elderless","108aa041-1ba6-43d5-9265-5fa25b918b29","2028-09-07","buy-to-let","open",""
"Roast Ham","108acaa9-e187-46c3-9a75-a30c9482728f","2026-06-30","owner-occupied","open",""
"Elderless","108b016f-c7ae-4aed-abe7-ac1d02f2592f","2025-07-31","owner-occupied","switched","2025-07-17"
"Hidecreek","108b0361-10ef-4af6-a0d5-ac48f80f048e","2027-02-04","buy-to-let","open",""
"Roast Ham","108b7906-c28f-4b9f-8391-d2d4a3f8cc71","2025-10-31","buy-to-let","switched","2025-09-25"
"Elderless","108e618d-53ef-4dfe-ac03-d3ab73f5c2df","2027-04-30","owner-occupied","open",""
"Hidecreek","108e9fcb-79f9-4f89-acdc-aca41f90f3f0","2029-12-12","commercial-buy-to-let","open",""
"Roast Ham","108ea273-bfcd-496a-a2eb-658010cf2b88","2027-08-31","buy-to-let","open",""
"Hidecreek","108f72e5-3e7d-41b2-9502-2cc500e3885c","2027-11-14","buy-to-let","open",""
"Elderless","108ff704-277b-46bb-a106-4cbe958fea01","2028-04-17","buy-to-let","open",""
"Elderless","1090865b-1847-43df-bc44-42e4b0963dda","2025-06-30","buy-to-let","redeemed","2025-07-03"
"Elderless","10909c1f-9d5c-4d6b-af44-8cf01414fffb","2026-05-28","buy-to-let","open",""
"Elderless","10962933-81e0-4a49-a6a2-bb403d84e5fe","2028-01-31","buy-to-let","open",""
"Elderless","1096b7a8-f3d9-4707-bb93-3c8f5b321bf7","2029-05-16","buy-to-let","open",""
"Roast Ham","1096f100-ffca-4d50-b58f-119a992cba23","2026-12-31","buy-to-let","open",""
"Roast Ham","109eb094-e931-4e51-8f17-cbb87403f9e8","2029-01-31","buy-to-let","open",""
"Roast Ham","10a2b699-8508-4ce5-aae1-75b2d90182d8","2025-07-31","owner-occupied","redeemed","2025-08-06"
"Elderless","10a81327-a69e-4ae1-ae78-9b7e5eb89a83","2028-12-31","buy-to-let","open",""
"Roast Ham","10a88ee4-91d3-45b6-b4d5-2978acb4803c","2026-05-31","buy-to-let","open",""
"Elderless","10a93409-0311-4440-8fa1-70fca252be07","2027-12-31","buy-to-let","open",""
"Roast Ham","10a94577-70f2-45d3-bdc4-b6f6e8bbff92","2026-12-31","owner-occupied","open",""
"Roast Ham","10a97c0f-cc0a-40b5-9c23-a3bc13c630a0","2025-12-28","owner-occupied","open",""
"Elderless","10a9eef6-293a-48a2-bf96-f1030bf597d4","2025-11-30","owner-occupied","switched","2025-09-16"
"Roast Ham","10a9f352-7821-42dd-92bc-bf41aa890e0b","2026-07-31","owner-occupied","open",""
"Elderless","10aaa6ce-ae60-43fe-be54-9064de125dcf","2025-05-31","buy-to-let","redeemed","2025-06-27"
"Roast Ham","10ac616a-6dd0-402f-89d6-b7a36def83e1","2026-01-31","owner-occupied","redeemed","2026-02-03"
"Roast Ham","10ac9856-10a1-489a-ade4-19969ff1b6c0","2030-03-31","owner-occupied","open",""
"Elderless","10ae7f9f-8120-4a17-b022-a1bc767237b7","2027-05-31","buy-to-let","open",""
"Hidecreek","10aebac0-42a5-42a5-b273-caed616d5ee8","2030-10-16","buy-to-let","open",""
"Elderless","10afc52a-89fb-42af-a25f-bd4736a7e123","2029-09-30","owner-occupied","open",""
"Roast Ham","10b273ed-d787-4992-8b1e-107e8c9e0a29","2027-11-30","buy-to-let","open",""
"Elderless","10b3883a-f1fc-47ce-b043-cc40b2469fd5","2026-08-20","buy-to-let","open",""
"Roast Ham","10b60404-277e-4752-83b7-3e23ae17ecba","2028-07-31","buy-to-let","open",""
"Hidecreek","10b94313-1054-4538-a300-73f70fc66840","2031-04-21","buy-to-let","open",""
"Elderless","10c40a56-b1d0-43ba-9df8-cab08fd0ffe3","2027-08-14","owner-occupied","open",""
"Elderless","10c4928b-a175-4f8a-8223-370b8e6ff776","2026-03-31","buy-to-let","open",""
"Roast Ham","10c96f94-5972-4ecb-8646-7a003c210701","2030-11-30","buy-to-let","open",""
"Roast Ham","10cf7c36-34e3-4f28-bbc2-edd5d9ed428c","2027-02-28","buy-to-let","open",""
"Hidecreek","10cfe603-8907-4e9b-90c6-088cade964ca","2028-01-05","buy-to-let","open",""
"Elderless","10d0e8d1-0c09-452e-851b-6a3ce1b22936","2027-03-27","buy-to-let","open",""
"Roast Ham","10d2c4c5-bec4-4d87-b5d0-73e61e0a73a8","2026-02-28","buy-to-let","switched","2025-11-14"
"Roast Ham","10d3569d-26da-45c0-8401-dee5e1916fda","2027-09-30","owner-occupied","open",""
"Elderless","10d50383-1938-43b3-9393-74f62f47defc","2030-03-31","owner-occupied","open",""
"Elderless","10d67393-07b6-4eba-ab21-af2c9207107b","2030-02-11","buy-to-let","open",""
"Roast Ham","10ddbb2d-ccc4-4db9-a954-524d0bce881e","2029-03-31","buy-to-let","open",""
"Elderless","10e087a5-75f7-4baf-a7e0-cca2efcfb4bf","2026-02-11","buy-to-let","redeemed","2026-02-14"
"Elderless","10e10eba-1c35-4944-94d1-c1b3ebcac9a7","2027-05-25","buy-to-let","open",""
"Elderless","10e3bb81-98a7-46a4-9dc9-baf412e90bf9","2025-05-31","buy-to-let","switched","2025-03-11"
"Elderless","10e4673c-480f-4ced-9a6d-f960436219b5","2027-08-25","owner-occupied","open",""
"Roast Ham","10e47b38-0b69-4e6f-aa5a-d35d2a92e833","2025-06-18","owner-occupied","switched","2023-07-11"
"Elderless","10e4f989-9c3d-4ab0-be16-9c2b72c0f1f1","2030-09-24","owner-occupied","open",""
"Elderless","10e7c680-85ec-4f62-a710-cb70660077f1","2029-08-01","buy-to-let","open",""
"Hidecreek","10e8c9a2-7744-4eb7-8c23-12c748df8114","2029-09-06","semi-commercial-buy-to-let","open",""
"Hidecreek","10e9614f-8237-4541-9066-7e6c3434a06a","2026-01-15","buy-to-let","switched","2026-01-16"
"Roast Ham","10eaad38-3564-49d8-892e-ce320d99b6b1","2031-02-28","owner-occupied","open",""
"Elderless","10f2247b-0ab2-495e-90f6-79ff88ed6b5c","2031-04-01","buy-to-let","open",""
"Roast Ham","10f2297b-3bd7-4cb0-831c-087b87061439","2026-01-31","buy-to-let","redeemed","2024-07-27"
"Hidecreek","10f3cca3-2f0c-42f6-a00d-d94561441ad8","2031-03-11","commercial-buy-to-let","switched","2026-03-13"
"Elderless","10f52ab6-b966-4dbc-a2eb-5fa72fad51c2","2030-09-18","buy-to-let","open",""
"Hidecreek","10f54eef-9d3d-4a25-a7db-26949c29d0b4","2030-04-23","buy-to-let","open",""
"Roast Ham","10fae6e4-4ed0-47c5-bf07-aed3a328d99d","2027-01-31","owner-occupied","open",""
"Hidecreek","10fcbad7-4ae4-4c8b-9445-2d45906555b3","2028-09-22","buy-to-let","open",""
"Elderless","10fed10d-7360-40b2-ad26-e54c41c29234","2030-10-14","buy-to-let","open",""
"Elderless","10fffa32-1009-4e96-a90a-54dd0bee8e92","2027-10-31","owner-occupied","open",""
"Elderless","11038e6a-7a25-4856-94db-36f9965bb255","2028-03-01","buy-to-let","open",""
"Elderless","11043056-f177-4a92-80ef-8601c097fe3a","2029-01-31","buy-to-let","open",""
"Elderless","11054094-9e86-4161-bf42-d18dfd1812b2","2027-07-06","buy-to-let","open",""
"Elderless","1107fb44-4f26-4b5e-8d0e-46a5efff403e","2028-03-08","buy-to-let","open",""
"Elderless","1108a198-f46a-4c0c-8c39-d0d7cc52f439","2027-05-31","buy-to-let","open",""
"Roast Ham","1109a312-cf64-4bc4-8506-468041ab77f6","2026-02-28","owner-occupied","open",""
"Elderless","110d4275-aab8-44ee-909f-04e92a3417a5","2027-03-31","owner-occupied","open",""
"Hidecreek","110e3379-da04-489f-9192-5d645b7d2ac8","2031-02-06","commercial-owner-occupied","open",""
"Hidecreek","111148a4-2118-455a-8caf-45dd302d9628","2026-05-15","semi-commercial-buy-to-let","switched","2026-05-19"
"Elderless","1111d141-dc2a-43f7-8663-f8535c16ff96","2027-12-31","buy-to-let","open",""
"Elderless","1116e9a3-22f1-4491-ba40-01cbf8e42bf4","2031-03-05","buy-to-let","open",""
"Roast Ham","111755f2-0ce8-4061-960f-20a11e73f600","2027-10-31","owner-occupied","open",""
"Elderless","111903e5-4b08-48e2-93d3-5aa77638ae1d","2027-04-30","buy-to-let","open",""
"Elderless","111a1955-151c-4897-8833-972771111510","2026-08-18","buy-to-let","open",""
"Roast Ham","111a6b30-1249-4b78-9497-fdce66519e6a","2026-05-31","owner-occupied","switched","2026-03-25"
"Elderless","111bc747-fec1-49f8-8ab0-1ed967b682cb","2027-08-18","buy-to-let","open",""
"Hidecreek","111c3fc7-69ab-4238-b222-5422d2564e42","2028-08-09","buy-to-let","open",""
"Elderless","111da277-d29f-4ca5-b2cf-1565f01b3093","2027-10-05","buy-to-let","open",""
"Hidecreek","111e916a-82f4-4173-bdbb-6d690ef4d8ec","2027-10-20","buy-to-let","open",""
"Elderless","112147f7-837a-49b0-9c89-8c3ea81fab4e","2027-05-31","buy-to-let","open",""
"Elderless","11222c3c-edfa-41a0-bdc4-42852b3c5cbf","2026-10-31","buy-to-let","open",""
"Elderless","11230550-631c-4895-a9d1-8ef768d7a38e","2028-01-29","owner-occupied","open",""
"Hidecreek","11260bdb-385e-4be5-bf05-ff4256d1da95","2030-07-23","buy-to-let","open",""
"Roast Ham","11283f72-5dda-4668-9042-288de5f85603","2026-03-31","owner-occupied","redeemed","2025-03-25"
"Roast Ham","11292f41-c91e-415f-983c-b3a5af2bccbe","2027-11-30","owner-occupied","open",""
"Elderless","112b9002-ae94-4910-9812-7e80ab6a76fc","2027-10-30","buy-to-let","open",""
"Elderless","112ea21c-4622-4a95-8b8b-d458a47b5b48","2025-06-25","buy-to-let","switched","2025-03-13"
"Roast Ham","112eaa71-f6fc-44ac-8ab4-c916d52ddb1f","2028-05-31","owner-occupied","open",""
"Elderless","11333509-033f-4d40-826b-9363bf979b58","2027-10-05","owner-occupied","open",""
"Elderless","11338849-d5ef-445a-820c-9cd537c92950","2026-12-31","owner-occupied","open",""
"Elderless","113a9e9a-db88-460e-b5ab-d9992ab8e5b5","2027-10-31","owner-occupied","open",""
"Elderless","113b1896-0989-4485-a708-fc55f125057a","2027-08-26","buy-to-let","open",""
"Elderless","113daf6f-50d7-49ec-8a64-99d5730c0137","2028-05-31","buy-to-let","open",""
"Elderless","114588a2-a7ef-4f6f-b23d-5baa65fa1c51","2029-04-24","buy-to-let","open",""
"Elderless","1146c28c-d20e-4cd2-8b57-f94f3dbbfd67","2031-03-15","buy-to-let","open",""
"Elderless","11484d7d-ef52-46ce-9e57-6c0009549463","2028-05-14","owner-occupied","open",""
"Elderless","1149fbf0-fe4f-4efc-8e9c-098f0116a168","2028-05-21","buy-to-let","open",""
"Elderless","114a9f87-6bd3-4845-9ff7-83746b51cf92","2031-01-28","owner-occupied","open",""
"Roast Ham","114b14ac-0fed-40c3-b5ef-804d8cc47bdd","2028-02-29","buy-to-let","open",""
"Elderless","114f115f-ad32-4529-8109-3d0d6ab58540","2029-07-31","owner-occupied","open",""
"Elderless","11504880-8d1c-4889-bb3d-026740780fec","2025-05-31","owner-occupied","switched","2025-05-23"
"Elderless","1152b483-fb96-47e4-9e04-8939bcf49404","2027-02-28","owner-occupied","redeemed","2025-09-27"
"Elderless","1158c044-b0b7-4edd-9135-1adbce5a5ffa","2027-07-31","buy-to-let","open",""
"Roast Ham","11596c64-d757-40e0-8c96-348ad465f5f3","2029-11-30","buy-to-let","open",""
"Elderless","115cec6b-2d7b-4818-af50-975c944260d9","2030-09-30","buy-to-let","open",""
"Roast Ham","115e956f-cf2a-415e-b141-9cd7e7b3ec86","2029-05-31","buy-to-let","open",""
"Roast Ham","116920c6-5de6-409b-ac6f-df9e7b4d114e","2027-01-31","owner-occupied","open",""
"Elderless","11698418-b909-44ae-960d-590f4353fe71","2030-01-31","owner-occupied","open",""
"Elderless","1169a923-5ec7-4b21-84c7-7873462240cc","2027-07-06","buy-to-let","open",""
"Elderless","116ee3fa-d8e3-4ba4-846d-fb1aa7de762f","2029-04-10","owner-occupied","open",""
"Roast Ham","11730a4c-6fbb-4311-8caf-f461d9cddc27","2026-03-31","buy-to-let","switched","2026-02-11"
"Hidecreek","11733545-40dc-47f9-b312-c67748602947","2027-06-08","semi-commercial-buy-to-let","open",""
"Elderless","1176cd5f-e2c3-4b4b-8f0f-e754a000ec4f","2025-05-31","buy-to-let","switched","2025-02-12"
"Elderless","1179ae17-1fc8-4f00-8b56-ec427b99776b","2027-07-31","owner-occupied","open",""
"Elderless","1179fd5a-e263-49d6-9f1b-6e5c10718b89","2029-05-15","buy-to-let","redeemed","2025-12-06"
"Elderless","117cd884-9a3a-4b35-890b-db40dbc92933","2028-12-31","buy-to-let","open",""
"Elderless","117e90e9-f81e-4a26-b320-797f305fc6ea","2030-01-09","owner-occupied","open",""
"Elderless","1183a887-eba3-4e3b-9868-c2b88774df06","2027-04-12","buy-to-let","switched","2025-04-14"
"Elderless","1184f9b4-ea19-4bb6-b60b-346b0554318b","2027-11-07","buy-to-let","open",""
"Elderless","118505ee-b301-4d11-adfc-070f1d9f4035","2029-04-08","owner-occupied","open",""
"Elderless","11871d54-b5ec-4461-b866-8a665e59bce8","2025-10-31","owner-occupied","redeemed","2024-11-26"
"Roast Ham","118ce9c1-29f9-4a8c-a59e-147ac668017e","2026-09-30","owner-occupied","open",""
"Elderless","118fc4b9-98c3-4229-9b63-0b94d1a855a1","2025-06-30","owner-occupied","switched","2025-07-01"
"Roast Ham","1190942f-2b28-4bac-bb62-fad151520128","2028-02-29","owner-occupied","redeemed","2026-05-30"
"Roast Ham","11970e4b-93be-4102-b0f2-72edf756db6d","2025-12-31","owner-occupied","switched","2025-11-25"
"Elderless","11a0834c-b2dd-4d5a-80fc-051aa23c6878","2027-07-30","buy-to-let","open",""
"Roast Ham","11a162ae-de44-4272-9943-18744173aceb","2027-04-30","owner-occupied","open",""
"Elderless","11a25a0f-eacb-42f6-a468-f887d00d10de","2028-04-30","owner-occupied","open",""
"Elderless","11a2cafe-18a8-4557-beb9-73fbd9e52494","2028-07-13","buy-to-let","open",""
"Elderless","11aa42b8-3c7b-4126-ae3c-dad13cd847e4","2026-07-31","buy-to-let","switched","2026-04-22"
"Elderless","11aaa9f4-0e13-48d6-8855-80cdbbff716e","2027-08-28","buy-to-let","open",""
"Elderless","11b0c59e-9730-46a4-800e-11966eb80af8","2026-10-03","buy-to-let","open",""
"Roast Ham","11b12be7-c028-4f55-86c0-dd5f0fad03a0","2026-04-30","buy-to-let","switched","2026-03-10"
"Elderless","11bb7831-97a0-448f-a381-f4bd4a27011f","2027-05-31","buy-to-let","redeemed","2025-04-10"
"Roast Ham","11bc73a6-00f7-45f6-a7f9-12d69829f0f3","2027-08-31","owner-occupied","open",""
"Elderless","11bf94ad-bf3c-4ee1-91b7-46073bc6b66c","2025-10-31","buy-to-let","redeemed","2026-04-07"
"Roast Ham","11c10138-cebc-4a73-9f6b-de21c7d16f34","2026-11-30","owner-occupied","open",""
"Elderless","11c2b4e2-42e1-4abc-a4f1-62b2bb7d3b7d","2027-10-24","buy-to-let","open",""
"Roast Ham","11c31b93-597b-4d8e-9844-d0cc2f4055c4","2029-08-31","owner-occupied","open",""
"Elderless","11c383f1-77f5-4eab-ad8a-b1133e949642","2027-12-20","buy-to-let","open",""
"Elderless","11c5e27d-ba56-436f-bd16-62f5cf649a9c","2027-03-23","buy-to-let","open",""
"Hidecreek","11c9a3ee-4c08-4852-b5f5-c8034cfaa172","2026-04-20","buy-to-let","redeemed","2026-04-29"
"Roast Ham","11ca6a32-9617-4821-9c27-0e65bdfcc277","2026-11-30","owner-occupied","open",""
"Elderless","11cac5ff-66cc-4d32-9802-9ba82ad08059","2026-08-12","buy-to-let","open",""
"Elderless","11cc311b-336f-43ce-a53b-61134466de69","2025-05-31","owner-occupied","switched","2025-05-08"
"Elderless","11cd1692-2ac1-4eb8-bc0b-2bb6e9a621b5","2027-01-31","owner-occupied","open",""
"Elderless","11d0465b-2df4-42bd-bef4-6d59442b7895","2026-08-31","buy-to-let","redeemed","2025-08-06"
"Roast Ham","11d4de7e-b300-43cd-99e5-090ab4cedd92","2025-07-31","owner-occupied","redeemed","2025-11-19"
"Roast Ham","11d5292c-01e6-4e83-9e71-16864eecdbe3","2030-06-30","owner-occupied","open",""
"Roast Ham","11d600dd-45a1-4967-ab23-0cbf7f6cc341","2027-02-28","owner-occupied","open",""
"Roast Ham","11d70484-bf19-4ff4-9410-59537505ed06","2027-08-31","buy-to-let","open",""
"Elderless","11d8ef32-1ec7-4cb9-84ca-7fec728d7b9a","2027-05-02","buy-to-let","open",""
"Roast Ham","11d9d401-717a-4574-9243-f96267438c08","2029-03-31","owner-occupied","open",""
"Roast Ham","11da4e3c-4fcf-4a61-b21e-bcb26686dd12","2027-06-30","owner-occupied","open",""
"Roast Ham","11dbfb19-b160-4c97-bdd1-a05e8788c300","2026-11-30","owner-occupied","open",""
"Roast Ham","11dd0778-5048-4296-a1c9-aca056967895","2028-03-31","buy-to-let","open",""
"Elderless","11df00c1-917a-478f-ace0-9885c9e48296","2027-01-30","buy-to-let","open",""
"Roast Ham","11e19fae-c57a-483c-a344-501bec69c069","2025-09-30","buy-to-let","redeemed","2025-10-02"
"Roast Ham","11e38a7c-410c-404c-9a09-49cc9b7e1556","2027-03-31","owner-occupied","open",""
"Roast Ham","11e5c51e-53ff-4f68-9296-06aecd96ae0e","2027-10-31","owner-occupied","open",""
"Elderless","11ea019b-fbec-4611-835a-900572ad4cca","2026-05-22","buy-to-let","open",""
"Elderless","11ee4d88-da76-4f86-a7b7-f491e925e7bd","2026-12-01","buy-to-let","open",""
"Elderless","11f06ec8-5b15-4d8c-9865-fefe9553c5db","2029-05-31","owner-occupied","open",""
"Elderless","11f29dc4-b17e-4f8e-bcae-f5efd2a95ee5","2028-03-31","buy-to-let","open",""
"Elderless","11f2cb4a-f90f-4d57-902a-6c46c5037faa","2031-02-26","buy-to-let","open",""
"Roast Ham","11f5a2f6-12fd-467e-b9a2-b161413b6224","2027-09-30","owner-occupied","open",""
"Hidecreek","11f5d475-8b0b-403d-bfc5-6a6dcb624872","2025-12-23","semi-commercial-buy-to-let","switched","2025-12-26"
"Elderless","11f6b189-2291-4cb5-931b-5058a0793564","2030-04-28","buy-to-let","open",""
"Elderless","11fdb191-79b2-4dfd-8d49-4984be2061a8","2026-07-05","buy-to-let","open",""
"Hidecreek","120140c9-42af-4d97-a4ed-8b34ebe8a187","2027-04-14","buy-to-let","open",""
"Elderless","1203fc4f-2faa-4252-9878-d217d697512f","2028-02-16","buy-to-let","open",""
"Elderless","12049814-9b8f-42cc-bd2c-bf9f7c23e081","2026-05-31","buy-to-let","switched","2026-03-14"
"Elderless","1204b433-c4da-4f49-8dac-e8f616606ba5","2030-01-30","buy-to-let","open",""
"Roast Ham","12059bff-7cdc-43d8-b466-bbb2fbb21f39","2031-03-31","owner-occupied","open",""
"Elderless","1205f6c4-b022-4b47-b50e-50f1bf82f6a8","2029-08-14","buy-to-let","open",""
"Roast Ham","1207f339-7188-4e57-aaad-f45a1d45914e","2025-07-31","owner-occupied","redeemed","2026-02-17"
"Elderless","120abc4e-a66b-4a76-a71a-d52506edb0ba","2027-04-03","buy-to-let","open",""
"Elderless","120bd5f4-408d-4664-8d7f-9401149d8606","2026-12-31","buy-to-let","open",""
"Elderless","120e9514-ab9b-493c-9536-d52cc2dcb7ba","2025-11-30","owner-occupied","switched","2025-08-29"
"Hidecreek","121070ba-59f8-4b48-9aa0-7a392e439a70","2026-03-14","semi-commercial-buy-to-let","switched","2026-03-15"
"Roast Ham","12119a47-427a-4102-ac3e-1c1c94f33351","2026-03-31","owner-occupied","open",""
"Elderless","12142a53-2c6d-48bd-8a05-8fdf46b8dac2","2030-02-28","owner-occupied","open",""
"Hidecreek","1219ffdf-da50-459b-b621-59e89b69528e","2026-02-03","buy-to-let","open",""
"Elderless","121a02ec-6832-4608-8d9b-3cc424ed6585","2026-11-30","owner-occupied","redeemed","2025-06-27"
"Roast Ham","121b7677-3f57-4406-a30d-31219e9d7ac2","2028-10-31","owner-occupied","open",""
"Roast Ham","121bc3e0-8a20-4570-8baf-bc46d737cf9c","2025-06-30","owner-occupied","switched","2025-05-20"
"Elderless","121c7a0a-f065-485d-99cb-4e32ac4420fc","2029-05-22","buy-to-let","open",""
"Elderless","121deb70-140c-497c-bb26-58fbb4ebb964","2025-11-12","buy-to-let","switched","2025-09-23"
"Roast Ham","1221590a-2e61-4e01-a899-d84a73e2d3c8","2026-01-31","owner-occupied","redeemed","2026-03-12"
"Elderless","1222a2ad-85e0-48f1-b4f8-153262ca937b","2028-01-31","buy-to-let","open",""
"Elderless","12263ec1-1119-4f22-9e28-a5d23bfedbee","2027-03-30","owner-occupied","open",""
"Roast Ham","12277362-16c0-49d6-9a7c-51589ab5a0e1","2025-09-30","owner-occupied","redeemed","2025-10-02"
"California","122a2c3c-88d6-424e-8eb9-0f6032661364","2028-05-06","commercial-buy-to-let","open",""
"Elderless","122da327-a07f-4c16-8876-b2eda953b052","2029-06-30","buy-to-let","open",""
"Hidecreek","122edf98-ca92-4a2b-8315-ccf166c98755","2027-09-30","semi-commercial-buy-to-let","open",""
