"applicant_id","applicant_consumer_id","applicant_mortgage_id"
"003c2ee1-b1d7-4295-9169-1c8455a2d9be","d61a6341-6305-4294-bfa0-44623635b72d","0ad9e09f-b092-42b0-a831-070c84ff32f8"
"015743b7-6563-413d-ab5a-1fc7218c5f1a","8996a93b-17e8-4e41-8841-24dc63290847","07062ea1-039c-4526-af79-7879a62e9bab"
"0268a97e-8919-4fd2-b2cc-f229c3c44a37","55ba4817-d9b0-4f3a-b6e8-073be93ba546","07512a4c-8123-4d51-ba10-a7b8c793e3a5"
"039b8558-9e78-415d-80f7-edc2e0635d2a","92c6f86f-b9c4-47b0-9584-a74e72fc36e5","083ee71e-e42e-466f-a3fc-48890dd946fb"
"03b04bd2-26f3-4c02-b860-191c1fe99981","07bac8a7-60be-4302-bf6e-3c4df1b7e392","01891661-357e-4160-a07b-c0dcebaceb27"
"03c66270-f7d6-4847-af0b-ede4247642c0","5b8006e1-e4a6-43c6-a998-e211361955e8","027d13c0-bebd-4c57-8eb6-64adc3455f2a"
"04dd7cc5-3420-46d9-ab7f-fb7ddc5bacb1","3c3c28cf-ddbf-4604-911a-428e911bd635","02ee4ff9-0bba-4420-9a4b-a736e6fab7bd"
"06a9b536-1c24-41ff-bb4e-b00add05d5cb","e87e91c8-e47b-4bba-b4ee-4b3440b3c984","08f18e5a-f1ea-47d3-ab6d-516fee2f227d"
"08bd731f-213d-4acc-a2de-7ebbcaff94e2","1808ca50-4f9d-4645-8fd9-a4443d6d26df","08b1e946-5dd1-4653-9811-57fef60f841c"
"0a47880a-b18a-48b5-a056-712171a19b6e","9c1d540b-2ba7-4544-93c8-6466bdfdbb2e","079580ec-222a-41c8-80e4-566e67be7635"
"0a6878dc-44d3-495a-b9be-adc604447346","5ff0dec6-b79f-4589-a8e8-f5ccb0a7c8c0","005be4e2-8ed0-4429-8c80-72e5b1d5c54a"
"0afe88e4-f1f1-490e-bb6b-8c9446dc6053","cbd94f19-c68e-4d5e-8adb-7f44773f840f","04362a8b-9e34-40ea-bd4c-11e8a70d9bfc"
"0b5ef4dd-6411-4689-a107-efacd0e16020","f2d4f837-644e-4b76-a6f8-bafbdc1eb23b","04723c52-31fe-49a6-9eb4-97c9512f8c64"
"0c3fbb7d-fe40-4a1b-a6e5-8b559e57b62e","9c77141b-ff79-4ab6-90c3-cb052a4ef41f","094b1a29-2743-4d85-b928-959370915511"
"0e4ee79f-f60e-492f-9c44-e8785b2dfd8c","77ee75d3-3fbb-4a4d-a294-8aad764448d5","0246274f-1341-4b05-beb6-3570a6cc0025"
"0fb73af8-2d79-4a9f-82b2-2e8ccb4bf2f9","b71a6c6c-3d65-4756-a19f-0ca22ddcd404","03276de4-dbc5-46ca-b173-8bcb83aad5c6"
"106644c4-059c-4f78-8aa9-b67ce9ebad98","c34f0a6c-37c4-414c-8cb6-4e8a07964331","00ef93fa-243c-463d-b7d4-a0dd4078f300"
"1081a73e-16bf-4a4c-b9c4-9e24e9bcadc1","473aa46f-7328-425c-8d6d-a3c389d6713b","034f688d-5781-4549-8bb5-38afb47fece9"
"10f93523-3896-453d-9ac1-496b7b2eb6f5","55a9da32-8d59-4722-8ad5-5dea7529f2ee","0769fdfb-8cce-438b-8a99-2df21c2171f9"
"13bb3875-a310-445d-9274-8a93ac40cd2d","36685d7c-d162-493e-ac94-18e12706d92d","06315d75-5af6-4fd7-8fb0-ae762f28790b"
"14fd021d-4894-4eae-8820-aa9bec03e621","39a9d841-37ca-4eaa-aeba-2b1af7ef8ec0","023c15ec-0c09-40d9-b15c-4fbe98671c19"
"15ffaa2c-8cdb-4d2c-aed8-1d7d6e1893c9","8ee806dc-da8e-4875-a633-20f90f092a85","07404f95-65e4-402c-9f43-64160c2144b1"
"1689a2af-14a2-4f2b-9f14-24465275b209","8cdfbc33-0e26-482a-a071-949cfe496d7d","0468c660-7eaf-4233-a84b-8d52d9be80d3"
"17153f16-c5bc-44d7-87df-d866ed6cbb7e","b8d879e8-a6c9-41dd-9bbe-6590d7d4f17b","0465bb9e-739d-4989-8fcf-ccd79453834d"
"17fce8d1-f69c-4076-b10b-12ee8169daee","db2e4efe-8491-4138-ba44-b7d7c552d9aa","075663a9-c60d-451f-8c98-3ff2babd9715"
"1a07cd89-2557-4b14-a215-c1ae43bc4e2b","36b31430-268d-47af-aa68-940d3fd8a722","01c30e27-9640-45b4-94e0-d998e012d75d"
"1a382b2c-7e70-445e-b0af-00500632e5a6","3f7709e2-56ef-4f25-8a10-b02621d752c9","09213727-b834-4454-b243-5029e6717f2e"
"1d4c774c-b2d7-4acd-b398-b25c65ab06fa","5f67eb15-6548-4bc0-8a48-07576d1f4d4f","061340db-5ef2-4f9e-b473-0b2c62e28c09"
"201d8cb0-2064-471e-9c10-71dce6f538fe","7e45738c-4fa6-4567-aa06-12198f74defa","005dad11-c7e9-42e5-887b-5fc2b2c5c359"
"20fca0cc-c7a7-47b3-9da1-06c7ae456f14","53615297-108f-4928-9f16-6de2db4f142a","08f18e5a-f1ea-47d3-ab6d-516fee2f227d"
"219d2213-503c-45b9-86cf-c8fac7f99208","068787f7-5722-4774-b234-4c91463980ab","0afdb90a-8d85-4142-95a3-eb2bbc790768"
"2279e36d-05da-4b96-a357-f28a6a2d8d17","c88d593d-f59f-4921-bf65-2766c6a53c48","09dd144f-1663-4460-9560-65d5d4aeaece"
"254dc99b-343b-4b1e-b2a8-c0fcd315dde0","dd039c2b-d6f1-4ec9-97cf-6ec6eff69d06","00ec36c8-a181-4455-b3b7-99d880b3fe0a"
"25c96845-7b37-494a-8372-32d3562e5321","af5427ef-6ee5-4630-a329-65b0b638068c","01dee889-056f-41a7-9b80-353c0a76471e"
"274f0691-e61a-402f-b59d-2d25f7ffb491","4c2ddd3c-9ba7-4a52-95af-bd4ea0d06aeb","06dc4f95-9feb-428a-9dbf-d83013be3e72"
"2782f00b-868d-494d-8fc3-2f8d4b98cb02","901f7b2f-fa2d-4465-8cf3-e32e10b54a15","0221f7d4-c767-4a2b-a157-850715717421"
"279998a6-f5ec-43f6-a05c-2c766320f6f4","be28944c-4ac7-46a5-9761-3eecf2e7f367","0722f2c7-6019-4a64-a58f-e08921a9be44"
"2b6d3d6b-3593-4713-b936-93db7f14a53e","c7064187-2b46-49b9-b6e6-fbd0e3947987","005be4e2-8ed0-4429-8c80-72e5b1d5c54a"
"2b7fbf19-9868-4eaf-b322-fb2573dec97f","633ea48b-488f-432d-8fb9-ed373da221a2","03ba1f9b-85c8-46a6-918f-7df0df7b0fe2"
"2cc95710-a782-4938-a9ce-f5c299078ae6","bfcaccce-a29f-4bbd-ba29-e58479fa940f","040df164-a4a5-441c-aa12-7b315446dd40"
"2d47e52a-4c75-4f01-b1f3-9f15c1e1ecf9","f6eba479-d15c-4921-8678-0b2bc48663a3","08a3dc1e-6d1f-4a12-b667-1cef626e6543"
"2d6b9dc4-b9f5-4326-bddd-8513aa28a36f","2c5b7e6f-8040-4d00-aad2-1e9744c9ab23","01db033a-482b-4f03-9c88-de573cacb2f0"
"2ea14933-5287-46d2-9460-07238849e9ee","a21d54b7-c536-4574-afaa-f0b300364b76","0766041f-cada-427d-a83b-b491d0543cd6"
"342f3c24-4ec3-486f-96ad-388af0860bd9","70c243cb-228d-4036-9c4b-50f0c476d0fa","01401b60-6542-4adc-8ea3-b4a3d0afc248"
"36880734-a8d5-4610-9f54-8ead90ebebf1","6234b5af-aa52-4c1b-a677-5880da724816","05205fd4-e60c-4ca1-9085-0b503530812c"
"37c077a4-5dad-4e06-b8cd-6b04e37071ea","3e5b63e6-98a7-4bfe-95c1-619a52dc9766","0ada2533-4387-4fca-a845-5671c6dbf391"
"390ec20f-9057-4edb-9e22-ccde009ef48f","090be739-e893-4f2c-abb7-22321036c1b6","05b54ffb-bb65-4878-96fc-a89bb0e65bd4"
"393b0088-1a3a-4ee0-b615-8c0e7dae4655","bd5e64c5-69a1-4a9b-8875-2d59bad6efca","0165f84b-a2e9-4d1f-9831-d2140273af8c"
"3afed78f-5414-40ec-90a3-e553cedfe11c","7c3cf6bd-4c5f-4cfc-ab3c-3e18402207c1","0a298b08-ab51-4e1e-b0bb-b3b7730374cd"
"3ccd7a80-d567-4279-9b86-d5d0193f82a0","af039519-9f93-40f4-a41f-e7dde8283d75","0226ce88-a982-4928-bf82-52a131643fe4"
"3d7e00c0-0a65-41b3-9fbf-0e4f9c4bba8c","18fb5242-2eb4-41b1-8479-939b2dc77705","00f25f5d-eadf-45c1-b262-a018cd17472a"
"3d96cea2-3844-4405-b831-3d00b1bf9b8c","e08b8b1c-593a-4a20-bed7-d500664825dd","03d0ed97-1307-422a-ac4c-a9ed69b586c1"
"3f72bcf8-7d3b-41af-8552-ff4dfbd0cf13","4ea96527-b86e-4146-8154-bad7beb7ebbd","0b7c9b5f-40cb-4f04-9bda-d4d29488d6c4"
"3fb7d638-f18e-49ac-aae4-cf97e3196436","177e7f52-c908-48be-a583-5e9274eaa810","09b05a58-3689-483d-b6bf-357d6b7b88d8"
"3fcec2c3-3363-49d5-8570-de120fe93589","30cbd704-07c6-4f91-b837-4e63fc1bc2f9","027f71a7-c05b-493a-a2f6-58047152d11e"
"41ab0255-2398-4d1a-bbbd-fdb920df6a3a","0c4f18b6-772f-4486-8dae-23208f17c8a7","015a4de8-f2b1-4fd9-98ce-49ac42050d96"
"42807417-fac1-4fbb-a70a-2c272a7aef85","0f9c417d-375b-4cc8-ba70-6da7ad0184d3","0b2b2407-59e3-434e-a038-d0112e32ae86"
"4372d66d-f013-46e7-b9fa-c1a5d54955a6","c9cf8bad-c5b7-409b-99bb-1eaf8749afd2","0a3a935a-7a21-4606-a01b-b61d1055ba7a"
"4398ef39-f726-4c1e-8f16-a6866b061d54","fd52a67a-9bf9-4550-b7a6-5bdda8c1717f","0abbb2a7-085c-4009-adc0-f3804b89961b"
"43c65138-8b9f-4ceb-a50f-bf70349b483f","de8b150c-2e34-4805-afe3-f91ff063d82b","00c6821a-9d41-4006-a901-e450e4155223"
"44a01914-1231-4105-8f44-0f10d86dead2","310c3779-a890-4af7-850b-081605782767","046cc609-e298-440b-bf97-3ca6e177f883"
"44ead8cf-cfa6-4fda-b201-ba10e93d21bd","8cdeb188-16a8-46b8-8069-cf73632c86fc","05ed751c-c08e-4fdd-a424-2cb117857bee"
"4626072e-8752-4caa-9fab-62cd1377eea1","8f076f0e-f435-4457-8eb8-cbe1b5cc62e5","011bc8f1-5370-4f74-946e-0dd33676ad23"
"463f01c8-d678-40bc-a2c0-4c05b9eac9f9","cd4449d9-abeb-4d33-9d2f-fa50d75b6822","09aac9b1-b622-4e24-9749-9cf7a8ff43e3"
"47fd3e36-18f4-4274-8f3d-381f9bc2710d","29655090-1964-49d2-985b-570759fda100","0812d5cc-7f58-4517-9344-f90e797da885"
"002cfb00-4416-4e59-8760-8ce31a7611f0","6e840b57-7e4d-44d5-9139-c6cf016a5ed2","0e2f3aba-dffb-4be7-9f0c-717325861663"
"0047fc4a-1f22-4015-b599-002d1b53c76a","fe8b7fc4-d772-416b-ba83-ee59155587e9","0a9a16f1-e059-491c-8805-0fec2ee28d2d"
"00d7f936-58b5-4987-af79-bc0ea03ae096","439e7beb-fd76-4ff0-84bf-af46fc362444","0333c889-08a1-4151-9353-3f11b63c111f"
"00de7812-eb42-485e-880d-05db688dc52f","51c9c29a-b541-4372-a9e8-01b76f42162d","02f90297-dedb-4006-9489-994223c219ba"
"014783b8-640b-47d5-9b0e-53f2c1e60c36","f4d6d763-0eab-484b-a9b6-8702ba891a78","064ee434-23ab-4dac-8add-6195057a94a2"
"03dc4ce9-4651-471b-909a-0085d53dce62","fca932eb-e5c6-423c-ad06-dd119dd132f8","0a8d4700-7f2d-4bbe-99ce-0b3afc54eb55"
"04b3259f-3ad4-410e-b90e-3e40d6193756","ddc89603-cd60-48b0-9f84-8aa439f3a978","0d5c743e-96f3-4a88-9790-7fc5a2ee628b"
"04c14813-2e9c-4e23-a8d3-57c3f68c7bfd","7d1b275f-4c4c-4d60-b1b0-a0ad1e2a8d47","0783c712-ce8b-4d1c-a961-8b5ca0b57545"
"04cf5cbb-4edd-4156-9583-249b4dcf0cbe","0473fa62-76d0-4de2-bf48-068490c60da6","058c52c9-116b-4ee4-acf1-beabc19c7d9d"
"0587e08d-dc36-464f-9363-d590d6957208","d61f9d77-bd8b-4ff6-b38c-b00f272355f1","0a804712-c34d-41b8-9c03-e784e6ac6320"
"06337313-c55a-4b3d-9b1e-ad3c597dd19e","66926dad-78fc-4304-b23b-658330eb13d3","07a3003d-450d-4cda-99b6-4932aaf3df60"
"069658f5-16b9-4344-8303-2aa9b1b97dc9","059f5853-8bf9-46e0-97ea-8a8a1d9f1af8","0a07ee91-4ca2-496f-bdfd-2899c9ee6350"
"0704815d-24d2-4f47-b3b9-eee3c450251a","981de218-092b-4916-8b44-d6c749377756","0433df84-0bbc-4730-ae37-0fbd5685071a"
"072bec70-af75-416e-9c09-af4d740f368c","68e4a145-f625-4c18-811e-6eb60064c3e4","066cf10f-57b3-4c37-9004-1ab6ea940e58"
"0751688a-dab8-4ce5-b0a2-e20f4f079970","6e7a5a3b-b780-4405-a820-1d8f5d736b1e","04cdf835-2dd6-4155-90ea-70531127943d"
"07e53c13-f577-4400-b91f-b5a6c97f369d","7d7b1eb5-8ca2-4465-bf5c-fe99ad52b6c3","04683e30-f81f-49c9-ba5d-d6fc91baede9"
"09be9cf0-20fa-46da-b9e0-a9affb95713c","f08c6820-eb0d-4b40-9b56-662be4477da5","0967f62e-1956-4f26-b900-34eb713fd9a2"
"0bf45667-60d0-4c97-8354-7c0aed1a9a0f","cee95900-1746-43d9-a868-89bd46348992","0d180466-4a40-4f85-90c0-08046663e56b"
"0dbba6d8-afbd-47ab-af07-8fa159e2c3e3","8f4cd4ad-5862-47f2-8f0d-623f4584933c","0c67d75d-4fe3-4ce6-9292-8e5f919436bc"
"0e24c147-c1ef-4136-bccc-14e63988367d","4c5875d1-46ff-468a-8423-2ff6510f3c61","0762ee99-b7bb-4681-9f18-660dadcbefe4"
"0f7bbc9a-8e2b-4829-81e4-02b3a07d57af","8e656c18-0715-43d0-b584-e7f25b10e930","09166b4b-08cc-4349-92b5-ddb766a72394"
"10281f60-f471-4076-9896-c612fe997cf7","a95f1a43-9f78-4c14-8ca0-7e6b4fe3045a","0c9f27fa-3791-477e-94ce-ba6f971686b3"
"13bb7e59-c60a-42c5-ae13-aaeb542028c1","50212cb3-9f7d-4a97-81ff-d461ba449055","084ec0f7-aaeb-4a41-b77e-b888855b6e68"
"157a3c42-e406-4ef0-b26d-77d106039a31","1cd782c3-b17f-4cca-8ac3-a34895b2b89b","0832df42-4cda-49b9-abb6-2845229f72bc"
"18231d6b-2d41-4755-9960-76c8046b6501","e2b784ae-afa7-4b09-b389-a1794b506166","06aa8474-a912-4b4c-ab1b-bf45bfa9d756"
"19980bbe-ad68-42ea-b3a7-4072eddce8d9","8814536f-8fec-46f4-87b6-77c84cf780ff","01f23e78-2848-461a-a22b-47d924c55f49"
"1b493610-9c15-4c5e-b231-e8babd1eee47","ba9c24e3-c7cb-4713-bcc9-f7115d709c5b","0af4e84e-7c17-47ef-bf33-ce46709a0a12"
"1c2e6aea-3bba-457a-8ee1-5f39fefbf2dd","c40318c6-2b84-489a-be0c-1fdd26ba1eb9","01ebb309-a8bd-40cc-9812-960ea24b791a"
"1c2f7af3-a090-4f20-ab48-726a46776133","1e009ee5-f87f-4902-9529-8b7f9c887bb1","0442a3f8-e17d-4b9c-bcff-5eb86e8001f7"
"1d4c44da-40b1-4ffe-9d24-6696ef05441a","df37c4a9-6338-408e-8748-4f32d51df70b","06603fe8-f809-4b8d-aecc-6407cc396e2b"
"1ede7b90-afe3-451e-a465-83391d4c4379","a75b8694-f108-44c9-a7dc-4b0cb48b3c6b","0e8bf9d6-4b9e-4ed8-8525-5da6e7ef0eae"
"1fd07108-6b86-4abd-ac72-ac33e40b8882","f676bffc-4682-43e6-8791-de40ec77fdbc","07772a27-767e-42d9-8652-b9f098125285"
"20313daa-8bca-44a5-8142-5938c4e4efc4","ecad433b-8db7-4e8f-bfc0-ad7a214669c0","01d478d7-9dfe-4c62-a8cb-368c9438c43c"
"2141d80c-d4da-4d88-a70b-c11859f7ab01","68bdcd61-ff4c-41e4-afff-71206d47a8ca","0ab92461-1a73-4214-8839-39365fb04985"
"2336e5ac-1679-4d80-968e-623cd4121cd8","a278405b-9416-45c0-bba2-7fb67404009d","02c7425e-c2c5-46c8-aadb-e7bb6e44e8da"
"2591accd-1821-45b6-af0b-1c07acdc3276","2eefe546-d1fb-4d5f-b82d-cffe915dcdad","093088b9-8dd0-409a-9f5a-810d8bad6e10"
"267fa641-a33c-4253-b572-441607b61af3","226d5195-7a57-4068-a61f-c59136ed0f8a","06ffb468-6759-4634-b16b-76554c46c666"
"26ee2094-7cbe-4d20-b9c8-c0a5e6d3228c","4565867e-788e-4ee5-8426-763a5e2670f6","057b4053-ccc6-47fe-9682-91fb81e1191d"
"27db09f5-20d6-4e92-9075-b8cbf784bffd","ee21a5c8-b2b9-494e-b471-a1bac823a52a","0dabf87b-9073-4b35-b834-568b7dd9fc20"
"28b6194d-4382-4472-9867-49a6ebc900f4","0d66f34b-d279-42cf-b51e-b4138413ba5b","0e790dba-789a-4087-8f91-6e1d837cd7ef"
"2917375b-5302-4222-ad96-8daa623c0cc9","350d823d-8e8c-4622-ba56-ab14b05a04d3","069f39fd-e00d-4690-ae94-b4491adb39f6"
"2956bce8-0e25-414d-82de-d1d50cd97503","3763ffef-052e-44d7-b4c3-8a4aebbfae91","0df53d35-f865-41df-9861-64dc5482075e"
"298ff113-dccd-449d-a9db-ce33446d64be","6d0a3571-ab5b-4beb-941f-3e81e56ccf43","00838101-2d10-46e2-a3ac-64b8019ad730"
"29d0fd07-bb36-49b1-ac98-68979b09e374","213fd359-0adb-4e69-9d22-e73bf862461d","0bdd9378-9bc2-4152-865b-c1967b79bd9f"
"2aa85c1b-d46c-41fb-add6-a56385e21298","90a20c34-9f99-4631-bda4-55480962bcac","00ca7ac3-2391-4b9e-a02d-cd8b1cf0ef21"
"2c041094-311f-462b-a2c9-1a28212a1ac8","04fc5b05-6c6d-491a-96ff-c4d9d507cafb","083f7a30-de08-471d-a898-a02cb9daadfc"
"2cec7193-d7d4-453b-99e3-dcbcbd7a6fc7","e80b3ded-7827-4c7b-b993-9737a393a78d","049b0a78-c18b-4a61-b4a6-91d89cf1ebda"
"2d219b4b-02b9-4972-b28d-61943cf9233b","68a5fb85-71ad-4a4d-a80f-5c54202897b9","07b38799-33cf-46ce-96e5-b98116fa7ed4"
"2d504d05-6467-47d5-9386-ee9538817897","edd0d3ad-a8a5-4f02-a3d1-d30feacdbb3c","0ace5774-9662-4fb0-a08b-549896ce835e"
"2e58b4cc-f83c-4410-8744-a1360c2424a7","96478182-0b97-4b09-84eb-19af994c2c13","0d3c9e05-d203-47d5-ac4a-63db45278145"
"2f455108-89a1-42d8-8b58-c2817b209785","31d047c9-a45c-4112-98f9-fd4d5317c522","0e6a7f4c-aa5d-494c-ae91-79d3e10211fd"
"300a0399-43ae-486e-93dc-6f9e4acc324b","ccb01508-658c-4fb2-b5c4-b31877120ad1","0c17535d-7fdc-4ba3-896f-fa1b0ba3ce81"
"3233295a-e337-4095-b6a1-b52e292cf01c","e8ef274f-bc87-4e3b-a255-f1989134986f","0bf16865-161b-4e2f-a3e9-b4fc7b7e4a44"
"3233d826-75ae-4d7c-85aa-9e4bafacd459","5852b81f-7f46-44ad-8027-10f5a988f306","01d0760d-0732-487e-837d-5ff016e9700a"
"324b78e7-b0cf-40ef-9311-7bb57a2da218","0153c9a0-dbba-4fae-967e-24719520dc06","0622ce7a-c6ec-4c95-b79f-ff2e83f3cc7d"
"331b9c57-8c24-487f-ae92-b6b2d89c002c","077adfe7-6424-43e4-b3be-b9cdf5446297","00073b68-04a6-4dbd-b183-06370e93cb26"
"33373302-bcf0-4163-860b-b55bdef1e4e5","95e47021-f066-48d7-992c-884baefa34e3","084c5ff1-1a3c-4997-962a-20e49e18bad8"
"3369b099-ae80-48b5-b516-fe8d08405053","db1747bb-0468-4be5-9149-cc510065dc05","04d95794-63ef-4ee0-8070-b5eaa4decc19"
"340183dd-13b2-40a2-85bb-4ca42b9add45","b80f0989-72af-4f24-af93-109e5deaaf11","0dbb4132-3127-4000-9bc2-4ff737240913"
"347468be-e5e2-4c87-a423-0fdf259419ee","d96862c8-8b09-4346-803c-caa77a5dda23","08ddd627-1e5d-45b8-9706-a275288a080c"
"34e40560-a8f3-4018-b741-052c0431d28b","66afa324-dbed-48f9-8179-359bf283854b","089a7bed-da06-4506-98d9-c9d89e78f68f"
"3724dad4-c32f-426d-a44a-54b3e09d8ed1","c02f39e8-c0ce-4288-b588-1e3444df2f0e","00d35724-780f-4ac6-8f3b-810ced6a177d"
"37aa350f-1583-46ec-9c31-d4d2b6d91bda","e0acfcd6-adfb-44bc-bbbd-b701dcd267df","0cea10a7-fcb5-457d-930f-8e2a04df633d"
"3919d51f-3759-4761-8746-3ef6863a92eb","8d74490d-010b-4e99-a286-b144b3161d71","09aa8d07-35d2-455c-98a5-d734b7c1b7a3"
"3a257062-eac6-4fd1-a963-257529a1f51d","cfa88679-1d3f-4d96-816f-275cf9955431","0b9370c3-ac6c-4f7d-9041-a3e93b455e8d"
"0053a444-0b88-4d80-b16f-5152839c1b1e","d6a82067-6873-48f0-a8ee-eff86909aa1b","08e31739-6c16-401b-8ff7-39029107b26f"
"0267db1d-0189-4581-9aad-5e491e26f772","b9e71281-621b-4b69-8965-c0e5d4f15015","029641ae-5779-4cf9-8daf-6dfbad990058"
"030fa12b-7735-439c-8eae-11e7df2d7b0a","a5e2930f-b8d3-4ef2-bfc5-d86a7b8c196d","0a2889d8-5989-4177-a60f-a3e4d3f2584f"
"03f2dec1-94f9-4e37-adc7-55469fe54934","d826d2d8-5b43-4e0c-a1e4-2c8e08a62dc1","09640cb0-19ed-49d3-a681-63970385b48f"
"05efa8f4-cf0f-485c-9922-7712ecd4d363","84d8d541-e523-4c25-8475-09e2d3e7f264","0392a3c9-77d3-45b7-bad1-c5d1f0031b11"
"06418cce-97cd-4d89-92bd-a9fb2d1c06ed","705c3973-736c-4eec-b331-95d8120d6606","033a3a89-b528-43ce-9b48-116c3bae7193"
"069da0eb-621e-42e2-a8fc-24c987fdc273","5c9e1e19-d855-4712-8067-b398d80197b9","02d64360-eb80-428b-9386-bf0c86473c4b"
"0709e3be-009c-4304-aa5d-96db30dc7dc7","76a8ad7e-59e0-49ff-b0af-0f60db62fd2e","06dec001-352f-4e89-910a-3b97269021c6"
"0784f26c-b1da-4bd8-b366-3aec1ed4f9e4","f0ffc107-e5d5-4490-a1f8-79f8e8cf7e84","069a4805-e7cb-4a53-9787-e185d6381792"
"08aa14e9-afdd-4a5b-9def-f84481453102","3641fbcf-c7e3-4d8e-8042-ddd2e724c576","02633cf4-79c4-4da8-b90a-03f51b27d5c4"
"0932895c-1b56-4dc1-9bdd-396c0b1bb2ff","94c11ad8-ce35-4b1f-b098-7f89e3434998","09a10f4c-b041-4e1d-9bee-6582f760d246"
"09e5e052-c9d3-41db-bad7-c6b6277427df","f604815d-7ae7-4284-919c-b73880620e4d","06c70c47-bcd9-4fbd-8b02-fa6cc4c1d1ee"
"0c436e2a-195c-4aa8-84da-0cf228edfcbf","e4e35cec-e033-4f4f-9a3b-f7eb7cb7d4e4","07d2064b-d068-4779-a9dd-e79643b6e1db"
"0d15f5a4-a487-4a13-b95d-f8aebe1ae7ee","43dd28aa-5735-4366-9e52-9ecbbe1f387d","00f73f90-ce89-4040-aad4-b8a7a1682149"
"0f421657-bda6-4539-b3cc-22887277f613","913eebf9-48c5-4e82-bc94-c1388c49d7ba","0372419c-0883-42b3-b697-8037ffda8e9e"
"10b5cdfb-ac47-4c18-906d-fe9d7bd55e06","84395cd6-5ed5-4a1d-a8f5-6c552acb5eef","027b336b-289e-4f76-8d7f-e6731e6b14f5"
"1126ac16-8aee-4838-8a92-c8cf84d10af3","f04b57a5-93b4-4a95-8c87-764724644858","00335d72-fae6-42bb-8160-9bb02d9db19b"
"1258dac3-4711-476f-8c91-4ec010b8ce56","afce2347-b4e6-4c2e-9786-d73576ac38e8","02a22c69-5557-49d5-8efa-a25d1ba2e51c"
"140684df-511b-40e3-a578-f05fda3404f5","381550e8-7d4e-42dc-a6dc-9f92e8d2fb5c","033a3a89-b528-43ce-9b48-116c3bae7193"
"14d87e89-0b56-43bc-b3b9-2d86238fda91","cc133e6f-90d6-43a8-8b8c-dede2c2dec5b","00f61610-2e1b-4ab9-9001-a22c39c16d3a"
"16578808-d454-41bb-826d-24477ba478ee","8e68cab7-ba70-4e5f-87e9-5028dc710f1c","0abacb11-7c28-428a-a4b8-e8b80c904d95"
"18901665-71f0-44be-b792-69c384163060","379f6cf4-c9e3-482c-9e93-109930afdb04","04b1b7e4-cfca-4b0e-a78f-e36de5a18b3a"
"18acad6e-f2a1-40ab-9356-60a5bd11fc70","93a46141-b828-4ee0-a5b7-6b13a78137dd","0763582e-5d4b-4a10-a263-0bb2a27bebd8"
"1905c8eb-e4c0-4bca-928c-6bfd67d71c12","371dda7c-81a5-4479-b3de-e6a49c170f0f","073eb80a-4b1f-4b3f-a470-7523fb3fe181"
"1b03dea8-70ee-42f1-a7c1-b2031d015496","b17d0cae-557a-4577-8ef8-caea34165590","0b380699-6535-4a04-b8ae-8206164cad47"
"1d1f73d7-4d49-4102-b5e0-d8ec8334887a","f621247e-d057-4c36-8b8f-2040f58e33db","06c78515-2179-409f-8509-d4666ce0a076"
"1ea3358f-fd8b-4f0d-a2e7-34b5cb22b594","c346b1b9-7ddd-4eb8-95e4-6c792e6bd786","0997eaa6-e6f0-4d0f-9d05-3066d934348d"
"20609e6c-b944-4949-a5d4-b8b25e458f45","274baf32-0b57-4c3a-9bb8-0cb47dbc5eef","0225f34f-8629-435f-b2bc-c4851fbc8867"
"242c6211-2ae3-4221-b820-3381c8c86dd0","6f17491d-8da8-4e74-93bb-563b9e735c75","06ead398-fb54-4522-abdb-dd5e424f828c"
"2448c839-660c-4555-b165-500f5e8cae0b","332e8815-49d9-4f94-b2c7-55c6f0dd3fcd","06946646-706a-485a-9dfb-0d55bcfda294"
"25288fb3-cb91-48fa-a551-768a72aad452","1388afde-ea9f-46bc-a9c8-b232aefdea2a","08575fca-26f7-492c-9025-5b61586496fc"
"258fd4f8-f299-4cfb-bcdd-7bb1e45c02f8","3ee332de-7d2e-4634-afe8-9210a3e2bf9e","043efd9f-fdaf-4f1e-9431-103105b79d7b"
"259bb19f-62b2-44e3-bdc2-f9f27d7ff676","26f4ef91-5f41-41be-b88f-34d9c0883a2a","08909930-2662-4179-92ef-bbf2dc97bff2"
"2723f1e7-f2c9-409e-bb65-8b42ac851135","d832522e-590f-4239-b8da-c73eed9b7f37","01f92f17-d4ce-4945-ae7b-1074bff02c32"
"2798a84e-ba72-4c4e-99b9-e8df74afd1e2","61d07953-fde1-45cc-a9fe-43a67742e10a","00937c27-33da-44cc-b8b3-8a983a2ab71c"
"28782aae-d05d-47c1-bdd0-b9f1ebcb83fb","4df7a5b0-6779-46b8-851f-ee38d374e8b2","07e3f6de-3158-4872-83aa-6d451d979ab2"
"293ff78d-55d1-4129-bc40-990f241617a1","671a3b76-0d58-4a86-8785-5fdcb50c8bff","0b37b56b-efd2-4d9d-a250-9ac742f64f45"
"2a77ec02-af49-4cca-ab2f-926632adc77b","06ec8a0a-c8ee-4aa9-ac56-f2e300d498bf","09d2f742-ef0f-49dc-bebd-155f909a9f3a"
"2afeead5-9a32-4f5b-9cae-e5a675ea4219","8127cc33-a730-436a-b888-4655fb768689","0a645772-61b5-4d27-8ac2-91c75408f2d4"
"2caf1862-1c1e-4c29-9b20-3f4497905451","9dbda9d9-f00a-421c-bfcd-c5e95d898809","039f0dc4-814e-492e-8a76-e122eb0181fe"
"2dc2b831-c388-4e3b-9a98-01de5d84f32c","11cfa45e-4876-41ef-8aee-65e46c13c954","03914a2d-6e54-4add-90dd-f62c74229448"
"2e809eea-c785-43f1-b937-809cc188f714","2e147e64-55aa-4150-89dd-dc8c9c9b1045","0075b3ad-ee43-4db5-9f4c-2ea9808fae81"
"314350e4-c709-4dc5-8097-61f3dafc2a24","cd55a5be-4702-4234-ab96-55736bda5ee0","036637d6-4f98-46ca-aa3a-526c437300d9"
"32239644-d752-406a-904e-2c5653aeac95","11f408aa-1655-4b02-b9d8-570e14a7538e","0235b7c1-39b9-4d6f-ad8e-0166a258fdb8"
"34b300eb-9be2-4d1e-92f3-a20d82112460","2cadb610-7042-408a-9543-97853bab4d08","091ddaac-1495-446d-ae00-1154e228b74c"
"354cbe40-ca9a-416b-8645-d13b1ca10bbd","1ceb3752-1520-45ae-ad87-eca3b9c9009c","009df46e-e122-4865-a4d3-f03ec73916f8"
"3574de23-19b6-461b-8fa2-95303d958e76","882b5fc0-5f39-443b-a156-d4ff0f4a357b","015e9622-07bc-4679-8f0c-db89566d9df4"
"37b1c79b-c631-4f45-b843-8fbbe48656f9","ea158dd8-75de-408a-bab4-261dd4262609","028b6dff-9224-43b2-8f57-3c11e6059c10"
"37cc1a7a-63df-453f-a2a7-1990fa287581","c759f32d-548a-41f5-96db-f8d05b95dc24","04bb5aa8-d6e5-4e85-b879-ac6ef291a1ca"
"38f04bc9-7dd4-4295-9dce-c4878602c398","001a89f6-b932-42b4-a313-98daf563967f","07523d3b-2f07-451c-9ef6-c9ed4132c5df"
"38fd46c1-ddb3-4b1c-a951-8f09dcfde147","867b1383-a667-408a-a829-45835deaa636","04c2f5d9-5bc5-4450-8706-ea1c1843486c"
"39575437-7728-4364-a62a-fd09570b2868","e88ef913-001b-4d1f-a2a5-45a5c8764894","07c1eb1d-2219-4933-a081-81c407006ec7"
"0088ebab-3b02-4544-a5e5-31642a33eab4","a8c0bb9e-7018-40dd-8b72-07a89dfc7989","0b32913b-b9ed-4506-b8fd-b032523639ab"
"00b8e09b-4f7a-4789-a97f-0a2bab663431","7fd256fc-296f-4965-ad93-6eb4d6b469cc","06b22fbb-2227-4ab1-b699-93a9696a6df7"
"012edb04-9103-41ca-8281-f5cf0cd8ab90","939c20b9-aceb-40cd-86a6-bc0349a94ca9","09c5d472-724e-4d77-90a2-a2d443fbacc7"
"01388519-f0bf-4667-bacb-59cbeee6ed53","0bcf5c6c-9a55-4c68-abae-a68f603bfb1a","02f5d97e-dbc6-4545-ac67-ec8f655d991b"
"018a80b6-c85d-4c08-88e3-3450fcdc0cf3","bf3865a5-37ca-426d-9568-d2294e0d6ed1","07549de4-62cc-454d-9910-c2fbeacf3a28"
"04010b90-197b-4502-9212-ffc0a92dbeef","8f980cf4-fa1c-4189-8d97-5a03aa195fec","085ebcbc-8a4c-40a3-9222-1da95f384630"
"059bcb01-53a9-4aeb-bc7e-182f2ab1d96a","fdca44a7-85d3-4bab-8be8-711d0d982600","0b47d3ee-a145-4608-a61d-7c1619536243"
"05acc56a-9ccf-41b6-a968-fa88957956b9","33637653-5625-4549-929d-dfffafe08288","074093fd-fced-43ce-907c-2beedba5afe3"
"05d3ad14-ea00-4ee5-bd47-12acb2da973c","0f5c8d13-387b-4d12-91fb-e7b6af18779e","04e1e578-abf5-4b22-a00a-015bffa077af"
"0ad52c21-9764-4e3c-b83d-f0a64daed5ac","a9c4d630-615f-4bb1-903e-f23142e2abec","01a1fcdc-81df-4134-bf48-1051aa2a3d20"
"0af5d95f-78ff-4435-8cf8-ae9c742cffc5","f5a98efb-4716-4131-99c6-0c8c90977fab","02c54c7e-c9fa-47d3-898c-2d74d20956e0"
"1025032a-844b-434d-8d62-f5cfdf96f2da","bd6ca685-8d01-4c1b-845a-1b7f6edb0b3f","032fae6d-256e-45ae-9e63-584d9ee472d0"
"10df99ce-f79e-4fef-a575-35627e26e565","62b769e9-6718-4c3c-b130-e371d54ed4a7","024f71f8-c96a-49ff-b474-22b9147006ae"
"0026e65d-e774-4d41-9001-454295b4741d","8eb5be6f-85dc-4cb0-8bf5-c770ce8cd483","06f9dd6b-8ed9-4f42-959c-ab1ec7b4738b"
"00954298-2932-4fc3-8b22-1a8e7092f63e","887f141f-1b54-446e-9e9d-6a236b8c97d4","02bddeeb-a069-4acb-bd10-87aca9bbf8db"
"00b39f4d-e22e-44c3-bec1-8c715bf201a7","9106cb39-9c4e-442a-8320-74737678e237","03cfac8f-3ffb-4236-83e5-ed1b713045d9"
"01031626-acb5-4cfa-bc64-4f101d798704","99ad0878-e9ec-4ec8-abd5-b48fc48b5e54","061cfc6d-e82c-4f86-962d-18408d57453b"
"02c5fdcd-4c85-42d0-b10a-b07c4a41249e","55dcce4c-2bb7-4d0e-bb22-f55084dd2724","09cd0097-9f0c-428f-811d-b59a82005c48"
"04f2bb06-f722-43ae-98e0-e20445e50bf1","3947cd8b-bbe8-486c-84df-9157a9b7ad5a","0761a7a0-46d5-46c0-894a-fd9efce28f8c"
"0535c431-f74d-4b9c-b687-5a68518425d8","6934c99c-3f6b-4844-89ff-26548b1496c4","003c3df5-4b2d-40e9-a07e-555753ec0246"
"05bdef67-ea8c-4b1a-bf9c-492777f5a873","4e96ef6f-5ec9-4179-8ba8-7eaab143e806","0d49bff0-c657-44af-853f-750b3ac5ad9a"
"07ec0f67-3a4c-4b0f-9a7d-99d0edcb4732","62f2c48c-fd48-4272-b9f9-1a298a6083c2","09e4f058-c5ec-4609-8f20-1b88b3b0ec4f"
"097fb054-dbd3-4048-abb1-2360c8073841","1663972d-d86d-4a51-a8df-1932bf6d4b08","08328b8a-2e49-4745-a732-2baccd80141e"
"0a1ad675-39cd-4697-9ace-45e7c8c7d84b","4670f070-4305-4d77-820a-b019f0a4ee42","071ff913-bf2c-4a84-83a4-73ec0b4a73e0"
"0a1f7fb9-1fcc-491b-8bd1-68cfed18f466","b3098206-7e1d-407b-a553-ad195e3d0d1b","0d4a501a-0121-4ddf-bdc3-28638240da11"
"0a50a393-af9d-420f-87fa-84a8bd22f9cd","ff91a6a8-9a24-4d5f-8d49-06ef7c42eb6b","09c9c85f-19f2-42ae-a485-9dfdf6da406f"
"0aec86f1-66d4-41ab-a5d3-6be2197e36dc","c3322bba-4d65-4dfc-a4b9-7073323998e3","06daba3b-3ada-4427-ba94-69316a26e403"
"0f55c1a0-f14e-432c-a4b7-806c46b0427c","a8cb893b-f2df-482a-b6a9-97b9d3c3be23","041c645d-bf71-450c-9402-3e2a19097583"
"10bed5ff-43d7-4ff5-9376-d20ac7ac780f","ddbe73dd-2f9f-4f31-b2d6-6a419bda0e65","05c3b1fe-e27e-4e23-8602-389de65d310e"
"1223a829-8d58-4d44-a0b2-c87ccf480bfa","38fe459f-dc5f-401c-82a1-67de516106b6","0b962bce-d464-44d2-a0ed-5aae25403032"
"12dedc20-0137-4127-921d-49b0b530d84d","e7ab5e48-41ba-49a6-b262-fb0f9b4029c3","02a56b72-ef81-42c1-b36d-f7bccb2ec041"
"12f4ef10-0cc7-4414-a099-fcd3d421ca67","8bd6e677-410b-47c6-9a45-279cd40a0974","0824c7e0-8e3d-4bbc-9d62-b978f1ceb2ff"
"12f85d8b-cb85-4ccc-8ea5-ee0ddcae4d03","9aca59f7-1cdc-4b64-84c1-16eb4f455fc5","07f85bbe-6e48-4c57-9b59-9e868b12e75f"
"12ff56fb-802e-403a-96ca-8239831b43a0","1ca1a738-0fbf-45d3-9344-e3f56f9abcaa","09eb9998-528a-4ee3-902a-fe2bb2669e30"
"13e1d987-d65f-4862-93ae-8ead944c9504","ea82170e-0e1f-4a64-9b49-09ef86874ac0","08889b38-8161-45ff-8bc2-420c368a4edb"
"15b02ecf-2ecd-4d55-a737-105c6d449701","94a4a120-d21d-4624-8e7b-23d2553de93b","07215193-ccb0-4f3a-85ac-c32ac6573300"
"1698d99a-bea9-4217-bf6e-fb8d5909c161","d577d6c5-4e41-44ab-8b0d-469e5c2cd6a4","09b36641-d8df-4522-9a74-26ef8d1ba226"
"16a7ceea-6a1e-4c53-a9f3-1e57d9061a38","316ac464-25b8-4664-b4f0-79509f96da67","0383534a-7e83-4b69-9a53-25d6acadc2fd"
"1706f383-205d-4f37-85f3-35202da8b692","953d698f-b88d-4d26-a8be-8da8b32ea4ab","04eb0565-7773-433c-8a99-f6c5de36d431"
"1715a10b-93b5-4ad5-b819-5173b3bfab39","a2304383-8d95-4270-8605-c5178e7a7094","01ecd261-459e-49bb-9eec-97b3550afc13"
"18203b41-b6c8-4939-9875-d4dba06e7b12","8b2e3ac9-97df-4a5d-9e6b-3bfb4dfaa8b4","0746b29a-c110-4dc4-b0a4-ddf37686265c"
"18aedb96-68b3-4e2b-9545-d90aacc7f854","43e1954a-42be-4bf2-b496-89fe6e3d06a4","0a1735dd-cbee-4c8c-aa70-533cd41acd73"
"18e9e300-a734-4c28-bd7e-79fc918b9649","e66de059-4a0e-430e-aca2-126e5939a8a3","01cbf6f5-0ed3-442b-b268-8630c5232dfd"
"1913057e-5fbf-41b0-b777-b52c47368a92","28513fc7-40df-4ca5-a1f9-d32acd08d4f2","05661929-fc25-42ca-8361-955878cdd2f0"
"19c63833-2316-4c91-aea8-fb7621828386","a86641ca-c74a-4f23-ae32-66f84f50635f","03dd0469-ac9d-4905-a97b-290a28f0277b"
"1a24644f-b5a0-44f5-b230-c0807debbcae","96b6c710-9e55-4ea2-87f5-1b61da8196f3","0d243f03-7624-45d0-afef-11fd8225d827"
"1b4c3f19-ee90-41d3-bf3e-81605bc08e09","d77edc36-c0de-4443-906d-eaddf5e0313a","01b88b89-3de4-4d34-94a5-beead54d6ca2"
"1cf66459-5d24-4d3c-aac7-23a33ece1cb8","3fe6ffb1-0db6-446d-958b-19b4ac536a8e","025d72ca-89a2-4a03-9d46-34dab797551e"
"1e189216-c4a6-4aa6-b009-f5f5f33a718b","d13e9ec0-7743-4795-8b2d-e28b01bc984f","0cd12bb4-c045-43be-ba3a-af4d9b13b519"
"2099fe8d-05ff-43e0-8bd0-dc9e7e5c2e73","0a25e73a-fab9-4f6b-b56c-45849cd45d02","00c4565a-410d-4bac-9c1e-f3ba7e3f587a"
"21324be4-d86b-4a6b-9753-75fb88c21892","e6241ca1-c86f-471b-ab3d-8850faa873d3","009c5c42-b562-4586-b873-77afd2c9d461"
"22f55221-00f5-446c-913e-21c5e032b9a1","9d219ed4-469f-42a2-b059-86712c9c0be5","0d01fb8a-f9ee-4e0b-9673-61151bbe8d25"
"27cb20d9-e2f5-4f01-82d0-2e16526e007b","b7ae73c4-0df8-4cd3-bcf9-b9c81936eeec","038388b0-d321-4d55-852b-5cb45ce8dac8"
"27e69f75-a0fc-4399-be9f-d2d02ec0a4eb","4ef2dab5-055d-4bd2-9c9b-96c64ce2e958","02ee8af3-f71d-4c74-9769-8961171380af"
"284922ba-69c5-4d84-8874-a43f2e291dfe","3c9ad382-7ab3-48d4-ad02-c818f7953abb","04024184-9cb8-43bf-9070-f4a744977443"
"286379c8-d8c4-4276-94f9-5bf37f4fd78f","3c819f00-cb1d-4d2e-a5f0-d17e912f2b5b","04a762b1-7dee-42d9-980b-f7043c8bc2b4"
"29c4ae45-7561-414e-b077-37bfa92d3ee0","da81eef8-6b91-454e-9c6d-fc9e99396f65","0ad90afe-fbac-466a-8cf3-230088658023"
"2c94e459-6171-48e9-b07e-8f5ff78c2978","28bf7792-87fa-4bac-8469-6585097e44c1","02e29dd7-2b5f-43a0-8f3e-ed2bba6f4b4d"
"2d241766-b28e-4d81-bd1e-f9809b9996d3","dcb9b8f5-2965-4980-840d-459b65a3bde9","09a96485-3267-49e4-9a46-18caa0ddc69f"
"2d58248e-409d-4cef-a81e-8ef3ce049cd2","4e60b390-ce5b-4d59-873f-b5ca35a7b573","085b4af4-42a4-4a17-b966-ac6d20a2b494"
"2df30d33-27ea-4f3e-b585-c812b53a1997","df321d3a-25ae-4656-abcd-7d6e5d3d1e37","07388a13-96d6-4201-b834-bd436e7191cc"
"2e53404a-672d-4a9b-9823-a84db864534a","35c70526-2b18-4b4b-aaeb-b1cc220e7be4","0323af55-144d-4c97-a4a0-c2b4582e8abe"
"2e96d41b-486d-41ba-9c5f-1c404bb8cc2c","0625d35a-01dc-48ea-91cc-6c2a27c351a5","097d6048-7cb5-4cf6-add7-138d16e251e6"
"2e9abd14-1234-47d7-825d-a3d185229099","06761b2a-5d4d-4787-a743-5607dd22f682","03f61944-0bdd-4b42-9dd9-b5492d945242"
"2f5a8834-318d-400f-a345-1cf90babe88e","301d3801-7447-4778-a144-912924139121","0400213a-ff4c-40d9-bde8-2dead25031e8"
"2feb4e0e-b277-4d8f-a244-023b7a2a6be2","28761015-dba7-475c-b520-4dbff604ddb0","059abda9-4389-4bc4-bed3-ad3043c04d5c"
"31a2d009-b272-4ce6-bd8b-504fb9ca5287","63410f63-e9cb-4f63-92ef-58273b9a9d94","0afb0206-2705-49ef-92fc-2820aba5b69c"
"32528144-20a4-4df1-b630-ba2dbc0fc188","dc13d43b-5a7c-4349-a252-7e423b87fc04","005b67ad-1da9-4e15-80b0-b283f357dc4e"
"342f759f-6c79-4149-a924-ed00f9219cf1","dbde582d-187e-4cb1-9092-7849e1e5df36","07938928-342f-4539-9e77-334bfcdb67dc"
"34de1de1-7c9c-4204-9e37-b4813f1c15f3","9e920310-bc8a-424b-888f-244f74a4e540","09b2c975-2a4c-4a6a-a1a6-87917ae0db5d"
"34f81e5f-6d8c-4dfc-96cc-3754c1c71d84","50de4c20-f942-4e1c-8124-c167d5d83232","0196c0d1-7508-421e-ba85-d922aa8c7c41"
"39516703-a210-4302-b034-cce0ce360789","badab118-450c-4979-b712-b59a73538f5f","076f6901-4c15-4894-aad2-37751467403a"
"39ba435e-0da2-4a2b-9b89-e5a6065298c3","5833dd40-2cd2-4fa4-a29d-96bf2b4a0faf","04bb04cc-fa40-4708-98d7-09e79b1e81cd"
"3a0d0c3d-0846-4d07-b6a2-2d0f3943b2c4","b2335eb7-3022-4aa6-a980-e1a6b6c544cc","0b570e89-b7f6-4773-82b7-de28124a3d15"
"3d12bbd2-0161-44da-ada1-7ec25d214142","80169e08-0725-4441-9d65-dcfe01bccbe0","08cd29f1-7e6a-43a8-88ca-2b8ae0f9fdda"
"3d2705d8-a2d2-44b2-944d-6bef3984d118","259e698d-29e0-43f1-ad23-aeac20fa2c57","022561c5-dd30-44ad-8cfe-6a21d9e15623"
"3f9339a7-536d-46b8-8bd0-763dd84b90cd","ce50e453-c8fc-4d5f-8743-302405e943da","0062fc57-17af-4f6f-a5e5-3062510bd7a1"
"00c828e7-3e80-4896-9eba-12f18436ea0a","39800894-6126-41ce-9e4c-fe75b5130502","08bb7101-521d-4f84-843c-6f657c8360df"
"00faf94f-d09d-44c7-b4a3-a10da3963da5","9171f15e-aa02-4500-af50-dc1be19899a8","02fd195e-ae58-4f90-b091-b14f79975306"
"024a8312-af37-47cb-bfc1-ea08b850aa95","76e5a028-1e6d-42f7-a44e-ca3f7d83be51","0a7a00fd-3ba4-46f7-9627-fc3925276c01"
"025e42b9-2608-4ebb-ac96-bdeaa61dbb46","24982a47-8f83-4c14-a2f7-6c5edb45b45a","02684fe7-37f6-4120-83bc-2962046291a1"
"037d0686-0a31-4c6b-afbe-47fb880daabd","262addad-c7b8-4773-a4a2-a5d8af3c2690","0591ccc8-5292-4f27-ace2-67289985536c"
"0486f6fd-d0f1-42af-a3c8-fd9fb6a3e454","a56419e7-0774-419a-928c-8786153ef069","06d47cb9-722d-4d6d-b2ff-dadb2e4c3ff1"
"050a536d-0a1e-41d2-872e-be67eea4a1df","9c62ff1e-5559-4b28-b7d9-ba19070c8c4d","05c831c8-72e9-47aa-a5fe-0bd2a8efd866"
"06155e31-c6ed-4937-9647-f0c007466ee6","0488158c-4beb-4e78-9ce7-56772ebe00c0","0d26bc0c-ff46-4dd1-aa9a-db80127bc77a"
"06177132-5ffb-426d-a780-fb5195d89dc0","c10f7df1-943d-44db-9f24-3cb30b96ba93","04fbf454-708a-461b-b536-de658ae97b40"
"080bcc75-7a58-4df9-883a-ee148832a3ef","c4d54044-9348-4e15-90bd-4d0d5bf7012d","038bb053-86e3-4e70-8b5c-2c8aac6a34ad"
"099053b6-a6b2-473c-8c7e-919233a0abec","20b3cebb-16a6-41f2-8c13-ff3b7bddafbd","0c97e675-e65d-495a-9dc9-0f14275f9e46"
"0990ad07-4950-4458-8a64-28cbf2d837d5","51b6bcb8-ab36-4ae4-92b4-2a3d853f1f94","0492bef4-8de1-49e3-9a9a-747bd74aef7c"
"0aaa4518-c200-468d-8e24-6f76bd9cd9cd","10905513-2dd8-40ae-9f41-c8e140604856","097123cc-93ad-4541-b595-8a7ce492da8f"
"0b113c75-7dce-45a1-b3f4-7b842617a45f","177e657c-0c6c-4a01-9c5d-919b90f4a843","0563b588-7b19-4858-8484-448c7acfc883"
"0b67820a-7a24-4ab7-8da3-081c3cb76a1f","a4f20303-463d-4ae0-9b37-66ba6abeee7f","064904f9-0592-443f-99dc-aff8eb2dbff5"
"0bfaab9e-e8a6-49c7-9e62-06e5fba53040","ba9eac62-cc5c-4ee8-817d-f2167811ee0b","048a4491-621f-40fe-b761-825f483156d2"
"0c9a77f2-fad5-4cb2-8842-d773a6ed3cd2","fa5859d8-738e-4b35-b698-ce485ceda68d","004b84e0-4983-464e-ba54-e3532420f525"
"0cb8c6be-662c-4006-9035-633b032f36e8","ced6de11-98ce-4d10-aa83-41645c97fb68","0791c5aa-b212-4919-87d7-0a1a06d7e3f7"
"0ce9517f-d114-4127-a6a8-5622055ccfb3","97d5858c-df2c-4063-9232-b8ba16bc4071","0c0e00c8-2b07-46a1-8a96-73983cfe1ec1"
"0d1e1a9d-99ba-4cc6-a2c5-03cdb34ba64b","3a2eb907-9e39-41fa-bc3f-321d648b3345","06351614-9b9c-458a-8139-2329dff0723d"
"0f434530-0132-425c-8726-8f30a324cb70","5c60b2bb-9ac1-4a66-aa17-94e2d6be9355","051127d0-28ed-4831-8666-f8966007099e"
"106065f9-3083-46f1-89bd-59035afe3b99","95d9c52f-582e-4d10-8950-ac98bf2fa64f","0764558d-bbc7-4cb5-83cc-45cf9edc4747"
"114a064b-378c-4b36-ac3b-019e7f5413d3","de3a6213-912b-4f46-b98b-a79231917741","0e84ddc3-e0ec-414f-92fc-748ee4099e4f"
"11c9c2d8-84f2-44ec-8fb8-cd92554d44b8","cdc6b565-727f-4066-aaaa-9f1eadca2348","05953b70-2d48-4e73-8369-e236dfb78a12"
"12643ad0-b4b6-41f0-8e51-c6ee7ee3e3cf","32e6d435-f1a0-43cd-8d71-3a9d332a8bdb","04248262-aaf2-46ce-859e-3cea253ea072"
"127df022-447a-4430-ac87-a1e6a7471fe5","9a437c7b-f91c-436d-9e0f-7a13f9afbb58","06249ef9-21bb-49b3-8b14-f493f1983d6d"
"1419c53c-ef76-43fa-b359-2ffe95436fdd","481f199e-7fb5-4751-8a99-8731e42707d8","0ebb90fb-ea1d-4c13-8a33-403fd9247140"
"15794fce-9e1b-4918-8711-adfe29a49af2","4575c5c4-981c-45fe-9f56-6333aaaa4f34","04f7d3f6-d0a2-4304-9813-afd75a3e9ecb"
"15b6e04b-4686-49c3-8471-e9566ee100ed","467a6379-78cc-41bd-ac36-03442396da7a","0290ce23-16e4-43a0-9484-63a1e6e5d2ca"
"17aff9ab-7926-47f6-85ca-a3623aa5a6e9","0f1a6de0-bee1-4f2e-bbfd-e17e53446126","0cf497e1-622d-4f6a-a9cc-15f46de8d443"
"18fa6459-132f-42a8-8a62-5297ee533e92","6d3b5ebd-65d4-4c93-84ab-de9f1cb0b1bd","0064af96-9471-4cff-822f-943ca703b46d"
"1b1fde31-4918-430c-a2ae-7579bbb1d91a","1c2b4253-a44f-4c6e-969b-40bc7dd95a2a","0c69fd6d-72d1-4fea-a87d-b6275eaf12c2"
"1cf0b656-ab5c-47fe-a0ac-7ecba35f8026","18fd9123-45ba-4e78-ba73-eec5d6af871e","06133ee0-c0a1-4b3a-910b-9d82e2a6bd0c"
"1e1d5467-27da-41e0-a7c9-a8abf7864cf0","4de088f2-d6e9-4465-abba-caa19fbc20b4","093bb3d5-ba79-4980-8a50-352973fb511a"
"1f0a08fa-6135-4037-a3b2-9106c76df9e0","c7771faf-b3dd-475a-bb3f-6ade249d7980","0b69b0d0-f9bd-447f-be79-c59a8b4f333b"
"1f285c1c-6696-4389-9f3c-2f43e758defe","88bbc1f9-3cbc-48d2-8f4d-3fd13dd48ed2","0cc44795-4dbb-4c4d-ac4b-41f08200aaf6"
"20fcc710-153c-47fd-a919-b6cb94b1cb79","65c0bc95-f156-4b0c-8739-fc9da3d4f239","085fcfdd-5c4b-4e73-903c-7229450dbf3b"
"2325bce3-89bb-4152-af6c-542ac17d47c1","6bcf3ca2-3504-45f1-b341-732e3db27e6e","07dde66c-fe41-4efa-abc6-13d275c845d1"
"23766002-810f-471d-a8dd-b07b80dc6a70","6bfb129d-e196-49a3-9475-d44765e29303","052e914f-17e9-4794-a499-63ea2d55d5a3"
"2393b235-4cde-4170-8c56-92cd20829a6b","dc014bbc-3bbf-46df-be95-285828fad513","04c8095f-f0d5-4a66-af16-c2762d1425ae"
"245cd781-2459-4586-b7a4-e4fc98cc6205","c831b0c2-3c40-4f11-80d7-75eccd5637e1","0d28854d-cf5a-447c-b454-2200c555911f"
"248e21be-1650-49b7-be0e-469170d77b43","c42619f9-7cfb-4732-b37e-59563eea71fd","06015e86-744e-4770-9bff-76581dbd17e2"
"24bd838a-1298-4369-900e-c520a77e9161","bcbe9e4d-1ace-4b92-a94f-32dad087e9b9","073d250e-35e9-44c4-9f12-566438393b3a"
"25402a2a-67f8-4b1e-89e5-358263094e7c","2d01901d-e1e3-4a77-8b62-6fc5af6ec499","0985ab09-f2b5-487a-85f4-1ae6d9579df6"
"2556e5cd-6080-4129-b1b5-818caa0ad884","5636a15c-92c2-4d1b-ad5d-59ac7ce611ef","09619332-02c1-49fb-982f-c5d15e4f83bc"
"257d259e-804b-4f82-9b25-1b45b8b0e726","3d0757c7-110b-432c-9234-098714647861","005a6073-f7c0-4df4-bbf5-5b3bf0593496"
"26a7ba31-4f81-4b59-93fe-ee61c0429baf","614071d8-2492-4858-a28d-cf41742baefb","08992f6c-f6e8-4dd4-8602-f5cc8cb8b93c"
"273cd897-5532-4869-80be-c84ff54463b0","2f0f9004-9e91-4071-8227-4e31aded5408","09d5cc4b-60e3-44e5-83c7-88e2fcef7e78"
"278e763d-7ad0-4ae1-bec9-66f43c434c15","46b09a43-1f52-4246-b605-9ee3fc3667a5","0eb7b3d5-bcb4-4979-bfa2-3454956dff6a"
"279f1f86-3e9b-4a42-8636-3fc1078ccc40","89778c8a-296d-45fd-9ebb-2bce3de6be8d","001f75c2-2457-42a9-adb8-1501f76a3845"
"286021f4-b7e2-45da-b6bf-32185fc0ffa4","0f8aa6dd-82c0-4c27-9c0e-5b511e3766ff","038bb053-86e3-4e70-8b5c-2c8aac6a34ad"
"2a1c56f0-3c25-462f-9443-d2a751a5ebf2","11b5a00f-64ab-4d2a-988c-3bac1fafa7b6","0e4eb8de-7f02-4fcf-a645-fdfb332bd7b1"
"2b0b6f3d-c768-4a88-8616-692c1937bea4","4d9732f9-28d0-4c43-b496-48496fc8dfc8","05f3bd82-2418-4bfb-aa0e-3e5b00883824"
"2b0e1810-af31-4899-ba83-a03725102ac3","38771428-6047-4caa-8b50-602c0ea0da38","02dea204-ae04-40b0-833c-691e8917dfb3"
"2cf64543-5c0f-4328-a1e2-49da1b124550","7b2fcacc-3a0f-445f-ad4a-fcb275ccb4c0","0bc26f74-139f-4623-a54b-6cd1debe0846"
"2d41b9e0-9d82-497a-a978-374cd6bfbc7b","714aa4bd-da8c-44f2-bc64-7193292fb436","0d5b72b6-5aa6-4122-8182-17cb0b86a2f3"
"3020c0d2-a661-4a79-a73b-a8b1f6b6e1d7","3c0ae123-e152-43ab-81d3-1633000ae527","0de0a4ab-a17d-4d91-b587-5e7e21856187"
"304a6cbd-8687-4794-a7b4-ea054dec5f6a","726d37d0-ad36-49b7-bed2-dfb852bebcf9","0067f5ba-2b67-485b-8f98-28430469b944"
"30d4ad01-7788-4b7b-8bba-00b807b24674","32c9cb6d-5095-49dd-98e4-6a730092ff1a","0c7ac8d3-80be-4a31-8cc7-c668eb9a5f16"
"32027059-c19b-4af3-b5f3-e4952aa4ce4f","0853306a-dfd8-4642-8ea5-206c38a51acb","04fbf454-708a-461b-b536-de658ae97b40"
"3238ab5b-f22e-4a6f-9675-4f5b1dc11ea2","2b44f93e-3894-49e0-a132-8f730e98a04e","0afadc40-2cc5-4090-91b5-db094cc084e1"
"3322d259-ca9f-4093-9f84-73a83930f997","5c8bae7c-38c9-4e82-b210-f5fad91b0369","0c0c7bc2-c24e-44d7-a968-7d3133906402"
"34f93ffa-9208-4128-8c6d-1eba685d29fe","592c2680-838a-4282-aa47-5ef7fdddaf2a","0d5a39d4-19c1-4cc1-a61e-b61c1532527f"
"351df07b-5616-4836-ad47-1c1a5a2b016e","2de4300e-87c4-4091-be70-6cf6efccb52e","0492da70-fc86-4102-97ac-0f52b15d2156"
"00463e09-1122-4eee-a0d6-33b26e3a6b16","eb07a980-bb62-496c-9c75-c671c573738e","004ae334-c018-41b3-94e8-c64bc52e58aa"
"0051e728-56e8-4cf7-8ecc-5407bf90b132","bb07bed1-db97-45f1-85d1-43b1e64b2063","0cf7be46-1030-4008-a1bd-fb3959fb96f5"
"00c1a43a-50b6-45d4-97d3-babe2a8a20ae","a7db8d23-77f1-4202-9a4f-e784578da5c5","06bb5076-0fdf-49db-8e5c-80db497c4fb7"
"016e96d6-e4bd-4a38-9f75-4cfda6da3998","e0393608-516a-4051-8434-f7f82f2f83c5","026170fa-a72c-4f1f-81ea-9377d1e48527"
"02590b3a-c387-4146-9d20-48cc6a12ac67","16eaa0bf-5afb-446b-a42c-7b9688df2849","059bcfc3-4fa9-42cd-bc34-483a65c71f9b"
"0347a2e4-2905-4fca-b11c-d15707f91e86","c97b365a-98b4-4c66-8b2c-483c1c0190ec","09b1ae5e-f04d-4972-887d-0c3669695f7e"
"0587ef98-ce08-485b-86f0-108dbda8bb2a","36b70fdf-4e35-49b6-a70c-91771b92fb6f","02002989-09c3-44cc-aad7-fd592056cdba"
"06a85595-b0d5-42ca-976d-3cc80da51960","60e070c0-75b3-4868-b20a-5a6836a3a09e","0c3e1d04-1a95-4f42-a2ee-548750278c23"
"06cd4533-2101-4bff-a9f2-b5394799087d","67d47fb3-cda2-480f-b6a5-182e7c397164","07b9b75f-f2a6-429e-95ab-6d0bc8f0eeb6"
"07c180aa-3f99-4622-b84c-8c00be044969","e6873066-c49f-49f3-b2b9-77f8163016e4","0582fcfd-5adb-4329-9c94-351cee5a575a"
"08856a09-18d3-4e1e-9a74-60a5dbacd584","6302b122-e576-46d7-838b-0e24b917d419","08c5bfb6-6bee-4954-aef7-61e888b62ce8"
"088c4015-86de-4b34-9121-9b5babb5e1b2","1faa3757-4ecc-49bf-a26f-e1ade9007cb7","04669f0e-d003-419b-9a3c-6d867389a569"
"08dfd721-84dc-4e7b-bf6d-bd7993ff2ec7","121b124a-05e9-4421-ad6e-f0d332b0960e","0d14dc04-0433-4ac2-9355-a96080967291"
"08f2c2d3-8507-4f61-8613-e23dda28aea1","d010fc18-9546-4114-8f98-a8723f38d49f","083a0cc7-9b25-4147-ba7a-5c6a6c95fa68"
"094687fe-2f2b-4f03-89f4-bd420341f5a7","95eb3d32-5a15-4bfd-906f-341f19dd81c8","0a6ea902-a208-4eed-bc13-aee6cf7a927a"
"0bbce975-9a26-4d59-9df5-b8b33455e5bd","8e639d08-80b5-407e-a73f-7046c273ee8f","071ea43f-c9c2-49df-a07d-4b2c91404eaa"
"0bd071a4-0633-4970-8e00-ccbd97e565de","7cb2e1e6-b7a3-4abf-b43b-9c683340d42d","02a16c12-1a0a-48da-b64b-c56aada74a41"
"0bfda78a-08cd-445a-9c48-2dedbaa5487c","d7d7709d-f6cf-41bd-a113-9b35439bffef","02ddf936-80a6-4c4b-ba09-21eac97cf08a"
"0d8c25fe-4580-4de5-a2d8-fc1af825297f","ecb70bd2-5039-43ed-bdcf-04bdb9f96144","09e84ef0-108e-4735-aab5-429f4ac36ddc"
"0ef7d22e-4e86-4c56-a4b3-06578eba27f6","5a402587-6b07-4218-b102-4cbf35f60ac0","071ea43f-c9c2-49df-a07d-4b2c91404eaa"
"0f446e33-2782-42f4-9b21-f79ed14263c6","5b437e3f-b2b8-4ed8-aa98-d9822e563f65","09b1e753-9ecd-4a56-8d18-30bf1a92eb93"
"11441bb5-7800-4e1e-9f16-fee508ca454f","9d1d65cb-e796-4899-bf9c-483638d50190","05401c7b-e377-4d21-aabd-e21c3c035eba"
"11ad89ec-15e1-49e3-b92b-4eaa90b65922","a665c721-2ecb-4b42-9f86-db3c17a9cdd9","0cd6786c-ffb3-4526-a310-73af9060e685"
"1277c93f-d7e2-482f-b0da-e1920cae8377","d42f4baf-5afb-4a1f-8669-4a040cd325e4","0ad03911-d626-4c1c-9c15-5af198ef4d49"
"12e52fef-74ba-405f-963f-a0661fd7c630","de437304-f88c-4bf8-adea-676b369facd4","02628889-534d-4bc9-a016-a4d2a9fc8f43"
"12e7b029-9288-4870-a6f6-023cf9469641","726622ec-dff6-4949-9541-99ca9326ba01","032b09ca-e05a-4e2e-901e-afef16db4cb0"
"13822a28-d55f-4c60-8d20-e8fe8f3f8b39","e7b7f85c-6e9c-4ed9-a614-5deb9df7a0e4","01c157ee-b134-4125-bd60-2a35d9443ed5"
"1384e6b4-bedc-43c8-a6d0-390a6211b865","cd7319b2-25fd-4fe6-9a90-dfa267e28307","083a0cc7-9b25-4147-ba7a-5c6a6c95fa68"
"151d0871-f29d-4259-81b9-8cba0427f86e","89237691-4fae-4c3b-9b9f-788d5166a56a","0c5254d3-f996-41fe-b012-7c3c70e988d2"
"1684a25d-3471-4d92-a07c-021c040b8fdf","ec1d0cce-a618-4926-9f11-05ec75f8d70c","09b6ad65-631d-45a5-bf01-c10803ae7bb0"
"1831b4d1-e46d-437a-a9ea-47071ab7c426","b55e7adc-dc65-4a93-ba6e-fb136ae4c784","0cbf9d48-3e49-4632-991e-adbb3d511440"
"18cd5893-af97-45d6-b8aa-c347c0c9c4ae","705c4f79-fd38-4cd6-9521-69365fc39533","0cad46e5-39ca-41aa-ba3b-6e6c52ecd269"
"1b509a7e-a14c-4f42-bb5e-f802b9e4703c","da6406d9-f946-4cea-b99e-15abfcd2eb79","0d7518ae-0b20-4611-a2c3-1952e8a5bea3"
"1c0b6b17-e7f0-4dcc-81c8-ea32be043423","5e0215e3-7654-452c-a0f2-c00318fb120a","064f34cc-a03c-4a26-a755-17aebbf6b372"
"1dcf5f41-8cda-472d-940e-2b570570859e","b73300bb-87dc-4ff3-a47e-fa4864a7f88b","07d3a957-9660-4915-b612-ed81fd69f78b"
"1e2b2edf-d946-4685-bb8e-cbf1fb6e17c6","a73f8b15-b776-4ebe-a85a-d808d9dcbc1c","06f88ba4-7c15-4d26-8bb6-1744f131fb7b"
"1edc3c94-084a-4ca0-bbaf-19fdf52cb74c","6a238db1-c121-421c-8c30-df0adcbea6c2","02458388-942a-4c53-8565-66b970bf5e3f"
"2302e6c9-6378-4c57-a766-7119e18b77d8","567f6701-68f2-45e5-94de-21c633fc7245","00304c3c-d57d-4ed9-9b10-3f0912510c92"
"23329a48-52c0-46cf-b9ce-885ec4b2fcd5","255c8f40-e166-49e9-8bb7-90ab02dda1ea","07999291-fc10-4d1c-8409-a3fec90f4dc2"
"23f05d5d-633a-4225-89de-d4a3a4c5c025","31dcb871-5bfc-4a1d-a359-2a04343c6851","0c6f08f9-cb53-4b03-8373-c668ab8f802a"
"24364196-79bf-408f-9adc-cf3bbf30ef04","fe692da0-9c17-4a37-8b31-290c5b3a66d2","0884b4ba-54f5-45cb-8d9b-b2c9250e4bae"
"2697f384-2003-46fc-a289-44d4936652cf","02aaa64b-fb76-4ecf-a696-8589b1f567a1","02833325-71bc-4164-b2c9-d2d8d5aa7f85"
"26a21faa-5fef-4131-9227-cc6603579eb4","3010f9c5-86fd-4d49-b297-9af2a1e30308","0038487f-a166-46c7-8493-608a57bcb433"
"27596255-734b-4c92-988a-79301b30b484","964782da-f892-44f0-be92-1424f74dd5df","01012874-17f5-4fe0-9721-0eadaf4a545c"
"29e56a9f-3355-4fea-b38d-05f82d9f5d5d","64d0c443-4346-47a8-a509-6d13bea08faf","0654b225-8cc4-4256-808d-18a394a6df02"
"2a384687-6430-4a10-8e79-6cfb886f508a","df491eab-0922-496e-ab0e-98013f5e6ae1","0ad187b5-1343-4c54-8fdf-c19390348e7b"
"2a461aae-c426-4cab-bff6-a3a480eacebe","74751944-438a-4c8f-8b52-e9b0881c8adc","04f995ef-a09d-4098-abc2-3179603d4262"
"2b132479-c58d-4ed2-8b67-2f5bab193dcf","cb8d907c-210f-4c38-abfa-abd51731ced0","07da9046-37b1-4a41-bee4-c964e1aaf85e"
"2c673be0-0d79-44d6-8871-98148af8315c","d108b4c4-a368-43b5-9310-61ba08e4f21b","05acbfe0-c80c-4d93-b644-5b094361ca83"
"2d493db1-a9cb-42bb-a1c6-28167f10359f","e00cec6d-1a9d-4046-8f4a-585f8154f458","0760c200-dbc6-4e0c-8c37-c2ae303f79cb"
"2d81b650-c60c-4628-980d-ab9bdd7da209","7280a366-a928-4691-9c1b-e2b3fe9751ee","029b3f21-fa50-4cd8-872e-ec635600e143"
"2e970ef8-4b45-4d37-b93f-7e2d34839b04","cc0f3203-2330-495b-8b14-4249627af63f","03e935bf-7faa-4f87-a193-adda6e7fe61c"
"2f37a06d-8370-41c1-a20d-562e7fdd0149","2db9ff06-e138-470d-8993-aa0c08a9e9d9","01e90d34-a332-4bcb-b4d1-b1f9e8e657a3"
"2f7732ec-0a98-4514-917c-ee7cb81a8848","c435bf13-942d-4608-92d5-4c7c4ef5695d","0d5bfd10-8e12-4689-810b-7f4bb7dc06ac"
"2ff5961c-e31a-42eb-9165-97135017b00e","9bbcbe48-a03f-4b54-91cd-65035ffb6684","083a0cc7-9b25-4147-ba7a-5c6a6c95fa68"
"323baaed-5451-4cb1-ae47-54a7f852491f","4b31ccc8-79f2-41d4-befa-6fd9ff4f463e","04f18561-a057-483d-bf02-c8bced59b7ee"
"3246da10-fec4-4714-9096-01ac70177dfa","e28899a6-9b8f-4b9e-b292-7a7d25643488","0c435d1f-feb1-41aa-82f7-95bdb087a417"
"32deea18-0fc8-4c13-a963-17a17091df74","4fbcbe5c-274a-453c-9243-f78ef3dddd6b","0af470e1-caa6-4b55-8e96-98c847d764c7"
"32fadc5b-35ce-43da-af7b-e5ac414fa25c","f2c5b220-73ce-4fc7-a4f2-5d8c55e89403","0021081a-2ba6-4a20-8215-08619766e3a3"
"34612fdd-44db-425f-8d2d-05da3b0f9eff","19e46acc-72c9-40d1-8ec9-8b98641406f7","0565b34d-079f-4105-be9d-7d9ad52abe0d"
"346e1159-135b-4d84-b143-1c04c75c9928","fed409b4-7ff0-4955-b4d3-ba5a801a1938","06844b54-9d6a-4d2f-86f8-52b4f53665b9"
"34f40819-84bd-439a-a5f7-481830bfe978","a81da378-e742-4791-bd7f-9b994cc78af7","08713acb-20e6-40fb-97d1-62ebc411f5bd"
"351aceb2-97a3-416f-8e83-09c0e3fa6e8f","0b3b62c3-fa6e-4c1f-b9da-dff646c8f664","0a520402-2e92-4f1d-83e1-321e24571153"
"366e7738-7c77-485a-8874-cfe2f1a7281a","77ca01fb-36b4-48f9-b283-595ab939e341","023fc4dc-0807-4856-bfb5-6c29920b8c95"
"36fc5a87-56fc-41fd-b50f-689130f05127","2570ee30-539e-4729-89ce-f35b827ffbb1","01f78a65-94ae-4ce3-9f84-94571e61d0d1"
"37903a7f-ce7a-45a4-8b0b-605a92ccbf84","4728eb3d-0212-42da-9f55-9efffbbd3859","03af4988-e683-43cf-aa18-3acde3a74c1f"
"00b987aa-a0d1-4e2b-8840-c1e25fc3ca75","cdcd8d2f-b4a6-47c8-b9ba-155cf60d30de","01c02873-46b0-4444-b4cc-046ca854fec1"
"1170c957-6c38-4929-9d46-78f39138789a","82dc00fa-dbf5-4ab1-8d98-ebc0ef0489a5","054e27a0-dd0e-4d02-bf15-0b3c84e380dc"
"15546c74-a01c-490d-8a19-28071264dd24","26396290-422e-4b5d-a7cc-e83e0bb7b9c2","049d579e-1759-413a-9da2-e1329a0b6ebb"
"16809494-a99c-4b4d-b67b-a9c31917ef98","5b02f777-f170-40f7-9101-8cdb07ac6620","00cec7ea-ba5d-4eeb-8ad0-aaaae584e907"
"1797b59c-d19c-45e2-a775-a0aa647340d2","5a03760a-d8a5-4a2a-8bdb-0ca2690605b5","09245d34-45d9-4007-a89d-705dbc2aa37d"
"18368dc4-f63b-4cc6-8431-755866c8aaa9","80d37aa0-e9d4-4e1c-b97a-4a937b6274f0","060003d2-0f79-4c09-93e7-bd0514ec1e17"
"18a6a3ad-dd8f-4a85-8311-6403c7d84c0e","009a9689-ab6b-4b89-bf4b-d97e78020602","05ab1424-8b0e-4225-80d5-1ab6277906f0"
"18b06ff7-ab08-48f5-b5e4-5662043db2f8","b79feef9-db36-42fc-8720-f6cc42e84bdb","0a91f7a3-3f05-40b6-8263-f92b2040eeb1"
"19d309b5-e943-4354-9c4b-52c882a84cce","588201f7-27a6-40b2-af06-631ff42f997c","0a91f8f3-d96d-4904-8f43-28823fe695b7"
"1a4db0b3-4434-4783-a14c-bd430dceee95","c69aea10-79a6-4108-9db8-1f7c12758cca","0a42feab-8a0c-4aae-a653-36fef7151fc5"
"1b09e06a-e46b-4e92-8da9-9d30eee5ea1d","c499cc02-1f00-40f1-862c-32912a419188","018c583c-d76a-47d9-a57c-4350281f9105"
"1b3dcbe0-b2a5-40a2-b0fb-1de7cff3b680","bb257472-312d-471e-8dc7-4475ae02ae7e","07a438e7-c441-4fd3-916e-2633ff372c7e"
"1e4ba6a1-ef9d-411f-a008-12dbba15952c","80485c41-12e3-4dc2-a0d7-6d6ca1f8f69e","03a5402e-ea21-4bd4-a442-90caa899bcba"
"1e5b3b17-2fdf-4dd2-bf2a-987bef4398b7","e3d8d0af-12e8-4330-9d05-55de281477ff","07dbf49c-66b1-407b-b01c-f498c7e009f7"
"1f052035-c402-450a-a105-54363bf68515","8ca935b8-3153-49ff-86c8-79cd0890ed99","050a4d78-d3de-4417-b439-34e3676134ac"
"20273f8e-c97f-4768-9e15-f22a463be7a2","b9fe1b37-bcff-4283-8e53-4243dafc8f54","07b86d5b-9b50-4575-ae0d-df4c0658b74d"
"22a99029-59e5-4b26-bb81-a22735272db2","6101d8e7-9437-4cfe-9cb0-41123e1df2e6","06eacd3b-dcbe-44d5-83c8-dc316c180e21"
"24124342-3a0d-4c7f-80f2-f96a1d6507fd","ed7719a4-f757-4d8d-80c3-11170367d722","05be98f7-712a-4bec-9f8b-4013bbfbd783"
"2449e96f-e43e-4769-bc55-d71361a2c136","10de89ce-d194-401e-baaa-469d93d2a1b3","0a91f7a3-3f05-40b6-8263-f92b2040eeb1"
"24715ee7-365d-49d2-8c26-d32cf36eae88","6635188e-0129-45c8-9c39-54ef920ed836","01bbf9b8-6a2c-4acb-bba9-e7d722935857"
"262babb7-0089-410c-bb1c-26b871580abc","6f8bb6eb-6f5b-451e-bbd2-6d95ee0ad8f5","05dd2379-0bdd-4b29-9ead-10b2110b0e4e"
"2743998f-38b0-4284-9cb2-86f919722754","7999fe11-c144-47d7-931c-1dbb6db80932","0b45bdc1-3b6f-48e9-aca5-7ddf7badd710"
"280d174a-7ff2-4ed0-9628-e6c848dbfcee","29f3b579-b637-4adc-a512-c4a953ecbb46","026bcc1b-68ee-4238-a857-bfc245b17a91"
"29f89c13-2f23-4e48-8cae-eda7c712a3d1","a01f46cf-7529-413a-bc24-302ebd64f95d","07e16201-3bb4-4c5d-9513-16dfafa39b8c"
"2a1f0bff-cdc8-486b-88b2-602097595ad2","f7021851-c83b-4ea8-b65d-1ad20adba40b","06f2f9e7-3b44-40c0-bebe-0f3f90834b3d"
"2b5ecd86-2abe-41b7-9482-7b9eb330c418","dffcabbc-f3c6-4c17-801c-de05de3d6213","09f8209b-8ae9-406d-a9c6-f7e4a863afbf"
"2c503ea4-4dc7-4f8e-8720-b3e81cc90b35","dccf7856-55bb-4eed-a0fc-7819022f2831","02339fcb-9da4-4939-a38c-c222ce2d775a"
"2cfd2129-8d65-4f75-9ab1-3e46549468ae","5de1bf56-6de4-4907-b8a8-b4605374efa4","031028de-4cd5-40d8-a649-b27f6f4a7b9d"
"2d6acb9c-8c62-4de4-83bd-df72b8e109e4","6c6e78a5-018e-487b-a6d7-e4caa111f1d9","017e02cd-293c-487e-aa17-4fb03fe4a778"
"2daa837c-14a8-4714-a3d6-7e1732caec1f","abc186ac-4e12-408f-861d-8f374eed1f43","0b607ef9-67c1-486a-ab26-1c5bfd146b26"
"2de0f602-5899-4c96-a227-1dc0b3a02e14","41eeb944-98bc-419c-b982-8e1f5cd46d96","01bbf9b8-6a2c-4acb-bba9-e7d722935857"
"2de2217f-423a-48bd-b92a-c6d486d9ee04","29d3f2f5-6ab6-438b-85e4-8b3aab601cda","09bca41f-d747-4e71-82dd-0d8d4eb8ad89"
"2f36218c-95b3-479d-9373-63a015280148","49b83f10-aa89-4318-beb8-c36bf74becd9","090b236a-7180-4e61-b187-7cda7f764a6a"
"2fc49ae9-581d-425e-bf41-a60bfafeb485","ce5cf926-bc85-4f94-a920-d52fc81608f8","0a71f129-af02-454c-a792-f1594fd9d62e"
"30fddd9f-df95-4b4d-a6ec-fb09cc79cb3e","61834f90-d789-4146-a408-6efc053e635d","04b13729-7521-4f8d-9fa9-71c8345eff21"
"00b932c3-bbd8-4b95-abdd-16a0d1cc9e9e","7c99763b-a86b-4d7a-9b0b-1f4f332966a7","073b6ae4-afce-485e-a1fb-61ab57e31170"
"01039661-f199-4939-ada3-42f1c819bcd9","150e117a-c04a-4c12-9519-abcc83831c57","06149567-3658-4d35-8853-ebc4b67541ef"
"01708432-7bd5-4693-9454-3cf226601edd","9e5b11c3-f05c-43d9-9ca4-345f9fbbe0a4","08e31739-6c16-401b-8ff7-39029107b26f"
"0238319e-6a2d-46f3-a845-ccf22a353865","f5762578-cf0b-4219-b33a-d6d6663b2250","05893c07-f5a0-4ee1-ae29-54b1f11005f2"
"0597a98a-e771-47e2-9667-31d50a211e82","09cbe4cf-6bdd-4000-9523-cbb6546a07d5","0641eb17-7fcf-4a4a-8e19-fdab43e16068"
"061988d7-368d-49ad-b7c2-64b531325daf","9cb8ff6b-5e84-4b38-9cf0-b3f10dc27a73","04d8704c-027b-48d9-b230-1de1e8ba1d22"
"0694f183-faf5-4224-b113-5849438c3099","33296e5f-9563-4354-81c8-201b962c9966","06192825-618c-4c7f-9a1b-21fd0644fbb4"
"0763f7f8-0279-455f-8c62-ce810e7ef38f","7f2efab0-aa51-4441-92f1-bcb054552075","0adcf593-b848-4117-a0a2-a6379e8b8940"
"078d058d-1ebf-461d-b443-a668b1fc10f3","80eb5edb-79ef-41f8-b3e1-0f5a27750848","05bfbcf4-ff04-4157-b803-4510abeb1d42"
"09291b42-39ee-49e5-9cf1-5c60d14cf8d3","d3ca6b3f-310c-43a2-9aef-2614791c4430","0a871492-0465-4f2c-80b4-dc6e8794b053"
"0cc9032e-4e06-445b-83f7-3329ba539d3b","1268f1d9-f547-418f-b55e-bb7392a4c78d","04c13ee3-6ebf-4b61-a7ff-47bc95ff6a05"
"0ccd3efd-063d-4def-993d-c5fe3d8700cd","466ccb1f-1767-4ec7-bddc-331cd795d3c8","07097c97-53e3-4f58-afc9-f65c1a18577f"
"0cf1ec93-debc-4623-aba0-088e1c297cf6","191e5306-ecb2-48fa-b798-f1a648240a53","0469fa35-7c78-4d81-82ce-36bb7e965f29"
"0cf746b8-bde1-47ca-a38f-aceb9c01669e","48d829ae-3e5f-449d-bbfc-1f645aeddd79","00b7db7d-dcbd-4ee4-a197-5acfcdc8401c"
"0d1db05e-ee88-46c3-85d6-7df9b6dc6582","1dbb5257-1707-41cd-bb82-e5de5997e774","0a363181-54e7-4189-ac4d-34040c62836d"
"0db1d146-dc3a-465c-8708-b2df69051bc8","310b667d-428d-401f-b44a-61efd2585529","04e1e578-abf5-4b22-a00a-015bffa077af"
"0eb8434f-184d-4973-9c84-356f1e442f98","20caa2b8-f58d-41ac-b554-034ff681e104","07c1d5d7-05aa-4326-935d-dffbbd486642"
"137e20ad-10f1-470b-8287-bfb0319ed272","dfd5bb6c-8a5b-4928-87db-e61fa76fe5d4","0807f30f-2b1f-4950-9d44-075f512552a4"
"18072e13-8d5c-4930-96a2-19bb4bdda42f","eb2ee16c-619b-492a-b83e-2729a2748109","04c49d8a-1fbb-4bac-b6d8-a01027e24b09"
"18623725-7692-4d83-84a9-1d93bd0b5cad","e15a240e-e9bd-4249-afa8-95c30170d22d","050e1d9d-44c9-48b4-971d-6bbdec48fe16"
"1928c8f3-3994-4444-9280-261c6b012d5f","e564d557-29dd-4937-81aa-ce10841ddab9","05980552-debc-44fc-89aa-2a0855dad6a1"
"19a440e3-8345-4776-b945-d6aa6470065b","14454a4f-1921-4723-b038-dd09fb92f9e8","08c01d38-e394-4c2a-b22e-8138a5b2e98f"
"19cc16a4-aa72-43d8-92d0-f0cba8e6bb6f","60580c84-4cf8-4e20-af32-0855c99c915f","01c00800-f825-4b2a-97a4-05679d4395e6"
"19d96a54-63dc-414b-ba94-079d923f07d2","f75bbc76-526a-4253-b640-595293428dfc","02288b03-b6b0-44d7-b863-50f856e0f731"
"1a27fcba-dac1-4ddc-8090-9891301a1bc4","8f3d4595-d299-4a79-8bbd-256149ed777d","0944cbd8-5216-4d40-ba32-b26d36b10524"
"1a4155a7-80b4-4a10-86f0-52a66919ebd0","39049dc0-ef2c-4c00-a621-cc8626d41812","01bdc061-bb1f-4245-a51c-9c6b62f6825b"
"1cb3f556-96a3-4fa0-b35f-763ed8ff6e89","89e26e44-8ba8-4375-a4af-dd0655971d04","0691f94a-b96c-42ac-a0ba-86a508bea221"
"1e999880-f059-40c8-8109-59e69dae6d2a","055212c9-1d72-410d-b719-201120dc6f94","09640cb0-19ed-49d3-a681-63970385b48f"
"2096fe1c-c84f-443c-bf78-e22c75a015f0","a43aa21c-d29d-4a9e-878a-d82b81f7dc8c","048c1171-4ee8-4dca-8c2f-6df6911c21cf"
"21292899-6e6e-4303-803e-6ffd110c1eba","1eeb6675-c2d4-4a7c-a2d9-0e21bb73faaa","01774ead-03e3-417f-83e1-20d92977e34a"
"21bc4502-2df7-4c12-afc4-043955f618fc","f5877cfe-17de-45e4-a6f7-2f942eddf59c","00858ac1-aabd-4141-ad8a-09e5ba09f77a"
"495b3117-581b-415d-b33f-0a995f8c275b","943896fd-082c-4ae1-ace6-59e3d11e76ad","07dcbe2e-bb67-44c8-b0d3-960e64eafd04"
"4a5641ff-1990-4e2c-9ea4-85aca1e045c7","2a29a46d-6b23-4dc0-a455-eceee8946322","0085a834-0c75-4f53-bb15-cca45c876da3"
"00922a0e-3e84-4386-8724-a26f4cd77655","0dc59a3c-e284-4e13-8486-948fd9979a57","0245e388-b9e7-4953-b20a-f4568128c7b7"
"02e2e216-d3eb-4c09-9389-916ccc0ae898","dceab97a-2ff0-42d3-8526-c66f69c1f726","00e84727-3b59-4f6d-bc67-5df7ed233ecf"
"037089a9-76e7-4c0e-adb6-26038b207ac4","1ad3727c-b688-4a4a-9ad3-aeacd62f7970","01b21ba8-2911-48eb-a7ac-f696c3bac8aa"
"03f63932-1fca-4658-b5a7-407070e7d0bf","f2e89094-9549-475b-a232-1e2c96d4d7e4","072c1acf-63a0-4858-af26-bcc38e792482"
"0572239e-f7dc-44b6-afe6-2a799c32bff2","3b82c184-146c-40a7-897b-d6fda1d7a7e5","08069b44-a283-46eb-87ee-2ce5fbd5784e"
"089d6969-1eeb-459a-9fdc-55b05290a629","77506a44-7fa0-4042-9909-d95fc11e6200","015a4de8-f2b1-4fd9-98ce-49ac42050d96"
"0c9bbd45-4329-4cb7-8dbf-6d7e6fa7470b","a35ab191-f586-4ee1-a5de-a6b7ac487bd2","0250f2ee-3aea-481f-9378-bb5c708d82cc"
"0cb9ebe8-b5b1-4650-ad44-bd7e1af32c9c","b02be04a-503a-4f07-82c5-e687ed071bb9","043d80d6-d113-4dbc-8273-42c3ad6d4126"
"0fd3196d-9455-4a9d-a65d-900c6e73b8a7","55b8b045-e0d2-4c12-8d93-195c4fae3ad8","0aac774d-831e-4d36-a076-f250ccf16169"
"1078f4e3-6f87-4b13-a926-15a8ade28394","3b746708-fe65-48f2-9b8e-70f9ceb91072","058741cc-78d1-4b57-bd94-4f20d6d4307a"
"11eebe86-680c-44ff-a703-2ebb818ecf84","00b1869a-b225-4aa8-8ddb-d174fb5bb952","03ed47bb-1128-4106-bf53-2d0693e80860"
"13d6d8f2-dbdc-4b16-b670-d12c68a56052","6d3b5ebd-65d4-4c93-84ab-de9f1cb0b1bd","07082e22-d898-4e65-b244-fd2da9a8e072"
"145bb4d8-0374-433c-9480-7e2ed1db2278","d6cad0c3-7d75-4780-9ddd-26a6fd8aaa95","01993e08-1aba-416a-a1b8-688dec3f4517"
"1474e417-f670-4b87-9f49-58d495ec708d","ca4fb9c3-ab1b-461c-829d-b4db576b926b","05bb90ce-be4d-471b-857e-8a8a6ec93b27"
"166266c6-6e6d-48b1-acee-c235a9b39215","d133633c-e25b-4ef7-b529-c7889f53616c","02ae41ca-ecde-4940-b6ea-5de6b9d5689f"
"16c2b3cc-21c8-4036-a53d-0fc869c6140c","94728fb4-8df5-4210-8443-1e7452d106fa","0618e3b3-33fc-4ee7-a287-e99643a50cb9"
"17033dbd-05be-4586-ba3b-53267a30aa00","a5c121c1-898e-447a-b30c-d0ff29bda1f7","0604f68d-4a07-4579-85fe-cf719ea246ad"
"17e89ddd-c8da-40bd-b25e-2d2e9151c459","825c670f-5964-4ea0-b713-c03a9ad8c30f","00709e7f-6065-44be-944b-5041378fc897"
"19fa1759-a220-4f33-89c8-4c5228cc1f96","4f8e9115-7080-44ab-bd3e-b1b0a328faf9","0b68c642-5a0e-4de3-afd2-70703de5c849"
"1aefe114-4d0d-45f5-88c0-45114baa9e43","44dd6abd-f0ed-4840-a8cc-3a252afe5a6c","01745853-5b68-41de-a619-4cd41abac11b"
"1ba22d3a-3bb4-416d-8f5e-c363016b8694","ab376c00-2b24-4642-b42c-a98523d2e1d5","08b1d7bd-4e99-423d-900c-d25d434ac1bf"
"1c35b0b6-d782-41d3-90b5-e2416e4606c1","53a891ef-5326-4f11-b6d3-5097664611b2","08ba3574-1cdb-41c2-be4d-1674d9caedc7"
"1dc660ae-9c2d-44c5-bff3-31d8588632c5","b1d79df2-7aa3-47bc-b794-ca44d772529f","0028351c-12bb-4574-865f-30c117b82902"
"201db40f-91f4-4de8-a51d-726a3d3bdf35","e4c4b66b-40ca-45ee-a3ce-c6cb4bada268","0246274f-1341-4b05-beb6-3570a6cc0025"
"20be616a-f781-4860-9f09-1ccee6c80e0f","39290b9c-91ae-4cdd-88cb-d56d5930f700","0671ee92-59a9-4006-8501-4aad31d86a1b"
"23ae294e-9bfd-463b-9c27-4fb0f4468ea3","3be292c7-4f86-40c1-9b5f-b7a861fa1bba","073e2d95-238a-4e25-a2a9-dc7b29cfa9c5"
"25d29ce0-344c-4a58-a730-389552d6eb34","8d733554-1705-4e43-9183-de8685bbb255","002feecf-c50d-4766-b7ba-8ceb9d4904f7"
"29a1303d-44f3-4e31-9ca0-d6e588f990d4","e4260234-7cb7-4076-9f88-8517096636ca","07dd7141-69fb-4f95-94d3-a3c9a14c2735"
"2b1200af-ad46-4bb0-b63f-cd665df67f66","774b802c-e866-4206-a4f6-988d33d75b18","08069b44-a283-46eb-87ee-2ce5fbd5784e"
"2c1fdc5a-7193-4d36-8e1a-e02fd146dae9","74a4a007-0dbd-4751-8d42-d8ee52e48d8a","043d80d6-d113-4dbc-8273-42c3ad6d4126"
"2c8792bc-692a-4a37-9041-c4ef769f7ca5","c47d985d-a380-4ac5-968f-8662e9d06c5d","0b3aa561-0ab8-459e-b97c-a1d88bdbc313"
"30efb5d8-c500-4fd5-ba15-80c2b8e2b435","4397773d-f7c6-405f-ae9d-409989c8152d","079c97ad-bec9-48ba-90be-924b315d14d4"
"313299f8-8912-4f53-ac74-d5af5379256d","91d5479c-40fd-4623-bf83-ed0191339f22","00c6821a-9d41-4006-a901-e450e4155223"
"31acbb7b-f1b3-4879-907e-fc839e763eb3","7f72acdc-6e22-4f94-8c21-fdf8a0b2d3a8","052d9bc4-0463-497a-8411-8d9e1c37944e"
"04cfc338-de07-44f5-a2d4-70ee5bd5ab3b","b60b66b6-95b9-4f36-814f-2e1b0766c9c1","0a2f1df2-a426-43b2-8dd3-d17b49a3736d"
"04d5e60e-400e-4be5-8a1b-aa831e61768a","9fe03bbd-20c6-42c0-b9d2-d3f688b8cbec","06937473-b21d-40b7-9f48-706728ce8897"
"05fbe57b-22fd-4ab8-b618-dacfbc1a5ac5","86cd92e6-ac53-42b7-b3c6-a69f92bc761e","076c8986-5cc4-40b4-9217-24db2223e294"
"06099e0a-ff42-4f50-a49a-30bb5357bfe3","d0f8188c-1b5c-4adf-942e-9d7ef8a3e6a0","0a3a935a-7a21-4606-a01b-b61d1055ba7a"
"07a64675-28a3-438e-9453-310a35fda1bd","0aba7ec4-9437-4faa-b314-4502d896ec2b","011efa76-0ce7-49b6-b531-aa26881fc8a6"
"092cd213-dfd2-47a9-a1f6-7a58ae84c511","dd6d767b-8c58-4983-ad50-dc17c25d9c80","01ba1363-a7e3-4d5b-a133-cb01fe78fb76"
"09f4f5b2-f967-4a4f-a95a-c419a391e2c0","3016887d-20f0-4f0d-b342-bfc0a24498cb","07a903d2-0f98-421c-afbd-0b105b08a01a"
"0c64a241-3e65-454f-a066-2c2c69bb0aa9","983495cd-517e-40a5-8904-ae17fa3f4aad","01f6df87-b6f4-4b8e-8d2d-3a375dfec914"
"132344fa-e4fd-4492-8489-ea0ad8cd72c6","1582ea57-7246-4a62-b51f-5306d576b5d7","071143f5-c25d-42c3-b73c-5818936449e6"
"13c9a047-017c-48d1-9db4-77ffddb3322d","0a858b8a-cc95-47f5-bfba-2608772e803d","01a00621-b602-48fd-8ed7-871943bbeb2c"
"1444a1e1-af6e-415f-b26c-671f2eb38b74","78652d11-e75b-48d9-a51f-02adfe02ca29","02454495-cbfe-4f5b-abd9-977993dcb1a7"
"149f48ee-e495-4bc6-af72-60fe9ad7d625","223c7360-d630-4e9b-9399-2a5ea4a7bca0","04362a8b-9e34-40ea-bd4c-11e8a70d9bfc"
"167e83ad-1acf-471c-a5cd-0a1eecd3705e","1a429aaa-cd1b-48a1-8a91-3fcc9f23c6b3","079580ec-222a-41c8-80e4-566e67be7635"
"185dc4d2-38c3-4189-87de-4c0d84d7bb24","110b268d-4ca3-47de-a56b-8fc8a60bd449","0afb7b53-359a-4bc3-8c9e-8b7e48b6119d"
"19601487-d0e2-48a6-8dc6-5d482ba40b84","573ab8a4-7a49-4ae3-b9bb-b8dd86ba0353","0a0442de-132a-431f-9efb-ffb47f60fb37"
"19708dd4-4080-4d75-832c-182830f8ac2f","29d100b8-ae02-420f-913e-f843ed35c3f1","0b3aa561-0ab8-459e-b97c-a1d88bdbc313"
"19bf4c78-a87c-43e5-a183-085224a4fcdf","f0dd0af0-c858-454e-a5d3-46a3cc0b857f","098c760a-e6d4-438b-b50e-918d89b62371"
"1a5baf3a-71cf-4259-82ff-b9d8596e0b9c","4d3b7969-0a10-4193-bdec-571aa167c974","072c1acf-63a0-4858-af26-bcc38e792482"
"1a5c9a34-a1a3-4b32-9556-317773fe7243","0685a271-ed57-4158-bf6b-6e07b09cf48b","063807a7-9b4a-4c7e-a25f-96ad63c49418"
"20d50281-8cda-4d7a-a7ba-1960769c91a6","fbbf15a4-515b-4932-9415-afafcd1cbe22","07478709-f7cb-4629-a04b-e2e2b3674124"
"20fee61c-26cd-4ee5-8ab5-e4b7cc215970","bf5d7686-b330-484d-a891-8bde6cd9ded0","0493c9ef-5ba1-44fa-a39b-3bc929372c87"
"213c9aa4-635a-430a-87af-380ccc21887e","dcdde490-af0b-4e27-93e4-1701d426dd0f","02460522-19d8-4a57-81c9-b73f41de8f1f"
"215da1fb-608d-4b51-9bfa-9a22dd802e51","df445573-5358-438f-894a-427507758434","07e1f6da-82e6-42fb-8ed1-ea70814f4a1e"
"221ea61e-8ddf-4361-a4c1-d3af17f04054","1fc052ff-9f0a-4607-b030-c3d2628178f9","06ab6a67-65b7-4d57-9206-df6fb8743d63"
"22be8e82-9747-49af-8037-b293455949a8","bf4b13b5-f452-4028-a691-abc1cf7fd029","01ea7b99-2d21-44de-b8d7-c37c17d79e25"
"23ce70f0-a3b5-47ab-a5c7-6da80e62a455","9e602b1c-adca-449a-a6ea-f14c8570316f","021939e2-2fca-4dac-9170-f847f7852f27"
"2418703a-9f29-43cc-a3e5-aceafd0f88fa","e5f9b015-5786-4d9b-90c6-2a9122029e78","0756aca2-9211-4594-9f7c-15e1b819def2"
"34ce38c2-7760-4b23-876e-9a3e259b9d84","ac578d4c-35c5-4ce8-b4d2-0819119fe718","0a3b5475-2533-4aef-a804-3ecbb5b7ba9b"
"366ac370-56d4-41ed-b5b0-39913f24242c","779524f2-6ddc-46fb-96dc-a0e36253c139","033e4833-8899-4854-b016-7899bcf40da1"
"000658ed-3055-4e2b-8113-802ead791356","fa9a61cc-3079-4728-9446-1bf411ad2af0","02a41088-7e9b-4ca1-bd02-dcc66ba0f88d"
"01287227-93d1-4683-a172-daf237dbff80","422462e3-e7f6-4d84-a641-1d270e62ff74","09bc60ec-6043-446a-9580-70ce0c10546b"
"01e620d7-1f84-4437-8853-fa5836cff990","43381ca5-3dab-41d8-bbee-ab4b8e3dfa83","0cca4176-1c1b-4eb1-8298-a640bde212e4"
"0267bda0-0d82-4151-944a-420698472ef6","66ca9340-8e82-43be-a7a6-58b461ef6e86","06f42d55-7d77-4bed-85ac-608a66c740d5"
"02c7c37f-cd75-4c7c-a8ae-f2aec5116ed1","eb223c87-f474-4d8a-a7a1-c5b922f96ee9","0aae06ae-70a9-4dd9-a24b-e7901b3cd0be"
"039f945e-f70f-4758-a100-e1d4afb322c5","2865dc63-eaab-42cc-bd5c-dfc4c9756e94","0b1b2b23-516c-47e6-9223-a2e77508dc40"
"045ec8fb-4871-45a6-91cd-f7c2c7aeff7a","e2ef6ce0-c39b-40e9-8887-f1a6e266f147","070d4059-2a48-459f-8e9a-2bfd373238c5"
"053d71a3-563e-40c8-9cbf-9c44ed8e96d6","6dbdb93c-8dac-4fd9-837d-1ed1f7387efe","0afb04c9-d500-4911-981c-0bd12317fc5b"
"0577f8ba-584f-4a93-8959-1be819f53cd6","477be473-1ae5-4b81-b2d2-9fa5c661cbd5","02cf375a-2819-4968-93c4-51353d028e64"
"05b10f89-dba7-4563-b8da-3704ab15a79e","4936c928-02ac-488c-872e-1fb98594fb58","0dfb19bf-7218-49fc-8f44-6581d25a84ed"
"05deac64-5e52-4d83-bac3-377732c8b49e","ec5a1427-92be-440e-a818-df1540156048","08954e6d-776b-4358-913d-08566acfd731"
"0631dc70-f6dd-452c-9e1b-42c311f7cb62","a8bde8f1-34da-4eff-952b-6918fb9b6287","0245899e-bb72-4d06-81ff-079a905f0397"
"09e4207b-cf2d-4079-95b9-fc2ad5b84f30","dbde582d-187e-4cb1-9092-7849e1e5df36","0d969716-694f-4751-97b9-2e55b23cec27"
"0a314a33-5a71-43d6-ad92-bb4f3c0cb97b","f65abf39-e5a6-4a83-858f-d482e4fa8aca","0e5ab8ce-34e6-4f69-b4f8-6980d0ef61ac"
"0c1907a5-55c6-4631-8a5f-8fff2274bb31","929185b5-66cd-4783-a465-18b6827e22a9","05baf7ae-e65d-432d-b8e4-39d1c561dbad"
"0ecae020-21b4-4d68-a5e8-2019a942d097","0d0afd98-d31d-4805-929d-4f5253b432bb","01249705-66c1-4a84-a636-3fe7ea9122c1"
"0f0f79f0-f75f-4eeb-a6bb-1e133a8955a4","bca028fa-5d6d-4502-94df-5439c9d54936","0dfb19bf-7218-49fc-8f44-6581d25a84ed"
"0f415c2c-ba68-42ac-8d82-778e7643a50b","a8be7031-cda9-410b-a07a-8dc589e5986f","0b60a082-b6a6-4b35-bb83-c609eba40a45"
"0f4b017e-9760-4c81-8e49-0095af6fa9b8","63ebecd4-0d65-4523-aee5-f18cdf199df7","085736a1-a351-4523-913d-09921b059ee5"
"10d0bd1f-3418-4cdd-aea3-7c3d8725c738","b2be4cc3-0aac-432d-9d41-62b876d1c14c","04c2c63c-e035-40fc-a841-341da1407df3"
"10f7ad74-0887-4861-a1a0-dae570a8a5ba","c8c3ef10-4c01-435e-902c-866d7fc0cd25","01a0c52e-7de1-4334-aa42-8977ff2ea2ae"
"11078b05-8615-489d-b641-bb5cffd3b44c","c29db340-a86b-4244-b197-21f9e898a83a","0dbb4132-3127-4000-9bc2-4ff737240913"
"121fe97b-4350-44c3-8de3-78bc48d85bab","14be4512-759f-4861-9919-faf1a1517948","00545b84-38b8-44c1-9e13-26567589f51c"
"1259894f-d9ff-4a84-b979-fa0db4d51060","fc2bbc42-0235-40c5-bf0c-ac1be21d8a5b","06f7e6e8-2de4-420a-8da0-8f2b5f3f4c73"
"149886ca-f1f6-4277-a052-a2b6dcd4cf64","fa2feef7-63dc-4c9c-8164-28901b32808b","007f760f-5231-4641-bd7f-78154e3e9180"
"155e1f5e-0b0b-4d40-a5de-bfd6abab1f81","53bb7bef-8cde-491c-9b81-41dcbbc1d956","06f0d86a-8cf9-4928-92f2-bad218dcc44e"
"15dd19b7-ec20-4e9e-ba95-7359daac8834","c8d584f9-79f4-4364-b42a-6979a5197891","0df7d8a8-fe0e-4e35-9904-e9e909457e2b"
"164d6d80-2e65-43da-82d0-13b6b7be593c","51c4c0f6-f522-4179-93af-e109ac0b7600","08c386aa-06df-4b7b-b33b-1f4e716ca17b"
"19336e44-a35f-4441-9e5e-a660b807bd57","35291228-1024-446a-b622-e753bab66caa","09c8e642-cd6c-4467-b08f-3fd4575c5c06"
"19eb4207-626f-4c59-8976-ac5fafe8408b","0cfc5755-8e85-47e3-8ec0-453d2e4ec7cc","0e935507-c580-41cc-9158-e593dac9a459"
"1a842e87-14c7-4d98-9c2e-42c90134ebbe","0fa525fb-e39b-4b9b-aacb-1ef7badc4712","0a1bd801-8e1c-45e1-b0aa-bf5c16d8bed4"
"1b643093-e2aa-46f6-8312-b6165f4e4c4e","313531cc-9e8f-49f8-be12-46bc4dee94db","03a5a7d3-a63b-43b6-b7bf-8f6ebcca5dde"
"1bcec8a0-d57d-4b6a-b57e-47c89407c4fd","73494038-f44a-4f4d-b5fc-6fbbb93d9995","0c056340-a2c2-440d-9265-5facb0c9a6cc"
"1cc87fba-6c4c-47e7-91d6-67fe652a409e","3323d774-bcfd-4f81-842b-5c5b904ac350","0516376e-fee7-474f-938b-da176dcda3c8"
"1cf93e93-ec6b-4a11-90f3-0b6335c39bbb","50090a35-4d83-4d0d-be53-6732ad3739e6","08a6b296-4e6e-49cf-a4a1-80c8293d2423"
"1d9315f6-9a92-4aa2-9aa1-16e64ed214d9","3d04f4f8-0507-47ad-9226-abfadf21dbc8","01bba727-a43f-4d48-8313-faacc1087701"
"1f4f5518-ba61-45da-8ddf-ccf2ba6f1d84","590f3e5a-d014-423e-86c2-2c80399775a2","0d794b85-f36a-40c3-ad28-bd9dfcc1f208"
"1f687a1a-018b-43b6-b258-0ef412056051","93ca471d-92a6-4d8b-9b82-9907b174ee8e","05ace113-72e1-4c7c-bb13-6d5a1cb602b7"
"20640cff-e9b5-4f75-870d-e8a5ca2291e7","f1ba8a17-85c8-4fa2-9c05-3017f568983c","0ae55b7a-3087-4e4d-b1a7-719dad94d917"
"21dc46e4-80f9-472a-b162-a98f49598300","a8080fc4-29ee-4169-96f4-bcbf127826b9","0cc931ca-bb44-415d-a555-a5e92ec496e1"
"2222f107-ac21-4208-8463-49caa082573b","d1fa31bc-43eb-458c-b6e7-994d3f0ffec9","0076e07e-553c-450f-89bd-784f666ff272"
"2557fe4b-7ea6-4fba-82c7-7d48d20e4206","60cc3c5d-aae7-4908-9436-8f6583b06ba8","0734af45-1d13-411c-90ca-a509f7794794"
"25b76fd8-9939-4ab5-a596-6c5b5c8418b2","9ddd578c-d8bb-4bc8-8d60-fbf5bb6b8669","0c704a15-c5a0-45ed-a16c-be27a97e1f20"
"269558b0-5676-4db5-bc0b-29d8f7447f4e","c0296d7c-0bb5-48dd-ad57-eb3c5c64583f","0c011651-e9ed-44e0-938f-69945a898eda"
"27413e85-659c-4edb-8e2b-64a1c3b9ece3","52ba7d30-f28a-468b-802a-1348d4509851","0b8995ea-a551-4a4b-8e68-b20abb049579"
"27e4d69a-d1b9-4ce6-a9d8-13de71c32756","aa920465-319a-4892-89b9-34192070e0bd","0eb4a547-41b5-48bd-a0fc-f41e08e50bc4"
"2849571b-ca7d-443b-bb0c-6a67752e048f","269b82d6-ea3a-4582-bdf8-93bdc219f884","012b68f6-e991-4a94-bf70-d6da345ac640"
"28a0f91e-7925-44a1-a79f-3b706b9d1f5d","0cd35e73-46d9-4b2d-9ed6-94e23a22876f","09b9786e-7538-4416-a9a7-4532919e123b"
"2acbbcbc-9e8a-4169-bd09-5f2cda024635","3b0e6326-c31f-461b-a2de-25281d011835","0958d445-e947-4ae3-98d7-57b44f2286d2"
"2adf8031-e879-4a63-ae87-09a9b382addc","d69ef2da-0ebe-4fa3-a8f6-2c029767a8ee","0da79840-0b40-406e-a009-f37735922cf8"
"2ae19901-1c34-4280-81b2-1b054f953ad2","440f96bf-0c79-40b5-b5af-592488bf74b8","0650d58e-44c5-43dc-bb6c-676dc0a87110"
"2b31e179-0cd1-44a4-9109-ff6bc68fe2fc","630c4a11-6b7a-4601-9463-b9ba790455d9","0c7e2eb1-6764-4900-94a6-99c7b0a090db"
"2bcd56fe-c25e-42dc-8dfd-d99bd65eeee8","5d36c5fb-1cb9-4111-93ef-e46ef0d5e8d6","03be9298-625e-4420-9261-b82113255d79"
"2bf517b7-ce6c-4dfd-8749-f6be8243b96c","dcf5cab2-1e0a-4edf-b60e-e0ed61181634","0d0ef0ef-84d5-42c1-b229-72500fbb0945"
"2c2ad194-59b3-4e2c-b2ba-698dd2405529","30aec01d-80f1-47bb-8c97-01dfdf52607e","0c845ccb-0995-453e-a985-795828cda65f"
"2e122202-4d98-4ff2-846f-4afc75aae93a","b6ef6b00-85e4-4d51-ba01-a3aefd9b4d22","00a1cb26-3f72-44a9-bf84-42abcdee5918"
"2e352c0b-4f7e-4b84-ae53-fb30455f5207","a307adb5-c703-4670-9ce5-948d0f0efe54","05d73dd0-4e45-49e3-9c1d-73a8eba95d5b"
"2ed28ddb-c5b3-4187-bf2e-3028ebb33c56","55283c2c-6559-4367-bc86-52fdadfd6501","03cfff96-890b-481f-8dde-d658d03396a0"
"2ff8ee0d-a1db-4fc1-ace5-07594da3c116","94711c3d-d27a-44bf-b9f0-5ea1d857781c","09165fb1-19d4-4169-a31b-429c9580370c"
"30d98c18-38a3-47c7-b8b1-a6021b2ff74c","3d302eba-325a-4e95-b5bd-b5488d8bc391","0244aa68-84ba-42b1-9a9e-42c10bf3f007"
"31c955e7-f989-43ae-90dd-01f2dd2c64c7","325f6b0f-3dfe-4ef2-96a1-e658f43003ca","09104a5b-3581-4201-86f3-d0e83d11c73a"
"31fe5326-f49d-4406-87dd-25024d8456c6","f17fe839-f0ae-4931-becc-ac71bb12040f","0a806348-93bf-4a6d-972b-7cc5b26e0683"
"326e3fb5-bbea-4d44-8f7d-d43b15a44373","3d641e99-117c-424b-aeab-fd14a7035e67","0a14839e-3413-4e04-8c34-240f6f8bcdae"
"34119e5e-94d6-46e9-ad83-32bc3c38192e","b9f1226b-9dc5-4895-ba41-348d1bf23c34","024ee6d4-da56-4f1c-9e75-0250a7361aca"
"34d4ac2a-434e-46e5-acd6-ecc66098bb6d","d850bcbd-c8eb-4e57-b3ad-8c98ff065e8d","0e741011-5afc-4d62-bd24-ca33de2e606b"
"005c61b4-d371-49b4-8c29-b9aa52d4050a","60388ddb-7e8d-419d-b470-046f130b6988","06ffb468-6759-4634-b16b-76554c46c666"
"01314337-e85a-4a9b-bd98-915ca16befaf","56c7062d-f1d7-4f70-bee2-3523af0b8ea7","0958566b-1d60-4a46-b931-6633b50256e8"
"01b558b1-885e-4005-8632-5c2f9152f51b","a51c0a75-30ba-4747-9a82-b1a4a25a681f","0b526b4f-c749-4f7a-ada4-b560eea5c5d4"
"01d701c3-c3b4-43a8-9a01-3b27301ac9dc","e807c6be-d065-45cd-81a0-ba65d4db0e19","0a5b40f8-c214-4704-9a28-4e4b2444bd43"
"01ed8329-0c39-42b5-bdda-7f622e5efc6a","b352c92c-c21b-4594-9a22-6816122e2929","0234f959-57b6-4a9c-9429-1d2394e90eeb"
"025ab33d-3a50-4514-afa2-b218d9c14ab1","fcf71e1b-261a-45c7-bbc8-78612cc2c229","0e5ab8ce-34e6-4f69-b4f8-6980d0ef61ac"
"02857787-543b-4e3c-b31d-5bd622feff12","51beaa0c-d4bb-4cb5-ba4f-6a9f21a35e66","03d5c323-24d5-49ad-abcf-482cc287c642"
"0295bc53-cebb-4199-93b4-8b60290294f5","af77a5aa-7341-44dd-bdaf-caa3cbe6c35d","06c5e4d5-a58b-4302-81d7-4baee8d319eb"
"02a576c1-4b60-48df-b068-3d5abc6c1968","395791af-ad7d-4590-9157-883c3aa40703","038d0167-3164-4493-805c-5af83e89b250"
"05e23f0f-a848-4ecb-ba1a-1ae93f1dac2f","75757dfd-4f4f-45cd-9187-888f5fe91310","043d31c4-7cd4-473e-bef7-c6975e724085"
"06c778ea-9fb2-46e3-b71f-5372f58ad072","0b595c2c-085c-4c00-b136-54a374ae1a32","0e2f3aba-dffb-4be7-9f0c-717325861663"
"085a5bb2-4fd8-4577-a4c5-44c5c7284a6c","68d5f432-9f1c-4866-9f64-f470ba778b0b","0d3c9e05-d203-47d5-ac4a-63db45278145"
"0894c59c-b20f-4e8d-9684-fe255f10fd32","6306cb9c-5b79-452d-a62a-20cacf1a03df","02136b74-36bc-48b9-bd25-fea92e3878c1"
"095aa991-78de-4487-af4f-4ae61ee29d82","752ae85a-74f2-4e35-ba52-c37e19edffb8","0bbe1c4c-c357-4944-8d10-e62fa1869ebd"
"09ff1824-bb3e-4ffe-93bb-841bed863fa7","89ab2352-7950-4c06-b88b-1f7feb256a49","01822047-038d-4276-8061-8b7b6a54b87e"
"0a48e4a4-c094-42c8-9885-e88c92484cf0","31b58a44-0b27-4ee7-a954-b4728277de7a","054e4795-42b0-4eb3-88cd-37c1ed975923"
"0afe7311-cd3a-48d8-91d7-a1125150d2d1","ae7eae25-95a9-40ee-855f-afeb15ffaa8a","02a896a6-8062-43b7-b2ee-18953f7df411"
"0bd3e3d6-6263-4109-89b8-7a0bf3eec0c0","dc5486fb-1ad4-441f-a244-0620420edde7","0422592b-ba03-464f-8a95-674dcc3a9037"
"0bf63fac-e69d-4158-9b04-bea964026aca","3f0588dd-1344-4d9b-80be-3cf5f60e5d94","0a09817a-c47e-4923-84a0-968eada868fc"
"0f598c51-9500-4d53-be46-4a7d097ccdd2","09649640-640f-42a4-8497-1a598117aac2","02142813-4325-4948-903c-a5594e1c01d7"
"0f839455-f494-47cc-b0ee-391ea8f2bd52","129f67db-9b94-48c5-86cb-6177ef8fca18","05bcb62a-6234-490b-b5b3-5d8a9a349998"
"0fa61e91-8533-4b76-9f82-083cf5cf2eba","eb39477a-e3bb-481b-8785-38be1297f4e4","07384d90-6f95-4457-b145-828a486b190b"
"10851425-5f26-4698-a7d6-223856ae8450","e2d4b92e-25aa-4e1d-bb66-d076b4bcd2b5","01d478d7-9dfe-4c62-a8cb-368c9438c43c"
"1625bb28-8b39-44a5-8566-6403e1418712","36d9c2e6-ff84-4ca6-918a-b34cbbdbd631","06c5e4d5-a58b-4302-81d7-4baee8d319eb"
"163cf998-43b8-45dd-b3bc-9bafa244a622","3dae4a7e-ba98-416b-a04c-f138c100d86c","056757d9-5297-40a6-8af1-6029bd89298b"
"197fbc17-4056-4320-b7ed-0a32f204c962","696e3e31-b547-4e57-ae1c-b552db848f00","057ef6be-6254-4e8a-9d4e-3e2fbdfcc5af"
"1b92f885-67e6-4075-9682-2247ff9c531b","f90a83cb-7167-4612-af2c-a1620b375c6b","0bbe3256-7cba-41d3-b17a-805d03007752"
"1be90f78-0db5-446a-8dd0-761788702c1c","ccb01508-658c-4fb2-b5c4-b31877120ad1","0937278e-f7e2-424a-882f-8a114975bcc7"
"1cbe04e0-a2b4-4640-9a87-f51890ac5432","473aa46f-7328-425c-8d6d-a3c389d6713b","0d722db3-fde8-454b-a2a9-adddea263df5"
"1fdb5f23-a4db-4cf9-adc7-7c9885bb6929","ee250c60-8e6a-457d-a68e-959bf40eec73","0c67d75d-4fe3-4ce6-9292-8e5f919436bc"
"2087d732-065f-4c74-aa36-7f598b929ef2","75161f03-cc65-4ade-852f-423b491aa609","0da79840-0b40-406e-a009-f37735922cf8"
"212f970b-a8f2-4a54-bcfb-b4c3a4dac259","be568940-87c0-487b-8bf6-756fa9faebe6","0b5fe991-2279-4d77-82ec-75a891e66dc5"
"2193b405-b544-4bb5-a8ba-e19a79f0dcd0","adff5cdd-4082-4753-b2d1-ce97588115c6","0a5d259b-7ade-4a03-a0c4-e5fd39b41133"
"23d9966f-9b51-437a-8d1c-75aaefcd3ddc","633a1bc8-1557-4c33-86e6-776f9f9c122b","09f6a956-7b54-447b-939c-6279f299b9eb"
"247dce56-ac24-4bf0-aeea-ad02ce5851a8","a1082252-38c2-400a-a5db-10968d867c9f","09eb24d4-e7c1-446f-a548-56569db7a148"
"25dd5a23-4e40-4520-9645-3fac3c06787c","a1ae4c9a-5675-4751-9ce0-8f3c3cdb45a4","00fa61c5-645f-422d-8f27-b4abadd90b69"
"2abb7cea-36b9-49f5-81b2-011374ee7cfe","1e2f9ebd-26d3-45dc-97b0-825265b5ebfd","00b55685-6fd0-44a9-9123-ce4a0e47e5de"
"2b40e4df-3798-4ad0-b2f8-0bcf97ad2037","8cafb63f-15d5-4316-89af-2483841edd77","0a313716-c618-469e-90f5-73a86c019b58"
"2b5d07f7-8fba-44b6-8947-f053008a112a","a2847d6a-ea1f-4b8c-99fa-05f7fc4fd1c7","078b3172-f821-4c4c-a49a-3b8f8f428e7d"
"2be9ce0f-ed84-4c43-817b-e8a75333c06d","49358d17-2ae1-4d66-96d7-765a05d33762","004ad92e-9414-45db-8850-cfe1f4da769f"
"2c921316-34ed-4e73-9275-6b16c27989a2","12efc137-4e63-40d6-a421-6f1cd7d5965d","004b5fd4-e555-4ec7-b3ce-709978adda71"
"2d582557-a599-46f9-9f3a-b74cb7558e71","f3f06062-4666-4a8d-baff-2e7049e969c4","0801376b-3250-409d-a685-13a8c8a5098a"
"2d72cddb-975c-4067-91d6-5cdd7c9a9787","db238d9c-b719-4c9f-be6e-7591e3cbbc71","05d73dd0-4e45-49e3-9c1d-73a8eba95d5b"
"2df39131-3201-4ac0-93ef-070271e00be8","7e3d3958-29a7-48a2-9000-5540c1de6950","0d885734-7faa-4d66-9138-ccd6eea0e3d6"
"2e5af9e7-35ff-41ab-bb3f-bfea474370a5","368983b6-0ac6-4b0f-8008-0691ffc97185","0783c712-ce8b-4d1c-a961-8b5ca0b57545"
"2ebbfc3e-2cc9-4c40-bd81-3e86a7934c80","5ebbd53a-d980-4b9f-b60e-5688f783c93a","01d0760d-0732-487e-837d-5ff016e9700a"
"2f79972e-dd29-4fc5-b778-6aaaf6e16f57","046b16c1-b792-4faa-aa4f-187c405ce08a","043bd6a5-c691-4b8d-b8ed-3b23bed0e935"
"2ff3fe76-60f5-43e6-95dd-f64d9852baf4","e250e559-727a-42eb-9822-63c37c3b7f23","01ebb309-a8bd-40cc-9812-960ea24b791a"
"30515495-948c-4c4f-8272-05504208b7bf","af5553a5-cf98-4467-855f-1aa93bcccd5d","03fa071f-5a2a-4b18-b253-8ee848f27e5b"
"32b70130-af60-4522-8d31-2b32318812d7","ea848403-7377-4844-8cf6-c0a54edeb4ce","0acf20b3-d365-45e1-a5d3-fcb6396b54da"
"33cc5d23-c473-4f9d-be87-affd3a99c97d","ec6af9aa-1789-4594-ac3e-86299b51fe90","06997fce-863f-410a-8276-17b4fdda79c5"
"34f50fd7-b796-4745-bc0c-acecdfdb607c","549938cb-f554-4718-adc2-6c220af87be5","083f7a30-de08-471d-a898-a02cb9daadfc"
"3521e1fc-a9ff-4fe3-ace8-dced76504947","33c758fa-a894-4940-8642-961358cc2403","00c2916a-4084-4271-96b2-22813cbf7950"
"361a1a80-4f3c-4031-b0eb-f6565da02d47","44d6a5a2-07dc-4b6f-879e-95746e43a79a","007fd478-d81a-41e9-80a1-9945e79aa68a"
"36ee6422-9ae3-4ca5-ad2c-7670cd856688","e1124165-ebf1-46b7-91f9-bc1732137878","09aa8d07-35d2-455c-98a5-d734b7c1b7a3"
"3973221c-683d-4542-b693-8dcec9ad9954","c1023f37-e8cc-4e6d-ae83-ed2c19eb54ad","06972041-d8f0-4b5d-b907-603bb43b354c"
"3a6a19d7-426d-45e0-9da6-5eb01940e402","1b40b279-c34d-4ea8-ae6a-da5b7ff66510","053c08d2-1f58-4ca3-8885-f6ad6726ccaf"
"3a97b7bc-a0f5-4ce8-b4d3-8e79482c1324","60c9c6b4-5d8b-483c-bd08-f989defc81b3","0d0bc9ec-befa-4e63-b542-65a4bfd9e51f"
"3aad6102-596c-4557-ac8e-b18403debb6f","e2e6a2d2-05a6-4dcb-a0ae-520a65afbc4f","0c595daf-ef09-4f4a-ac1a-2bde94de636c"
"3c46a578-00e7-46fe-a68c-c86cbe37c757","f6953fa6-fbb4-441c-a513-9e27ce6b4082","00a54706-cd40-494b-b454-d918b4dad914"
"3d7462c6-3ed7-4432-bf9e-74d7a606a109","37da49fb-c311-4b33-a4fc-f5b355fb01ca","05edb7e1-c38d-4b24-838b-01906d3a9a61"
"3e9b16ee-de6c-43de-9f58-2996adecbdf2","7ed05626-6a48-4ffe-9c0b-a7587f489a97","01406c92-b170-4409-b4b9-7073a24aeaf3"
"4002cd2c-2329-434c-b58b-e01ba131fcbf","3d64eaf9-cf44-4a79-9cc1-e91e240dcf4f","06e6c92f-92ff-4122-ae3c-a646a99681fe"
"406b5e11-e6f1-4e10-b4b7-c471c614ba51","b05f2f34-05d0-4169-afbc-a1f9ab535ab0","0743ed1d-a2b5-4ab8-8942-808e5572f1de"
"80261463-12b6-4997-809f-26c2721aa188","f92172fa-4f4e-4a25-a94e-dc1961f2ebda","00df716b-479e-48ec-8188-d2f4dd184848"
"030a8fb5-9850-4971-b77b-1ece8efd15cb","82a3573d-d2cb-4365-8c9b-4474050b5f17","0039e55f-57c9-463e-9a7d-310fc31c3294"
"03923389-3e7f-4b0d-80e9-3d6cbf54674a","43101adf-ce93-476c-8d7c-b003de9b0367","05dca0b7-bbd0-4452-ad0e-e15877823d04"
"04940f19-03b6-4dc0-8906-3cefea157231","1fd62f07-a663-4657-8d60-61863f1ac765","0729e5f9-18a5-40e0-9ce5-c091bf07031f"
"059caacb-c99f-4402-9462-17a4495b4cfc","9c3a2df1-05fc-4d1e-bcfe-c23cc3e5f897","057eb8c2-96a1-4e32-9e03-d38a7f81fd9c"
"05f1adad-c215-4dba-9f1d-4768791b7d82","dd72eba6-a2e8-4387-9ea6-d90db3bc9d9a","0728f3f3-b043-45e3-aa82-7b998152f82e"
"068033b8-d29e-436f-b8d8-646c7cd4f303","3e541538-8b00-4faa-bced-009a15a84b57","0391dd12-4318-4acb-b0fb-d37f8ec19f53"
"0696b2d3-cc36-4920-8929-2fe607e0781f","f909c0e2-229e-4e18-b64c-35cea9690a22","0291e3ce-6cf7-4f7f-888e-18f3946a6e89"
"06ce8470-23b0-4bda-a1dc-ebae75772184","7ddc73b0-624a-432d-bb9a-b0cf1f15cbe8","01a46347-5dfc-47bd-a2f0-374ceef5757a"
"1102f1f2-f75a-4dd8-9db8-8b9f7434dc76","4bac4efa-e145-4316-b9ef-c84a7aa28911","0572d745-629b-4448-97af-e0ee86238677"
"117e7d7c-c2a9-4a1b-a966-3c92ae266f3a","b6817139-3436-4bf7-81ee-d5c075dea006","07002b5a-a3c3-4dc2-8538-1be0acb3640a"
"12f9b85f-bc12-4b5c-8691-82cd9b21c142","a5a3502a-4dc2-4abc-b002-979d1befc5ff","020d5e96-3510-4092-a2f1-36e25742557d"
"1460365e-7ad3-476f-8845-b53ba886fcbb","aa7fa7ac-1bb6-4cda-adf2-d57100b0423f","0119cdfd-01cc-4043-be59-f2921d74df89"
"16380818-ebc2-4fa0-8b5e-343b576080a8","a70a6861-e6bb-49d9-9dee-38dbba5ba43e","07d83bd8-bd53-4383-aca9-876203f81d60"
"17d04d6e-3638-4ce5-a5aa-06cbd70aa023","fbea1c63-f4f1-4547-a840-47e088dc2aa2","039fe095-9c2c-4bef-9731-f5fae5ad1e24"
"1af9ff74-a699-4cd7-a9cc-143adbc88e02","b1aaeaec-2d82-45c5-8e59-713cc792a75d","048a638d-77cb-44d5-b82b-c54aeb14ac38"
"1d097ca3-e952-4e46-a20a-32f9a7e81cb5","3c617df0-6b99-49b3-9588-58ee8ab05651","00d68a64-2799-4cbd-87d1-97a41f68356b"
"1dc88a5f-9b77-4231-87fc-b135b0d07d29","ff6dd3d1-69a5-4179-927a-3fa57339b636","02fd0685-f5cf-41a8-ab21-ecae0534d3eb"
"1e4e00f1-e4d0-427d-810f-2563eeb0b236","ff0fdf2f-e82f-48ad-b0ed-10af4a73ce33","02c8943e-0b74-4369-9205-5f6fd676c9a2"
"2077eabb-3679-4b3b-904a-a1d6386280d5","038ca8cb-ecd8-43de-b825-0b21a6c5af53","036a3b74-f333-49c8-9183-42cda302287b"
"209814fa-6315-47ef-9c36-f68afdf5f88e","6590b501-e8e3-49e2-9d0e-3578ded15253","0598e93a-8a48-46e8-86f3-9a14ba11e70e"
"23316fd7-6ca4-4d1a-b57a-ad7f3414c722","6fa07b8d-b6a3-4245-b8f0-66ce6970fa58","0119e645-2854-4e5e-bc6b-f643b2674a54"
"23caa4eb-e9fe-4c52-8df4-04f79d5fd989","6e99dab9-ecb8-4086-a68a-c94f27148b3c","055a214d-02d3-4952-9446-4c05cda113fc"
"29915e02-5d91-41b5-b6c8-611108d3b657","a4cb000b-1191-40bc-a65c-0f06beab3eed","0233ee74-fe82-44dc-8c45-332025127287"
"2bd7bc3a-5e0a-4acc-80ca-47301bebb90f","845efef0-79f0-42fc-96ce-bf0a1f5aee17","06c175f7-e241-4d0b-9b11-d4dff06d9522"
"2de7fb17-6dc8-49a0-8fef-ee0a39f0896e","f7e7b950-84c6-4013-9104-b6e248470161","04ba2450-cf25-4b1e-9f5f-e4c2756ebb98"
"2ef702e5-c948-4bf2-951a-5b9277221973","02633524-cd27-460c-9553-c8a0acb9c679","04a5e890-c23d-4de6-8e14-95158b4587a1"
"2fff0eca-43a6-4bba-a2f7-0b46c806122a","47bad1ee-84f5-45cb-a98e-328cecbbf5b0","02b85613-2dd8-4c12-a399-91125defe4f9"
"318ce77e-e158-46a3-aae5-dc220966927a","b22d11ae-a518-4ac2-85ea-112f31baac56","001912c9-c01d-4761-afea-6c9fe17c55f1"
"327f448f-bc59-4e5c-815b-2aec38a0bf95","a70ccba3-395c-45c2-919f-30b68237e308","00ed9280-11f1-4a32-a409-0b8d7cfcd287"
"338120eb-4b96-495e-b50c-763cea734a96","6a992e19-9fa8-4656-a18c-e24c1480ff08","001ca996-d284-48e3-a856-ae573c94ff9e"
"38b3e392-4fc7-45c4-ab64-0fbf9098acbf","d1583e37-dbe8-4798-991b-4f688d3544a1","020d5e96-3510-4092-a2f1-36e25742557d"
"391f6d3f-93de-4fce-b7ef-cbfadb1e8420","ed7766fc-36aa-4ce5-8d59-3ee1a43bcedc","0277b96e-f05c-4cc7-b32f-39687e0f3450"
"3f6956b0-d27f-479f-9147-7afa27dc2f06","098e0825-ac7e-42fa-8da6-1d15f0ce75b1","04e4a944-6b6d-445c-9f6d-cdf93ab8cb0d"
"447a68f7-8f33-462a-a147-c046df80fe04","974fc71e-9f48-4c9d-bd7c-27fba1f74027","030ab64e-041f-48fa-90fa-9713d2a65258"
"48e89621-ef7c-42e2-a637-37aee1562462","6837099b-ea39-4370-96a2-1b9ca3147889","02cb9bc6-88bc-4b44-97ed-c9be9d39ba63"
"4b314162-54fa-482f-a179-183b26c08c96","89f78303-84fc-4c1b-8eab-e240bdc0b948","00940126-fffb-46f5-ae55-bf6468dd84e8"
"4bb37549-0bf7-4d0a-b98f-c707905b8b08","5ef6729a-f4f7-448a-a6e1-22fb27465365","05b5d72f-adb3-4ebb-b007-1b9278b850a5"
"4bc23481-d916-4abd-ae2d-c60880e8498f","327d6757-a09b-4769-bea7-38cdb45aa184","039fe095-9c2c-4bef-9731-f5fae5ad1e24"
"4e13d0ae-4bf7-4f14-a3b0-f50e265f178b","b65cb4a3-6d23-4883-94c3-1ae3c957e5ac","04d7d360-1b53-420d-a7f2-a4f6da46364a"
"51035c3d-e687-4dbc-a787-cb2fc446b6a6","3303faa4-cc42-401c-85e1-a72dd216eaf6","01a675c8-a94c-4782-96a2-d5bae6459659"
"555e21a1-9aff-4b8e-9a77-29308164f17c","f03c7510-751f-430b-8f84-844a299328a3","0570b7c2-9b79-4118-a290-65076fa6b2ce"
"5651b993-de8c-4313-aa17-231e6f399772","6d357dbe-f8ce-4b1a-81b3-f610a0047d1c","05f37c54-362d-4793-95cd-4e031eb138b7"
"56f47b1f-1cb5-4acd-bc51-3dcbb3a0d6f1","36fe4341-fa92-435f-b5f1-a83f3d232660","0293a81a-6b59-49e1-8aab-f6692250fcc8"
"57535275-832e-4107-8fe4-2d3a56e4c276","87855ff2-9e02-42ed-a617-2db06cc577c2","01af1fe2-6bd5-4757-8f44-797cadf77684"
"5ad38af5-2cb0-4d8a-b815-6f1082dd6391","3e3cd8ce-3c38-48b9-9143-a72cca1010f7","037c80c4-8fd7-4d13-a8b7-5ccfddb42fa1"
"5d5e6001-7d0a-4dfa-bdb2-4102d8517994","d6c00fc4-31ec-475d-a61b-6df26d1765b3","0735b712-3b6a-41e3-a13a-62edb83c3799"
"5d805890-3f9d-4be8-b957-61bc6373c74b","ce965844-a310-45da-8aa9-bd3ff38410e5","01384cbc-94c6-4940-ab3d-fff6f4e88286"
"5dbe1968-5d6f-44c6-b189-5f74c1f9ff03","826668bc-0d0c-4304-b8d3-87ebd9a36e40","0766978e-611d-4be5-aaa9-8e7e2631f673"
"5e024763-426c-4e7c-b721-6594ecb83d87","18ffcd9f-25c9-4799-9582-7f1c1d12aba2","07eac139-22a4-4b10-938b-77c954efe9f6"
"5ecc06f2-14c7-4d8c-b88e-021d490ee4d7","a25e05eb-8279-4afa-a750-677ef7c94a7f","07df0354-4ea1-4ee4-8c5b-f9095b2bb8a2"
"5f80c61d-7a0a-489b-b8a8-7dbb28851ea0","06591b13-4751-48fa-a3a5-8694173edb8d","037c166f-24f3-4e5a-9903-b15b52b2f9d8"
"62c9ad5b-90f2-4ede-b6a1-f92f71b1c964","ae8d1f1c-1cad-4e7b-aa00-49cbb6932f2b","060770c6-b449-4b3d-ad41-c1d5954465b5"
"64669cc8-1de0-4a54-a740-858ebbb43167","652fcbdb-45c7-4cd7-8be7-a52a7f0742b2","00aeb663-59fb-43c0-943f-366f66282316"
"675826dd-e2af-4ab3-a68a-49307b38c4dc","928d6b13-308b-4604-b778-41515a0527b0","07db69ae-b759-4803-bbc2-8d43e7b23573"
"00492305-1b42-452e-9f84-7bb203e2e6de","dda8c471-35fc-48f5-bdd8-4e6c4ca02ec0","01f8fae8-31b4-4a70-b9af-5c4f3c240cb4"
"022ef82a-6f99-4fca-91ab-e967cd9bc874","def45178-0669-42ed-a850-5eff53df1e96","07cf6d90-3afe-4587-b6ed-bb4634f293d1"
"03c8ed4f-9e7f-43d2-988c-787d80f63697","3eb50482-003a-4bee-918d-40d9e4fb58f4","0300ca81-58d5-4ec2-982b-2916cedbdb59"
"079ad1b3-dd73-4e82-b8aa-b773df6070fa","c43dcf94-2bc1-4b0c-8d80-b351d1d3c65c","0534fbb3-2484-4742-b225-b53e74fb1920"
"127645ac-24cb-46f4-ac21-f2ee5314c716","4d512b9b-73f1-41d9-b3e5-92f29f3fae08","02a60dfe-4509-4d95-a287-1471290d1355"
"13f161db-a1d7-45b5-b611-4e2887d6e0d9","8729ae48-0da2-486a-9392-94ab331a17b2","0158dcaa-44ee-43aa-b99d-82009d6085cb"
"15c99684-986f-4be7-ac0a-051f0263b74c","4c9a9ae7-a427-4faa-bdbb-c077965fdd28","074a5adc-b5ec-41b9-883e-ba6d8a453c10"
"1718e288-cf17-43c0-8b4c-388595f0b433","2ad160a5-5558-4d17-a647-b5be026f4cff","026c6be0-f4aa-4acd-bafa-c4445cc4a84e"
"1a089a90-c769-4a8e-b28a-6fe1516aa276","94580262-de16-40e3-8cd3-0c21a646e64e","01539d5c-07fd-42ca-8b2a-ff1d6e658d44"
"1a504829-ce50-46ee-864a-7c262a6ef2ab","2970cb77-316a-4c88-9b2b-3bc7e1fd2a4c","030e74fb-5feb-46f3-9985-1351bae665aa"
"1af22f41-416e-4099-8168-4f7ec1b145b7","8476e2f0-100c-48b2-9489-9e046478ab9e","006dd6ff-f3d6-4195-ae39-667763e659a0"
"3a371827-9272-48e1-852c-f907136f9418","9deec1dd-42cf-4abf-80ba-97adf5885674","06ff8ee8-debc-42ba-ab89-ba8d14d83325"
"3b45f297-ade5-424a-b5c9-ec2b37b4d2fe","c22d5413-6ae5-46ff-bd8c-6ba618b3ac97","071132aa-0038-41ec-9893-baf0549e2a87"
"3b465bd4-00f2-445c-8795-af6d3105d79b","0e28337d-3d9c-4cc7-97c8-1521bf07136d","0053f4b4-7dd6-4b3e-8948-195f0cc4da22"
"3cc08681-37e7-4ca7-a719-b757e69f17d6","f0d0813d-8f96-4ddd-9062-db8285593e91","07233db7-d34d-42c4-aaa3-e3da91131729"
"3d9c68cc-dc25-4536-96aa-808b91d5775c","439bd64f-ff55-41a2-9cd2-420f5fd75b5c","053228f3-80e9-480c-9def-489a0ddbdc80"
"3e7b5eaa-4f26-4954-94da-7d02e1ca561e","08803e4e-c5cd-459c-822e-ab5b04fbd4a2","0799e156-9760-435e-a714-2e64e3d33350"
"3f4a6c6a-8523-4090-9b4e-6537e33b8fc6","f9f1638d-e908-41d2-a1e5-6a1f2763fdd7","00aa4a38-2105-4579-8288-c74db5ef858b"
"3f6cfbff-3d76-4e09-99b7-35d2eee62c1c","f2d7f8cb-1568-405d-bc90-9970a80cb756","0882ea35-6cdb-40d5-b611-dcad58894960"
"40325eba-cc0b-4f2d-8795-6982eb2f1863","6d3b574e-2877-4488-a6d1-3fd735e6c894","02ee4ff9-0bba-4420-9a4b-a736e6fab7bd"
"41a92a58-1709-458e-ad63-bc0dd1698cf1","e2d3c6f0-d9b1-4a00-a0db-0779fe00136d","01cb7e42-637e-4f0a-9428-e7f6989648d3"
"42e07524-fb87-4a7d-bd6d-8d245835c2c6","c0a60dae-0906-4e41-9999-2f8edcfaa86e","03264a71-91fa-4916-972a-5d9555897b8f"
"4862fe5d-0f7e-46e6-86b4-aaad2e43bff8","a9624b70-9e10-43be-b39c-234dd73b8b0a","09086238-2bc9-48c8-a9d5-95bdd256f1aa"
"48a85191-435e-4cb4-bc98-e687d1116bf7","655b4a79-42d1-489d-aa71-ad14d183ce67","081fd3be-645b-47f2-b9b9-7c42e094fcdb"
"48bb643d-6d05-4f3d-948a-f3ee120b84de","4d4459e1-6c99-4b13-84a7-ad6564599ccb","092e6f02-43f7-4cd2-8ea2-b5e5d3ec9495"
"4a0d4a96-8906-418a-ba7a-2772edfc4798","c8f89190-7f1e-48d4-b39f-a340e9730a70","0abf0cf2-755b-4edc-b9aa-fde053c4b597"
"4b2a36fc-39d6-4144-bbdf-075e719fed12","5a059adb-89d2-487f-8baa-7a5ee6bc609f","0955b19f-80a1-4310-8d8d-dbdcb377e817"
"4b6aff89-7bf4-4c79-961b-17380f9487fc","44763d36-8e51-4756-a8b6-3d4598dc3f8d","07a903d2-0f98-421c-afbd-0b105b08a01a"
"504dd94b-28c3-4409-96ac-eb38271d1a80","0970d3a7-6f95-4980-9cd3-fc9c43e2e5ba","07404f95-65e4-402c-9f43-64160c2144b1"
"505a9afd-419d-4562-b56f-458ef597d678","d330d33b-1767-4064-8a91-0c4af7d6b437","041f0995-71cd-4121-ad91-f4bbcd591c29"
"50d9558f-599e-487f-a590-5bf9b3db4853","8caface4-1477-41ef-963f-a8b5b8da3762","094b1a29-2743-4d85-b928-959370915511"
"53fcbf95-c873-467e-a7fc-30d0050ec3fb","10345af0-be3f-4b49-987d-2d83713ac441","052f02f3-e860-4012-84f1-1e27ffde920a"
"54053b1b-088b-4cc0-bc34-c51f013c38ca","2c2eaba2-7b2c-4efc-b71e-cc9a2a5e2060","07cf783c-bf70-4ece-893a-b703d51720e9"
"5497b1c1-5f35-457c-ac4a-6cd2b7c6bb5c","2eed5d0e-6f6e-4843-88cc-6ef5a40b6437","051cc48e-cf2f-4590-9a19-d0fd2518335c"
"5643dfc1-b34d-42da-a924-dc40576c29cb","9c810c32-1fcc-46a0-a5fd-3ef8b759ccd1","06d3d2fd-c621-48a7-8b39-1abb6927ac62"
"57b95380-9e48-4579-a759-8f96c9b01063","37008aeb-7e2c-40d1-bf10-54ec380020c5","09e2844e-511b-47b1-b92a-1f838664bc5e"
"58c4848d-97b8-4c6b-8cd6-73edb30ae8a0","20caa2b8-f58d-41ac-b554-034ff681e104","02c295b1-6e2c-4d91-adf5-1d8b9dcf1ed6"
"247672d4-28a9-493c-8388-094c00bfd61a","31877d64-3254-46da-95e8-e84f6dd3368e","0491a46d-6142-48d3-a345-83f5b8ebee4f"
"24d5ea56-a3e4-4dca-99d5-9742d5a603ce","1c1a3298-3099-4e65-b121-baea1867ebba","03447926-f147-44ae-b153-34dcecece9bb"
"27fcf3fd-9bb8-433c-ba64-4c061dea04df","d804d124-fd93-4379-9c06-135bd0a9797e","030e7bbb-e92c-41eb-ae8b-0b2366bff1e0"
"295551c4-7174-4676-987a-fd6a0d64c618","8d751fe5-8430-46b0-abe4-5037454654dd","0ae1fae0-c9a7-4691-9ae5-026ac3881258"
"299c6239-e733-437a-ae7f-3c4c9dda112d","9b88df2e-fc96-447f-94c2-937416852e0f","0b13875c-5054-4c07-ae80-b76545b6a0d9"
"29c4ec7b-c8a2-4128-af99-d27f70ff09e5","9372518a-792a-4f1c-bc16-80008e7afa30","0095a7fa-3302-488d-8af5-b8c1af71ac0e"
"2a2fe809-6373-4bfe-9937-4a56e4a5fbe4","989bc628-2abd-4226-b777-5141ff7ca6a0","00cd249a-b369-4bf5-9bbb-3acdd8b362d0"
"2c0763b2-9f95-405e-a0a6-0f888eb6f632","c12a3d21-200c-433e-b624-4da0e7ec13a2","02065a5e-e69e-4370-8c20-0372e5295eab"
"30c1d1fd-8e09-4e36-8f60-72ac2cc5e0e0","4033ff90-022d-43e3-8b23-c3e88f50ad43","0048f6ab-ae45-458e-8f57-d3618e8807d8"
"30e7f2ce-b88b-4b2b-bd24-e0aae788c6e8","ab655360-8532-4642-a68f-2c552782a147","01b914db-ed0e-4e23-9220-5a70a04f962a"
"33240267-3b7b-40a6-b71b-93dcb24c7343","114b4735-d712-4a7a-a8d1-71be38e885fc","05e78899-863d-4d29-976b-9c36ca457331"
"34d775f1-f4c3-4ede-b172-07410967e702","e2bf2677-7ee4-4a48-b483-a1ee22f34216","0860e561-a8b1-4f91-8859-ccc1eaa4a29e"
"36132310-f440-4fdb-8f69-704d7e50520e","3727b85b-5310-49de-85ed-e24876a31574","0a5a6367-d0f2-42c4-afb7-7a83d5dc0bdd"
"361455ef-8095-4570-8dcb-916e786891cc","feb0d46d-1d9f-4f79-896c-6a81b3131689","0ab4b019-b07e-420c-8606-513c56aa1f29"
"3634a7d8-ea2b-48cb-9e3f-00cfe5a96736","815963c8-9b58-4afc-90fa-1144531c6920","00142c18-38c1-4986-8e87-23e68b609b0f"
"370cf0bd-5a09-404c-80f0-97b24843ebaa","550276eb-bf70-4557-b00b-f16085f500df","0716ae4b-3ca9-4500-b7c9-e24fd4a4c46f"
"38ff9946-0045-40f7-b281-82f34065139f","0b5c0545-321a-4742-9fea-a46ab391c3ac","0339b2f3-4de1-4b0a-ac78-094d5d0e92a5"
"39510a29-2ba9-43ea-820f-36ec3627d757","1f4b3c61-17bf-482f-b7bf-29e832238419","0165f84b-a2e9-4d1f-9831-d2140273af8c"
"3993f3e8-53ba-4503-ad88-f60338209ef2","436a5222-3439-4dc9-948b-49bad5a6e84f","098ffbac-7f3e-4cb5-b393-e842b0765732"
"399e2643-77f8-4e30-8f55-001bc59f2bfa","bb2c09fa-769b-4848-a408-11c4c57f5eef","01b914db-ed0e-4e23-9220-5a70a04f962a"
"3a35247f-e702-442b-a335-634b7e4551cb","ad8a034e-7fce-4d9d-b84d-fed8bdb60c0c","0155209f-09a9-4f44-9657-ac2f368484f9"
"3c189b18-d459-40d9-915c-6cb580a3c99f","4d95b7e9-9795-45d1-a24b-0f7d13b8fd84","02da2ecc-ffe7-4904-b0d4-9d812cd05e4b"
"3c8645af-0413-46b2-9351-dcdbb9c19ee5","b88a930e-dd9b-4aa2-8a98-d29dcc09d488","02ac6d53-daef-45ce-8d97-8799c79b0f5d"
"3d13acfa-bff0-4612-9b7d-de2164d9e140","c89868c1-2f75-49a1-91ee-71b406ba9ca8","004538c9-4437-4b5b-ba6e-8f58835aeac2"
"3d47f199-8e31-42af-a397-96beb2efa817","c008cda5-d813-4df9-9411-a6db60f0533e","053b5ae5-dbf6-4157-8f83-2d399f6b0116"
"3e1a3018-90ae-46df-8db0-28593eb4a5ce","a8a441d5-7788-4ecd-86a4-b65c162c45c2","041ae678-9d1d-4e02-bad0-12e502871e6d"
"43109948-8d26-4a5a-9302-85e5cfdd7855","9dab214e-6bbc-4eef-bee9-791b359c08fb","02512dc1-c397-4a2e-b775-b7c6e9576c0c"
"437df137-7c11-4523-afdb-fa7387b88579","e206a0e9-e4f7-4505-91b0-5b23f1b577d5","043d80d6-d113-4dbc-8273-42c3ad6d4126"
"454d1bca-4662-4b56-9d47-0cd6d6456fc2","ba5d9d86-648f-45c6-9fc3-cf90d41382a6","08975f5b-d48b-4c13-a248-6f7a85187133"
"46266778-e0b8-4db6-a195-8115d64fddb1","e3f8499e-66d6-4d70-baad-22d2ce75d3b0","083ee71e-e42e-466f-a3fc-48890dd946fb"
"4670548c-d66b-490c-a117-5b919f8719f4","7e3d3958-29a7-48a2-9000-5540c1de6950","04c33bf3-008c-4ef2-a127-a238923ac782"
"4955587e-5f36-4b1e-bcb5-2ff653de529c","389e5c57-290c-4007-be9b-861ed38db61b","09c697db-0106-48b3-b3b3-61c0c51611dd"
"4a0031d9-f769-4a03-b5ba-ed7e8e0c5701","84e21a3f-b1dd-4fc8-ba9e-b4385c18b737","0842a3cf-f6e4-4897-b21a-0ec82605ba1c"
"4a835694-6a70-4032-b8c6-eca6620a109b","0c9ffe30-d3ec-479b-a9d4-e5b77ff00b3f","02e9652d-7051-45f3-8f57-c9a5d6616918"
"4c6c9065-f0e4-4324-9249-d55c319679d3","ae4e27b0-2d16-4084-87e4-e7203a358c70","02a5af2d-0178-4286-9eae-690a4124714a"
"4c6ce27e-eb08-4796-8e0b-cf6570ad8f99","f4357cf1-d45c-4eb9-8890-03055f0ede67","0048f6ab-ae45-458e-8f57-d3618e8807d8"
"4d676d66-c774-42fa-9a04-cb8791e77b18","49b353ce-4404-4dd3-aefc-5c19c6818728","01334c5a-2f06-467c-86bb-b121cda6242a"
"845c224e-ec7e-44c2-9923-b2df1c2d365f","ae1d7ab7-3b3e-4919-bc27-27c292a519c1","00ef93fa-243c-463d-b7d4-a0dd4078f300"
"847c2264-f952-4339-ae2a-44b470438ead","253c61e6-9738-46d7-9354-05d6aeb763de","04c33bf3-008c-4ef2-a127-a238923ac782"
"029b2ec8-5fa8-43cd-8f41-d5e93f2a2387","352b4ac0-fb14-4638-a024-22ea9e4a3948","02bf4815-180b-463c-a75b-d111181be2c4"
"0342a058-f533-4ada-b2d1-4243ff763b32","e5a32b9b-8b67-47dd-a080-f08726ffb43b","05e25336-4a90-45d4-85fa-173602221e70"
"04814f00-db0e-4440-a7d3-ed09b9e69726","cdcf7bb6-662b-4845-9eef-9c2967a82f51","0239cf53-6cbd-4673-bfb9-f4d36290ddff"
"0569ebee-9636-4d51-a14b-883ee4661568","34c9db1b-6ad3-4c8e-b481-e9dc5c25bcd9","0480f453-da87-4e0f-9245-8f71a81c786b"
"086f8fe4-61cf-4046-96ab-6a44b48daee0","16eaa0bf-5afb-446b-a42c-7b9688df2849","079a9e26-29f7-4c1c-9a7d-62ee5807ed7d"
"0a533f87-849a-4771-9ce0-5d8280b84468","47d3a2f2-791d-43a2-a3f1-959f653abc2b","006c047b-2980-49f8-a475-0fc552a73ef1"
"0d98c255-7d13-426d-bba9-9186f5de7e64","5587729c-c1ba-4baf-9f42-19ed68602c0f","083a0cc7-9b25-4147-ba7a-5c6a6c95fa68"
"0efa2874-21e0-43ff-aa16-3e692e863c81","049cc44b-3a3f-494c-accf-c0bf99083634","059abcde-bd84-42f8-9460-cd6a558b899b"
"103d6256-ae8a-430f-b2be-020070787810","f8dbe1a7-a31d-46cd-81e4-81916c2d9278","0a3d0a9e-c581-4fa8-9df1-31defd7e6a39"
"14b6b167-8913-4acf-9e97-b7d00a805807","6210cb3e-712e-41e5-a10e-3910a40d58b2","05e25336-4a90-45d4-85fa-173602221e70"
"14b6b582-6b80-48ac-8b6d-05f530868ee7","0d7c3206-1255-4068-8a35-c09aeaed121b","0ca160e0-03df-4c5d-be48-5928156727c2"
"1662c4d6-f259-4960-9dba-546afbca4e19","6a1834e1-c272-4e7b-9ec2-a0b1973e0b14","0260c535-9368-4619-9e7c-986ca09de6a9"
"169fcefa-145a-4efd-998d-19d7d4ed5574","82723582-4ce6-42f9-801f-4477474e0358","0b6a348f-6654-4c61-9cb4-f39c7e82b6b5"
"17f6afeb-edb3-46f7-b67d-7207298768c1","87721957-5b1c-484c-8484-300c19801c4a","0d8228db-43e2-44df-be71-3973c42924fd"
"1817c34e-bfce-450e-a9bc-4be76e719518","3223b40c-ed2c-46eb-94fd-5ada96205252","0240582a-82d3-4759-a9c7-94c62de94e09"
"186046c2-1a81-4848-be0a-9635095aca89","4009b414-6271-4e4a-a36e-1f888619ef7b","0afe34e2-ecd3-4df6-adcc-6b380badecf5"
"1b17af88-de5b-4627-b261-a3053ec0fb6e","3ae3e2fc-a498-4c8d-a9bb-d2d62c472112","01296931-e9a4-40d3-885f-24d80883c41a"
"1bcbd1fc-8901-448a-919f-e1ede2c51f10","ad658473-f0c2-461d-9ec3-718f3287398c","09584979-a3ac-404b-b864-2909705994ce"
"1ce7ff69-2a2f-4530-985c-dccefeaa37dc","24c2a060-4d5f-4a0d-9ead-a7adb2eb75b8","022e5044-0ea4-4435-aa28-ad05d25ac627"
"1e0b3ff4-3a0c-43b4-bbb0-d591ceaa344b","55ab7c89-a41a-44ce-833e-6154eb3b6340","0b4f082e-cdae-45cc-b4a4-4d56c943ba58"
"1f441e1b-f823-4482-af05-36bd264620ff","c7a8d853-36d3-4acb-bd73-14499d070934","0d414254-1033-4fda-9e8c-d1aed947aa3c"
"20f683e4-cdaf-4398-b5a7-3f0ff6ce7ca1","41f4081a-6e26-4b64-9f15-c22d7e7833bb","057ea411-2ebe-43ef-b44d-c0ec915ef603"
"22c3bacf-e879-4d11-b29d-ea4378512a38","88cf15ae-5920-4295-aa93-648971de285c","061fb489-6481-4cb7-9eab-bc0e5fb0ad26"
"23a7993e-159a-4722-941c-96edb4df91dd","aa5558bd-7404-4cfb-b10d-35a478a1cc50","00476308-0730-448f-81e3-6cae6c386452"
"23cc7eaf-5efc-4b52-a1ff-09123476f1af","24d9e062-3cf1-402b-b02c-268a3b15db29","08653851-c462-4401-a51e-ac68ee4ffe96"
"24747f16-9d93-4801-91df-0ada674a6348","3ef53c92-2168-4286-beed-8e3ad9ec0f67","05094a10-d808-4ace-9993-b5e5c4df0ac4"
"25d59831-3895-4950-83a7-0242d456e9bb","3d53875c-e573-4493-a16f-33f0273cd33e","05b23df1-cb4b-4fab-ae51-0cbb37595f3d"
"267b778a-a7d9-47c9-9f96-5b84009afcd8","fa194325-5323-48fa-a85f-8094df374653","00a33288-bd61-43c3-ae3c-9ddd4ab0aa97"
"27ed8fdd-6f4d-4d1b-b6b2-ac9787174c65","70c70a72-0730-4241-831a-bb43ad36acb1","05e6fbd8-b8d6-487c-933f-ce6758b8198b"
"286f1d35-d615-4eee-b5d2-91454c039438","edff93f6-03dc-4800-a041-d36e41fb210f","083a0cc7-9b25-4147-ba7a-5c6a6c95fa68"
"295401f9-7803-445b-9aa3-ecf79ad10487","26b7b382-2474-4ef4-9160-4b721c194869","0bccb1a5-8562-4629-a325-2bccbcd19a81"
"29cea4e2-dcfd-4d79-aa51-1cb6a8726684","4dd655c0-367a-4073-9a08-4eedb69e4e11","0c44e767-ef00-4664-a4d8-fb030eb6b045"
"2a1c9582-fb13-4fe5-8df2-9433cb0d8392","df7c4029-06ff-4bed-9d3f-a46a631a0128","023d600b-9167-49a6-9cb3-b606b25a34a0"
"2b16deb1-2697-4947-9db6-e3ae2de109ce","8d9a033e-4d71-4e0a-a90d-2c44c932697f","0098d3c6-efe2-4c97-ad73-19a84f368d3c"
"2c844547-f000-4c12-98d7-e5ce7c847a07","56f778b1-2be9-4175-b92d-d23e71f65546","015d66db-6cc2-4935-ac6c-742944256581"
"2d6f4aca-f981-49f8-92e2-556384515a2f","eb4b960f-5ed8-4cf2-9336-0ed4eec74986","0af95842-72ce-48f6-992a-d5a52f4e0d8a"
"2e3644ae-4dbc-4dda-afd9-5662946df236","0b10760c-0f0e-46d4-86b9-954771460ef7","0a8a4c11-fcc5-47aa-84e4-2b45adbf87c9"
"2e5894c7-5784-44d6-b6bf-c42cd5489731","b9c0e159-0094-4177-b97c-57fb3899d0d6","02948de2-a291-4bc7-bc33-4f74906993dc"
"2f1d391d-bedd-4d5a-9399-501b38cbd6b3","723d3503-54bf-4c9b-abf7-a92a288dccfd","0aebcf78-ddac-44ac-a3e9-a834257d17db"
"2fe54e81-fafd-4273-bf9c-64400112bba9","38a76a54-30e0-491c-ac93-a78f7e62134a","0ab261b6-2f54-4983-9b9d-026bc4768025"
"2fe7809e-2310-4673-93e2-226a7928fce0","fdf0315b-ca15-4e11-8661-955b29b09f97","068bb3b2-569d-4168-8b5a-05535398bcec"
"30516465-b6c1-4ff7-9a1e-034aeafd3e76","035104ba-6dd5-4fae-90c4-b44ba6b1efcb","0261fb9a-0a3f-4120-bd8b-6bfd483ab13c"
"321cdd15-a5d0-4a60-a17e-6ed9311f55c8","ea2ad3e8-acc4-428b-b00e-be830414eabc","0266d541-c938-4865-a44d-ea1506d965c4"
"32ed4e94-1e48-45b0-a2de-721aea09b05e","f49f0dc7-1206-498c-b25b-ab566bb5ed44","0266d541-c938-4865-a44d-ea1506d965c4"
"334cdb7f-dc93-464e-9d2c-928373548c41","ad0554da-1f12-484b-a053-e63d0ce0aebe","098f1548-65e8-4dd2-abfe-8ce9ad0048ce"
"33a9cc46-e417-4885-a77f-d147fd970ae2","92cedabf-4721-4777-bd24-737abd1d0435","0ab778fa-2284-44c4-854c-8bace1dd6867"
"33cb16c4-96b5-4f14-b808-aa7f7674924f","f575d974-6bf4-4bbc-8cdc-8710bcdd557c","04f9dc0c-1ce4-401c-8dd3-394f962c7438"
"34758945-a3eb-4133-adca-c9f277823cd1","c9e016cb-eacf-4737-a7e4-5151f6b30c78","01738dcc-7cbe-4a91-a595-7098e35f4bfb"
"39312673-5b69-4506-8928-0ec95bd5b9af","3c284655-a346-44cf-b6e5-6dcc7f7e7a34","05392077-832e-4c3e-acb9-011c90c1b125"
"3ad0eec7-3a49-4ccd-8565-aa8b5ca83d03","277c4ce8-784a-40b1-9841-48a20161ee48","0b4bbbae-b7bd-498e-8038-73de0a36217a"
"3af61912-4cc9-499c-a9f2-0eca520ca89f","b07d2d63-d6b4-4db5-be91-a98343450651","02948de2-a291-4bc7-bc33-4f74906993dc"
"3c3cffb6-aa28-4296-82b8-c76ce81d5a6f","4f04d061-d6d2-426c-8e21-f6eb0327e724","02aac2b7-affa-4649-aa48-8cbb7b6ea6af"
"3c8920e5-0750-4eb2-9cef-ad6d13063330","59262b2c-c2b2-4cfe-9a9f-5ee9190d4d22","038979b5-1178-4bae-89f5-e7f12e5b28a2"
"3d188d43-28fe-43fb-b785-6bb9f0f1ee06","3dab1415-6fc2-4f7f-a275-b27c689711e9","04a5ea6d-c750-421b-b771-8184b490da28"
"3dcd01ed-b9a3-4f78-b318-bcbb890bf44d","1c4b0813-20f9-420d-bb79-333e6294316f","010b3272-9114-4210-b1ec-ebe3a66f7bcb"
"3df96c2f-9899-4eec-bb85-8cc6857e7638","78652d11-e75b-48d9-a51f-02adfe02ca29","09038e1d-daf4-4245-a03b-bedc13ca92d2"
"3e007a43-8e93-4e02-9f91-797b0ba74335","18914ad1-f9bc-4db2-bc4c-327773092cd2","0a75f6d5-c118-41f7-8d6e-0b621199034a"
"3e664aec-3006-4843-a896-020ba757e793","ed3572c3-3e6d-4d3a-832f-bc23a8ab86ae","0445b4d4-d020-419b-b905-0cf39c275f90"
"3f9f1a9e-6f89-49e6-96d7-03e6e4455b31","1d7cdf5f-3341-42b9-b3ca-32b7c1ba06af","0c28757b-40d9-406e-8c92-b98bd51389fa"
"4060535a-3046-4355-81f4-3d5ebc52ad03","ad658473-f0c2-461d-9ec3-718f3287398c","01a7f2ab-0755-4d09-8e58-8ca32509db7f"
"45899ec4-578d-4681-8924-f8529f88dc21","75e1ab0c-c1c1-4fbf-bc67-cdd82e0668c7","07717487-2d43-4564-88fb-76d9d554d513"
"4650516f-f6af-4da5-bcf6-3bb13c06f99f","a17a22b2-d241-49ab-a7ce-7e66a6964c32","094c734c-c143-48ec-a63f-c0217204667c"
"46f34e77-4ad0-417e-b521-054613ddf31f","27cb78c4-f48a-4aca-8408-329e37d7e1ad","0b13991f-5d74-41a6-9279-fcbea7a98d76"
"000fcddc-8c40-4256-8f9d-1218004d2f92","8f4d180d-67a5-4572-85e5-887f8ac8548e","083a0cc7-9b25-4147-ba7a-5c6a6c95fa68"
"008a58ea-6950-42e1-904c-398414adc300","15ff7dba-d33c-4b8e-894f-7590a11f11af","0a48b56b-d2a0-4e71-a1f6-e95bb7f716b9"
"0156b2c0-0136-435f-ab17-fd8f386451df","88eb4b6a-c141-4472-aa4a-3e5e1ea21aa6","029ccb42-a216-4d0f-bcbc-e4f96353a3e7"
"015bb105-9b73-47c0-8916-5d120b64d47e","fa60d535-234b-4aa4-8878-c03966abc385","02ceea83-21c0-4849-b40f-2109eed4e8c7"
"0194d099-3b7e-43e7-b1f0-bdd4bb6ad63f","d9aaa4c4-c784-4d8f-8070-c146e4f808fa","0c0f9582-22ac-4b92-a843-cacc6c091b35"
"02a588e5-2775-472a-b0d7-1848e92c523a","f08aeb9f-c832-4949-b83d-cb2dc6604151","0931db9a-e4b5-4a3c-aa65-b1ab13f9ee99"
"02c365c9-a8e9-4eb7-8bb0-13a9e0dc448b","f07c595c-1469-4936-a7a9-0a3301a24097","02ffb590-7156-4a9d-8154-af4997bfd367"
"035fa562-c80d-45d5-92e1-0bc0b8d94065","4e2d8925-4652-46a3-bb67-06e22ed91b65","01f645cb-addf-46b7-b221-5dd00ff02d8c"
"04c14f13-4b91-472c-8f16-04d4e7d86248","38a61620-3787-47d4-a569-f6205767bccf","04df544d-f745-4bd9-aa9b-58b40fd00bec"
"04d1255b-d658-422f-af01-4d7db1d1e372","f47fae33-9f80-45a1-994f-d57859b916f5","0782f13a-68ab-48c8-a2ed-9897eb6e09b8"
"0524fe90-3684-415c-8a84-1f8332a9cc34","edabda5d-8e3e-445e-8ff7-46f4526943b6","035847ac-3dcf-499d-98dd-b898714664f8"
"0677965d-1f17-43fe-8b36-24729a462a48","8f65664e-d43c-4970-b341-93c3c8cd53a4","07766ae2-58eb-4783-8de7-929952505263"
"09938c71-92aa-47e8-b9c1-d5c6176bf825","f47773a0-0824-4da5-9b61-c8f5da3ba364","04792d87-cec5-40b4-a980-5b45b206648e"
"09fb616d-cffb-40ef-a58f-7e835a973bf3","80bb71d6-0560-49fc-87c4-990a84c88d66","0ad187b5-1343-4c54-8fdf-c19390348e7b"
"0a4ace5a-13c9-40dd-bf5f-c5a30ebf4879","28e38684-3046-4f83-8492-009609253a25","0c64c0e3-f05b-4018-b9be-9ca01e8f92eb"
"0b1fafac-cf21-4513-86ec-1e2dae9f11c5","10c61139-14bc-4544-8160-c4656f652c3b","07f96604-bc3f-4fb6-a149-e1189501e36c"
"0dcc27db-c2ef-45c4-850b-54904e761336","fd3dc1e3-3c6a-4238-9b9f-af57d627fdb4","065c9cb3-6ee4-4050-8b0a-3b7a3e34e8eb"
"0ebfad89-abbe-4526-ac12-dd7f0cc21440","3f1e356c-90bf-4772-b356-f41575710cf1","0b78cb3f-0921-4772-b8a9-ce2fb7db752f"
"0f70d43f-76d8-4214-94d1-d28491a284b2","eb171f5a-f252-4bf9-b8c0-ef51e6194045","0b98bba6-9978-4fb9-98e4-25d09c7a71cd"
"0f997329-3a8f-47fd-b70d-6da4278990df","fd3fb919-19b0-4098-836b-7e9ebce930cd","041737ce-b219-406c-bc7f-e1d3be04edfd"
"102d8430-e99b-4ea4-94f3-07ccd402fc8d","4c028c61-779d-4f9d-b763-b5646b5a55d0","030674b0-3ffd-4f7e-b948-e1973cfd0de0"
"109597fe-662d-4cf9-9e31-5ae7166a2e63","a4996635-f007-40b8-8ba5-de7fc583f085","086619f2-5895-4c4a-a236-1f278406cc08"
"109e99d3-75b7-45a4-a7b1-2d271961e123","966361dd-433d-49bc-ad24-59f99ebb43aa","0a0b20ec-c7b4-4c98-b245-e73288c9f46d"
"10d0ada8-6b70-4439-9bb2-04ae4395ac65","c3037607-a2e4-4b55-9d0e-613005e22a45","0aec8cd4-8d7d-42a3-9839-9d27f76d0c23"
"11a93831-ce13-46ff-af12-29851af8343b","1a2d4890-6748-4af2-99c4-e0949f953a8d","0907059b-c7b9-46b4-acdb-bb939a0e8f76"
"1224ef07-72ac-4dce-8603-aa5c9193e461","8d6aa540-3261-42b8-a8f8-07890f12f357","09c934ad-5fe6-48ac-921d-2d169ebf1e97"
"16ee680a-e83e-4e3c-af17-569f585023d1","baeeaccf-93c3-421a-b02c-1088932310e9","087f7879-40dd-4270-9399-6d668122c864"
"1791deda-1e08-4aac-bdef-44dfd3c47aaf","8931786b-6e60-44e6-955a-1cecfd193b8e","054f0cd1-61b6-4484-8921-67a3d7fba3ab"
"19e7a399-1358-4313-a337-3cd34ecd2430","754fc9c8-4d47-4224-9af6-78595edda523","0af470e1-caa6-4b55-8e96-98c847d764c7"
"1b311a3e-af6f-4e52-9a3b-ec71bc02bfc4","9c86528b-2d70-406b-9922-52dbd805231c","08157011-cbd3-46a4-aacd-504a4aaff9f9"
"1ba1280d-5163-41d9-80d7-593461577902","1e954b90-6b10-4165-aad7-099bb6ea5b3a","05456273-5060-40a1-8501-4c77fc052b5c"
"1ce2be16-0852-4867-95a5-2f31f7f945bd","bd850c0e-fcba-4306-a7f0-02ac2b27ea7c","0773bcb1-6b0b-4e1d-8b98-3c43592f6af6"
"1d1d3ddc-638d-4acf-a10b-d0d94b3f05a6","d9886782-a505-4a54-8484-93f59000015d","06af2156-e3cc-4076-bddd-a2c4690d2255"
"1ff28346-9e14-4fe0-9031-de9db5a16f87","ce7c2f92-94b5-4346-aee7-8cd16966010f","09f55e67-1e22-4907-83dc-d7038e6a2be5"
"204df36c-8165-44e6-9ed3-c6f1f167ab91","304c4ff0-1150-4502-bbc8-928473feb7fb","09866493-b312-444a-a9da-0e426ed6aaf6"
"20adb86f-0c2b-4aec-a2d6-bb8f70d6fe6f","757ee075-27fb-4589-a492-da0d63ebbfdc","0cd82906-55a6-497f-aaca-cb6d5d314b94"
"24032370-3d60-4cb9-9be9-20dc2e96282f","7dc477ba-f205-420a-9b2a-5920efb86e31","05af5c71-a448-4923-96d2-288454b17156"
"24a3c7de-c458-422c-b185-815e5246b300","a8774d61-3382-4ba5-8ae5-3fc8c862b448","08f82515-6f94-4108-a14b-e084c24b8530"
"24e130e6-d935-43a8-965b-3b043bfacc16","b78f9679-f265-4410-8168-27deac082a21","05770221-90bd-4381-a7ee-6639bd3ab221"
"25ed29d7-fd88-48e2-8d38-faa97f4cdca7","382e17f5-a9be-4081-b9e7-445dfe5ca426","0545e485-1e94-433f-80d7-96c6d7baac0d"
"25f79c30-a328-42b5-a015-e00339e3bfbc","e704e9c5-95d1-48c4-a3b4-cfd39677c6c9","01234254-36f1-41e4-bc66-023bbe5f87ca"
"280bd3fb-3ac1-48f9-9315-92b058a3812b","8cec7147-1bee-42b7-8c15-4a0f84960913","0266a343-8548-4642-899c-188c43078fdc"
"2b12eee0-81b0-443e-8ebf-70f60919571e","97ce6f90-2bab-4847-a2f4-dcf7c5bfab46","011abc82-e09a-4f3f-a0f7-47303151151b"
"2be47e29-ce35-433a-9cb4-8460e67b8691","f95a30b9-42f0-4b1e-94a2-1ce51f8a1812","00b891d2-35f6-48d6-a117-640f3d61d6ce"
"2c70cf71-3caa-4a68-9fe4-a81fd2efef24","2970cb77-316a-4c88-9b2b-3bc7e1fd2a4c","09038e1d-daf4-4245-a03b-bedc13ca92d2"
"2c83dddc-f029-4b51-85c9-61862c1fbe7c","8afdd3a0-ec94-4370-a668-f6507c6b9a03","03342511-9a9d-46d5-bd10-61f0033901b5"
"2ce28249-cdf8-4353-ad23-e2feebc5a09b","969546f2-eae6-40a3-9501-5f1639a79d8d","0c0f9582-22ac-4b92-a843-cacc6c091b35"
"2dbd2e46-373e-44d3-98c1-ecf67f3b895a","2d5bf069-fdf8-4f8b-b79f-129c32a8b91a","03528ce1-044e-4ad2-9ecf-91864e5f5ebb"
"2de545e5-db0d-4b28-9538-c4c850e054ec","b6852f34-a156-4743-b695-f0b3e2c66dfc","0b932c6c-c8e8-4633-89bd-c183bdc21284"
"2f260913-3bd1-4b74-8fe3-af51417e9a49","babf31d8-49ba-4fcd-919a-078489942147","0bbf8957-181a-4a9e-807a-abf36f7ea287"
"31566cbd-c73c-4da6-a024-509c1ea0050b","6aafbd62-00b9-40c9-9aed-8344fcb88f38","0ab120e7-da31-48a0-bca4-a223bc438905"
"3352d26f-e38e-4191-8773-43d1fddbcbcd","91b16909-5697-499b-8dde-4d0e66dd1d64","0aeb99bc-d8ab-4913-8c62-4f63dae83a3d"
"3465cbee-4d63-495e-a570-aea74464e676","2e290fd3-f594-4e69-acd9-681b61fea198","05630610-bb94-4b2e-99e4-dcf45e3f6594"
"3787b750-eaf9-4197-a2b8-f6e8a02aac1d","9c55f7a7-2ca7-4147-ac11-e54bf7d807bd","02d1d4cb-f5a5-4e24-828a-114a4c00cac9"
"38fd46e5-2f4c-40cf-ac50-bacec5cf946c","5f1056bb-c9e7-43c0-b89f-d8ca49de1fdd","02c9c1a5-3450-406a-8dc5-a885d9b71623"
"39d35110-a639-4b6c-96e0-e9b0b6c7a990","59f03a9c-7e19-4bc7-a463-76ec88f85ee9","0a75f6d5-c118-41f7-8d6e-0b621199034a"
"3acd3207-7c4c-42bf-81f3-4a1b35aa7467","a4279fc8-03b9-4572-9c49-c46f6f4377d3","03a4a395-0c93-4f18-a50a-a06994273c58"
"3c72f2a1-38af-4006-a6b0-e07640b33550","8e2c301d-3b92-46bc-995e-414766316ab1","09dc4ceb-e0bd-45d1-ac96-20556699ea86"
"3d1e6126-1fa1-48b3-ba10-db27ced09758","f9327620-6459-4812-8fdf-dbc648698aea","0099ba94-3cee-4e48-b060-6ed1c7f524e6"
"3dd2dda5-0db1-47de-837e-4b26cc390e6f","65a393d6-d7c8-489d-b352-3ac4da02fa93","0b78cb3f-0921-4772-b8a9-ce2fb7db752f"
"3dd9f7d9-04e1-4f32-949e-b872f43d2427","aae25889-aa83-4450-a960-a4b623161c2e","026170fa-a72c-4f1f-81ea-9377d1e48527"
"3ea65b7a-1142-4eed-90b5-36e81c88469b","4dc4433c-c803-48df-9048-e91f2dbe0d58","0949ad72-d6c4-4ed3-bab2-84f17e079da1"
"3fbab072-17e3-4c3a-a7a7-cd82f4bb3c06","6fed972e-ccae-48a9-9445-170628479240","056fadd7-7afe-4638-b908-1e2dc579b93a"
"810a0907-8c1d-4e21-831e-0c4b1173af00","334a1499-f5ce-44e9-977b-d41cd29fe6e7","056fadd7-7afe-4638-b908-1e2dc579b93a"
"8186341f-dcea-47f6-a11e-5d601eb3a1c2","7d1fbabf-c043-4131-9d6b-39ce73114ba6","07da52f2-adc0-4008-8a04-022395acdfca"
"81b06257-053f-4278-9dc8-674f4498db15","e994c7e8-214d-44b1-aebf-34ec6030e7b7","03528ce1-044e-4ad2-9ecf-91864e5f5ebb"
"83337f8e-d9ce-4463-8d73-cd69db050b17","0c4a1b42-4425-4c6c-8382-c7af606894a2","0629213b-24b6-401c-ab8e-328bb5548e7d"
"22efc5b3-529b-49e9-b104-0187293151d5","225f2bcd-b865-4f2d-9d8e-88b62d70c8f0","0a178ded-a2e5-4ec9-9133-61c9e6e1ba0c"
"23dd1754-fb77-4987-99f4-36db3becfd05","59019389-b553-4a95-9bc2-745f6bcdafb7","0372419c-0883-42b3-b697-8037ffda8e9e"
"2549af8e-64c4-4416-a849-a30bf2a4ced5","1cc317c0-13da-4686-bbe3-a23d7903c504","000daf5e-ea1d-4413-a17f-48fbb978f621"
"25f6c45e-5c76-4a02-bca8-596b9749e6e0","bdaf8e36-1ab2-4f31-b2c2-c748d3b3af36","06bb3aa9-0643-429c-ad3d-10720dd003fb"
"26297ebc-5c85-4364-a86f-a0cf54b7b97c","99b65aaf-85ea-4436-ba8b-7d345c01ed98","0763582e-5d4b-4a10-a263-0bb2a27bebd8"
"282a70d8-5ab3-49ee-aa82-5a2e8c342411","06f82401-9c9b-4291-adee-7f8540df8bff","0084021e-b9c1-4ca9-bc68-2f25a0aab310"
"2b7976eb-f00a-4c72-b181-1bb9beabde3f","515a2c1c-b15f-45f2-8c47-bfb1f0a7350e","02351b7c-fdf0-430d-8f58-6c34820a22be"
"2c87c3d1-759c-4f1e-8b72-7aeb61064411","4ca6a8ca-6c29-4740-99f6-7f260fa23224","0af6b093-0c78-47dd-b3c9-b59d4beec854"
"2f00fdc6-8a9d-4a56-9a11-703a4cb8d84e","2b939018-52a5-4bab-ab5a-3be31641055d","0a3cb627-b4b4-4cb0-a277-a98e888cbcd9"
"2f76ecc9-2d8a-4d9a-a9ce-aa692e7b78e0","0dbdf30a-da60-434d-b414-fd4eeec481c9","02ad7e8b-4728-47e4-9e1e-88477a4911c8"
"2fb87a76-7a96-455c-b531-e168b4c85092","c5807907-273f-4f9d-bdbb-970789b11540","0944cbd8-5216-4d40-ba32-b26d36b10524"
"30ec1f48-28b0-4095-9edd-5892ff22d81d","e03ca4b0-4cc6-4937-be06-770103aaa516","008f5ce4-ed47-471c-aee4-f3369baa0b21"
"32d11963-6460-4aa5-8ef2-686d2c00d0b5","b2c05357-aeb8-4934-9dbc-768ce6d41b8a","094898f1-abce-4cb4-9381-c67eed414d3f"
"3a6f4377-33f9-4fff-994f-d4121693dcc8","86bcd4a2-012d-4b38-8e22-ce67f4bd6d2d","04f5ac3b-dc45-4dd7-8d7e-d7f54000f99a"
"3c4d97e9-5eea-4661-af8a-c7053da0c225","2905f39c-6bc3-4511-9db5-905435f82f3d","05760fde-678b-4b87-974c-d909291f912d"
"3d8864b7-bbb4-41a1-a242-8fd25cd003e9","f6b6092a-e11c-49a1-b3d7-220dad3993ce","0830b0aa-6abe-4e70-9d18-072b7ae713f2"
"3e6ea414-992d-4a5e-becb-cd6583402772","a839a47e-5f85-4257-8164-6c2582d7a955","08dd5b08-464a-48b9-bc9e-9b160181a02f"
"437b929a-cd75-4218-b5c3-101ee240b202","a242c44d-aef7-4830-8a1e-360ea28fd824","017084d7-7ac3-4698-835d-6428100d503e"
"46d79487-59cd-44cd-b1f0-7d7e35e5d77f","c0e19a90-c392-4913-8d70-e66dc79cb77c","05f5b3e0-86a0-4333-9c47-c5c12453937b"
"485c1bb8-5b4d-45db-9011-1836022ba469","f0612aad-c666-4ae7-be7a-8c2b4b16fadb","0870aa1e-bde0-4aca-b21e-23d8fa42216e"
"49a42a5d-4110-4476-bdb3-a960a26e1273","d90212c3-8848-4ce3-8891-8d2a20f69600","04dd780f-ec3b-4ed6-a38a-837222b1df3a"
"4af6922a-50db-426a-ba13-1db6718cad11","834cb6c0-6357-4f86-bcd1-26980331cbda","01db7e91-c050-4d0c-b780-3723880c82c0"
"4b34c04d-490b-4655-8206-6df8f5999545","2e37668c-fb61-4f92-b95b-9ddc3186733d","0253003f-3b64-458b-a8a0-ef7135567d69"
"4b9e1fa0-247b-4cc7-8f79-509ab2475cf7","83e65292-8405-4593-9ef0-d95e71f697cc","09e3c29a-6c50-4ecb-86cb-d23da2ddc51a"
"4d9d3b56-ee6d-4238-82a3-e651f4877495","b4b764da-9b3a-4aa8-92c1-ee5a00c040b6","0b37b56b-efd2-4d9d-a250-9ac742f64f45"
"4e49e284-d08a-4b9c-bbd0-4b12dad9cfd7","1cf7b3e2-9b1b-4a24-8434-78e96234224a","02d64360-eb80-428b-9386-bf0c86473c4b"
"51835a69-4e41-41f8-9e9b-74a7d15c6201","d497d96f-cd36-4ec8-8de4-bde88f8b0c91","01c3c38c-6995-4d84-aa61-190a03ced685"
"5231f509-28cd-4f5b-8f92-e2b58df2902a","8ee0fc99-ef91-4af3-bdd7-4214dd434ce3","00d75ebe-ce57-4c2c-977c-1e4099e91d3a"
"538fc9d8-249b-4695-b30b-8568758c7bdf","b92d1dec-2c94-4bc7-bd53-2c6771389310","0392a3c9-77d3-45b7-bad1-c5d1f0031b11"
"53e16c30-4855-4167-925c-18b7d6a5a63f","77c39bfa-2179-46aa-b832-a4ec64c17633","09245d34-45d9-4007-a89d-705dbc2aa37d"
"5482241f-9a2e-4303-9704-6189b6a5f571","54ce5f7f-05a5-4988-b0ad-2f149c628e8e","0aca7ca4-88e9-4fc7-9c1b-62ab5a92b457"
"5660cc69-ba6e-461d-a860-97302cf95174","c10daaf7-66cc-4e5f-b8d1-b32032fedb74","08914449-32df-4e0c-8a5a-f4f2213ea467"
"575ace17-38bf-408b-a472-8e90789d99ff","7dbc47af-ac28-4348-8c0e-5ef3cfa39510","08bca373-f1d6-4a7f-b816-e058537d3c17"
"576cf78e-4598-485c-8ab8-ee39df339a0e","e00c8ffd-5cc1-43fa-9b1f-dcfd36d073d4","024b06e7-e1f0-4593-8223-14e91b17ee95"
"58321a15-2d18-4728-959f-99bc260f7043","cb7c6bae-30b3-4738-8cfb-9983ccfb324e","0ae7f339-5194-4305-929b-dfc9d05cecc9"
"5880293a-d88a-44b8-a64a-8fd7f9972a49","d52137ac-3bfb-42ae-8f3d-6aa791d17a49","04a4b95d-a6d9-4b92-ae3e-f9024c7f5dc3"
"589f05ff-4f04-4807-a0f2-61d69bd8a3cb","152e3364-f291-470b-98a7-f76d21aa6f34","080be147-cc19-4d99-ba7d-64c87dead4e5"
"59c63864-8c78-45c3-b566-e4f206bd8890","35b79e08-6707-48ec-a27a-4bcbcdbedd5a","0a363181-54e7-4189-ac4d-34040c62836d"
"5b115a3a-f7d3-47c3-a9e7-b9b537af10a5","384c69ac-af0f-481f-aaa7-0970026a52fb","017e02cd-293c-487e-aa17-4fb03fe4a778"
"5d29ae80-c636-4025-9035-fb072e244541","2cfa595e-f73b-4cc8-b03c-332ef4d05908","0085fb42-4784-4d0b-82ad-d6f6292d174c"
"5e73182f-f166-47a1-ba57-2e0a8b9eedc6","6294700d-3b9a-48fb-a8e2-2c7af51238f4","07a438e7-c441-4fd3-916e-2633ff372c7e"
"602c803a-3935-4753-bd52-85ef74f645d1","544971f6-8c87-434d-9e4e-c46765a07cea","02caf5b8-380c-47b1-9ce7-91b9cc9c4b56"
"6124462b-8292-45c2-83ab-4daed0486fce","f7271b45-1f32-4873-b2d1-d572077cb6c3","019d8bf2-d71a-499b-a433-35168f22c1ff"
"62004bce-d76c-4d7f-bfa2-d2da25f4627a","bbc2cf02-034b-4c95-844c-387ce583f7c5","07711b01-d31f-484b-be1f-7a0e7ed2c639"
"6366d96e-5ebd-4d6b-be15-a2eced1724b4","986dfa63-9ab7-47e9-b9e5-85a097350770","07cfd9e9-00eb-4bb0-9f54-5088a1ee65fb"
"64367780-4088-4e64-9559-438fff138308","95bdafdc-a258-479c-aaef-f62a2a5021dd","032fae6d-256e-45ae-9e63-584d9ee472d0"
"64af64fc-7365-406a-8d48-def8f27908ea","47689ab6-3cd1-4d2f-a7cf-f5ebe5c21467","024e3739-ac73-452c-9dc1-c9dbdc4b3c82"
"66ce7b4b-49b8-465e-8264-6f11ae003aae","c772f6fa-c4fd-4bbb-a967-1a012fa812ca","03f78480-e26f-4a7f-b189-46d8cd51c4ce"
"66d1ca3e-506d-4147-8a74-58906af8e03d","78cf3d7b-fd31-47a6-a033-15606b725006","054a42e1-20cf-44b2-9f7b-223dc8778fac"
"672e9784-a89e-4925-9c98-8b3ed1b9ac8e","4698a833-1ddb-4a2a-8e44-35ae4e3b302f","02065fbc-0fd6-4b13-800e-c4e79fe06148"
"6b0745b0-ea1d-4b28-b86f-f0348c9645b5","65b1c7d4-76a1-4853-92c6-9149dfd5fd9f","0b86bd20-d84e-43a1-9473-113cf1f1c1d6"
"6d0c8027-f517-457d-9351-4889721f295a","4829378f-e4e6-4a55-a053-ae84b9eed425","0239b131-3af7-4359-964c-43432abf078d"
"6dd442e4-aa8f-43ed-b0d6-80ca38478561","2eb251d3-ec75-4a58-8bf3-c50d9eb452db","01f92f17-d4ce-4945-ae7b-1074bff02c32"
"6e3e2451-5cd3-499a-bd6a-27d66d9b315c","538ea773-6ba3-4455-b1ca-777dfa7d54f8","06dec001-352f-4e89-910a-3b97269021c6"
"809a2b24-d63f-4305-a424-6325a0a3ea07","33839457-11b4-47e5-b5fd-4ec9b123fa1a","00fa8909-b3eb-4957-a43f-b8b49ef8621d"
"8114c45d-9013-4b09-af28-2e619eab6b9b","a53788be-9523-45b0-829e-ed890087c5fa","0836fb7e-7991-432c-afc0-37ac86be4835"
"8242aed5-75c3-417b-8e28-1b2bf31de24a","a56d9a67-d042-468c-90f7-90d33c6c7b9a","0127d124-b554-4f4c-9b01-eef07cff3659"
"8248f474-ea0b-4e1a-af02-9b53406e21a4","facfae12-bd59-4e2b-ba99-5ad66a3d303e","0b24889c-6378-4526-bdd3-f091cb162d41"
"82ac850d-7c9e-4a9f-800c-70b6ffbd37e0","2f6ce7bd-514d-4422-8efc-bab492c17099","0b080017-89d2-4a93-8f9e-079f70f76d40"
"82d3853a-b0d3-4b8a-a020-d4c74c49e11d","b84275b2-b02e-4ec6-9d60-2fe7d2717979","09d74e44-ca86-4321-9f19-c80d0da53337"
"83991a10-480c-47a4-a988-69bdf722adc9","57a6f6ca-59eb-4513-9f63-e88fbdb5e7c3","084853f9-ee33-4983-b0f7-cb57d2b28967"
"83e658f9-30e7-4290-b6b8-9206266da4ec","d0e1384c-553f-4b95-b0bc-861df5bf3544","06b44e3c-d71e-49ca-bbc4-148601f7f968"
"8402ac02-411f-44a8-9501-d67f49b59bfb","17ee5e6a-2854-4c7f-8db2-ad78da04074d","09d2f742-ef0f-49dc-bebd-155f909a9f3a"
"844a64bd-d7e4-4ec7-8e0f-e008b7314078","2e89f8dd-8420-43a6-af05-52f1016f77c6","0a3f4cb8-fbf6-4753-a098-c25c85030921"
"86018fea-b770-4bbe-bf16-20b330923ced","55a826da-c4f2-4b4b-9fb4-6cbb51840516","02c54c7e-c9fa-47d3-898c-2d74d20956e0"
"87a90bde-aabe-4e01-95a0-2aae99258405","db33bffc-701d-4282-b731-5e135e77b354","0a2784fd-d486-4826-8cb9-fd84cdc91928"
"88b9e8cb-6f2c-4341-8f03-635fffcf233f","0d18e019-8430-422a-a967-bcba73d654c7","09ffa0b5-fc7a-4d76-815e-e175e8ee7fb4"
"890bef11-9107-46f6-be29-5078ff077484","8213c905-5851-44fd-a79d-b3e3cf807276","04c05dfc-5b49-4c8f-927e-d7091042134e"
"89737515-3403-43c5-970c-fc0315b95bd3","73b992a6-95af-43a0-b319-92c7a4e782b2","0a6dd7a2-deea-4970-8ad0-7a04ae0a434d"
"8a5ed1b3-d232-4da7-a7af-e73cdf7de43b","3c14fa2c-3dc4-4396-b743-2274ca2836db","09b2a8e2-2861-4fbd-bf6e-d6ae5e188d13"
"8ad2ad45-1266-44b7-856f-77545bcf2bdb","3c121c3c-1719-438c-9e88-912eb46bfacb","0052db35-e2c5-4712-996f-0a902f73472c"
"8c81872a-1241-44cc-b3ec-b960198cbe5b","a7b94c55-0452-4a0a-b184-2caa4232dc3e","09198915-67cf-4133-ae21-e3ad7319b961"
"8e0f7b33-52ee-45ea-88e6-3ffe0d681f97","72f6722b-cb58-4075-94a1-cf89a14c60d7","019d72f0-d53d-438d-ab02-ed734cf93edb"
"8eede784-b478-4d00-9f71-69a3c074a2a7","677859c3-b873-45df-bd84-134540de401c","05f8ffd7-f1a2-4af2-81c7-798b1ef990d0"
"8f02b92d-0174-4c5f-a09b-d423d10a5a2d","710c780c-e294-4f44-90e1-d9c939081db8","04b1b7e4-cfca-4b0e-a78f-e36de5a18b3a"
"8f911bbf-f9bd-4ccd-b217-02cd8a140d83","4b22af48-578d-4ba3-b300-54b2ce70bbc3","0627242a-8b51-4509-aaef-69f8827e8908"
"9036b6df-614b-4aea-908a-9a8441f3a45a","16e02552-bc2a-4bad-9753-79b4dff53cc7","06fd8ea8-f514-4366-904c-030f16163081"
"90784fca-bc77-42db-803d-42cfd3407ea6","b61a8b2c-7b0b-4089-9a30-54c7854479a1","09814c35-927b-47ce-9adc-1fe8fa8710a1"
"908a07d4-cb80-4862-8148-a638012c1fa6","859251ca-1935-453a-b9eb-5112d1c8d1cc","06127a28-fa88-44a2-abbc-7631b084fb67"
"90a3e805-1af1-449c-b65c-559322cab989","0fb52d76-2e32-4b62-9199-9e750ae26f3b","03914a2d-6e54-4add-90dd-f62c74229448"
"931ca733-67bb-4c33-9ca6-c97fc67fc5ff","a8fb49d2-57da-4856-b104-c79124cca1a2","0a363181-54e7-4189-ac4d-34040c62836d"
"93ef41f5-d849-4aa9-a667-22b8401ac98a","8a977f57-94ea-4b67-a593-c13fdc9575eb","02d2a3eb-cc30-4b73-986c-442307dd5eb9"
"9459d5ff-f49b-42a9-8ef6-0b206642482c","127f06af-9085-4e32-8c8f-c1d6fd017b39","01a30db7-4021-46e6-9aea-7fe62db8a3eb"
"954b9775-b75b-4dcb-9c7a-0d2c2a63f04a","77a38eeb-b5df-4194-9190-167c36ce0a94","03352311-1c49-4867-91f2-b6737737595c"
"9624d305-bcbf-4795-81ff-cf0c69c294bf","894aca2d-d193-4049-8551-9e8cf0d0849f","012a0e2d-eb7c-4cec-a341-5bb97e2886c1"
"96a00760-5b54-49f5-8d9a-a29acdf30994","9f13c4d3-e944-43a4-8b93-3ac99a342b7f","048c1171-4ee8-4dca-8c2f-6df6911c21cf"
"979243c1-9aaa-4641-8ea4-bc0b26fac0e2","6faa307b-c64a-4fec-945e-da5387414f7d","032fe185-b4a2-4110-b985-4a8eea818743"
"99f7c41a-18e1-4eb8-bd3d-d5ac8ecb49a5","b2280963-15d8-4a6f-880f-7fda8dbca114","05d61180-b315-4188-b4b0-0a4255c46dd7"
"9b15ee4d-a546-408a-81b5-1dc052294805","607edfba-0e0e-4184-9e09-2e23c33625fc","03bb0829-1d70-4ebd-ab03-9dbff229e148"
"9bf74c3b-e394-44c7-8d7f-5f1527b71aeb","f5b6cd57-0c99-4cd8-af8d-c2cf8afe014b","0adcf593-b848-4117-a0a2-a6379e8b8940"
"9c6de061-34eb-4930-aeb7-e738eb605886","a6a66876-ccb1-49f3-b92c-936ec7344676","02067abb-cc86-4ce6-9eb9-e2cd29cfccd6"
"9cbf1a19-1208-4844-951a-776cace0d343","39bed1dd-4ca3-4c2e-a17a-7f38faf7c336","03693efc-09e6-45b7-9e28-d4c2a23f4c5d"
"9e118e4d-9ff5-4cf2-ad51-3710c849d1da","4d7c97fe-90af-4d6e-94b4-9ea1efd3ccbc","02b44323-53ad-45cb-8014-a87ef15828c3"
"9f222946-da61-4ccf-b3e1-ddf8016a53d5","de701d96-2dc9-4207-b557-ad7c78039669","09f808da-ff2f-48b6-a15f-566129e9fafe"
"9f22bfb7-0b1a-4803-b5e5-4e804aaa6595","f3e75fef-0d59-4df1-a9e1-59bd96d22869","0993fb32-0a2b-4b1e-8325-99cc6cf7dc0e"
"9f9b1970-73c8-48d8-8264-1965fa2524fe","b1775cd4-1d6d-4241-9b69-772c96f8477f","090b236a-7180-4e61-b187-7cda7f764a6a"
"9fbf5b40-4ce9-439a-ac30-9accdc00dd3e","d6d5d942-d7b0-41e4-bee8-a097a00fcec0","002e5a56-7318-4bde-a7b4-9da4b79a3c2d"
"a055a805-1dca-4df0-9fe4-166d1233003f","422fc358-d23c-4fb9-987c-500864e69a12","01a5ddd5-40f9-4bca-af7c-df26e003dd49"
"a166f3bb-eb7f-4637-869f-7ffd4b1b5efe","0000d1d2-4568-4e90-88d1-189adf0bafbf","08cffc3b-749b-470c-b1bd-a3f0ff6645c6"
"a1ec8556-d855-4690-8414-91cfc4cbf1d0","23b20531-406b-45b3-ac58-d747dd31d328","067ecdc6-d00c-4123-9228-0f507b499005"
"a449e055-1f23-41ed-acc2-973fe71bbec9","dd41edfa-4f0a-49ed-8931-8326b3cb3d05","0967879a-fd70-46cb-8b96-dbba196a214b"
"a5d781b8-6968-4750-a13d-638f92819943","75563fc8-ad75-4578-bb08-aeb0cf6dbbfb","05f98897-33a1-4446-8d49-9a76fbf23fcf"
"a680ede3-9c54-4241-a11c-03d14e1e334c","077110c3-e0e2-4ce6-ae0a-6209509f0144","0b82e617-5e32-44b6-9193-3cc4609e6cef"
"006b8414-6f6e-4887-ac8e-5032e440c137","4ec76a6a-869a-4aaf-83e5-17a512eaa012","0691f94a-b96c-42ac-a0ba-86a508bea221"
"014eef7a-63ec-470a-a22d-6fa0131526a1","486aabc4-58b6-4352-a44f-ea4ca65e14f8","05ef3121-8f75-40b2-8ed5-eb6b5775d26f"
"0242cd16-7cc6-4f75-adde-d34efd34ea6f","fdec9374-f06d-4085-862f-b44225c895ca","0b658bc8-c98c-4edb-8c3e-e78ca81ad431"
"033e25ff-cf92-4d36-85ff-71ebdde948cb","41864f20-f146-43c7-8c96-e58b296ced83","018c583c-d76a-47d9-a57c-4350281f9105"
"03bd42af-fbe0-4cac-b03d-58e93748387d","409f2bc8-bcbf-46a5-97b7-2602d8d1bd47","09beeaa6-a106-4760-82ba-a44c028fd26d"
"03bd572c-10bf-43d3-9624-47f06bbdfbb8","1a54f761-de19-4102-98c4-7947ad06e0ec","008f5ce4-ed47-471c-aee4-f3369baa0b21"
"0631d8a2-cc70-4e12-b6ef-84b5f699f0e6","070463f0-88a5-4364-9642-8b7e92d6f537","05dcee57-d8ab-4e97-8f44-a2ff9b5bd980"
"06b0e2ed-9197-480d-a407-9f13642859e4","4c87efa4-57a4-4e5b-b050-d8edf92ecb24","097a9aeb-3cd9-4fd9-ae4c-c4afa234e086"
"07f7081d-cef2-4c5f-8b3f-e94ddb82380f","30bf1fd7-9ec2-4fa8-a9be-935195147e4a","09d93511-cf45-41d7-89a7-0df5ea094c2f"
"0836c28b-fc1e-4150-9cc2-1f5d6a7fa35b","aca964d7-7335-4887-930c-4194703bd002","09c9650f-ca80-4f35-9b6a-4688c903f8fa"
"0c493959-eb1e-49f9-a6d0-0c72bb306ac5","c5dc2304-f2d8-4510-be57-eb055bb5a980","05760fde-678b-4b87-974c-d909291f912d"
"0cba3d7f-c612-4bf7-b2e6-66f6a5a91e05","3b82c184-146c-40a7-897b-d6fda1d7a7e5","08586f3e-19e8-43e1-8552-c51b8cb1100c"
"0d1fe04f-4d7e-4f9e-a73d-c0c1735b7e0b","70bbae4a-0eeb-4a28-9655-3b5a9de4d81a","0155ed1f-8b43-40a3-b46c-b4cdd57966e7"
"1213ff7f-8fd5-4421-a384-915107addc49","ce970ab6-8a18-4b74-b9c1-f9d90c76bb8d","027b336b-289e-4f76-8d7f-e6731e6b14f5"
"1363da5f-e9fb-4d51-bb47-ac7d7465dc8f","b090f650-6979-4b31-bf19-948c05c1f0f7","021c6660-cb35-421e-91ed-ac56f27d9f94"
"13b938b1-2554-401e-8609-0fed2601b633","774b802c-e866-4206-a4f6-988d33d75b18","08586f3e-19e8-43e1-8552-c51b8cb1100c"
"13d04bdd-be29-4d40-aae5-054f001fea12","4026bd3d-d8aa-4c18-8c5d-79ba358a564d","02351b7c-fdf0-430d-8f58-6c34820a22be"
"14a5d7ce-a88d-4f4b-a0fa-0ae7837f8d27","f7463194-6a04-4fc6-b582-950faf42ebee","07fe8c09-5005-442d-9ca6-f4e20fb29732"
"15223a72-2184-47bb-b728-400a3c1d0d21","5b70292d-923b-4c92-8e1b-384341bba1d1","035efd52-286e-41e0-bc02-f41fcd7cc54d"
"15e4e299-fc31-4151-9bad-e76b57272efe","9fdae135-0331-4207-bd7a-5f3701a05f43","094054ad-f040-491c-b876-3c643e5ce5a0"
"16a3a6d9-effc-492c-8caf-f265d177e007","bfb17cc3-b2b2-47e7-ab1c-9d9fa2b1bc2a","0b2b20c6-b060-40a5-83f7-0744b1ad7012"
"16a659eb-0fda-4273-8b5d-5788df22e9f1","eb483175-12f5-450f-b7ad-b1b5581e4ff5","026a8340-18b2-4108-98f7-248900d6d805"
"1834ab6c-40e9-4bc8-b5ee-7f87282f7799","1e4aa2b5-8e91-483b-873f-469d542f7d58","02abc436-c6a4-4dd8-be83-26a1969b775d"
"1853b05f-69bf-451d-bc71-fe494e55ff27","87d4b4ce-c75c-42e9-a638-6da7db18fade","0a83fafb-2099-4023-818c-0bd7856d7b93"
"18541f96-62b3-4189-9af9-3b9f2bf3f33e","c9fa69d7-4dcd-48f3-b7df-34e27682448d","04f2bc9f-6aac-4c40-9134-e42dd2fbaf2a"
"18f9cd46-9085-4127-b4c6-a6a376356ef3","bb3ddbe1-4093-4da9-ac7e-9059bd2f13e7","02d2a3eb-cc30-4b73-986c-442307dd5eb9"
"1946bec1-a66c-4956-8e18-edf80f783806","88422de6-d8c2-493a-a8e3-5e7fcdc3590b","05dd2379-0bdd-4b29-9ead-10b2110b0e4e"
"01635200-ed5a-4129-b208-dd5578704ca1","d01f0dd5-53a7-4b12-bf39-91f5276e3828","09cd0097-9f0c-428f-811d-b59a82005c48"
"02ff0972-24e5-43a4-be68-522356da2bd2","94179d7f-2869-4a42-a64e-67292c44f238","0780cce4-f5d6-4f25-b0a5-bfa567429a00"
"03067d01-55ba-4ddc-82ee-866f569c92e5","e549f3a9-53a8-4efc-b465-b74f47a689d6","0a85f015-cba9-4d8e-bf6f-8c4b85217f02"
"047e9a2d-37fa-4316-ac77-19f66dcffd96","b1534298-9138-4584-81fc-fef74cdeecc0","03fb3830-ad26-4dc9-a3d4-f99d84caa574"
"06d0ab34-e2ea-4b01-8e36-18b4c42036e3","1e15a6cb-48d3-446c-92b8-fdc730287505","0aacf68c-c12d-435a-baa8-b75b6f961368"
"07e02e68-ddb0-4426-bd07-19655ab65352","3e411853-6926-4439-aff1-b1fb68fefd0a","0a516bc1-2271-4ab9-a13c-05083d535652"
"08262be6-3544-4855-8785-99084f7006ac","a4a16c32-2d4c-4cad-9c0f-ac11d8209cb8","030b3aa9-a74b-4176-a362-11fe7a9eb7be"
"089b909e-07c3-482b-a8e0-910ca2ebf0ba","fce7a85a-7038-4a69-86db-bded642e4c4c","08192714-ba0d-44a4-a7ef-3fad458ad47c"
"08f6225d-8185-424a-ba8b-70113205e024","650a162a-f0d8-4796-836d-2ff98a65d7ab","02294977-5715-4ab0-88d8-141de3730f66"
"098d58be-becd-4365-ac31-1e1129e2d4cf","bf1ae84f-0349-41b4-b59e-60fd86dce4e6","06517e72-6cc1-4f1b-a2ed-3cc4e87bfb9f"
"09e3c146-d197-47c6-bfb9-3d70fe2ccf75","823850f2-43ea-4748-8d33-64f4a796dc09","0b1f3a31-9e76-4ca6-b6a2-ef61ac78a72b"
"0b85d5c5-50cf-48a7-a257-bc65d69f583b","e5a33dce-ac26-4c00-bf37-abf5ca8d5f49","0896a1b2-ed4b-4ebb-8632-2c187f4c5d06"
"0d3b4f69-1bc2-4f78-9bef-4529ffc1bb37","604b88d4-c32d-4bae-abca-fc5d2f6bf995","0617dd03-10a2-4cb1-bf60-7f82b401e220"
"0d886e19-60db-4d57-aa24-8f2a41b5c4a3","3fd53cd4-f273-4cab-883e-2982beeb6dc7","0392e6e8-da35-4af0-b5c6-48617966b4a1"
"0d8fb0f2-f33c-4b86-976c-b9465542d8e9","544a28b5-4aec-434e-b6fe-26a76ffa5e34","08352edb-d7ef-45c3-89c9-23f4bbf4d919"
"0f981565-0f0c-475f-b3b7-fdb9c290a74a","ade5d93b-d415-4ed8-a36f-e5df39f693ea","0a85f015-cba9-4d8e-bf6f-8c4b85217f02"
"109e7519-3360-4cd7-a8c8-027d5e2d96c1","828ad801-1d96-4961-921a-ca8b28838872","051fc3bd-df55-4784-a581-19b5afac35ea"
"11e8f435-e699-48a5-ae92-f233907bc2b6","0c021912-49ce-40d5-b90e-49af9672ebfb","0c0f5ec8-ab55-43fa-b1d2-23bca150139c"
"145077e0-af61-45ca-a02f-53fcae552026","7cf3d965-fe85-43bb-b76b-0efe4b09e13e","0585b430-f0de-4568-b26b-90c96094655b"
"1497a185-b0f7-43e0-a18e-b22c3640ffe0","f626cfff-7964-40e4-bb94-7bbd1d71c085","0c96254e-ff9e-4900-af7b-ad5f905c5095"
"1725f202-2563-46bc-96df-81b2d3b6cfea","787b6d9e-ad9b-4a23-a179-169ade08af7b","074f5c18-443f-4859-aed1-0f8a676955e3"
"1733d1b8-3a61-4ee6-8501-6944be79037f","1177e633-2ae5-4134-9f47-18042b594f66","0cb3ec68-7b73-4288-87c5-3993099ded56"
"190f0426-f14c-41b7-a14f-a21e4aa0d4c1","67071f04-788b-4a7c-b65b-9356075f8454","0d753c49-9bd5-4ca7-92b7-c947ba9f2821"
"192bafbc-263a-4a91-9433-57cedc9b6e60","7dbf50a1-2e74-41c7-a8b9-6e4a528e3778","07e03ce5-13df-4866-9e46-2dcace2834b1"
"19390c93-5e67-45b9-8d04-7c388cd93af0","45201ede-900a-4486-9b24-357aff356c14","006332bc-4a4f-40d8-b3e1-9559ee43de48"
"195c920a-cce0-448a-b3f6-62c3f67eb924","e05fb389-00c7-4062-8c4b-820f6e6c9faf","019d1044-afca-4b0b-a383-00c1d4660a4b"
"19674344-e4f1-4ee2-a035-a3c43c8f0a9c","cb75ca84-4912-4fa5-8aa9-c479fbedfa38","0529bd46-aefe-4bd3-bab8-99827e316555"
"19f67899-c843-4c94-bdad-366e74cec90f","f8c9c4f6-bf78-49e0-9653-483c320ea954","03f390dc-4893-4e6b-90d7-da0ca1deee17"
"1b82d0d6-5d2b-4056-8165-203a13d97fcd","80241ce2-2bfc-4b52-9c97-8ccac844efc2","015a82a6-39c5-444b-8c7b-a26962b364fa"
"1c2c9fb2-69a0-47fa-84c9-8512ae63952c","3f1522be-067f-4194-9fb0-f4c0b8a4267b","08c12419-f6fe-4bce-9cbc-ee1f640c993a"
"1d5aedb1-acfc-4da3-9366-6fad2e8310b3","d0262532-8f23-4cc2-a560-46d761d18fc3","060cc150-0e5f-465f-9d9b-c70c6a9a6f7a"
"1d5e852d-b176-4fd9-bbaf-ee1669521e08","19a0a6a6-4773-43b6-9469-ad5f4749bd98","0b8f8d75-d210-4d73-8a34-5e555ddd260b"
"1dceb9e5-6601-40d6-90c8-8f920e6b4a13","37bd8ae1-b95f-414b-8dcb-b2475142b5f1","085b4af4-42a4-4a17-b966-ac6d20a2b494"
"1e576167-419c-4630-b8ba-e6fdf35d4e26","20112c7e-8e6d-43f2-a9b4-429208235428","0d405cc2-a7bc-404b-891e-d57e0ed6f18d"
"20b61d64-3c81-4d26-a7ad-da59625fb441","339b9ca4-bb5d-4672-9665-11de101e5852","09a96485-3267-49e4-9a46-18caa0ddc69f"
"2167e40a-c7d2-4126-bd65-ef803cec9379","70ffe882-165b-443a-9f09-790911c1b7ec","0d56111e-0b18-4943-8487-b7463fe08416"
"216942db-1a69-438b-88ef-71fc81bc6145","784d845e-a945-460b-83fb-cba1a5013cc2","0257193e-6d7b-49d2-9bb7-94ae2da50d9f"
"21abf18b-9d7f-44d2-acb8-6f432da2f494","fb746a10-ed51-4482-8337-a72303a64d2d","040f1149-c25d-4f40-98b9-7ee05f608c47"
"2252047f-ac0d-49de-b9af-4816cc6ed83e","474537cf-3ff7-44de-8099-83957de5fa60","097fea87-b1bb-43a5-9f2b-279409625ace"
"237d6ff8-b4f7-4988-b37e-aec03b57e076","490198ea-8245-4b44-9b0c-616297636b76","0992806b-962a-47d9-ab8f-bb93a5bb2868"
"23e11c0f-f79d-4c01-bf32-d6cd96ae7815","55083d9c-3651-42c0-9ed7-8fc2795eeb5c","0767a57d-f0fa-40e1-88a5-bd7cac3d3db2"
"262d998f-3cc0-4f82-8bce-9a6a728464dd","449f40a3-efbe-4685-a0a9-67f0b829911b","05d1f5cb-b729-4b33-9eac-51f0d18524cd"
"26dd9e42-c720-4ea1-bd0a-c8df30cd58fe","94f30ac4-56a6-407c-a035-088ecf6e2d1a","05abce5f-6af8-442a-bbfa-a54afa91bfde"
"27009a82-073f-4c81-85c6-e9a4e30ab1c8","117e77bc-273a-4cde-9cae-a971634cf905","0afb0206-2705-49ef-92fc-2820aba5b69c"
"27f9812c-4099-4872-8270-0cf75ab16661","0c83de23-248f-4cb4-97c7-d241b9d64230","0cc4b5f8-5850-45b4-b5b4-2c20ed294fad"
"2978bda5-39ca-4111-9d30-3c9e5aff5926","f53f06ab-96ed-4809-9a29-b5eb385a32c9","0ca95407-1921-4dbb-a299-b7bddb08743f"
"29e89b73-021e-42c3-95ce-f7560062d397","d3e6f123-8d7d-4342-b3da-00ce40885a5f","056b770a-ef96-4211-befe-78f579d07849"
"2bd958cd-6bb2-401c-8a57-62b9a8af3fb3","5050d613-fc47-4c29-a731-21c009addac9","07703fa8-158a-463b-bac4-d11f4cdac468"
"2bdfa134-8bdc-45b6-9edd-239e277462eb","09ee1021-1be3-4e74-b454-7d6205a364b3","05988ccc-4647-418d-9758-9d21ce2b04af"
"2d86059f-fa9d-4693-9748-7b0c42f3677c","0c86216c-97fa-4ad0-aa40-67183b2ea187","07fb7ecb-3f76-4b3f-977f-1bfbcb547125"
"2f742967-8036-4e3f-932a-5eb98dafcf01","5301dc00-c241-4e29-9a0c-5c81784241f8","08da3d97-5a28-48f8-ba0b-e21b56fdaa29"
"30091b9c-842b-4268-8144-d3a500622538","55d0b318-ace8-428b-9663-ce3ecb8be4cc","06b486c1-0e28-4090-bc9a-92e3d931793a"
"3014b780-cc13-4c3f-8360-2bacf83a1430","e9f2a922-7c40-42b2-9fee-d6cbd3cc5ea8","09d1e53a-11f1-472b-9300-f776f8693dba"
"307088f9-d639-4033-b097-db27a93bc7a1","888dce56-f81f-44b4-8e6d-124f1e0baeab","08022924-87db-4dfc-8f41-cd3641e26cd6"
"310ba71a-bf71-4897-be80-43f1da00db20","e3e07a8e-a3de-4738-ac63-9defc25d33ff","068fdc8c-9cd9-48c4-83cf-321c8bea79e4"
"3279d364-5ae3-454d-8a82-481a3a55218e","bdbed996-41db-49a5-ba15-64d15b250b34","034f9404-e9df-47a9-ac63-cad1e4ce53ea"
"33ebf731-5373-4537-941c-a5020c9c48ea","aad58f68-e6e3-43d5-a8b4-00d224d285e3","0081adb9-c3c7-4a32-93b9-aa0368b46e78"
"341e11e8-5bde-4aae-ab68-8be14a75105b","7c43e393-b1e5-48a7-9a78-6c6d376c65f1","03f4022a-6fae-46dd-b20b-ae9334a9d9b2"
"368ec71f-1182-4fe0-83ae-a5564ea55120","7eb7a1d8-fab7-4435-aa64-8de021deeed3","09149a90-56e6-4dc5-93a9-38b3570c58f8"
"3944dbd6-1047-44b6-b815-54377708d6a8","5939677a-ccf7-4dcd-a4e9-0abb880179c5","079714a7-7d10-4292-8257-8830267d58ed"
"39db1e39-d1c4-452e-917d-236722469914","02e13d6f-85ec-4f4c-a75e-9239a861c029","06569346-1f69-4352-9e3c-050185425552"
"3b8f2a81-ed0e-4a8f-a3cb-28530cc38790","db2e4efe-8491-4138-ba44-b7d7c552d9aa","09b7c1b0-8140-4a9e-b0e3-6bbf956a6f53"
"3bc27279-3834-4fc5-bc92-306113b0a00a","51c57da6-9c01-46d8-8f62-f89a05ebfcad","068ba6cb-7226-43fe-86b5-ed092f45ea91"
"3c2e8227-156b-41c8-99d2-d611d1a4694e","62e8c0b5-8729-4f4b-8341-b7b50807ece2","04a28954-d0a6-4c86-a3e9-4ee625abae99"
"00a3f419-169e-4137-a0c3-64224c260c39","6869aee2-dbc2-4406-9cf3-378208cb5b44","00a8ec9b-6743-4bbc-a755-24504b8bb0c2"
"00d53587-1e04-4d93-8e6c-dfe260624eb7","9150ce61-a8eb-46f1-8529-bcb75811f5f2","07a66cbb-4125-4d83-9cca-2cfbc26e7df1"
"01712d6d-5022-46b2-b05e-657591ac5c59","031ce536-1ca9-4a3e-96d9-afd3a8cd79a5","0aae9b87-37b3-4a02-8569-08734152ed8d"
"070862e4-152b-4f8c-90c9-c3ffbd97e8ce","b6261632-4a35-4fcc-b858-d07b9adfd340","006332bc-4a4f-40d8-b3e1-9559ee43de48"
"07ee5187-1c9c-4a90-900b-0c5e4500050e","0f0866e5-f264-4d83-98fc-75b0462acf3e","09b76c17-49f7-4dc4-bde4-04c74d5dfbba"
"080d555a-46b8-4e34-a146-8720dfd9fd20","f41598a6-5325-4bf5-bb11-8b36222a4b31","09cf28dc-2b90-4153-91d0-ac0cd890c1fc"
"08a4627d-cd16-4dca-ad74-fd6c60285f69","4d8dd076-fa1c-4e34-af26-2f8d2a73f60f","09d91660-33c4-4b47-9a54-89d71b0bcd8e"
"0ab113de-88c5-40ad-87a8-83169618c4d2","aefd3c6b-7e98-4347-91dd-c7495171b244","06010eac-ef5e-4031-8b70-6c8c53cd829d"
"0afce6ef-0034-41df-bfa6-9bc320d52870","e6f14460-7a91-4c2c-bb6d-4d1c291afe9d","07008b30-a743-41d9-b069-198202c4b930"
"0de28d4c-e912-42b1-b1a3-cbff445d860a","3ea90041-5fbb-4b10-bad3-76983b2e0091","0223deec-5f06-4e3a-8263-a0e93148c3af"
"0f3dfa0e-2eb4-4514-a75f-266709bd69ac","0a8b1a9b-e67d-4209-a587-d2a40a9426cd","0705da58-dd21-4f81-a445-5dc2ccead55b"
"10d70210-0c12-4105-bfdb-160540c79d5e","1d801c52-141e-479b-99b3-24a78ef36230","01d9955f-27cf-444c-a7ec-496b749c0f7f"
"11413fbd-dfb9-419f-a35b-1772f15f0790","296280ac-12cf-4f57-a9d5-3202b6466807","00663b06-7afc-4a2d-8416-9c7d48b38805"
"1162beb1-8bc0-4b11-8f26-37ff70d77777","cc7600fb-fa5b-4778-88df-f1f280a32ed5","0a9458bc-b7a4-45b5-be71-8632ebc6bda1"
"1392a68b-57f1-4657-a7c7-38f747f6cd88","ec26c72c-91fd-4159-86e8-b1faad0d722b","0519111e-6d11-4976-90de-6299ebaec572"
"14d190d1-545e-458b-b98b-35b063bd0ee2","fa986cdd-4a17-4b7b-a08e-d2484d025ef1","006082d2-0b27-493f-9a7b-debc56c25c31"
"1565f57e-09a9-4f59-9d0d-d5f677316522","b4347903-7076-4afa-8660-1b33698c42c2","0d01fb8a-f9ee-4e0b-9673-61151bbe8d25"
"156755fd-2b21-43ee-bb52-fa8b5c6b1550","935e3245-d6f1-4bdb-a725-a82ccbd1629c","04b30f93-bca6-4138-ab10-e0c8a0e633e4"
"171bdb2d-34e3-45b7-a66c-84eedc219a6a","e1617ed7-0d96-48e4-a8c2-322979a03c82","00e382f9-4f1d-4849-8cf1-b3a8feba0db0"
"1b13a16f-b5ba-4a16-a844-3ddedf076a4b","645b57d4-60cd-4158-a3f0-65b1bdf3c4c2","07023d01-4a03-457a-8bce-84aa4cbec7a9"
"1b291909-d133-4c94-8866-812711d89c1e","d89b5c0e-7467-46c1-85e3-352cd3cbb88a","0ac62547-66f7-4f0f-8d11-cafff428dfa6"
"1b3167ca-0c53-40f3-983e-84cf01811648","21de8064-8d81-4253-9c22-9a4bb5db3908","09b7777b-f0ce-4449-8c35-e8ab5137ecc4"
"1b36d36a-e85b-4497-8f28-72e92465845d","8b05e2a1-7eba-487c-9e75-9d14dcfc4f8a","0b314bae-b34b-4d40-a98f-349461ae6f54"
"1e6b15c4-eac3-4194-9899-289e9043c1a6","ad75e24c-9af3-4cd6-9eaf-4162f50fb2f9","09b2c975-2a4c-4a6a-a1a6-87917ae0db5d"
"1e9a64c1-6d78-4329-91f3-8a948cd24e92","0cd65b0c-0f67-404f-bdc0-2ad7bb91ce84","03c88e05-4dc9-419b-82ab-12f4f93a431d"
"1ee0e20c-2d5f-4acc-a03c-631913481d68","bcf22c4d-8a91-4332-81ee-6f9d44fcea57","079ca387-bd23-4b07-b134-e008b3a4d59f"
"1f0c6231-da41-446a-89de-d674228f4b3a","d14ebb75-cc33-40c7-9115-c3444a94f29a","0c620969-c4eb-459a-b94b-704ba8129988"
"1fc26b25-4a65-49f2-acb3-794990f76991","53d2092d-cdaf-40a9-a309-fc629cf4b39f","0581c673-a96f-44e8-81be-a2e0edd4c4d9"
"22f961cb-1809-43f3-98fb-ba47954aa04c","c9b7d363-1713-49aa-8e58-873e1687a90b","06fc00c7-ca74-4ceb-a96f-65c14df39065"
"23a12858-10d0-40fe-a435-0e9891ab0f6a","9fbcf3bc-0ee7-463c-a2df-68650b011d75","050e6de6-6a53-4590-aae8-53db2ac7ac56"
"259b9347-9a46-4fb5-aba9-d89165eb6ff4","f3eb6bdf-7099-4fac-89cd-98db44bd964a","09c290fb-4c43-4b89-b77f-fd2ded995c03"
"2607ceb6-9242-4545-9e91-bfc0f6ecd963","6929fcf2-53ce-4bfd-8e42-b1a0a0726c63","00816c6e-f785-4439-a84c-75af9e2f23f6"
"26ef06c5-7db9-4360-810c-7a9ab61f3d19","3047d72f-40c8-4c0e-8c5b-31ebbb40da23","06566a0b-3094-43f4-aeab-f894160e85be"
"27e853bd-a56f-4fad-9510-34e66b77480a","26e29e2b-5176-422e-95cd-ef3328b53db3","04827186-ab21-4baa-98f5-b1e8f79f634b"
"2871327c-67c9-4b48-919f-7c6a4bd4f452","53150159-bc4c-4f2b-b037-700d50e6cdb6","05fefd2e-5cd7-4da6-b7fe-538dd257fb72"
"28c3e890-d995-41b8-a98a-95456475d6b6","51c77c6c-826b-4caa-bc01-60d3a6b8dc31","034f9404-e9df-47a9-ac63-cad1e4ce53ea"
"298c95a4-25d5-4c26-8eed-c3c998d99a5b","36f55dff-7b74-41d5-8110-f4ba4d7feaba","021bc073-8eb9-4c62-92ae-e5e85a537d99"
"299006c4-8c8f-4b31-9df3-48c45a0cb2ee","8c2f21fb-a1c1-45ae-aff1-4c8ebf6676df","02bb1c7e-b1df-46c9-904e-cd495c2f16de"
"2c4dfff8-2a4d-4e01-a749-f5a435a47087","03f889e6-9239-437f-8594-86dc00458604","0be16dd4-b919-4386-ba72-c66f0f4d2698"
"2dbfd4c6-965d-4d2d-b1dc-903b1aceabff","a0e58b87-f0f9-45ba-ab04-ebda642ce229","050e6de6-6a53-4590-aae8-53db2ac7ac56"
"2dca712b-6c96-4a92-a53f-5a7c60d15d37","d03ac582-7444-4f72-b613-aae6c4e2c713","00d07057-6dfa-497a-a74e-6a146db5ee03"
"2de374c6-9015-4879-98b8-51fdc95c17d9","127f06af-9085-4e32-8c8f-c1d6fd017b39","03086e7e-c222-455f-9404-6a3f4835b10d"
"2e0908a4-0f30-40cc-a3f0-8001b77ded8c","f0700f86-3d4c-4c59-a8f1-687c8a804d2a","0528abcf-301e-40bb-8bd3-06393f118da7"
"2f79c65a-ee90-44ea-83ef-f93dc4583155","78ecc749-abb9-44a5-af26-6ba379a3fda4","050e6de6-6a53-4590-aae8-53db2ac7ac56"
"34816a1d-78c2-4d02-9e30-295758979c14","0fbe3ef5-9138-43b9-a63c-332953297fd6","052f802f-a55c-43be-a851-06fe5c550ee2"
"359a8d50-8129-4bf8-8f47-a69891e01fc5","2aadf7a7-410a-4f57-8a72-d260bf9ee90e","09f4f3ac-2b29-4c18-b4c8-79d9a11c0e33"
"38c99f62-7f69-40b1-8d41-57d26a9699d3","21bd0770-4f9e-439f-af97-24c95b0dd85e","0594cc61-3e28-4de6-a6f9-3e9fb7d4895f"
"399bf237-4afd-4041-a05e-6eff14fe7e4c","ff867c29-d0b1-4f37-b66b-7dfaeb5c3ac3","06566a0b-3094-43f4-aeab-f894160e85be"
"39c07cf2-ef98-4c97-9aba-e2574383089f","2f61a2c9-7964-489f-8ea4-80726052b69c","0b20077c-7aa8-4cc5-a53c-222eabdc07a6"
"3b391043-5b8f-41a3-b870-3427e67ae41b","424ae552-407d-48e0-8f8d-2659b9e18c1f","070b5318-a46b-4120-9636-b6a9181a5612"
"3b6068f2-0d0b-4b68-b747-58d529f3c1a6","dd106d96-ac64-4a32-bcfa-a26f7b1b7370","0bba5ef8-9732-4c79-8405-de9ecef79eb0"
"3bbdf109-a0d3-43e1-b88c-1f56d6cd5520","691ad3dc-ea9d-4086-b849-587660b766d0","0196c0d1-7508-421e-ba85-d922aa8c7c41"
"3d03ab51-6eea-4b88-86a6-081bc6934ba5","34dad865-5701-4c08-bed0-6b4cde8b7baa","05f0d069-99d4-47e0-9927-a5f92b27b727"
"3d53acb3-0106-4315-84c0-c1474ac3a89b","a2cc1710-b8a7-4f76-b540-cb0ea1af0323","0993f63b-1497-4da2-be20-02cca600c9bd"
"3df291a6-b303-4725-a8de-1bcf7ebb7880","4ac42c6a-11e7-469f-9d84-2ff1fd07400b","09574233-1631-4110-b0bb-20302b70b0aa"
"3e2d0347-27e8-4a10-9991-731a0f9adf0b","eb90acfc-6597-4307-8b78-f4f3fb3955f9","0ba65fd1-b603-423a-9a5d-873acc1c0875"
"3e3fbe11-ec08-4279-88d6-51b3e7356126","68fbfadf-29ae-4fa4-8e65-04f46e7bacb7","02037c37-6449-4f92-931b-73d35e16f356"
"3ff16030-648d-4622-9c76-eea38295e769","41cc3e6a-f3e8-476e-bc00-72fe5a466fb2","041066c2-e0d6-40bb-8348-09833911bbe9"
"4142fe62-7f6a-4d20-b46f-f8d2503b66a5","1a029f84-828d-4b9a-9ca0-56c4a8a11910","028c0dea-a82c-4dd0-a940-64e7eb6ef0a3"
"419342c7-1193-4143-9892-73b3b6a41402","052b7730-93d2-4827-ab6c-d73f2f1e1af9","0b461c16-6e9c-4b1e-a192-96ea2b42e268"
"41d1c60a-9f4c-4583-9af8-0966446ad197","400d8d0f-fd04-46d2-ba22-42e7b550f0c8","0732a905-0bf3-4252-89d8-6692595924b6"
"420f08b4-f39c-4dad-8388-03cb28593d90","48897313-b3d8-4e28-8b22-1e3ed1aa6ff2","05187f43-01bc-497c-a8ec-dba1fc96691b"
"43af678e-032b-4681-b827-a6fae86fbdf8","bc0a8b72-b366-42c7-bff7-78f32518fe68","0a9458bc-b7a4-45b5-be71-8632ebc6bda1"
"463a7735-8d4a-4592-b719-e5076f46042f","a9d91831-a49b-4448-8a9d-c240dd070e64","0922f12b-b8e3-49f7-8221-353d06b8a049"
"800758ff-90d8-4b3c-95ff-3a435781089b","68e944a8-8c51-489c-be81-91696a80dea1","0a5341f5-2e64-44a3-b139-3f55328fe0ed"
"814eb82a-06e1-446c-bab3-35e56d271e78","d9e8cf2d-1e60-44f5-99cc-069dcf7db880","0a00f8fb-da57-4add-b007-0257cae96c57"
"85c2b1a2-cc43-4cc6-8718-1cb0a732ced0","91d290c6-bb9d-4929-8afc-1519a9d7abbf","04fb8307-7aa0-4219-b0c3-4b67f84673a9"
"86b0c6ee-c05d-4c1d-ad01-c05e4e3423a1","31a09aad-353a-4338-ad21-ce63fb9c7c54","07d37213-b4bc-4504-ac6c-d9e214b295f4"
"8978cb9f-a22c-4b88-8a32-9d3eebc85ae9","f29cd4b2-67cd-4f89-afdd-4e7adee09812","042929dc-bbc7-4170-aa4a-80021161d416"
"899058ae-69d8-4ca7-8d1f-15768cb391ed","9668feb8-9f64-4d37-92c4-885df762901d","0323b606-4895-4214-9443-1a40be4325d9"
"8ae87d30-8822-409c-9e18-cf4796fb8500","458205b4-59ec-40d8-9ba8-aaef08bd370e","04f888d3-e63b-42e0-ab6e-5965082af79e"
"8b2a00f2-0130-429a-b4a1-6c6f8602b79a","0ab357f1-563d-4592-bd00-214199099609","0997b6d1-2ee0-46dd-a11f-43b4e6638c5b"
"8b5f3731-aa5e-4b81-8702-8088e43aa1bb","51593096-bae4-40d3-a909-3d50330b9d27","0a44ee5b-ea7e-4f00-a194-fd33b5f65b1c"
"8c8dfa49-51d1-4e4f-9e34-3a60b054ffb1","3eae4fac-46b7-4140-ba3b-7e5648b6b103","058a683b-1594-48be-b76d-663cf818ea23"
"8eb12a4f-261b-4d5e-937e-dc0ba48d6dd8","8d145641-36ba-41dc-9646-c71139a79ae0","0b0ba2cf-e6f6-4d4b-9e21-6a3dabecfb2a"
"8ec41e95-5867-4faa-91ea-7044a1e4d012","74039c3d-56d6-4fce-9179-586185796833","072af9a0-4854-48aa-87a0-a93693854aa4"
"90412bfc-8a4d-426d-91c8-dbe850dd0664","49cd8529-243d-4b24-8b70-966b3842996a","0847bdf1-c3e0-48a3-821a-6c02b24e2f6b"
"90f2ef66-3870-45a6-a3af-4be5bb414492","0e880c65-4d08-4948-9a6b-bf7683ce4d77","005ac09b-7551-4318-8704-a5ed43e6b951"
"93b8bb89-5a55-4ea5-bd5f-e964c76bb30d","fb3de885-4077-431b-a5ba-8406aa109319","0576fb28-687e-4a59-a412-7ea5065c943c"
"960821a3-f661-4509-bf53-e1682671ab54","0b21be70-d2d7-4932-bf9a-216f216ae357","0b5cc929-10a1-4181-9077-0497d7671ab8"
"96c02d70-8d30-4aec-bca8-e1ff413c2456","000ef60f-d031-4cb0-a20d-971049af2ad6","0571b080-0283-4bea-81be-2bb82cb85874"
"9756302c-2c35-4b45-a3d8-5493eebaef54","1ab9f0e2-0c18-499c-9117-545974a5f458","08b1d7bd-4e99-423d-900c-d25d434ac1bf"
"99b8e277-be3a-4056-b6c4-82e8bc59424f","82165fb7-2a42-443a-bf17-210ececa6f76","00e84727-3b59-4f6d-bc67-5df7ed233ecf"
"9c28da84-d3d0-4dcb-bcd1-3b6b254687ce","42754ec5-b37d-47bf-801d-685e43f13527","06278991-b160-4d7f-88f0-2774d4d69a6a"
"9e6e449d-bd24-4142-8062-f00841450217","e306eb69-35bb-4877-aa3f-780854014768","0760d213-dffd-4f37-ac0a-0d951fa9ad5b"
"9fa5bac6-429b-4e7a-a5fc-fe596474c584","6c996378-543c-4adc-be7e-5f256a53212f","017e93f3-97c0-45a7-abf7-19453e39bc44"
"a31b3f08-cfe7-4421-9c7b-c218d6d38e7d","c47765de-f4e9-4c35-a79d-ef5dc3ba92dd","0019a68b-26f0-4c77-a7d1-11e68ba6b7df"
"a44726a9-69b0-4ceb-8c79-d1e52cc3e584","d840b1ba-3789-4775-9f0a-b2f5d1e0a046","0a5a6367-d0f2-42c4-afb7-7a83d5dc0bdd"
"a490a29a-f3ed-4b8c-a288-d090d5731c09","1a18f326-3a11-4499-9a40-55b920cf5fa2","0a3b5475-2533-4aef-a804-3ecbb5b7ba9b"
"a511aad9-3860-401c-885b-9da10aec6ac6","f2b94298-3613-40d8-95f7-44ad6878ca33","08d8fb6b-c906-4d8d-983d-e1883ee20607"
"a6163eea-5898-45f4-8733-a730113c58fa","1b2b568c-f0ce-48c0-b721-befc7752ae81","01f1ed99-16f0-45b2-9029-ed7d0f0405d8"
"009769e6-3c58-478f-83d6-fbfade854cb1","f5fd9f7b-60d3-4088-8d31-44998efb040f","011bc8f1-5370-4f74-946e-0dd33676ad23"
"02b6e8c8-f43e-4a3b-a238-6fd5eef52a2e","695a8ced-9a6d-4398-84dd-8f2e20ea63a7","064d0fcf-fc99-4c9e-8a39-694062854abe"
"042bc950-e7d5-491d-88b9-06d9658996bc","3b2e5990-4406-4e75-a76d-33648ab51982","08a4affe-b40a-4baf-bd98-e42191c39cdc"
"056ef772-15b1-47f8-92b9-f35d8ff91880","2e863c4d-00b1-4273-9f33-2fec9cf01aba","080e49c9-ecf4-40b4-8cda-fa12f3d3f10f"
"06bc13e6-dfe2-4ea1-9940-4b572c9f66cc","0c570976-a724-40c6-b1b0-fa40f93b30b4","0a1221ed-4c00-4947-bf4f-bb58108031e0"
"0d51551d-1aa4-4afc-bcc0-a93211b31c7c","54e4f91b-9bb5-40b6-90ac-a051245fcd84","01e2e2f4-bc9b-4ec6-95fd-039fb6888e72"
"0dd49cc6-25ee-4582-9c01-18a2f76719e9","91c17cf9-6b8a-46f9-96e2-dc354911f6c6","00022a06-fe6e-429b-9bb5-72cf2a711dec"
"0dfb859f-181b-48a6-99b7-dd4f7ce50110","f698ab85-37ca-417e-ace3-06dac1df7f00","047597ee-6bee-41af-ba44-dd8aee1f8b40"
"0f0c7ca1-8738-4f89-8bbf-5c00c43d5541","0971903f-8f46-43f5-a56f-0643b9d86c2c","0031a051-a852-41dd-915c-2bd7dc60351d"
"141a6539-104e-454e-b30c-ff3d571e5b26","bbfb8fc6-43cd-485b-a17f-bab8f19e4072","02e9652d-7051-45f3-8f57-c9a5d6616918"
"16944c5a-58a3-4ba8-8415-2d4557a37bb7","29a356fb-0121-40dd-9540-0f178b8f91f7","0a5831f5-a4be-428d-a492-35e0532e1e94"
"17006d11-7f62-4270-9a17-3f56f15b79a8","4659fa7e-19ae-4a6d-976d-33763678cc1c","06c5d0df-c2ea-4f87-a73a-031c7f005d5f"
"170a9235-7416-4198-9f92-b666d4816e9a","37a45ba4-a44b-4425-9850-d1b3fa55138a","09624c53-9326-44a2-b52d-743b82fe83a7"
"17aa7f3e-c7f1-45e8-94fb-2c6e8bca6ae5","88a4b0f4-e4dc-4bad-8a5e-3637ee8cd267","0732cb7a-3b7c-45fc-bbf4-43dc43c0ea2a"
"1b98c1aa-6c0b-419c-8330-3a060fc4857b","59862736-40c4-48c3-bfbe-12caefcc62e7","0ac7124c-2de3-4e1b-8a31-6320fd5f9579"
"1c040c5e-000a-4d1e-b40d-98dc6fd8e7ef","2343d1c5-8d65-46fe-a39b-61edbfc871a0","071e54d1-271c-4240-8dc4-d4531ba804ef"
"1c0ba1e4-7d39-4e68-b226-d8f552635e6a","7e3396c6-b5c8-4076-8080-46fe3e16a47e","027d13c0-bebd-4c57-8eb6-64adc3455f2a"
"1cbdb4d5-b349-48f7-a29b-ab329f6de904","5458b19e-07fc-4c59-b04a-46c3fafcb6a3","07233d70-786c-47c0-b490-287c6e0f9c8d"
"1d53cac9-e634-4813-b10c-ca22a57b06eb","0075908e-c7b6-4594-b9e3-c888d832c90c","01e60ee2-d65a-4be9-bbbe-6e1ea94142ab"
"1e1e1e06-43ea-4f12-98f4-02fc115a0919","36ff879e-6d6c-440c-b47e-9fdbcd4ab122","077112de-3700-4c79-972c-546910a4cb03"
"1f0d26f3-585a-4633-be4a-7b843faa0e1e","cce7ead5-ec8b-4b8a-a184-c0067cfb7c91","09ab03da-752a-4e00-a9f1-7e18fe85a140"
"1fd27af5-bdf2-4e01-b14f-c70849ced26c","8e50ba1d-56fc-4068-9961-ee0300bb68d9","01d34941-34e9-42bf-84b8-e86d4a469f2f"
"20e5de4e-d41f-453f-a087-4a9aee06b3f0","c7cbf591-bc1c-4364-941d-28fc63995e1e","001e162a-5698-46a5-a9c5-97beed3d8bc9"
"21cb54bf-367e-4257-9dd7-244afe8dffa0","20ad1eb8-a34c-441f-aeb6-60abc7e98269","0b4c170b-5f4b-4f79-a7d0-f093f078ea36"
"22ccb199-7ba3-4c6a-b553-81fd7618f858","40609b9b-1b0e-4ab5-915d-a8be5eb44cee","09ef34cb-d060-45a8-9179-74f6497f9b4f"
"2319648d-0069-46ec-ad84-010e9fc53bda","e7859840-5bae-4d56-9ca4-daa9e6a48ebc","0634b1f6-8118-47e2-bab8-8d0f4c4d76a0"
"2322d809-94e5-4a81-9d48-ac9a9766e868","428942f3-bd0d-4fbd-80a3-a93922fe048f","08c4ee14-c95f-42e6-96d8-36174dc9f7fa"
"248d407f-6995-4ea0-83f8-b5f8841bece4","28d72c1e-8a38-4f9b-ae54-fe0c77cca45b","08aebfbc-0c14-42c9-aa44-f63bd182f2f7"
"296cce9d-20f9-495f-84a0-0d3205c6a959","80d32f3b-f757-4900-b2bd-6a2a9a8fe113","02b23d27-d728-4743-b9c7-3e286f222215"
"29a24954-8052-43fe-b1dd-03bda597d6a0","428f31e2-e650-4fd6-b7dc-366c52022e45","0847bdf1-c3e0-48a3-821a-6c02b24e2f6b"
"2babd779-b6e9-48d7-bd56-43b7903b4d9d","f9c8a53f-40fb-4827-82f0-0314f407e185","080eda5a-2d88-4553-b86f-daf92886035e"
"80d5f674-4bf9-46db-9380-e2a84e560a05","f5133646-65d9-4f36-90d8-ce34bc44620d","03a0b9dd-4b70-4c71-a937-c99116d36ae4"
"83110aa3-7ced-4eb1-bd39-6c30de169d6a","641ac2c5-aff3-4f25-9cb1-56d114415c2d","015c9885-171f-42c0-a9af-909f047d49ed"
"8344d41b-87af-48ad-b23a-30508250048a","10442fd6-f87f-42cc-b50c-646e931c4909","0316fcc7-5689-4aac-bf5d-4ba648ba0b3d"
"835b7403-ea07-4516-9f96-09ff77539dcf","3576b22c-ad60-4c37-80f6-b156ff0e3946","01401b60-6542-4adc-8ea3-b4a3d0afc248"
"859bf1e2-bbcc-4999-824c-0b6234704b20","d0e6f042-0b84-47dd-8ca9-cb1d263f6290","07dd7141-69fb-4f95-94d3-a3c9a14c2735"
"862bb04f-31d0-444c-b5c2-ccc8a3e1c22e","cc1ec834-cb3b-43fe-a7d3-6a147b6be44a","025f0842-10dc-48bd-8840-dddd524b9d84"
"8648c793-7399-43ba-ad00-8ed46430d575","23ea90d6-4ddb-4ef6-bf41-0f09c4a3d74e","086b940b-e4b7-4f5c-a6df-d942e7d039ed"
"866c68be-b019-403e-9a87-752dd211caf4","9ffcc234-b858-4fc8-9a14-f68b145664b6","07407e23-e910-40e2-804c-4a1d74f66354"
"867b177b-393d-417b-a9ed-04b54ab43da3","d6e9cc18-80fa-4003-bde2-cd0ad51c9915","0aa7f4c9-6215-4233-9f4f-c7a9e83b46e2"
"01986ce7-9acc-4527-9534-f1e039c7894c","ed13cf72-ba41-4685-99fe-9ed0ecfaaeb5","0b9d98e6-80a5-487c-8da5-ac3554b9cfd9"
"0262a51f-5ef5-409e-bb5d-4a91aca6af88","a52469aa-a220-44ae-a480-65de9e019151","0c36bb83-a5d9-457e-992a-f80662e02041"
"045b19b2-f581-4ca1-84a7-8bcdaea838c2","8c71e23f-17dd-4b2c-975a-7c8200149807","0105e475-471b-4f69-981c-d044edf1f479"
"0526721a-15ff-4f63-9933-a45571523e6d","64909a48-517e-4535-b9db-eeacad918ce5","08a26fdc-359f-499f-8bb8-a8860e0fcb82"
"05baa1ac-1e50-4601-94f4-5911f865e354","ceb5f0da-c443-4230-9d82-a300baae8e4f","00af827a-c5cd-4069-b435-14ef67b74ee9"
"0650e0dc-91eb-4644-8379-2576bc28f1da","66f87752-5ccf-4804-bbd5-380296e2be72","09e22478-37af-4655-a776-4ed3f300cd89"
"09663a94-81a7-412c-ace2-fb52ce541711","050947d2-7c14-4d5e-9117-637be95209a0","0c85be4d-b32c-428f-9930-426beb1295df"
"0aaa5b6a-1472-44ad-960f-d9063fd18327","7f969ed1-d753-4fc2-b177-7db027deddc6","08ae4dd3-4a73-43a4-bb6f-65c45d7194a3"
"0b3c505c-62c3-49d3-838c-82ec2ef0944b","ba78586b-3057-4cd2-81fa-de4bbdd25bf7","0ccfacd0-316a-4d11-8187-0e830fa560fa"
"0b72e2f5-8bfa-46ca-a9c9-88ef0ca29a76","ee7fea92-403e-4091-a800-297859f6fb54","044631be-be76-4795-a7b6-670905dd47c7"
"0b93fb11-93c6-4aaa-855e-bfb5c4493a09","1f335167-2f78-4c3e-a0ee-0b5eb9b1047a","050ebffc-1a98-405b-a85f-05c12ee54f86"
"0beb76fd-173c-4a7d-abfe-6217b2267d24","b6d23539-a204-45ee-9d79-33db1a5943cd","0dca802b-b407-44f0-8c11-f2a75e61ec65"
"11401a5c-0438-41e8-8ce7-ef73907564cf","36824eb4-cfb2-4e3d-a20f-20d44d0f34aa","04e727be-92a5-4925-b821-a643dc3dfac1"
"11b4b235-9fe5-4ffc-ba3a-93398f0d8959","7f1a8420-5c5d-4702-a869-bfd7909597ad","091a69bc-c7d4-4e26-b78d-079034c27ae7"
"11c3d6e3-3bb3-46a9-bdb0-84a122499d2a","af922a77-8de1-4939-9314-446edb79c664","0e4e29cd-e866-4aa4-8e42-763af89477a8"
"11f75b26-340d-4634-99a5-2353518bf269","49c72189-ad45-4ac3-956c-1cc764dc35ae","014a6b21-98a0-4af3-b14b-53cc31988356"
"12cde612-5763-4f59-9ed9-1e93a509ba69","9eb90cfc-070a-4d1b-b8c0-b7cd42deadd3","0817ec3d-c726-4f14-bad7-6daba0653dd1"
"132d7019-b72d-449e-9064-9fe67c28c4a2","5e458972-5716-40d9-b42f-5e09d1e9d975","08f24885-9ef2-4f43-9a45-1d6a0c0bc3e1"
"138b7816-d68d-4fb1-907b-a8a77e4fb342","6cb50375-5381-4948-8295-c37e0a09eede","04e4a5c6-8bc6-4661-a642-0ca69b3d24e7"
"13d2e29b-a3f9-4bd7-a3c5-09065d00c431","b42984ad-0fad-4043-bb73-6f1f8fb892a9","0bc26f74-139f-4623-a54b-6cd1debe0846"
"19000e7c-d52b-4b50-a66a-6f9e1a70f9a2","25351779-5b5e-4ba4-a939-8af68a59351f","0a617798-78a3-47ec-8bda-f432cdb01f3d"
"1a25d0d4-012c-4d7a-8b1a-9a06b44f0607","5764369f-de6f-4163-94f6-aaaa2123b29d","00863a9f-d6aa-4c17-ad77-50c94e8fe02f"
"1a8294d8-d462-4aba-968a-6dd1660c86ab","29428686-7542-46e7-aebf-3a53d4c3b72f","0c624fbe-5192-4407-a050-bfa62e272ba4"
"1be3c000-c4d7-4f75-b3e5-1a1bd0b75ccc","95b7edc8-0f7e-46af-acc2-030b70b80ec7","0d75e4cd-454e-4ea3-aabe-889ce96d2fa2"
"1c3b4eb4-55a8-4256-ba63-3cf6feda41b0","ee4c044b-367d-4ba0-9df8-1e228ce47f24","0d045883-5309-4965-8834-190796193fba"
"1d4761b3-7f1d-463b-82a2-f3736dde9529","ff62519d-7285-496c-90fc-c786875877ec","04f7d3f6-d0a2-4304-9813-afd75a3e9ecb"
"1da262eb-3ce0-4be4-aa7a-c8b1a5494eaa","9a5321f7-eea7-4a3a-96e0-9838e5f55057","06675729-623e-41bf-bb57-8f5d2867acd4"
"1db2db98-57a2-49b3-977a-893ba0b70a6c","2f3e2a51-b8be-4091-b6db-7c4f3f255cc3","053e248a-ff5d-4ef5-800e-98ba10b7e425"
"1dd77cce-137e-4567-b45c-4381f3be48cf","5f889683-c03e-4677-bbe6-22bd7bf7a681","05a0c523-08d3-4c4d-9e6a-bc5b57803fc3"
"1e5bc932-5085-44b0-8831-8d83767417d7","7bf6205e-3744-4c51-b36d-39d66e17894c","00c79a3c-d37a-4d5f-bd75-c55444d7b4e9"
"1f2d1d84-238a-411e-b860-cf4631be21f2","49f94640-a53c-415e-9fe9-39c405915ca7","00bfe252-8aea-4285-9d45-9ce2213d6800"
"20061ca0-000a-434b-a46c-0d1f9708d3dc","33effdce-44e4-4332-994b-ff0fe4d230d7","0217c1b4-2dcb-4a99-a1aa-eff379ceb7c3"
"21345876-4498-4c5e-bfdc-3a55ccb5b3ac","08d2f291-d38a-4ec5-89d9-04ceb6126a3e","041a33a0-37c8-4cfc-8045-dbbc95cd3d40"
"221b5a3a-9733-462f-b993-bce29c295cb3","57428ebf-941b-4302-9837-4c0c78690bb9","0067f5ba-2b67-485b-8f98-28430469b944"
"22b2181b-705d-4b2f-ae39-266dcbc09673","c63792d7-5bdf-4fd0-9fd5-f91d98f89ca4","09213972-047c-44e1-a93a-b3cafaa702e1"
"2405eeee-19ac-4f3c-a9e5-2a81b62b3fc8","5fed76d1-49b8-42e3-91ad-6274ea26f9b2","0a5c9fd1-09d5-4ba3-b02d-669f45c9fd71"
"25e93273-497b-4841-ac76-97e3f8b024f2","4f0b6601-d8c3-4ee7-9058-32075a843146","0a1735cb-b338-48c8-971c-27caf6d0e596"
"2653bd9e-a83a-476d-8114-7be518b09d24","7513a5e3-ef2a-4f88-809f-cbb47555da49","0d045883-5309-4965-8834-190796193fba"
"2a3c7aeb-0848-414e-a002-03c30bc61a6b","68fdfa67-8a06-44d0-8d8e-abdfe9d95184","066e6443-868b-4b9e-9fb0-ef1dfa67400c"
"2b070d0d-e99c-4af5-84e3-eb56817fe93d","11d152c1-260b-4629-bbdf-21f97830b76e","08f1bfd9-4214-444a-ac05-d7bbbac3af1e"
"2b07123c-b813-47b6-bb1a-5cd19e8ce644","7cf6e2d5-5504-4e6c-9888-6536eded4c0d","0dffc993-faff-4150-87a0-7cf9ed69e666"
"2cd85c3a-2108-4061-a72d-2490a8202876","3211b3fc-67ad-4b99-bfb6-4f469770af7a","031e1221-8770-4e5b-9e8d-b904928369d6"
"2e6d329e-558c-4b98-b9db-e0ca54f2aadf","50aeb2fe-f747-4ec1-8bc2-6326ee50fa88","0dee49bf-01f8-48be-9d9c-027ea0ac5673"
"2f4d3c57-6803-4848-90fd-221ddfe08c29","81279115-f4f6-41f1-b30d-e6568fb539d6","0591ccc8-5292-4f27-ace2-67289985536c"
"2f7868f0-211b-4a25-9828-ccab82149411","38a76a54-30e0-491c-ac93-a78f7e62134a","0d3c6ae3-c5a9-465f-8c3d-b27530808201"
"321401b1-522d-42a5-a4af-bea99e731178","ced62bdc-0c0a-460a-a047-3357be0b7f64","0510e4ae-8a14-4bd8-9893-f34bc0fec437"
"32791f07-94a3-43c9-94c5-6649421df19b","1ca5c642-f299-4b54-a688-ce44b6137f65","0e251d3f-c5ec-4611-9923-d143c9f76fde"
"34f14e14-9874-46a2-a55e-492658549592","d5dbc9a9-5744-465a-a15c-85e012cbc0b4","001f9cce-f456-4a6f-9f7d-1ef3c769b04a"
"357d8823-dd20-4e02-a299-7a02305d96e8","19844de2-8d8b-46ec-ab0e-4a4d1b847f30","018c270f-8cf2-4049-b131-bf7e95b9e429"
"3901273b-6457-41cf-b92c-5dff03b97941","3d28b7b8-4c2f-48ce-943b-32726a18e5ba","024d9726-9f79-4544-8f98-e008e48f3f9f"
"391780fc-f782-422b-b9b9-24a3a9041d17","e99efb81-0ee8-4e0d-84ec-7c3218d0d668","012a3b2a-19b5-4c6d-829e-debf8fbf2bf7"
"3919a410-c31f-4054-9267-a6f9483921b3","8dd56d7b-eca5-4f2b-9968-23c9ac2fb4fc","03150ea1-6321-42c6-a84e-aedaeac7ae6d"
"3960627a-6e95-4cf6-841a-c83d4f96573b","70cae18b-6cf8-4bab-9938-6eea4e603ae1","059ccaae-e9f3-4094-b1a2-f93f94cd84f6"
"3a0384fb-1cf2-4d97-add4-ca557a39bea6","2b1e1297-2048-471d-a148-430df5b8dc86","0d748eed-c744-457d-8bee-53ced617178d"
"3b49d174-cf3b-459a-8c46-1c6055cbfd65","106636d1-e49c-4e7d-94c0-4e6b057b0286","0ad3ebf6-9a8b-4746-afde-af2a7c3c3e1b"
"3bf361ea-baec-4bf1-aff9-07e14c153d75","b9eb30ae-804c-4326-a195-8fdafa7ba804","01eaf64c-927f-48cb-a775-c43ad4d4f039"
"403d2e1e-3ae0-4d4c-ad61-1a293048e093","e4cf2877-2895-4cef-93b9-f1623376ef98","0ab54e19-c2aa-43f9-8d6c-48ee0e98ef97"
"404db468-9b08-4ac6-94a2-8537cd13794b","547ba3cf-f190-45b9-b9e1-25d33e93531d","0e005c45-a8be-4dad-bfcb-fae636d48972"
"009a7b79-295f-4e24-b69c-e00466e27dbf","b555e32d-f5d3-440b-98a2-bde66f2b3061","0c999286-d3b4-48f4-b5e9-42a41495b5a0"
"01b9099d-7723-4af1-be0c-f0c347a4958a","c137e761-5449-4063-a36b-3328c4240a74","012a42e0-e970-4cd8-8eca-7bcbdd2688a9"
"02e4b6ab-f8fb-417b-8c69-70cb1c41ba64","2b51a4d3-5bdf-4ece-bc0b-dc4661ebcb20","0614f6ef-998f-4b2f-9e73-1db2cf7dacf1"
"02f6305c-5a3e-4fbb-9117-67db19284e5e","db33bffc-701d-4282-b731-5e135e77b354","095bc203-31a8-4242-941e-b68cf84ac834"
"02fafa60-35fe-4936-9b18-f428a4b4dade","8c513ff8-767b-4dac-8027-3c992196f908","0a12074f-2039-426c-8b83-275691e052df"
"08747516-99c2-467b-9daa-86389af2f14d","f2de455a-ddc1-4573-b871-3992342848f5","0df6f8c7-d49d-4be9-90f9-221ea6a37a6a"
"09b09394-d543-446a-985e-6007ce929e12","403593ba-3471-4ba8-9986-1969a6f766d1","05edc72b-a64b-473c-b4b2-08d653414d6c"
"09bbbee1-f617-4917-865a-17a289a9f9cc","4ce88b75-2081-43f6-a33f-a0d0f1f9c42b","051d050c-f6f7-4bf4-aec9-a3fc67a41632"
"09c9b45d-39b8-4a64-97b8-2d69c4048fe9","74b08b66-b027-4655-a1d2-cfec6331655c","0be19ce6-3bce-4bea-b64b-0b07bf97a334"
"0af763b2-34af-4ec4-8894-dd39b0956f28","3a6b05b0-64b2-4af2-b550-9066b100006c","076b7523-ffa8-4b6a-a3f1-69d01b62d7d7"
"0b35c467-6eee-4faf-b8d4-ea3cd0166bbe","bb36797d-c420-4532-a98a-194207e0dc22","07fb0413-5c9f-45c6-99cf-bceccc5fdd46"
"0bd46d5c-ad60-4a5a-bee5-1ff9788fabad","4ac461dd-88fa-4d60-8d86-b7ee8f78b857","0e005c45-a8be-4dad-bfcb-fae636d48972"
"0e3bb23f-ba50-4d48-9a9c-8637d048a7de","38d46233-6ce7-4020-b83b-79936c458b7d","02cde5f8-1488-4f69-8e3e-624601dff3ee"
"0e6c3722-f3c6-4957-b869-81940f9c0836","52ddefa4-f3d2-4a81-9bd0-fd45c0faf1e8","0a12074f-2039-426c-8b83-275691e052df"
"0f146027-4307-4456-ab3b-021050d7b248","40777a3d-2799-46a8-b43d-4f438147b996","017d96fa-947b-4a7c-accd-899f1fdcc8d0"
"0f774b87-b1ec-4439-a9fe-89d3a16ee02d","7259c7f2-a36c-464a-930b-9ad5aacd5940","0525ed9a-c4a4-40a6-a8a9-fc7f8d709625"
"0ff6f223-638f-409a-ae00-4933a7afa2d3","17ca312a-d95b-4b0b-8051-509d38115cbe","019fa628-0794-4ee2-991b-81ecb2072ec5"
"10c5f21c-6211-4111-8ccb-5545038ae7b7","a17e5a7a-b5aa-4df7-b307-463801467e03","0eb1509c-7ea9-4576-a908-a14f822a0709"
"10f4627e-dea0-4dbb-b915-c172f320a493","1a57beba-9d86-4c63-9338-615871eead1b","01803ee2-ca15-4bc0-b2c9-8d8bf9d84877"
"1244363c-a294-4fc9-bd69-90335a4c929c","b61a3d3c-2cb4-4176-9d97-f757001eceec","01be5147-5945-4e00-b7e7-d435ed4948a3"
"125003fb-2561-46b8-bddb-c5200b284f52","e611e3c5-7c49-4295-af03-4991093593c7","0ceee9c2-866b-4fce-aa2f-9741272b4229"
"133c0e97-924e-4aad-b0e7-c39f9ee230d8","d037a5a9-4eb7-401a-825e-0cc6782f2f70","005a6073-f7c0-4df4-bbf5-5b3bf0593496"
"13d39ee1-5565-4b5e-8652-4d6229aa8cdf","efee26f1-d13a-4dce-9c6b-f4a7f8b65a41","02b1f48f-00c4-47e3-b104-f2d844fbb699"
"17fe2aa1-a346-4806-aa54-d9adf1ce848c","a1f896ee-b481-42a4-b47f-95363cf7a599","0cdbcf56-28ab-44ea-b12a-9e2bca19a5d0"
"180e5774-c9eb-4e9a-a7fa-faa1ca8453be","6a578ac0-7458-4c6a-bcb8-0bd8f22a4a63","04285fdd-a692-48f9-a168-c8e30e70b63c"
"1816cd4c-0da5-4de7-adfa-8e21924c7daf","84a2efed-3ef2-486a-9be0-7ce4c390b31a","056488e4-3ce7-4dd5-8b56-9c395f14b84d"
"18c64c95-b2fb-457c-892b-abcb94326899","09a64de7-558d-4878-9067-7c676c93d3a7","0e2399c6-7a83-40d7-bf00-9ac984ba7bbe"
"18d31a3a-56a8-49d7-8ed8-84d471b03d5d","820748d0-32c2-4a5f-bd5d-3887852ef2f1","00ba87af-2c1d-457b-9648-18e815042ce7"
"1914b145-1ace-4666-95af-f30a55f1341e","1a0f4382-b04f-4178-9051-26962e57d062","05febc88-ca0d-462a-9687-da2517189f3e"
"19e0f7a2-914c-4f8c-b74d-25d08b03b6fa","df95220b-b97e-4f42-9f81-17984e90bce6","0817ec3d-c726-4f14-bad7-6daba0653dd1"
"1a50bf96-55bf-46f9-8c5b-5b1dc8ff6d66","9a54e176-f586-4345-9e28-b256ded21ae2","07c521d2-ce27-4cb2-b363-ae005a04286c"
"1b01b890-ab8d-4919-b9de-d4787f913e5d","ad2a332a-a0a8-407c-9bcb-63cd8c882007","0b353e01-6260-436b-8d46-3d2405818618"
"1c3b7e1f-bed6-4b76-bfff-ff8cd33c1113","d509e477-6660-4bf6-92dc-5272ce965b30","0da864b6-1aac-4ed2-ae89-c20c775d36c8"
"1c4d20d3-acac-4dd5-97aa-1d690fdce807","17fd04d6-4a99-494a-b421-45815ead0c1f","09b34ca0-4548-4ba4-8fa4-1154bb51a2f6"
"1cb79404-c7bd-4bf3-b589-853f5fa8f2f0","039a1248-4f72-4bd3-b708-69f55d6ee99a","01a49914-0f60-4a6b-9d9c-0f4c11930626"
"1d0a6754-aff1-4015-aa72-350f4554cef2","071c57ec-5684-49c8-bc90-f9a3b57962fe","0764558d-bbc7-4cb5-83cc-45cf9edc4747"
"1deee608-1f77-42a8-9df5-ece9e205d7be","22a61921-acda-49e7-b7a9-22b39e746774","0badcdb8-7b19-4319-b2bc-223f1bcad548"
"1dfa3b96-4af2-40b6-b2ea-7ec8acbd279f","736aff25-6286-41b1-a50f-76865f97d02e","0b3386eb-6be9-48cb-bc63-6403d4c91e84"
"1e0b2bf9-de18-449a-a964-afdca0038e6b","47b8e064-626c-4c3a-adb3-69a934dc162c","0c8100aa-3b21-4f6f-b85d-afc972645c2b"
"20865cdc-134e-4fb2-aa34-8b2d341349a6","7fb95481-6e03-4382-87d4-d80c15fae3a0","0e41e9c8-bcfd-4f00-ae5a-587a1a4e5fe5"
"2094327f-d334-483a-9d9c-01729283c396","f183d2c2-bf40-4c02-9ee7-325fd7743698","01eaf64c-927f-48cb-a775-c43ad4d4f039"
"22aa4af4-fd34-47af-b5cc-e1512145664e","eeb5ee08-d258-44d4-8376-92b2d968c476","0737ae96-7b53-4f95-8e7e-49aa8ab69c15"
"22ab52f2-296e-4c5f-8c09-2e7ec5f0b887","6605a545-cf78-4645-b20f-4704012e637c","019e736e-6427-4dd2-b2db-fc6c957acba1"
"23332790-3ff3-4941-9308-891637a07307","30c6942d-1934-4d67-b625-c8dc7172f944","046e16f3-072b-4188-9dd3-cc675f3e1770"
"25d7cb8b-77c8-4b6e-ac14-a544895a66f7","6137f3ed-9a3e-4b04-8428-6a1fdaf4d36a","00ba87af-2c1d-457b-9648-18e815042ce7"
"26879aba-a232-46fd-bfbe-70dec41d452d","1a32b7ab-3abc-4a73-acc3-e58a7c9da49e","031e1221-8770-4e5b-9e8d-b904928369d6"
"268ba842-5eb1-458c-b1d8-80f3a17c4e78","fb6e2cb6-9702-4da2-baa9-afca863846a1","09d5cc4b-60e3-44e5-83c7-88e2fcef7e78"
"26f6a915-4657-46eb-a02d-1094db5f02cd","27af3981-17fb-488e-ae66-d8879a50d8d9","0789ad13-edab-4c32-87bc-df906afbb85f"
"297e1620-ad89-4e43-9b36-914b4ec63e14","08ee3f45-d0d9-404c-92b1-18dec0f2fdca","0a506585-88d1-49a8-8af4-a916887fac5a"
"29d0adf2-09cf-4874-b694-b6f2a1ebad50","1b509087-ce60-4953-bf69-eae69717b12f","0e91ebc6-51fd-41f4-85fb-f081bb4ed7ff"
"2a26d882-d3af-4eca-8430-b212185558db","000c5e6a-2697-4d12-9872-3400857b76c2","042615e6-c57e-4621-b289-79e9bfb3a6f3"
"2a31caae-637e-4dc2-b272-bfd3f36634dc","3e10a609-0336-4d52-af1a-c7c17f8c5df9","0b9d98e6-80a5-487c-8da5-ac3554b9cfd9"
"2d5543ea-184c-427f-a9c3-4f680ce5afc6","5d2a5834-ca91-40ed-aaa0-aae236aaab3c","04608ce9-f990-410d-9dc7-5ce2987c1ecb"
"2e50f0d1-af20-4b8c-a29f-5222dde89d26","664eef6c-a7b2-41cf-8601-76981cfdbc51","0c69fd6d-72d1-4fea-a87d-b6275eaf12c2"
"2ec2e888-fa22-4e44-b0b6-65e6f108f2a5","c42d11b9-5111-4581-866e-6b0202135851","00c79a3c-d37a-4d5f-bd75-c55444d7b4e9"
"2f31c154-88ce-405e-8d3a-4b514e281ffe","3aab581c-fcd4-40f9-ba40-fc65733668d1","0381c094-e7d7-48f6-aa4a-8e00b77a8898"
"314f3666-af01-4710-b7e6-ecdecf380af7","b2fab883-6235-46d8-93e2-8311f761d4c9","0a32399f-3f04-4f57-905f-4b343f29d51a"
"31cdd999-92d5-41e6-8a10-f99ef7576094","60c4450d-b7ad-4281-9a35-1fa4ada23a26","021be34f-e083-4d57-8a74-de9acd295131"
"32153a0d-8de9-43ca-b0fb-c71a053de574","030bba3e-8d07-474d-a8ad-ffe18d5b21e4","0e1d224c-3270-4f57-a5d3-308e48ed5eef"
"33c1535f-6eb7-4d75-a16c-272cb11b156a","a37e1d70-2b70-4cc2-a807-c94a9ba4e982","0e367fe4-8b24-4b39-b333-6ee332ef6963"
"345c030b-8ebf-4418-9b8d-3ee2d3b316c4","79e27565-4164-4229-bd66-a961356fb175","05f841ea-cc3c-4165-b703-7fddb2198071"
"35df470b-8208-4c15-8eaa-677bbbcfa924","442c4bc2-e79b-4cbb-bf19-86c7775558d2","07dde66c-fe41-4efa-abc6-13d275c845d1"
"362474c7-0f55-441f-b0c1-7694fcc8aa77","12c31b70-6ed4-4b73-9a92-e016161023bc","034f064f-8669-4941-badf-b7cc780ceb72"
"36f1f984-7c6c-48a2-a906-5b059b62c361","1fd0aecd-640c-4052-9660-81bd61158424","0eb7b3d5-bcb4-4979-bfa2-3454956dff6a"
"802fc80b-a1c6-4305-83af-5427e7fefe55","cd9bb748-594f-4b70-a622-8a64fe507433","04b9fad5-4d2f-48c0-98a2-c90556028e48"
"81398913-3033-4901-bcae-ebdebbf2ae2d","d884ff50-7b6b-414d-97b0-39324f0af824","06b61180-0b6a-4a6a-9f70-28eaeb4520fc"
"81897596-8fdf-4efa-9d22-26d16d8b1c0b","552994d3-f7ad-4283-ae12-24ecc1ef316f","07d78ac0-4ce3-45f0-9ec9-4ad20cae383d"
"8239b4b6-ffc0-4815-8aa3-9196199677b3","57d5a75b-8f92-4319-a291-f8942b045055","050616bc-490a-4b6b-89fb-6da1e0f78ee1"
"8549612d-b817-40b0-9170-f1d9bf20f661","d8babbd9-7a0b-481b-83a1-171081d2cd46","052372de-a970-4d66-9e36-36649481677b"
"85ca05a4-7c47-4bbf-93d5-8a38f3c63b8c","41523ed1-9a14-4a81-83d4-d0747b4a079f","0df1adb6-28c7-4887-86ad-9452012b091d"
"85d3e108-90d3-46b4-aa8e-e76cade91a8d","392fae23-724b-4a5c-8645-3045a87df308","0424bbe2-6e4f-422c-b1ee-99c1a7b8a96c"
"87cec3ae-9a40-4c79-975d-5da6d6664034","cc7929f1-6023-4e47-a868-8d954a76129c","02505749-1f50-47a7-ac8e-6d8217a80332"
"85ccac8d-cf73-44c9-84cd-52d18a9f1891","cfb7abd6-3eb3-49ad-9d96-5512690b9d93","017eae83-1b8b-46c5-a46e-5b730165b9c6"
"88377cd6-adf9-4714-b4b9-33c35fc83c0f","8ee806dc-da8e-4875-a633-20f90f092a85","04185416-f4f6-45ce-b337-268a4a97d343"
"8916084d-e405-424b-aa3a-0872842df1d6","2e4a950e-4b16-453e-85c8-de2bdfd0e20a","0310516f-417b-4580-9d84-603619684819"
"89c4d7f5-295a-46ed-8e3d-6a3560d157d1","03896402-9ddb-4700-bffc-b3e906f20a5f","083c0f01-abc4-4008-b80b-682415fb4b14"
"8a791068-da0a-4f8a-b44d-6437b3505dfe","f064978c-d7e8-4472-a12b-5b8805fd6bdd","010aaabb-365f-4fe1-b0a9-d8719678c7f0"
"8af6201d-369f-4dc1-9fdf-a916f35a928f","11015ac8-2cd8-470f-a5d0-2ead2ce0ad69","05b23df1-cb4b-4fab-ae51-0cbb37595f3d"
"8bd62716-6072-4a8a-81c9-22ba1da77915","3d8b5c0a-f95e-495f-ba3d-86becf89dbf1","0a0b20ec-c7b4-4c98-b245-e73288c9f46d"
"8c14b227-039c-4a24-9cad-454956dfd25e","c66413c9-cd75-475c-a785-4a53de1e8fcd","017bfa19-42a9-42bc-8cff-c71fc49feab5"
"8d47d164-1977-47bd-98df-c78d641f9fd1","48883ca3-c120-499e-a6c1-9eb7ca9c051a","01c99deb-7f87-413d-a897-07ed8e99f0b1"
"8d5f074f-f077-4caf-add8-1078a38fc31c","9f59e699-9b15-4fc9-ba3e-3d1fea9c6604","08fda820-81d8-4034-b031-30e2e5887926"
"8d70d2ac-ae98-4d00-acc7-b3d465935308","cfc1e586-4258-4071-852f-cb877009d417","083a0cc7-9b25-4147-ba7a-5c6a6c95fa68"
"8d94a8e9-6661-4897-9508-4d7cd382baaa","de192f94-35d7-40c5-b8d8-52a59f8258be","0cd6786c-ffb3-4526-a310-73af9060e685"
"8ecd9766-8f27-4fa4-a8aa-fe6d31e0b60f","9fc5e5da-cf7a-4473-8658-a81e721692e7","029ccb42-a216-4d0f-bcbc-e4f96353a3e7"
"903a53fa-7891-49fc-90f7-ce82c5cb4444","9642827d-1329-40a6-946d-c56818518abd","07300cfe-f156-4ff0-a4b1-fd3e2b24fbd8"
"91438619-583b-428c-8232-3ed283fa5a95","de83c050-2c09-4f94-a8a4-d168a2c7d486","0b7263e1-c310-4c61-94c6-9ea17cf38dd4"
"91a34c26-a77a-49bd-b592-4b3041c3ca22","66da1b03-30c2-4429-9c23-2161ff274bc6","045060a4-7a78-4716-9fd8-80fdb180e1ff"
"91a6c60e-ccf8-4f69-9029-2b2af52828d7","19a9249b-22af-44c0-99f8-c4b0f457f639","05c6dcd9-4e36-455d-8509-875507ee31da"
"943f0ff7-c527-4087-8611-6f489d270603","f9d3c7d6-8e0e-499f-b1c3-e401d9fcc31e","07c3b7ff-110b-410e-9b8b-c88b4e21351d"
"949d0a1c-ae29-4ec2-99b9-806480df0c24","a11d12ca-8882-43b0-a882-25a6da378536","037723bb-4d7e-4f5a-a64f-6c5b6af3cd2a"
"94bf2706-d1a4-4b7f-9de9-e81f7d03e20b","396a82d7-3d56-4b16-8c9a-72709091959a","009393e9-754f-4ee0-a6a4-a6c7224e6eb7"
"968d225c-2379-44b6-830d-4518ce6b09f8","be0c2cdd-5b82-45c8-a991-09946ea87004","025c2040-345d-4d63-823d-df52991366be"
"984af5ee-7c9a-466d-80c3-fbf2a0ed5366","2559e3a3-6b36-417e-9110-d202a49f94f0","029b3f21-fa50-4cd8-872e-ec635600e143"
"98870a27-c127-47d0-8887-bdbff555ec46","d62a462c-f03d-41c7-95ba-9acd8a80344e","01145cc9-1bdf-4ee5-8066-c1769de71d82"
"99c331cb-464b-4089-ac8f-033c0b84addd","a4cb113b-6ff9-4830-a703-dd56d7d93bf9","083a0cc7-9b25-4147-ba7a-5c6a6c95fa68"
"9cf9e0e6-1714-4f3a-a5ea-b70da081c4a6","0a746e12-5f92-4cc9-a413-cf36766bb8b4","0aeb99bc-d8ab-4913-8c62-4f63dae83a3d"
"9d405761-6d3d-46a8-8d59-5b3f29f62a6b","119b5404-c4dc-4825-b75c-254830eeb932","01c3b9ae-1de9-4842-ad36-85468c39cada"
"9d42e69f-32ea-4cdb-a428-12e08be8406b","29ad3d63-9cc0-47c7-8a09-2d32cd41c13a","079f6002-ff0e-435d-bc19-e84db6cff880"
"a303799b-88d8-4e2b-b41b-8a7de226d51b","e4983458-2bdd-455a-b64d-08e15aea797a","0d60a2bf-77ae-4a00-9d17-16360811cba4"
"a5b94561-f7a1-445c-9c18-01f5620389d0","3a84386b-456c-4c60-89b4-079bcccf49bc","03871637-0034-4108-8d6e-d3649163a56d"
"a5fa9cc4-b5ef-49f6-b424-a237e45f5d78","ef3bebba-9579-426a-b9af-ecac4c81865a","025e85ff-8ed0-4769-8acf-cdd9d3084dc9"
"a60038b8-854c-41f8-a0bb-7f6ab0a19735","87e3dea4-1bf3-41c3-9963-9e0819b361be","0b98bba6-9978-4fb9-98e4-25d09c7a71cd"
"a60ba7ab-4930-4e07-ae18-62b896376085","f75269ee-cc9a-4570-a348-75f185fd27fb","00cf1018-7403-42ae-9d33-ce0c96101cb4"
"a7173322-f77d-4123-9a19-5b7ebf596d62","3678b727-5dd7-4e13-92ad-0ebabe85324d","083a0cc7-9b25-4147-ba7a-5c6a6c95fa68"
"a739ebd5-f290-4ea7-8ad0-90cb4b2c056e","c5b1e493-8abb-4ca9-9363-9715fd030d83","0147014c-395d-418d-889c-7c1e2bbf2868"
"aae337cf-7cb1-4480-90c3-3120700bda97","c8abef5a-816d-4f72-bbcd-da2ad329a7a2","07a5d4a1-bba6-420d-8cca-4f2bf02e5a9a"
"ad088a11-7ed9-4c4c-8a97-b4886abb52d8","215fd579-285c-4a96-a39e-cc4bd19e226c","0b788ee3-48ba-4e9d-a733-4d4e58fdbca6"
"addd63f0-350f-4738-b293-4ca22d8170cd","61009118-33b8-4931-a208-79b30313f12b","05cb7b1c-1bf9-47b4-b078-e4b582201142"
"adeb9b42-60b6-4d71-9dc6-f5477c8538b1","51981bc1-6e25-4d95-b7eb-e866df20a999","0520bd3a-b01d-4604-968c-f7ae7c35b786"
"adfd9b6d-16da-4548-88be-7dea0d293ecd","e0c0272c-0ad0-4c41-893b-af720bebf238","01005209-fba7-4eed-b0b0-26bcfd95185f"
"ae4004da-8a45-4514-8f09-d9f6995dd806","decff91a-e167-45dc-9a33-4af05d9a2f31","01953a08-945e-4a0c-af61-bd0bf407b74f"
"ae6e6294-b7a1-4709-8b16-27ad1e604c4a","00004833-1e93-4b9c-86d4-77f41b26df41","026dae50-80e8-47bb-b36c-4754d984942a"
"af4f000e-3d2f-4ac0-b7db-f194048574de","90aecb41-c6c3-4bcc-bab6-2ff0ac183d23","083a0cc7-9b25-4147-ba7a-5c6a6c95fa68"
"b05bdec2-437f-43ce-ac60-2021b84cf39f","7778f2de-a190-4ee6-ba84-07345b69bfa9","02ddf936-80a6-4c4b-ba09-21eac97cf08a"
"b128c9de-c8a4-4ef7-9351-3101ab63b48f","02bb84ec-922a-4159-b053-b85e3025128b","08e6309b-cfab-4c96-90d0-3898a511c299"
"b6aac95a-b71b-4f51-88cd-909672be074a","f5c151c1-71e6-4429-b87f-27aa4462575a","032b09ca-e05a-4e2e-901e-afef16db4cb0"
"b7ab9441-aae6-4273-8315-f53b4f594a13","6cfd0d8f-078e-4ef9-821a-a7a8e1cbfa63","033d2857-ab5a-47c2-873a-90de8627930c"
"b964c4e4-72a9-457d-bb53-866c5dc0ca15","09b566f5-6972-4414-a5ab-51088a38793d","01fb6356-0a07-46f4-a228-fb796619f2b2"
"bac6d99a-47a7-407f-a85a-b38781080b84","fd8660b1-ebf9-4899-8b9e-686c2565ae13","0baa23ef-4b74-412b-8147-731fd217f494"
"bd0768b6-690d-4633-829a-3765fabf67c7","607dfdb3-4cd1-4f06-96d9-d44212e733de","0abfffa6-b3ce-4c5c-9c38-946c93070405"
"c12ba728-f58c-4860-82e7-a84159c99fd8","8bba1105-f12a-4e78-ba17-08531559ad4a","08c7f789-908a-447a-8d26-01d9000da089"
"c1322f30-e17a-4571-9a0b-48479f052340","ee2fc3c6-eb1d-468e-bd50-17ecef13d8ea","03eb6ae1-c774-4843-a189-b60aa9a725cc"
"c3731493-78c4-4d38-b775-798686fcc4a3","64b8cc32-e9e5-4227-8015-b653416963d4","0b06ac46-c1b2-4a69-8ce7-6768f9e508d9"
"c427fff4-1d89-48fc-93ce-e81d45b5b1cd","111c800e-3e93-4247-b05b-d8082cd96033","0559b2c7-699c-47f1-932a-c423deebc6f2"
"c43f62e2-84ff-462c-891b-75507bfc3c7b","56d3e8ad-6f04-435f-854b-f51eb8835571","02e17c57-4624-4692-8a5b-a3374ac48f15"
"c5d0407c-d1e4-4d4c-81c6-733ff33bee82","74b3b1e8-9aff-41e2-8d8d-f074d74c93fa","0406c9b8-254e-4e2a-b334-d8fe6c510007"
"c6700687-92c4-406e-b72d-2d8cf8f7ee02","866e7846-e204-493f-93ed-a322543a9f52","05f11b79-16b1-4012-bab6-da13c1b9c6dd"
"c70147b6-42df-424b-8ddc-2b91dfeaa6e0","df1285c8-f256-408d-a50d-ccc629ba8dc1","019dc9f7-d8f2-41af-8781-189b94676bfd"
"c701a7e6-0635-4894-91fe-dfe1d903fea2","35f83df8-c91d-4d6e-a042-deeb619d7f64","06a36cb5-fe49-405e-8426-ef7516262ae3"
"c72d51e0-22df-429a-a4d5-916a74e6ec55","10c22b33-97b3-4266-aa5c-29969916979a","0915472a-e8c9-4d89-a15b-ec8c9ebaf559"
"c74f624d-583c-4e0f-b16c-e1b61869ef0f","28cf523e-41cf-4cf5-8a10-3e0531ebb53c","083a0cc7-9b25-4147-ba7a-5c6a6c95fa68"
"01d89c1e-6a62-4d4e-98fe-7e504262920a","23526697-5b6e-4bed-9408-e2cd2631c1fa","0bcc092c-3a16-46c7-865c-c0a1a46f52d1"
"03471759-4ae2-41b4-9d5f-674d0c2aa040","65d2caa7-f7e5-4d4b-a9f2-49f52a41cb45","0b13991f-5d74-41a6-9279-fcbea7a98d76"
"042c08f0-bcab-494a-ba50-37060116c154","48181ef3-d0fa-428a-9fd8-1ea47dcea7ac","0498712b-af95-4e87-9143-86add7ab21bc"
"05401729-4286-40ea-8445-8ec152ca170c","7de1b10c-d189-4ef8-b3d1-049e1149203c","08f82515-6f94-4108-a14b-e084c24b8530"
"0575b4e0-17c9-45e2-b1f8-1d60396d9868","6fb54bec-a6f5-40e8-abff-4c213b691a41","00be8770-c0a9-4535-9c9a-d0a38a1580ba"
"090625f1-8600-4333-83b8-86d86c17793d","fe803d5d-3e36-498b-9fc4-6522aa071eb3","08a5f022-9105-446d-b58b-999ff67c307c"
"09f4516d-8eed-4ce5-afbf-dd2ec9e34a83","5681c183-7b35-478d-acb9-20f5613063aa","08eea64b-cb2e-469b-ad1c-2f1d1c31d3ff"
"0a9a17b2-e968-4003-ae9e-c6d9bf97cd04","df903dd8-90db-462d-94a9-eca19ed510ca","083a0cc7-9b25-4147-ba7a-5c6a6c95fa68"
"0ae38a30-6025-4efc-a447-5a7ac17da6b7","42ca7444-79e2-4f6f-a6e2-1ace4424ef3c","08c3b7ea-94a8-4df1-8b97-15f18a1e331b"
"0b655248-1005-4fbf-be68-26d40f58c9f2","e2ca72a2-7899-4703-b01c-1085fbfb3150","08e6309b-cfab-4c96-90d0-3898a511c299"
"0bfc7edf-4c45-49a8-8529-eafa8fccb6e4","9a18c701-9a5f-4ce5-b21f-f6d71e4dde3a","06f88ba4-7c15-4d26-8bb6-1744f131fb7b"
"0d327e6d-f054-41dd-8975-84229f7a8ce8","1593bea1-4234-4103-826a-ae5b226ad6f1","0226f867-62a9-459d-8c14-9f775d1e69b2"
"0dabcdf3-dbb7-4286-9a86-3945f04c05da","1d0cba28-a3f7-48ed-8313-9d6127105c68","0014c286-ba00-4574-ab52-af116f2a6c78"
"0e38316c-d26c-47a7-a8e5-7d778e63242f","22cf048d-f92c-48ce-9750-3439ab6b9c6f","022e8b8c-875d-491f-a857-381d749d0d09"
"0f21d5cc-8f42-486e-b3e7-ac1bd7ec6260","4f83f787-8426-4dff-9cc6-b0115cf4984e","03d774f5-0582-426b-a3a5-e6e01150a38f"
"0fe8b087-2cb2-4a25-a32a-3989567268f0","d6166547-101d-45a8-992b-a66dabec42b1","0d14dc04-0433-4ac2-9355-a96080967291"
"1007117d-755d-4c18-b88b-b3921962eecf","07a60a01-5f3e-4cca-a655-40a0273e65ca","03eb5005-5cc2-47c3-9d3f-45665497135e"
"11a3eb18-8402-4000-92a9-bc754b4d4f7e","33ea098d-9eab-49ef-9807-14b1fb7cf401","01f645cb-addf-46b7-b221-5dd00ff02d8c"
"11e3d6cb-758a-4744-95e9-c4f40e77685c","b730f9eb-a9fd-4d32-8d66-ca18e237f760","04a57bcb-2cdd-4091-8c9b-e46307cc5944"
"1272d8b1-6211-4ca0-b059-2f4b4782e906","f3cd427f-0e39-47f6-b202-a95f9b1a77c6","0d3ddc62-83a8-4957-93d9-44966897615d"
"12c4461f-a85d-4430-a719-381605b99f2d","e4c9a391-c739-431b-bc10-0cf53f899cb5","00ea4cee-0d56-41e0-8d90-b887e9d3c3af"
"14496b19-5cd7-46e9-bd88-b31c5dc51e25","d91e6bfa-7f07-423d-a7da-7f3619e4f838","05915d5b-8ff2-433d-98e6-cfd11ad4ad14"
"1473eee8-8ade-46da-b2ca-69362bfa9416","424c4154-1fda-4c85-b613-a99313c304d8","055c78d6-3a74-41d4-8203-b96036c434ae"
"1511c98a-f6a6-4aee-ad71-9beb70429055","130a0958-95b1-4998-8cdf-60e863aac3a6","0d11819f-ebcd-4e50-9efb-0667e69d5a9c"
"156b5c37-b4d7-4c51-ac51-1e6c39f40081","e0923cb4-e85f-4dea-b1e7-96983eb254c3","07da52f2-adc0-4008-8a04-022395acdfca"
"16fa25e5-5060-4271-a8e1-c863acc78835","366fe424-7ae9-4418-b6ce-cb0dce9ce549","0ab2ef57-4d1e-4880-9d7b-422812add1c2"
"181b23ab-c180-42de-ae0d-0dd2288f56bd","18c09a68-866a-4641-b654-b57ce624951f","020e6296-2309-49ee-8823-dbe0c0599044"
"1c90b86d-de79-4e2f-9f2c-73efe883ea0f","1cc76ba6-b5d1-4265-9562-a9210aea1349","0266a343-8548-4642-899c-188c43078fdc"
"1dc84962-d602-49a0-8479-8497d611564a","f7d8d95a-f542-4a88-b85e-da66cb3cd050","063127de-19fb-440b-82de-bc4220ae6026"
"1f18c6ed-8c7a-46c5-9a07-8c08954ffa49","572a828d-4396-431a-9b15-849909e0dee5","05a6768a-7410-4036-9151-ad9067ad9ff4"
"1f7264c0-3ee2-40c0-b745-51c9bf999b7a","ff425133-234f-405c-bbd3-559269d403c0","08519c2e-73eb-4bc1-8b50-56da6a376445"
"1f8f43f1-6f61-4290-adfe-6cfab2feb93a","bd995df6-19e5-46d9-ae62-e6e8a77c852e","0a264fa1-a039-4b39-89b9-1a8893418650"
"1faa002d-59de-40a1-ab70-c45cb340680c","5d2e5ddd-4adc-40b3-8603-93da5ce58d0e","0a8a4c11-fcc5-47aa-84e4-2b45adbf87c9"
"1fade4ae-9310-494b-8229-8ec7d8af5b3b","196501c3-063b-4bea-a251-64c4dd637b18","032c8a46-ba84-4e1a-848e-e133adacde05"
"201267c7-7e19-456b-aaab-c6a7bfb62d31","4955951a-f0c3-4fc7-bb0d-dcafb261c28d","00e59c70-9f42-4f0d-834e-2f9d80b832ac"
"207625b0-2ea7-4341-a2a5-feb4e8192105","eb91e8cf-449b-40d7-8eb2-3f729e38c7a0","0762e257-168d-489c-b2a3-da4aaa67bcf6"
"20ce81e5-ebfb-4a67-bf0b-4bc6503b61c5","b767324c-6288-4a89-9fb7-8ec753c81348","0875bfaa-78de-4bfb-b422-f86d09c353b6"
"231dad8a-b5f3-4c7a-bca8-fbd5f9137bf7","c373ed41-8ab4-482c-a182-def911630a28","0734f7c2-a383-4a4c-b80d-24307c10338a"
"249c3eca-687b-4702-be35-6c1a87cacb4c","20c7635a-90e2-4192-8d31-4f053229e333","0c01d263-a200-4568-a33b-cdb31fbcb028"
"267c86e8-cd26-4ad5-972c-7fed42f673e1","c287bdbd-daaf-484e-801f-d5b8414b4041","0875bfaa-78de-4bfb-b422-f86d09c353b6"
"28230e24-adb5-4496-bbed-1d5844353060","0a027797-a232-40c6-9e04-6a7b1692ad18","08fbd5df-f472-4c05-8de0-4b183d7981aa"
"28b38545-eb33-49e4-8a52-9541f084282a","93559578-af86-40ee-bd84-7c1b5bcd6d16","00fbc449-f43d-408a-a568-c3227fe1444c"
"28becccb-bd3b-404d-a5bb-47de60e1db49","e5b51673-0eef-47f1-a94d-2d540f5db02c","08e14b99-c0d0-4b8c-b392-eb673b72b1c3"
"2a2109ef-6b76-426c-890a-52d1f4e35e09","6833e55f-9815-4321-8c23-964c0e40c152","074a688a-3181-468d-a4df-f02b040ba2f0"
"2b50bc05-b4df-4006-86bf-56c1f702d80a","639ba393-73df-4595-b6a0-b12f39572f92","03ff6bb4-b28a-4d31-8b9d-9b27c41e3fb1"
"2baf7cf7-a870-4718-8b64-a512c3e833df","00a2228c-1cbf-4591-b7b9-4d84d6d318b6","06bb5076-0fdf-49db-8e5c-80db497c4fb7"
"2e774de2-e3e5-474f-99e1-16539a8d3033","bbcf104a-43b4-45a9-865d-e4a9d78a2047","02e17c57-4624-4692-8a5b-a3374ac48f15"
"2eacdcbb-92be-4d23-af50-de365020b2f1","4cc43c05-47ac-4208-a021-d6b0de2b6dc8","0a0e05c3-ab56-4952-a492-544a561791d5"
"2ed27234-b101-4f53-a5c6-8526868d51f5","c53d66e7-ffb7-4be3-9031-0f23b4a2b468","0239cf53-6cbd-4673-bfb9-f4d36290ddff"
"2ff2c17b-91c9-4b66-b95d-8c69456fd60d","3b6e9dc5-d764-4a65-8750-8d2f034459f2","0c9eee56-9b02-4b35-ba05-7004d9b06bc0"
"3032525a-3fcf-4041-8cf5-31be791bbb63","cf1a5394-ec0a-4492-a352-412cfa6ad1a4","05874a47-2840-425e-ac0a-8dc4c5dac85f"
"30d17052-23d5-4c32-8eb6-598088de1717","711c1cd4-7a18-47f6-aca7-54c2d44e75b9","0d3a9af6-058a-4651-bb79-11b76c91cdcd"
"3244cd55-cca0-4b15-ba67-7cbd78e1749f","e98e087c-5c47-4824-b57f-0f2ac4107427","023d600b-9167-49a6-9cb3-b606b25a34a0"
"32fcc80b-02eb-4efd-a2f9-f690f1817f8a","13842b51-e280-43b2-ba7d-6ff81d49138b","0c9aa951-de34-47fa-885c-cb4ce34ca54c"
"35c17ff3-5fc6-485d-b8cd-60cc938168ba","4e890aec-ceea-4c0b-9b7a-03b7bd9fb09e","0d60a2bf-77ae-4a00-9d17-16360811cba4"
"36285e9f-b9d2-43da-8a3d-df3ad1356f0b","44cf2710-a429-4dcc-a8b0-761d4e839794","05630610-bb94-4b2e-99e4-dcf45e3f6594"
"36d816d7-2554-47d3-bae1-b9f22844f453","9dd1d5e0-e441-4eb7-a006-c0669ee75bd7","04c8a9ae-0d70-4622-844d-1c7dd294efb6"
"36ff5888-e1f5-40c9-ada4-4748d8985a76","3af6f3b5-8ce2-48d9-b268-ddb6e4f0d465","0353d89b-a7ce-4a18-95c7-6f4e5c850510"
"37da4d7a-cc3b-4c2b-9e2f-28d6fbf99093","fe399ed3-76be-439f-8a72-2609de3f79ad","05ec274f-475d-40ac-8b56-1bd94c6def9e"
"384f94a5-8b3c-4f6b-8167-95bed4e578f0","0a96f5b1-ece8-4b2e-a22a-7dbd09e293b3","0736769c-3ae4-46a8-90bb-d5a8d37ca6c3"
"39ab41c1-b677-4833-8890-9d00df8c3c91","aca97e74-8d25-4a30-80e2-d9a18848b274","0691dc87-d98a-4bd4-a800-6117c607d019"
"39c9ddea-08ff-4d8c-bb28-0c08ddd313ad","7236f531-e0a9-4f89-bd2d-de40dbd667a1","0323bc2c-7af4-4b91-9808-8cf7964079bf"
"3a27399c-bd1f-406e-bc97-984e0a7ce349","5a8f8cd5-9943-4070-8066-d144273b6b54","0b8f1989-6b18-4e03-9203-87cc878a4ad4"
"3a2a0f82-dc91-4ed0-a3cd-b5b299c15a65","260a0f3b-84d2-440c-a870-47a67be81bf2","0a8e2f09-99d6-4f49-b46e-fc6d6550e6bb"
"3a824e17-58d7-48f6-915d-cc98d2746333","831f3f54-369e-4fad-b86c-582d9a74dc88","038ee034-5e4f-4019-87a4-74f25c103bf3"
"3a5c07ed-7434-4c57-8b07-4df755f0f706","20ce8114-18f8-48ed-a075-41594e0ace87","07c79d46-2504-4330-8ee6-e676aed19b91"
"3c529f05-12ca-4721-b975-694197f3ce7f","f4d1650c-6dcf-4dbd-be2c-90caf049a2d8","05a6768a-7410-4036-9151-ad9067ad9ff4"
"3d632da5-1eb3-4651-8794-39a9c37d7ca8","b3a23c39-c2e0-4659-b803-505104a2c64c","01853dd2-b4d7-45ab-9776-7a76b40e264a"
"3d89c0d4-44f8-4542-958a-520000397788","4152fdf8-f9f6-4ccb-9ac2-3f3856f90234","026dae50-80e8-47bb-b36c-4754d984942a"
"3e2c043b-c651-4b8d-9659-be06df912a05","cec35efb-f101-45a0-81ce-5dfea66f8069","0898aefc-2606-4895-bc01-5b677d4bc192"
"87f7045d-023b-435c-9d75-af32a316d32c","5e64f960-f7c0-4b75-af34-019a2bc3ab6d","0d8a3575-3286-47c8-97be-438e5f50dbf2"
"882577af-cb5b-48c3-b11c-d289fdd922b7","92f4832b-c0d6-4c83-8126-0dd8ae356c1a","0425b2ee-fbed-425e-b04d-8633df64aaf8"
"890676e6-c07f-4ab9-b942-d69c2357a4a9","122e2d88-6d9f-4c04-a02d-1a4e538c911b","0cf7be46-1030-4008-a1bd-fb3959fb96f5"
"89561d28-6205-4de7-9f9d-448f549d1887","dfc5e3d1-3e66-4649-9b29-7b0cfbc37f96","08eaaefc-beb7-4a6a-900b-b049309f906e"
"8aeba34a-0e8e-492e-9e48-67552968473b","f2a1ffb9-6199-47f1-801c-235349e23a7c","0495fa8c-33f9-41d9-ad8c-3015ca44a054"
"8bb45dee-a8e6-460f-a236-d18c16333e04","83c2b227-ccdb-42b4-a2d5-27ee7598f019","0424bbe2-6e4f-422c-b1ee-99c1a7b8a96c"
"8cc37f80-88c9-4242-824d-9a1eff6e5f7f","bfd513fa-9d35-4768-a171-922f0adff2ec","0742ef09-772a-4775-b037-d7cf4fb20fa4"
"8f29398c-d9b9-4a0a-af89-31fde75723e5","98679eb7-da2f-43e9-93bb-4b99b5aa6736","0addb8f0-693e-428e-b739-12f7294d3d99"
"90ecb5fc-2159-483a-8e9e-617c2efef494","3a370503-1e06-4b9a-b438-562439ee035e","0af9e202-2c5e-4cdc-94b3-17c9bc56aeda"
"91f5a337-61a0-4823-bbe5-9c5fe425096e","2793a6b0-cdeb-452e-b6b9-f3508070538a","0186969a-a8ab-4fb4-af55-3a5c4be972d6"
"9421841f-721b-4939-a682-0204d4ef2230","4e21db45-dbf3-4cc2-a26a-6e41f8df86b7","03385774-0712-4a40-bfab-e84050bc5109"
"96b40d30-f19c-438d-a95c-686b59d35f98","3243c857-80d5-46b7-8feb-a9f2e3018090","0cf7ad88-856e-4c32-8260-eaafb2a0a6d3"
"98b1cd1f-9831-4c43-ad5b-6584eb8b2957","8b4aacd8-8ccf-4b4d-abbd-aec3c4569c51","02b6df14-4912-4312-bd6e-1973e1aaf758"
"9972a8b0-8288-40d2-b585-443296a9671d","dce1d282-9d08-4f43-81d4-84c148b77068","098db368-42a7-487c-ad1e-5a053ccb4ecf"
"9db7bc13-9ca9-4fbb-bf0a-53ae7fef642d","13dd7b75-bd76-4189-97b8-9be682fdccb1","03b91744-69b7-4fe1-81b5-5033d1c806da"
"9dbc435f-06c9-416b-b545-99c5685c747d","3c0abb22-bdce-43b5-8675-1d575a075628","087a3379-c6a8-47e2-a2fb-9d5644c9999e"
"9e2b145a-cfb2-4b70-8dc6-206f22db5d7b","45dd2985-039e-492d-a7ad-7db7d5fb422f","03558031-4e31-4a20-8014-61a243b89be6"
"a3aabad5-8287-449f-b91f-91e295413814","f9b13afc-6a0f-45a4-9138-60893a9d1d30","0ea70473-ff17-407a-bda1-da72552e0050"
"a431a98a-62fa-405e-bf17-9abc2b8994c5","264a9e73-09e1-4847-9091-d46bfb3e2a4c","09b94ccd-9dec-4993-9464-42ebed640990"
"a65afbb7-cded-48d3-8345-5e251b29a22c","ad1d9c5b-00b4-433f-a9e8-00f213cd9c00","0620c398-29d5-4588-bd60-06883b0ddd45"
"a80a8b20-a75b-4e26-9bd3-501f0eba4a0c","f7c828e5-0055-48ba-80a7-b5b037a8267c","042615e6-c57e-4621-b289-79e9bfb3a6f3"
"a8fa4010-28d9-4124-a698-a83bdc216e0c","4166a018-6bbc-4763-9d34-4a3b43eec4c1","009d25e4-01e2-432f-96a2-e7f86ed2d439"
"a968504b-7603-4639-8b37-7e77ead08091","51c5f454-a605-491a-abfc-75e05ee1c179","041f9fcc-2d82-4140-a990-8e2d23064b69"
"a9ed2fad-23fd-488d-b960-91adc765ef24","4d9d7e93-d1c3-45f1-8f97-e910f5932d70","0dc31a1b-83b6-4990-a180-32f84ddb43ef"
"aa2b6ae4-e8aa-4af1-91e6-2fffab361c9a","c038fdec-3095-4b95-9f7c-f076c0a4fcc7","09619332-02c1-49fb-982f-c5d15e4f83bc"
"aac169e5-7c0d-4b36-9e8a-206361751b66","994fd5c7-a690-4f50-b345-89276e9a68e8","06c0e103-d99c-42a4-b5f3-3b55aa107dcd"
"abd94961-96d9-4176-bac3-c6b932a93b14","5fdff681-b528-4d20-8ab0-631fa85561f7","07c0aa45-ad30-41c3-b01d-0e4300c7923a"
"aea0fa23-ef45-42c4-9d37-b5954ac0cf93","7b25f5d5-e708-48dd-a455-6ae5b931622e","011dce08-abbd-4274-996d-79cb4537fc80"
"af88d181-20dc-4f34-b68a-24aac0bb6259","57764319-e9e6-4968-98ea-15143c1f30db","0c47b60e-63ae-457e-abb5-6b9665d89b44"
"b03705ea-c109-4359-a601-27c8478034f5","57aa34fe-f146-4d08-811d-9df7179ede0b","0942cd5b-0dfc-4f96-bc05-d6956daa9b0f"
"b06b6210-f7d5-4e71-82d8-2c06589447a9","7e4d30d8-c1ec-4b2b-bd72-1bb33c17923d","0c78acc4-e462-4839-a03d-50d6ebbf6c27"
"b14c238d-bb25-47a9-a155-f724ff466416","8d89219d-726a-4113-8890-6052f27401c3","06a77bf6-a227-488b-b69d-d1d9dad5f696"
"b1cb281c-9d56-407e-bec6-418cc4fbeda5","d018c6ad-b585-4c2d-90e2-04de2891f36e","09815ee1-e2e9-4998-b744-617d5ed0c384"
"b2438f2b-da09-48ac-af58-52836ad5cc50","a8d9ec0b-b8fd-4069-a509-adb471462eef","0eb96a15-336b-40ab-ae6e-801673183886"
"b512dd45-8990-4fc3-977e-5f6f20563dc6","49033ec3-67fb-41ea-a385-ac88dc65ff38","033c3953-48f5-46b2-9732-9789cc6e7dae"
"b8c0bb48-01d5-4c35-9067-7c2aff2d2df8","15afc2e7-e9c0-4bb6-8655-b2adcf77e631","06c0e103-d99c-42a4-b5f3-3b55aa107dcd"
"b95c9b33-ae39-4ac3-854b-476b1c44b54e","139f3ac2-fb8e-4d37-ae60-9f8b2c9819d7","0552ac5f-819b-417a-a3e1-8fe868e8bb83"
"ba4b6ad4-7acf-475a-a5a1-005d9fadc055","5f552608-5723-4b64-8b7b-177cc9d57c9e","084b2f0e-c1da-4434-9100-180fef70ae80"
"bd0ba6de-ce4f-4a50-84c5-418af0d46665","b90c0fe5-fecf-42d5-a92c-2da8fa8d5731","094ff87e-1383-4589-89ea-ed11ba4fdc3a"
"bd593573-17d4-4a36-b58b-4c5c6fe67599","32487e88-6df0-4033-9bca-db61b21c2c3d","0661b710-fa1e-43b3-b83d-0f6852edaf53"
"bdba8ce6-0284-4a8d-8bd9-66426972748c","b0621b20-3566-4e54-ada6-8787c08ef2d2","076ff665-7fcd-4aee-a958-5773081938c1"
"bf0e552c-7411-4113-b8cc-d89dc51c35b8","29dc9281-750b-40ec-896b-86f383075c72","03fc89e8-4f7e-4ba0-9a0a-f3bcdad713eb"
"bfb60aa3-9130-4fa2-86b1-210b1742e0f5","d505622d-5928-4ab7-9795-9be5d48347b3","05a82657-4dc8-4071-996c-ab1a8c46c85e"
"c25cccf6-92ac-4a07-b9db-b2f013950de1","eb849ff6-5520-45b5-b793-86c92c6da043","0b959b3e-9fda-464f-b5c5-27e9a7b5a947"
"c3ee9279-3f91-459d-9af9-db5a0b85904e","ca0648a5-c3d4-4e76-8542-82de0ef4a79a","0e1cc7ee-a3f8-4432-9541-af18819b9854"
"c4385139-3aa7-4984-a38c-d2bea5c43833","f5562258-713e-41a3-852c-ea6c14a2e683","01e647a6-f16b-4374-bb79-12701465441b"
"c6599bbc-2cb3-4baf-ba1e-55a4fe5f2832","ea49c634-5de8-47f1-bf31-86a68fa87273","080e9279-63cd-4d03-9c78-c640153996fe"
"c723a55b-68aa-4b6d-9a00-c34f35277d42","8c26d05a-b656-4104-b675-ee9a3218e349","07f09dbf-f89d-40ca-bd70-4c164dc7fc9e"
"c9305ac8-3c36-410b-9aba-543624fdd9c8","5f44a56c-1fa1-4d2e-ac54-0ccd0f56749b","0982209b-ee00-42b1-8d32-8aed1885c488"
"ca741288-0110-4e7b-92fb-9a398e747ab9","447a9ec4-dce3-40ad-9d6d-a0f3e92f80d6","03adbd3f-89b9-4c32-ad27-d64c1db7ef6b"
"cb70d6d6-f67b-48a7-91b7-1e9583544ea7","f06dd295-a1e1-4cc3-851d-93c6b702605f","06b61180-0b6a-4a6a-9f70-28eaeb4520fc"
"cc6cdf4a-5161-46be-84eb-e418dd8f478c","d9906e8c-b0b4-4cb5-9216-c93467b46e0a","09a8aa6c-9119-42b4-a89f-e0f37b9755cb"
"cf27d07d-9dec-4c0f-821c-1eed36078b3f","1ec8616a-5269-4cc8-9d73-812257fe9b2b","04a2db2e-41dc-40e6-8865-2b797873c968"
"d16bb95b-05f3-4560-b513-136f00e7a4c9","dcf89238-db7b-4da7-a657-e291e0de8c4b","0d9db3b3-988e-4000-a7d5-89351c58f7b7"
"d23997b9-e977-4b0b-9e3e-f7806718f461","b522703c-9509-4dab-9d41-de0fdaa5342f","06e5dbb9-8817-422c-84f6-e349e28f1b3d"
"d25b0027-e379-424c-bf05-4e3a7ae75890","90ce7220-234e-49e9-8208-4d9af7cf7bd1","0d96a66c-3bf5-459c-b48f-8ffdfee4799e"
"017992bc-9bfa-4ff1-abfc-5b09960d924f","f772f280-5efb-4fec-b4da-a65773d80d85","0d879ca3-d6dc-4c51-ab9e-504d0c4688e1"
"05cd01eb-2b95-47b5-a72e-fcc052cc272a","81a300ba-e8ec-4fbf-8496-fe13b50dd448","09a83389-4cb2-4389-9022-fb3450669717"
"065cb258-ee86-49ea-a6b5-de72fb96e4c1","456441d1-1be9-427b-ab43-7419681edf82","0348546a-c8de-4e0b-8f0e-ba01b1ce809f"
"0738f853-ef05-45dd-a26c-701b9de8c73b","85403d4d-9240-424e-a5dc-0d599623be31","026c1a68-5814-47fa-89f7-e351bac107bc"
"075e9c26-7bf3-4e0f-9af1-44e3a2546f20","2f656af1-b957-41b9-b92a-3c52100df473","0a651c02-3c26-450a-96dd-dcbdc16d2aca"
"0820e532-1df9-45f7-bce4-af28569690a9","dc293347-e673-4d56-8185-3b0203c23fb7","0a869789-2af4-4eba-9b84-88cbd44c59e3"
"08252cab-e9ba-48e6-8e14-9ae78213c8d5","51f0fb06-3940-497e-af5d-ceba8f96f769","08a3ce21-225e-4c9e-821a-f413334d2bad"
"083fe120-2947-4559-8052-535962bf64c1","bea0e927-8bc5-4fc8-82e5-c9b257e1d1e6","0ac71f98-370c-4718-81e9-e22053729460"
"087772d0-6cb9-4802-96c9-a6a3f3fac802","8eedbfef-f215-4d29-a320-14d6f1573915","01a3a00c-06e2-450c-96e1-979d55738a41"
"0932c662-0ff4-4e04-957c-7c483bea3f71","47f01381-17e1-489b-bee5-ea09c127c376","0aa628ac-7243-4e4a-b0a6-f69928007ad9"
"0b65b79d-7657-4ea0-96a7-2d56a6c66987","07a00ff8-03fa-4eb9-bc5a-625bb56996d0","0e539200-5901-4837-8834-bba37366069e"
"0ea1bb65-a24f-4e9b-9a39-d17a60776244","6ac1069d-d560-49c1-9813-f515e7b24dde","0a7a00fd-3ba4-46f7-9627-fc3925276c01"
"1095307f-e128-4a71-a31c-fd536b6a5c6e","7fa934a3-243a-4068-85e9-62350560694b","0ba02e82-8a56-4fd8-8b5e-1370cb41f82a"
"1183aed3-c576-40fb-8c6c-7c0da07a233c","4555596e-7a26-4a98-bc0c-18c3383028a5","08d123b8-ced5-432d-a13a-241c07e42340"
"12f42004-30a7-462a-8f90-8c4632ec47fd","ae5334bc-fd45-4f73-9b3b-62982a6df1af","0b865042-9031-4e50-80ce-51c4efb6a258"
"12fcffde-fbfc-4127-9a6b-eda647b8b247","ff3af50d-bce3-4b25-a1d1-835b21d8a807","0c264aa6-5b79-4759-872b-224ac6bfba13"
"13a581ef-adc5-46d6-aaba-5da45e331725","8c1a1796-00a9-4a74-a21b-c1f7bdedef05","047d56ec-1dcd-4faf-aab3-d04be32dc923"
"171b533c-3aed-467d-8beb-097c2beb86a5","da9ac116-cd04-46c0-94f9-70756e7e407c","09aff598-9bb7-4076-a255-342e9cb0d4da"
"175dbc69-ee47-4320-8bc0-72e49003a0ec","3bbe1cd5-848a-4f31-8e8b-26c1735b3935","0030cb0b-13d2-49e1-9d86-efe55d559799"
"179affe3-ffaf-4cf3-a411-2010d66a6daf","1ccd203d-2dd0-4a7c-8164-9a680ab1747f","07f50099-ba82-4498-b994-a53e95a212b4"
"18517038-5cc5-4027-91d9-cb5b6c5bb2e8","c0f86b9a-f994-45e5-92e3-73c3cdc5c514","008ff5a8-074f-4460-b191-277e7fe80a38"
"190055ed-40a3-4fb8-8782-b12f91c89120","8285d6bf-d1bc-41e0-a12e-d11e8be48863","06b37286-3d9b-4972-8cba-4ea02b67d6ea"
"19677268-b641-4576-9deb-6ebadeec8a26","01131474-5270-4e62-b9c4-3dd725eb0483","030329b0-0649-4b1f-8821-5efe2bbe07dd"
"19b7bfd3-688d-4be7-9b4e-7d32c21c0200","dc9ffceb-eca2-4097-96e0-fefb0bb43d74","07f09dbf-f89d-40ca-bd70-4c164dc7fc9e"
"1abe4491-6ab8-4728-b6dc-35bd9781c5b6","1877ab61-f286-481c-8e56-d635838c8768","07c0aa45-ad30-41c3-b01d-0e4300c7923a"
"1b63f6f6-11d1-456f-8b39-1eee9121d894","57e1fcd5-56c3-4eb5-b32e-6af6703d1c57","04e7f7e9-3387-41c2-9adf-8a1cafce1462"
"1b7d291f-8f86-4685-8ff7-cdce76caaf21","32bf49a3-08e6-4ec8-8680-2631299ecdab","050ebffc-1a98-405b-a85f-05c12ee54f86"
"1cb7020d-59e9-4f9a-8cca-2336441f26d9","02c16233-5951-40b6-bed6-5dc28b9d7e7f","0e04f9cd-4e6c-4ea1-8751-54389ea4da87"
"1dd8c28a-dad2-4366-82df-499f0b1ee564","965c0072-01c0-4172-8910-744f2b6d4684","0b3e7045-f64c-4c9b-a25c-f501109dacfe"
"1e8c9bfd-9431-490d-8694-6b573720f643","04564a01-c540-476d-87ee-8380fac29345","0bd513fa-df97-44c1-aece-55a905bad0bc"
"1e8f83d5-a3f9-4f9d-857a-103ab873b31f","159d7334-c540-407c-b6b7-339f0d157d79","07a6e902-a9ca-49b6-8f3b-7be8cb90a87a"
"1fac7467-17b2-4ff3-95c3-73212495b608","3ab83d86-d1f4-4870-a9a7-9b3199d73f45","07865b66-88b8-4127-9913-b85be4e308fc"
"20d082d0-b299-4a8e-ab38-e79da5f69628","26e97fab-db80-44bd-8860-2aa5d97aa167","035d5d86-9223-4bb0-9456-4892a39fbc88"
"20e0e7c9-e04e-4803-a584-2b9fb149ea41","aefe3a9b-d1ff-4666-84c3-20e1b644955e","05662f52-d4cf-4339-96db-845802789620"
"215254c9-b958-4103-aa91-b73f3b650263","24b0150d-8c4d-4735-b3a2-b0bd04c814ab","09e7a22f-6b25-4064-b460-0e2483f32826"
"228d0924-cff8-496a-afda-54aa975ec870","0cc5663b-cbed-461a-b64e-6a5eca537272","0095fb9a-f397-40ef-8b78-c695edaaf922"
"23750bdf-63fc-48c4-962e-0b52f62efc9b","b681c8f0-9007-4e3c-9fc8-0976681940af","08bf0e46-9942-4533-8958-5cb5d74bf919"
"23aadd1c-e43a-4a15-8376-9fe615431e5a","841ce11c-a18c-4a3e-ab87-860f6c15bf41","05324a42-0a98-479f-9dc9-feb7aebfc160"
"243e299d-42c1-417f-b3fa-013cad1e4beb","41dfc333-8782-4982-9b53-517ed8a005c9","04608ce9-f990-410d-9dc7-5ce2987c1ecb"
"247f2cb2-feb0-4d7b-97ea-9aa2bafacdfa","f327e04f-9100-492a-bf45-7b0600c579a2","00863a9f-d6aa-4c17-ad77-50c94e8fe02f"
"26115b2b-d6d6-48ef-836d-4ee0d43ae8d5","65e5b731-cf72-4bf1-91a8-d448fbd86fc8","0b4b1996-8ebf-4497-9471-f92d8f39055e"
"2892adf1-1cd7-4230-b137-7dfd71472dd3","350d823d-8e8c-4622-ba56-ab14b05a04d3","0d1792a3-7a4d-48cd-9b60-a68eec7311b1"
"28af54ab-aafc-4654-96ab-0904816a73ec","d6d624a0-30cb-4b47-b1e2-15e2c005cb67","0d550c07-b41f-4e08-9d8d-3d06c6d2c1cf"
"29dc3bd6-4131-432b-ab29-6163573e21bc","743b0b42-0c9e-4f8f-9612-13df3a229560","0428fd58-9ece-4fda-8f4b-85a5e8c45e0a"
"2a30207c-5c56-49df-a520-86e36aac0d82","a3ada262-13fc-4cbb-8f47-84639b6b024c","04d1b548-c550-41fd-ace0-2ada2584f1c1"
"2ad094d7-2419-43ab-a996-6bbfc5b43f8c","66bcd50c-da90-4e81-872e-c5303dde8d3a","04c9f1d9-6680-40c8-8667-d245f719c41f"
"2b051bf0-2409-451e-a61a-56e696cc4769","d201f8ec-3651-400c-acec-6d911c9b2d5c","08d84f29-e4c0-4ac3-a35a-817d5fbe967f"
"2c2cbcab-5212-4690-9c13-94e9395b27a2","801d025c-b5cc-43aa-9dd4-ca13f2bf1b8d","079054cb-ec9b-4a0c-bafe-5fc3b28ef81b"
"2d953e53-ab37-4eaf-8748-6cfc82332ab6","b02929dd-2157-41bd-8b92-85db7cf15f80","02e4913b-8abc-45ca-b737-7166447e3c94"
"2e1751f5-c8f0-436f-b586-d2b23735102e","d2770aff-4d53-4ab0-adf2-3a404adff8fc","01ee8e5b-a8fe-4867-a367-f2866e471602"
"2ff2292a-f0a0-43dc-bba9-32ce271d426d","626bd0d3-81a1-4e1b-865c-56a19e0afa58","04dac9a1-4440-4d65-a017-3cf9e5f140fd"
"31d07a01-4917-4aff-b235-0a7a1722a8fc","42d49178-8d4d-42f8-9dba-53cae75c1364","0c97e675-e65d-495a-9dc9-0f14275f9e46"
"32526ef8-f078-472d-92e6-d1861c2d7d53","ede09d0b-2caf-45b4-84da-1ed1c4eb697c","0c36bd75-8252-4429-b30f-8b873fffac04"
"37d69673-d816-4d92-bb85-70392378262c","7ba6bebc-bcab-4bf4-9da9-717326265e8c","0d14ea2f-cfbd-4ed0-bb88-5a3edc0e80e8"
"39a3c18d-d7a0-4d14-9b83-078e6d41c5d9","eaad2b46-0d11-4ef9-a673-af45566ccd8d","01e647a6-f16b-4374-bb79-12701465441b"
"3ade9b16-ff98-4e78-9045-d08c355447be","83964345-fa7c-4f7e-9b0e-f21e7e0f434a","00cfc863-6f6f-44ba-aceb-ae65888353ee"
"3ae21acc-71d6-4326-96ea-8c64483a1041","6f5e5328-9c2b-465c-ab53-77984d0670b2","0049ee14-53b3-4ce5-b154-c902ca9a160b"
"3aefe198-1ded-4949-a1c2-39bdf1c3d99e","0cf4bb31-876c-4840-8ac4-5c46c745ecfd","0095fb9a-f397-40ef-8b78-c695edaaf922"
"3af713ab-218a-451f-8b5e-940a41647d31","0db05c2d-6eef-4f60-b81c-dc2e99564650","0a1495c5-5e49-494a-888f-aa6a45052828"
"3ccec455-7dc3-4338-b50c-d653dbc46fa7","e762c358-69dd-42a7-8103-5c3ce94f8335","06351614-9b9c-458a-8139-2329dff0723d"
"3d56843b-1155-4487-a10f-fd6ee558fe7e","00de09e1-c5e8-4cae-a48a-4290bc434a3b","0c811e1b-f590-41f2-8f94-538ed8811436"
"3e259ee4-8e28-4611-a3a4-cf61ebb3bbd3","7fd3b9fc-ce6d-45f4-952d-bd9bbb5c0698","03aefbbd-6a74-42e5-bc0d-d0c1ac41994c"
"3e3f8bfa-33e1-4d2d-8b07-e5bcd1310b4f","1414cd14-6e08-49d4-808e-44bcc09385af","082202e7-b08e-4746-b9dd-014be3b09c90"
"3f608c21-9b9b-4cb0-bc0a-39ca4fde3bae","2dd997ea-0222-448b-9d94-099c77d9a89f","082d9dd5-bc7d-40c1-bd43-36518a7a013e"
"3f795424-5cd2-4d7a-9b2e-7d60266d46b7","24ab9d92-4786-4470-94d0-bbc3c782f08d","03fc89e8-4f7e-4ba0-9a0a-f3bcdad713eb"
"36199b15-7492-439b-86d0-4fdd71b1240a","e8a4a3d6-9a6c-48ef-9e55-b97aa2148348","0bf6a0d2-c68d-46a9-ba68-93a996316190"
"37fef937-4e9c-493a-91af-4e64d32abd69","8335fb46-3cec-4ffe-a6be-c14aba7d2bc0","0d879ca3-d6dc-4c51-ab9e-504d0c4688e1"
"386b3fd0-a948-4d33-ab18-91fbc20f7130","e0e91fb1-6dae-44a6-b9ed-4a2f978fea8e","07fb0413-5c9f-45c6-99cf-bceccc5fdd46"
"389343be-cd79-49b5-be51-cfc0db7c7dba","eabe227a-7385-452c-b23b-98dc8754eab4","0bed707a-d4b8-4f87-ba77-52a17b4dc09f"
"3a01ddb1-6f35-4091-8001-10021c1c381c","41dfc6ce-bc86-4e9f-bc48-9917a065ae0a","068c1d04-b54f-4043-aa4b-613731504581"
"3b58cbe7-7283-4d63-91b6-2ab959d61d75","de39c6ea-e8c2-4497-8743-081dffc8e5da","010d4408-7d41-4d9e-a189-1829e5749dd1"
"3d11909d-22bb-442d-b912-28d771033047","71add471-7cc4-441b-9f13-d5a7c295adfd","0c742120-5465-4112-b202-318f79626897"
"3d3357a7-dfc7-45b5-b578-adf1c5817a57","6b557ce4-fa9c-4d6f-9e2b-72c67a7aa159","0e65d52f-bf97-4b34-bc2d-ff7a4056c7a6"
"3dd62074-4ab6-4a2c-9954-83b3761f00f9","1b1f6351-0c69-4486-98c6-b482cb523f6d","06ba2afe-89fb-4e51-ae6e-ceb5b8bc9197"
"0173016b-1fe5-4387-b8fd-d0c992dfc5f2","658508a9-c528-4729-b730-b134c74a63fd","04e38271-67c5-4a4e-9bf9-99e8221f9d9f"
"03748565-4156-47c5-816f-863983a2b2a0","9afb8c67-a3fd-4563-8ed9-c168190e91f5","061bc489-05ab-4bf4-9cee-89aad8193a9e"
"039f546f-12aa-458e-a8d9-16f088acf751","e7c5d931-7602-4836-a528-507109f5d77b","03ec95e9-91bc-49df-bc23-4c09f6e5b206"
"03b05b85-88e6-40d5-9bae-d54fcd8b0869","75b9c10d-c166-4d64-98dd-3f992254d91e","061616dc-bda3-4408-8767-ad07f61dcb1f"
"03e64e37-047b-4b8c-8e24-500e532663ea","f48a1603-e95e-4107-8523-35d43926cdc8","01e06245-0ba0-48d2-804d-9c9ee9169faa"
"05a02f87-cd09-4991-b6de-96af118e48f1","1d5adfe2-1a8c-4ca9-a09f-95496e68843e","07713187-0663-4834-a964-ad59ba7d380d"
"0725aa40-2224-4ac0-9ce8-0c95d237b13b","fbbce9a2-64ea-48f3-88b1-f1423265fb6f","06c07e6f-f417-4d3f-a8b5-d921f91c9901"
"093cf4d2-8abf-4c74-8931-c495b7a11bfc","9f01e136-9b03-4843-90e0-72572a42415d","0050d855-d056-48f5-8ec9-a26d2c25274e"
"0a88650a-e7e3-439c-a47e-35699d5329db","029b5793-ad8c-4ea9-9ef1-30dabf2f0dea","0150181d-c8be-43ea-abe0-4b810950aab7"
"0df39a77-e52d-4281-afbb-af62d4cdeb25","4fb943cd-5ec7-4053-aafb-8362d2e8b3ab","067c5d80-0a46-4da7-891d-5139627a2973"
"0eb4ea2b-b98c-4b79-8a46-e97e00e0e935","1a57df49-af1e-4ae1-a5d4-50bede30958a","04de0a37-cd61-4eff-a2c0-6ff5e60a83be"
"0ef75110-cbf0-46b2-b2b1-94a3bc3849f7","d0ce411f-432a-4d97-aaae-cea4a7045f15","077cd544-94b3-4c4d-89a9-bd9c44526c16"
"10ef409c-f161-45c4-a40b-88d287179b2e","0a11a1dd-56df-407a-981f-f7989fd0cc10","0645928d-5140-4ab6-9f8d-202fb765bf15"
"13218237-0356-4fa7-8e9b-45da6abc0dc5","0569c79a-a7cc-43db-a4d7-5bbd3b547c8e","043bcffd-c9c8-4740-aada-1252fc109d04"
"143c2de1-4d9a-4526-8863-6bff62c0125a","e9261721-6267-44b1-994c-8997a23a36e8","069110d6-4781-44b4-bfaa-fd39c4edd4e6"
"1540fd3d-9e77-4d40-95cc-b1cf1dbfa3fe","1d3a0f73-488f-4b51-a865-845610b327a7","007d538f-a02b-4c48-80eb-e15cf10616a4"
"1a61abb2-49fb-4401-88ba-65c9b7d4f7d9","81c1e6a5-fe85-49f6-b81d-f7bd5e7e03b0","038ce05c-644f-4b6a-b8a2-a4d5eb23e036"
"20c169e8-dc4f-4670-94e6-99c76dd40fe6","e823ef5d-adff-4eb7-8b34-c0158b46e82e","0298f83f-3ed7-4618-b486-74180afc14ab"
"227f2a08-a948-4a77-8331-482554535be0","40ba4948-0e9c-4772-8a29-f9843a4a0127","0382f720-cb9a-4c29-87ce-d3403b65a1d2"
"23b0c40c-a851-42fd-8840-7d4e84b985fe","d0804685-1c24-4b59-ae0a-e2a6726bcec1","07738da2-9764-41e0-ba16-3cff4469c52d"
"25a8f3d6-bfd4-4f46-ae0e-3191fb52d0de","4eda9bd8-befc-4216-b9a0-7ca581654b1e","00983d9b-c5d2-4e06-8090-70282d180e74"
"275efc38-9d8c-4afa-bf26-da179b863ca2","d62f4396-d5da-4d1b-9755-2d2413d4e7ea","04d0de5e-f017-4f8c-912a-62744adcdc4d"
"28510ac4-037c-4d5f-b06d-70cd2a193faa","8c88cade-9609-49ee-bd98-5b2a35a03183","04bd011b-e642-456f-84b7-23ba70f58184"
"2b4cde45-bba0-4bf3-8797-da1854188b3d","7ab27853-8b11-48b4-aaa3-3952ebfcddfb","021b2803-c27e-48f0-8f51-7ca623f83908"
"2d54c770-31e6-4112-b8be-f0d6058bbf35","cc30c7a8-22db-416f-8ac7-331df67b70c8","078a7701-c265-48af-abb4-3411c211e921"
"2f32e872-0952-4366-9395-e6432b8a2742","9ae325c2-3844-4f8f-b4ad-eb21fcf6351b","0265a832-e88e-44fd-b0b6-52f40bdcf03c"
"3156d25c-7a02-4bf6-96cb-9039756732ca","dce29312-0a9f-41ed-82bd-4cbdde80bc9f","06e1464a-f67d-4f86-a4f9-15da06d80b25"
"3288162c-70f6-4fd0-a1fd-4efa46539811","6f6d4377-e83c-470a-b414-8e6ddafde8f0","069f0be1-e965-455f-b7a7-bee850761edb"
"3410ebf3-604a-4fbe-a823-dc2569061a6e","ec5a1427-92be-440e-a818-df1540156048","00a2c37d-be86-4839-b0e6-0631f65b04e0"
"3533584d-547b-4f91-8547-b786015723f7","de02b26b-9d78-4f86-9488-fd1b64037824","05d4b770-d6ea-45cb-a5d4-d7993c83e81c"
"3674dc0d-240c-4ca7-830b-d19ead05f473","fae40914-b07a-4bee-ba51-7ef209ee649c","07f1182d-45a3-443c-8cb0-2809a7634677"
"38bed75f-9477-4a46-8c0a-e2aa1242cc80","300ee7c4-4475-4624-a0d5-072caa155fcd","04bf45c3-c374-4024-8621-d882c0e608a2"
"39db64f0-a062-49ff-b110-abddedcb2163","4ca516b5-8adf-430f-bfd1-444bd5d182ae","00a2c37d-be86-4839-b0e6-0631f65b04e0"
"3a7c5a28-12a1-4eca-bab6-84ec4512c48e","ad155c45-788f-48ed-864b-854075f0bb68","058771b5-b13a-4be6-92a2-047cd0f31c76"
"3c15dd11-9d13-49d8-83cb-eabe34ec9433","0bc81162-598e-44c9-9fe9-33aba4115132","0421723f-49d8-466b-8c88-dd4f3416fc7c"
"3cad7b88-1363-4f24-b278-9c3eafe21da7","48883ca3-c120-499e-a6c1-9eb7ca9c051a","0215eb80-548e-48a3-8700-0c9ffe5d602f"
"41527db6-08ac-48ae-9976-7ede478ae840","492ca3e0-8fb9-4025-b1dc-b4b35a5aa188","063c94f1-fc07-41e4-9e17-e0628ba9258e"
"45916042-c29d-4a96-9347-1c2100a534dc","b8551da2-533a-4ce3-8377-ad8e5925675e","04f12577-223a-4b2f-812d-6dff50e99c73"
"46b28d23-eaa0-4a93-8110-b1aea3ed7fd1","d84e7b24-a790-41f6-97d2-00c7854ef047","059291c0-224e-419f-9995-de6002f11e86"
"4704142d-ed32-48b8-a7ea-dc199330f0d9","050c7402-db86-4bc1-9f62-9ed8ac245c0c","0028c890-f445-48dd-a47f-5a907f26a97f"
"48105059-dc01-43a5-9bce-4cb05b811149","7d40d145-a2e5-46b0-9a06-51707cc23016","03559248-1280-44ff-b21a-19fa4199fdae"
"4c395608-903e-4a82-9772-c2b5b891b69c","ec63b0f0-3491-4583-9bd2-802e9cc69834","03fb570d-62a2-4f37-a345-c3144bb7697c"
"4c6e97a6-3b66-4117-82c7-8260d5a382d3","bbedead8-4d9b-4671-9494-24aab73229a4","0090e341-ee82-4cba-8468-977f353b39f7"
"4e8dfee2-d5b1-46a7-99a4-34a710bfb7bc","316c70a3-7896-4718-95df-534901491bd2","004a6a43-be12-4e37-ab95-33dabcd8f796"
"50355ce0-fb9d-4cf4-91d5-89bfbed42902","aa6a88d8-2df9-4d17-802f-7523856cb4c2","01cc267a-2c6f-47a1-b119-8350b21d7448"
"517dc4d5-be61-49b1-8871-e4e1f2d9026b","771fcf4e-ae62-4dd6-89ee-02c917a3d4f6","06cb699f-c109-477a-9be9-f0d32bc40dac"
"5272fcba-91ab-4e9b-9784-780198b69a53","d030807c-db56-46b8-a504-578bc97e9a00","0519e7bf-d0b8-4cea-9d06-08b5febea3df"
"535336ca-01de-4aaa-a8c5-eec26a08bb08","b9b4fb70-e5d8-48fa-bf60-edea079d0e1c","05fd289b-998b-44c9-864b-df6a5f8c0b5b"
"558ac15a-62c8-4b0c-a5d5-93637293837b","afb6c808-f39c-4b85-9ce5-0e5e359e7c13","0618d915-9977-4f13-8540-71eaa4ce4530"
"56bbaf81-66a9-4217-a50a-a2b73703f6fa","a5cfa6ff-6687-46c3-be5e-ea7e3f06610a","025de1ed-91e1-4d50-aec8-70b22fd22f9b"
"5705c8e4-8870-4b66-b2de-6db7879af4a2","0f8bc36d-917a-4d52-99c1-458ccbecda29","0507748a-baf7-428d-891d-ef8aa2ce5ac2"
"577c40e2-6fb5-46db-a4ed-60f8dfc4ef0d","f84343e4-e129-4e56-b037-81027cbea0e3","01aca344-7310-4f31-86ee-1cc6440e94fc"
"5888a2fa-4b20-4318-bc20-10c055699ea9","6998e006-1f77-4db4-82b9-b2befdc966b8","03d7f146-2135-43d9-97c5-fd5e5be92860"
"5c6ed252-48d8-48ff-ae4a-c9a72336a514","3f14923e-b358-4821-9663-074451b2cbd0","0510e2e2-8289-4c14-93e2-0411ba223ed0"
"5d61d330-8d41-4550-b823-a96b6549a238","10e8114b-dcbf-4e55-9c07-2874a65746ba","00db3bb4-9d4e-497c-a270-4f7c4f289252"
"6047e23a-f382-4c5a-af69-a09b9f3f8527","6d9e74ca-122b-4e24-9e9e-f25a945c7fbf","00219f52-9316-4d2c-8fac-70218c518312"
"6316a6ea-9af2-4802-b109-6ae9072e2e44","021b1179-2198-4f95-af03-800a86c7519b","0789bc1b-1864-44dd-96fe-35d4fdc46f36"
"65e9d5ba-ce23-4a7e-90ef-fd507503efdb","0d38fb6f-725c-46ec-a750-3962eee89921","01e72afc-8513-48f7-a978-e6f6c2ec9233"
"67c9fc65-06fb-424e-8210-e5150612570b","3976c6a2-731b-4226-b573-9481462f1ed0","05046b2c-5eeb-4243-8680-63422afd4be2"
"6932bff7-4a8f-4dca-8e1d-d637dd3316d1","411b7252-e990-46f3-83e7-44f3c58f61cc","0618d915-9977-4f13-8540-71eaa4ce4530"
"6dbb132e-6646-4a66-8666-517707577385","49a0a140-b83e-41bb-a5d0-42a2b72e0896","05a1b58b-4094-4bb8-b5ab-6dd4185eb5b3"
"035741a1-4ad9-422a-b07b-74a8d6f45688","ec1e9a93-8028-4423-85d2-f25e6839347f","004a6a43-be12-4e37-ab95-33dabcd8f796"
"063d90c0-1194-4617-b210-b2881d3bc7db","4b30dd6a-0f2a-4e2c-8ec3-edbc4eab6047","002a5a3d-3743-49d0-9fea-c0bbdf5be92c"
"077b13cf-a3f2-4950-856d-3611b057b743","5044d27c-d2bf-4e6a-944a-40a74a786cd4","07e632a5-dc07-4d27-9802-099bc74741ad"
"07986194-aa8b-4bcf-8554-e31d6251d149","75b281eb-dc12-4624-9663-050be5c7dfdc","0290dcae-9c13-4115-94e7-13034cb3c1c4"
"1b674de8-8a00-4d62-bd96-737d44351b50","91f98514-95dd-49f7-bca7-0630cb9facc1","02633cf4-79c4-4da8-b90a-03f51b27d5c4"
"1c4df5b7-89c6-405c-8aaa-c86da5557527","0df74cd1-254f-4a51-a921-47f93facab1d","01a903a3-aa40-4a26-a05b-e9d57f099e19"
"1ddc240a-aa3a-4a72-8dc1-69b92d78d52b","42061af5-b16c-47e9-bda4-4092ae375342","091dda71-8272-40f9-ac2a-815adfd348c3"
"1fa7dd81-f40b-410e-b41f-cfd184e93452","e4060f66-174a-46ca-97a5-9242413c7ebc","06028345-4f6a-4288-ba37-e35c4a18876c"
"2585286d-936a-4f9b-bcf2-5f18718b00cb","969cb15a-0e33-4972-8c88-828734f37f95","07f06525-5532-4f86-a6ad-7490ef8fb1c6"
"25943b2c-f87d-4174-8b5c-d76218e7866a","f904a5ff-8498-4c67-ab90-7bb72237de83","0225f34f-8629-435f-b2bc-c4851fbc8867"
"2611e124-d979-4a9b-a02f-4e4e17f09c56","d3bf0f3a-2eb1-4a18-88e0-d1ec2e3beb08","08918748-db13-41fa-9827-6ca3e6acdac1"
"2768fdb0-37e5-47b7-a727-6595af56d8af","80988b54-7942-4548-945e-18e8b03636b5","044ae07f-f4cf-4c4f-b9c9-84f4173671ef"
"27e7e225-8785-4d18-b761-ed5d05050587","1f23ca9e-433f-46ca-a404-279ff16c1b18","073a966c-ff2d-44eb-afb8-2e098c0b8dc3"
"28d348f6-3ab4-4182-8817-d2ac12d21811","fffd84d2-423b-4821-b5fc-138c445bc3e9","0a95647b-1696-4636-ac51-52fe55cee7ff"
"290fb60c-7e02-407c-ae6b-6ff619be2003","ca8af625-2d7d-4451-aed7-a948a1d00fdc","037a9a84-c8f6-44c9-bb04-e8fca99a67c6"
"29936d62-e6cf-4e5f-8e49-045c238c32ed","efd6c9f8-bbe7-4cbe-bee2-3e29c22459a2","09d7f392-5a40-49c6-8141-d590b7bf137c"
"2d26472f-0102-4611-8f94-d163ca3f780f","ea49c634-5de8-47f1-bf31-86a68fa87273","0468b161-6e20-4ae3-a571-d4593ddb39de"
"2ea465ff-a122-4296-a5ea-b9466275cae8","2227b9be-1eda-4b0a-9a49-84dcae0992ad","02bd3fb4-4472-4112-ad42-21b0213fc92e"
"803b92b7-f9fb-4985-b811-479293656ca2","3b514c10-e780-45e3-bec8-e730458afad3","0a2962b9-5287-4791-b02d-2186d9218e21"
"8497a611-ca25-4f4c-b0ea-b7747a1d2e4e","2cbc127f-60db-41ec-bedd-2841c63c3448","05980552-debc-44fc-89aa-2a0855dad6a1"
"85290bde-9b0b-4173-b203-1f06d97fc2e7","a2042f10-1dad-4791-8b7d-f2bcc44cfeda","01796d1d-3279-4d75-9397-9eaab106f57a"
"86a913dc-cc30-40eb-91a0-94c0a5b2c6da","e4378a89-bfb8-404a-bbfa-17956fa0b266","09603308-848b-44db-8e8e-01b10a529c93"
"87029bce-1d29-42b5-a89c-610ea97ed9a5","478060b4-a0db-477c-ab89-bde56806f25d","0591fdd4-b8e1-4d3a-be2a-251dbd699fe9"
"874f5fcd-24e1-46e2-a08c-4d07b6e632a7","630c4a11-6b7a-4601-9463-b9ba790455d9","0b080017-89d2-4a93-8f9e-079f70f76d40"
"878dd6c3-c944-43c9-b364-1555266795d0","8f4033d8-4833-4912-a992-a0923a9185c1","000d4ecf-0e44-47e3-8b1a-dc47a23ec267"
"87aa5fa5-7a32-48b8-b0be-5fa082a10f01","82b025d3-7661-47d1-a145-5d527445fc15","06dd4277-5f3d-4996-9e21-94afbedea552"
"8a7d7945-3ffa-408c-b3b9-ebd088ced7e0","295ca3c0-29d5-4855-9973-d219132f0eef","07dbf49c-66b1-407b-b01c-f498c7e009f7"
"8c65f373-64ee-4175-8065-38cedf4d7aa4","c273826f-3491-499a-b069-65463011615b","047c5497-d643-4e8e-99ae-7d22ce8f50ea"
"8cf2f308-6e80-42f1-8a96-5ea1548f042a","9bce882c-ee04-401d-a08b-8b5e1d40a595","0b45cbe3-1dc4-4a6a-85aa-38ab82b5a59b"
"8e20386c-4f19-41f0-87a5-5b466abc068e","05498d24-ef1b-453c-a30c-ecd8229c3978","07e16201-3bb4-4c5d-9513-16dfafa39b8c"
"8e4075d6-7ec0-4022-8a0e-0cc3f6c7de1c","00fdc309-a8f0-4e9d-85ab-af22d9e75e7d","053ed203-042d-407f-9632-3e449ea5d09b"
"92633450-812a-4f82-93f2-9320de1e711b","017babb0-2d95-4e76-b252-d5c6c0063700","067ecdc6-d00c-4123-9228-0f507b499005"
"927e9f3a-903d-489f-85b2-469f25a5cbb3","133935de-2094-4a1e-804d-0832e6e8f9a0","0501db52-01a1-4cea-93af-783215e7b8ae"
"92ed10bb-4663-4028-b1cf-5e170f6a9a63","18cb0ae2-da9e-43c7-b73f-14364a8a83eb","028c2fba-7e23-47fe-a656-650b5fc7d923"
"94f86390-9b77-4293-9e8b-c1d5315c3d80","87944215-7d55-489c-a0a4-574b758da4c9","02bd3fb4-4472-4112-ad42-21b0213fc92e"
"95330238-a436-4a3f-a144-8c972863e18e","e7a1d7e2-57b2-43d0-9866-a6541456ae96","03bb16b1-1691-4457-9fe8-0041eaae2acf"
"960d716e-b721-4bad-94d0-c09153e3eb21","69d80083-f7c3-42ce-8d4c-c464e8609ae4","00fbcd66-39ab-4fb3-a9e4-6afe4c3c4f4d"
"9762f968-cd8a-4828-adec-8ef931c0e1bf","b16b48bf-99d1-425f-b7e0-1a65db2178e1","073580c0-b799-4003-8918-b18766eb4e7a"
"9bdc00f9-391b-43e9-bfe5-bd24463bf1c6","972a8bdc-11d4-41e5-9c59-f7295a2323c2","03a9d460-99be-486c-8790-c72de8917913"
"9c0e42cd-2e53-48a6-86d4-90c211d7c6b7","ed7e8e90-4cb2-406a-8983-2ed70ddc0643","095a908e-acb9-48cc-859d-3b72ac8fba46"
"9cd16f86-6fec-4451-9585-8f7c4cd6757f","757791c9-edb5-4d17-bea2-da80737bfbc3","050a4d78-d3de-4417-b439-34e3676134ac"
"9dacfd76-de91-4021-8fd7-37eb63ff1e1d","51359c90-bdb2-4de5-b30a-22035431574f","004bd300-da9f-464c-bf43-fc50ce0f125b"
"9f694650-e2d9-4925-99af-500a3ef572e4","2f9000b2-0d02-4e10-a079-53305c50d675","0a978769-af62-43e0-a1e6-5df8b631996e"
"9f830a5c-d9cf-4a31-b986-0e62ba269594","5d1e1e66-564a-4e5b-a599-cc6b4c42d646","036cf91a-3f71-415e-91a5-6c3c1ab5357f"
"a0d81558-b87a-48ca-9a12-6f754ac2bc72","ec60e234-c5cf-49a9-80b4-feb49893f815","08d980f3-fad4-4d74-b009-263f733e263d"
"a1711610-84c8-402f-8afe-916edd7d4b8e","071ce575-03f2-4f15-b942-f7d35014e5fc","0a2d1deb-8fe8-4533-aebd-c5762ef856e3"
"a286aa86-858e-4d2c-afac-9181bcf2ffcd","58e9728a-41f0-4e83-a448-aa7a5b5adbe0","011b088e-e5b2-4741-825e-ff76681c9c90"
"a3186ef5-9ac8-4877-8809-575ab50ba223","3dfc09c7-fd18-4b81-aefd-fe053f4e8bd5","00e25b8a-d019-4f0c-a981-9c0e533d0c0d"
"a3e118f7-a687-4b59-ba29-cb45aebbdfad","5075d148-9a5e-4d53-b4f9-fcf30b81f20e","0a65f516-7f6d-4d30-af27-98bc4982e8d7"
"a4493c86-3713-4059-b427-96183b45ca9c","8f303326-01dc-4f50-853f-c61e2685a62e","0978d7c5-149a-4da7-82e2-312c78024f73"
"a50d3a16-97f4-44e6-b203-d5a30640565e","58e9728a-41f0-4e83-a448-aa7a5b5adbe0","0243ad80-2fc4-4149-a833-552bd4401bc1"
"a5bbea21-48e7-410b-8612-dd81f08df100","96f0fb45-9bb5-4c2a-ad06-8f3e8f65ea2f","00ee9053-c3bf-40f8-9c57-8529a8100789"
"a670ff28-8c45-43b5-b39a-3a6e4486bd70","c324e7c5-281d-434c-9e26-a184e5313665","0a1ce796-c57f-490d-ae8f-93b75e536532"
"a6ac806d-7cda-4d0a-b25a-e0edf54d0163","5acb9cf9-c76f-4598-9f7e-843a8b39a383","019029a7-97a9-4468-9178-9e7f64b5fa6c"
"a70bcab7-940a-4792-97e1-55c3381702c8","d53ae211-587d-4d00-b3e9-5a8ffc1761ec","06dec001-352f-4e89-910a-3b97269021c6"
"a73bd8d1-be3d-4c1d-ac27-639f23b7e6ef","09b993a9-0161-488f-96c2-9447b759fffd","0239bdf8-5261-4f8e-b733-2b85bad1cddd"
"a8ac2c19-5262-4682-8e90-d86784e5371c","fadc87f6-7d5d-456c-a070-a7bd18d19f8f","012619d5-1b12-4734-ae4d-364401084733"
"a8be1736-5dd1-4c91-99af-c974ac3acb3e","b17546bd-3af3-46bc-aba1-a828a2ce96e2","024b06e7-e1f0-4593-8223-14e91b17ee95"
"aab9a450-839a-4864-8e40-c8e3d2ff7e52","5a3fb27d-eaca-4590-889e-668981fb81e8","070537a4-e2c7-465a-b879-b122ce25f458"
"ac9625b9-6a47-40cc-a186-7280b0e17566","8b0df9bd-e162-4ff7-a832-2385bc04f032","05637a09-dc51-4704-b618-72e510dc98cc"
"af122516-61b4-4832-a21f-5965699ab823","3cf1fbd3-2069-417d-8015-af41ddd019b1","000877d0-b6c5-498b-9106-b4481e48c412"
"b0006f19-482b-4361-8351-56e4ee493f7c","a37a360b-7b99-45ea-bfb6-a9b9df82f0d7","07258871-7077-4135-bd07-1246e5d77a35"
"b1184f12-8c6d-487b-8417-1839cafc9a87","9174e39f-2ddd-44b2-9c2b-8afdbb3c91d2","01d40ae9-63e1-4eb9-9f62-da4e0665fcac"
"b2015339-b5c6-408b-a314-8ea12e3e86cc","ee58d2e8-f9b1-4f50-b570-ae2ce1e9f2d0","0509ef57-20c9-477e-b4e6-f2c98cdb1366"
"b25ddcec-00ea-481c-bb89-f1278fa52b3c","5deec494-8ead-4752-a66f-3952d013ce81","05ba0ed2-019e-4c8a-8f00-ecf44fda84b3"
"b2ab6f9e-02f7-4d73-9a72-1d849c89d8bd","982f2ceb-2902-48ac-b320-77302362a694","0ae52d8c-581c-43a3-a85e-f6e5b7a1a854"
"b37fd3f5-5d47-40e0-a1e1-358c813b468b","603eecc7-50e2-4c2f-9a53-10fcdb3dba11","05c1dce8-4b41-4f41-8f6f-5404695aaa26"
"a708cb8d-085d-4ce1-bbd5-508f4b1b9422","1603fe79-86ef-4c8f-880a-fdd128fe0db8","04b13729-7521-4f8d-9fa9-71c8345eff21"
"a74d515e-d10a-48b9-a196-9c826c2465da","cc8a4197-8a04-424b-a949-0355581aa5a6","0501db52-01a1-4cea-93af-783215e7b8ae"
"805741e3-7cbb-4f80-bec2-a3f13e4c682f","31a2e35f-933b-4c7e-bbb2-4ab9ee9872f7","017e7280-c6eb-4126-94d4-52d4a2cac785"
"8146673f-1612-4cef-a0f5-a66b267be2c5","1c38bd36-10b2-45cd-813e-9524df951944","0c7da8e3-01fd-4ec3-9a6f-407d9860b609"
"8228fe36-0abc-4dbf-981d-08f38790ffe9","c7968fc2-b2c6-4a9f-b36a-f8330e92ea95","0813ace7-a2bc-477e-b9a1-94e09eef64de"
"83d76a60-9c43-45a4-9780-c21c1f854c95","ec953677-ace4-4c01-bd9f-c6c7e5a95fa0","00447e90-1051-46a7-9206-5a67132211ed"
"8444efb8-4a4a-4ee2-b983-b493bf1e4753","cec440de-26de-4eec-a7e9-38fc23cb60b2","01c5653d-c93a-473a-847b-040bdb53f099"
"853adb00-3272-476d-aebb-d24491a3db8e","4ee13ccd-f8ba-4369-a009-966a5c13e9da","0a7eae8b-d66d-4213-a586-17c87e0114ef"
"868e950b-dea5-4213-a878-27dd23d56074","2b47b6ea-bb2d-42ec-ad09-6cbca7d0ae8e","0b3e58c4-3b5d-423c-8cc2-5c1116e18f4d"
"87d55be0-98fb-479b-b263-88c4f821327f","3d60b957-67cb-4d8d-8f43-54b96edbbff0","0a09817a-c47e-4923-84a0-968eada868fc"
"8871ed8d-a216-4ec5-b973-292f503e1b6e","fbd9a77b-9821-49e7-8006-793746e6bfcd","0b3e58c4-3b5d-423c-8cc2-5c1116e18f4d"
"88c61337-9e12-48db-870f-c42bfc070241","61f3788a-222e-4369-a805-11d46b7255e4","0195bf02-7717-4f11-8be5-17b8db9e0ce5"
"895d8d4e-89fe-4dec-99b1-e191f48b5fe8","6bd07e27-c95b-41ae-8289-2c29b67f779a","0e5ec892-3e73-47fe-aa56-393ea2e63363"
"8a535808-e7f5-47ef-be4e-90fbacf9ed30","03468ba8-a37d-4364-812f-ea3a8a886391","0694188d-6129-4f97-ab44-f2f1016e852e"
"8ab92f61-9f26-44d2-8b73-ec911e624476","162d8e20-4f4c-4bcf-9e35-4b3cc6336c90","03be9298-625e-4420-9261-b82113255d79"
"8ac16614-e966-4359-a009-39ce123bd242","b9f5be9d-7a8d-4ec0-b48c-f8951c00165b","09de5a9c-4a7b-4d12-8731-3f65b03c0873"
"8b8290d2-ff2c-4602-9ecd-81461136e8d3","6656891a-8402-4d3c-bb1c-6b1d86a78b3f","06f79956-e0f4-4ea6-bd12-9f7ab8c02465"
"8bd34a2a-c10e-41bf-b7c6-18af177bf947","46a56076-5ee8-4258-957e-5ba8b7afec0b","0bd8a3ac-ba78-4bf0-b453-0a7ba8b7b42d"
"8cae110e-42d5-414e-ba0b-656da959c3c2","570dbb2b-e62a-4c07-9aac-70ff4df89bf1","088d107d-6bd9-4ba9-8221-46cb4c97b837"
"8cc1d592-3c35-455f-8b34-e420d32960e3","4a0db42b-c627-4640-b7e1-37b301729127","04494171-5c8b-4011-8b4b-4380e55cf83d"
"8da8548d-1c07-45e5-912c-324cd40c679f","fa07ebd2-24d1-430f-a6c1-163b34ad08e7","03577ad0-7f40-4c5a-a7db-b5a6d5f5f099"
"8ec8e2e0-3dbf-410d-8fd8-9be790955d08","508b65a2-131b-4274-a3cc-dcb8d469e824","0721d39f-3e0b-4756-aa53-f3ec6041c658"
"905bd7ec-58a5-4e21-a6ac-3a9ba627d295","7a71dfa8-e775-4154-ab41-70bfed0ddab8","08686361-1568-43aa-a3be-11ea7a3a976e"
"91696f78-3e13-4528-bd2b-bced1e35f0ba","42b384f4-afb1-4031-bb3e-8cafdc5f8704","0af90ebb-6afa-419c-83a3-09f0c0e8b950"
"9270579d-046d-4498-a004-6de863bf03a4","4298a97b-de65-4526-955b-84c250e14beb","039eee78-6667-4af3-99f9-cc72b8403ec6"
"9279b5e6-2517-49f8-91c8-852265067a5f","df1d732c-0f1d-42b4-9c5f-28dd56882dbd","0ebe1cc2-2151-42ec-805c-cbfd0f2c84b6"
"92e95ccc-503e-4e65-bac8-dddbc60c9d9f","3c9a23aa-0fce-446d-8dd9-bee512d6d897","0836d2bd-8b71-40f0-99c5-b52009f37bae"
"94139429-c90d-45c2-bafe-14afc5687a0d","d20a4390-441c-42f7-bff5-76240470fda1","0538ab1f-3f60-468e-a63d-a1af7f6dd730"
"96357af3-a16f-4c6b-a774-8db3d5a5b08b","74685ff4-62c7-4199-a9fb-6d2aed0f8d2b","091b3b09-dba9-4134-ab4e-afcde05bfea6"
"97249043-68fd-4774-b3b3-ec9a15115d57","4c7fee34-25de-4658-a7c7-020325c815b4","02142813-4325-4948-903c-a5594e1c01d7"
"979da6b1-2642-4c7e-b718-02bed6428b63","e6d39853-e2a3-4534-8a3c-9e8c3828442b","0c595daf-ef09-4f4a-ac1a-2bde94de636c"
"98cafd40-76df-4f86-a4de-0a7df517cc40","eb86cf1c-1779-44d2-b52e-547fb5db50b7","0cc46b2e-0c50-44c5-b150-8fcef8c2194a"
"9908dde4-3855-4c84-82bb-6db7120d9622","543777af-8075-45f2-bdcc-345d25d66fc8","0b9370c3-ac6c-4f7d-9041-a3e93b455e8d"
"99664a13-a911-4ec7-bd45-9c418d9e0675","3ba10b09-e029-4d3a-8053-dd83a18b0f25","01ecc427-86a6-4e33-b595-ebcaf401e1db"
"9b6acde0-6702-4578-9a05-36b0fab762a7","f5c464c7-d4e1-4147-8279-da0ff02418c1","08e9bc71-3c72-41d2-9891-9d5c60e72f8c"
"9bfe37b0-d2ed-48b1-90bc-239fd579e627","cc68f519-3dbd-4257-8852-ddb823f1c23d","0a474758-40fd-4e92-9a17-c1ab74a8a9f8"
"9dd0e0ea-67d0-4416-899f-b22f3038ba0f","81541636-844b-4745-b9ad-933035d03f9d","04683e30-f81f-49c9-ba5d-d6fc91baede9"
"9f209fa3-5720-4b1d-887e-7906d0285560","21302755-5cdf-4857-830f-865f9851f3e2","06f7e6e8-2de4-420a-8da0-8f2b5f3f4c73"
"9faff647-807f-4246-b225-ed7ca4bce541","c1f58049-3518-49ec-beda-999988d2550d","0654848f-1ac1-402b-86bf-829b25185b5f"
"a0192906-8ff7-45fc-a7ba-6aa1a4e58cb5","270c689b-2f33-46f3-a12c-2f516090cf37","034ab51e-7939-4be5-b583-ca92130d5251"
"a01b8ea7-b462-4ae8-8fbb-442a25f59128","7af722a2-623c-4fd1-bf33-01980f23d448","00df716b-479e-48ec-8188-d2f4dd184848"
"a204d4bd-6781-4bbe-ba61-bef4c714cc82","e856d14f-4356-4bef-a89b-ef7add8db476","02a896a6-8062-43b7-b2ee-18953f7df411"
"a28e7534-bd87-48e8-a2b8-6e71fa142217","7cd55274-e1b0-4d9e-9201-2c8d10b3faf5","09018bc0-f536-41d9-a084-647e6d595a01"
"a3057764-4ea2-42fd-8891-9418fea25cdd","179ff339-7ab5-4cae-8ab5-b4abdb37493a","030404a8-c22e-47b9-be21-09cf900d287f"
"a48b6465-aabe-453c-8fe0-654e9d2b741d","747a755c-a2df-4b98-bec8-3ac8f76b4342","08fce232-9605-46f4-be54-2c9536a4e0ec"
"a6e7d324-0ec4-413b-85ed-d60bf4011c70","75d2f917-93c3-40b7-911e-a817eae5ef97","007f760f-5231-4641-bd7f-78154e3e9180"
"a718bac7-bad5-422b-9425-7502eff127a3","e03ca4b0-4cc6-4937-be06-770103aaa516","0b2c5be8-d879-4875-a4d3-aab5993162a8"
"a82e5cd8-cb03-40fe-a784-d9723bb2779b","66e87cbc-94ee-47ab-b50f-a2394f704725","06616b48-2115-44e2-b971-9aa077709b7a"
"aaa8efae-0c56-4ad2-919b-617e451d7900","a04c7a8a-8841-45da-b8fe-fe12005a5eba","0337333e-5bc9-460b-872a-f2903a676908"
"ab23935f-13ee-41cd-8315-d9c7a93ca743","9a0e4686-c301-4401-8939-0c68aa1f7632","0920d53e-26db-4757-94d6-4fdedd7421fd"
"ac2e85f9-fe82-4fda-9335-1d95c89c66af","42bc7526-7c4f-45b9-992c-f8f34c463d58","022a2624-bf8b-4288-a8d9-c98affca93f0"
"ac57eefe-a021-4200-a3a3-a67a9a8754be","75a4bf4d-a9e6-4aee-864d-593cc7ab469b","0bd1e546-b329-410f-b070-f28f3c5c0036"
"ac754bdd-59cb-41ce-9b38-67743316a5e6","b9bc5df0-2ac6-4554-9a5a-5658f31a3d84","06e3e29e-32c1-4319-bca3-fb29fc5fbb1d"
"acaa3672-ebae-4f26-839f-e20893e9a55b","ea7543ad-9ba7-4d5d-b908-cb388b481010","05ab5df3-537e-4cd5-8604-cd00d920fa93"
"ad83c3bf-e100-4131-b99e-d031b7b16059","35f3409c-7c6c-4d72-a1a4-9ea2cedf0953","0c911550-6666-404f-a929-67816d5d9890"
"ae87b395-927d-452d-b6db-babf01e8a73c","93947a7e-4592-4fea-b28b-6566aae0efa4","0bba1315-6c25-4540-bbee-4583bb78c145"
"af5642a0-36a8-4eff-85d5-3d398be21f51","143dd049-b7c9-4577-856a-7bbc0535dff8","0b5fa929-7c26-44c0-9344-4dceb021e742"
"b015231c-3d93-49e1-9b1e-57b7a4b10137","5e19d09e-a5f0-4953-9646-f5ea57e16b81","0074239b-f42f-400b-b145-5c6b0159bff8"
"b03c2eb9-b361-4c5c-b2b3-ae115660791f","6e6e28e4-8a9e-4ea7-8052-ff822e149e86","0d87536e-7586-4f24-9fed-7610598488a6"
"b07f62cf-fe29-446e-852e-c2eca6193e52","eee3ed5d-ea85-474e-9f4d-6eaf54397915","0bd098d2-3dd3-4efa-a4f1-4545034098f7"
"b097fd83-eb0b-4a10-8bca-7594bb0e4f5b","17363977-ba6d-4b12-a328-c2a9b13280dc","0a07ee91-4ca2-496f-bdfd-2899c9ee6350"
"b18fee2e-72b0-4d11-b2cf-32a44fdfee48","76eb11f8-fede-4023-8b40-f0418891c160","0e51bbeb-410e-4a77-b3ec-1b87f2bf5a5f"
"b1a88fdf-6e4c-414d-b0d1-485d37826820","0b062e10-da8b-4d5e-9dd8-3573b9406973","0a141f44-2a06-4dc3-aa65-81f915d2c991"
"3b54eec2-3f27-4ce6-b914-c5afaa97bfdc","2563d9a6-18f6-454e-a2ac-b7a301a22837","0878eb49-cb1a-46b6-a8ae-c8c0a3d2637a"
"3c65055e-d550-42c5-be20-750ca71bbde1","d1499c89-aa70-4789-9def-c78739927dee","00fffade-4f9f-4405-9906-9a70a77e46cd"
"3c94299d-5942-4c0f-9b5f-52326aaf0efd","af05113b-2e37-4dd4-bee0-bc5a637aec03","07a35a24-ad32-4c14-8488-837998da7886"
"3cab1025-bfd9-40cd-a971-c392dd03d5af","a5de490d-aa4e-4561-95ff-eeeaf32a462c","00bff83a-8ff7-47a8-b010-7821e17b7b6e"
"3cec32a2-0ca5-4882-97e8-e96291297252","95d0ef01-5641-4951-b28e-ac24b6a39a5a","0c083450-42f7-48e6-92e4-35025569f17a"
"4012db1e-9ff8-4e6b-bb1b-ba224c972135","53376128-89fa-471a-9f42-11823f9c91ae","0c7da8e3-01fd-4ec3-9a6f-407d9860b609"
"40f77be9-5125-428f-8ad6-3e01ee4fbfa0","0f1d97cd-49f0-4c11-8d47-c4a155ad28ab","0c9f2d63-7eec-422b-8c24-37ae305bd3ad"
"411f6366-3309-4999-861a-f000ee3d2bbd","667c1142-1288-4f89-8588-65d8a573e3ba","0842aaed-d3db-4e7c-b20d-3943c9a5c72b"
"42835c2b-5796-4347-aa62-d9d50f0e7a0e","79656b61-1d32-4c92-83ad-386b25aa589d","032a82f8-25c4-412e-8243-4d9c999aeaf4"
"42fa8ef4-ad9d-40cb-8ca5-228d3972a6d8","9e0c12d3-1862-4f3b-a6dd-03f88a627d8a","0aee35c3-3c4d-4f6a-bea4-1ae5c06b3d68"
"437eafc5-d725-4d9d-abea-32318c5bb50f","4bcc675b-5889-4cfd-93e5-dce22f8af60a","0385c332-71e2-46f2-9cbb-539259a9644b"
"44043e86-d352-45f7-bcdf-6b0b87aab5b4","19488af6-1989-487a-8230-ee0e72a15caf","042a0a7c-459a-451f-9f45-0cb3a9423e99"
"4432b037-1434-4b99-bdb4-391d72a240f7","a1d4ea52-b458-4438-b554-f0eb36e0d784","035c3aad-ea3b-41c3-a782-18ef67c286f0"
"448bca43-b541-477f-8bf0-9f86b46e6d58","9ecc5b79-cafc-4a6a-9915-504469068ac5","0c63b1a1-9844-48de-a270-60422986e278"
"4494f0fe-9379-445f-92f9-58f7d5269380","6de6f296-8a1c-4d54-bbd0-72d41a468569","0a8b82e1-5243-4b02-aa42-2f17081563af"
"47b8c713-69e6-468e-b781-8130fdedd77b","10fac3f3-2157-4708-b6e1-48c912502e37","0d07f0d2-3667-44b6-9d9d-baac82c02d40"
"48a007de-4b17-4487-8c8c-b28b2891fd0a","dc339463-b661-4a36-8dc3-7ce874388a97","05dda04d-1df4-4e01-bf75-ac168fd03bfe"
"4ae01800-9307-4807-a1a3-7834e97adc6b","6ed838b0-082c-4855-8434-11261816bce1","0878eb49-cb1a-46b6-a8ae-c8c0a3d2637a"
"4b1fe6ce-d63b-4626-ac23-68be048c8c58","b1602d75-bd0c-41cd-8ae5-e10673cbac6c","00c04587-a3da-4781-ac53-7213a04fdc58"
"4b5dd881-e549-4f96-855d-4b76794a3e72","4022df52-d332-4d9e-8708-9ae60710ab1c","0ca40141-267e-42fa-ac29-ae42e2b02175"
"4b76b4e8-436f-4050-8e73-df6b93655925","0929ab72-8e5a-4266-82a6-9624f4402a29","09f6a956-7b54-447b-939c-6279f299b9eb"
"4c52c1df-cd34-471c-b5a0-06f5f463bc45","4b169a09-c5d6-4607-9160-ebb120fa9135","03d1e427-6958-4bdc-b7d8-a9dcd4cb4f3c"
"4c53d19f-59cb-44da-b59a-6d4692295e17","4cd78258-e773-4d60-8e93-f8806a02de24","0743ed1d-a2b5-4ab8-8942-808e5572f1de"
"4c7392fc-e8af-467e-a9e9-f0f0525e0fcc","35f9eac4-5c7c-4239-bd7a-c73fb4afebf2","05fb861f-a01d-472a-a470-46291a9c60fd"
"4e458635-753b-4722-bc4c-d4a6647c6a9f","0cd8a47a-670f-4169-bcd4-b0e1c6cf4bb5","067881df-06a3-4802-bd16-335e1b877388"
"4ebe5490-aae0-4844-8bd4-f9158f468f19","cac842f4-6a7f-480c-a956-593690861dd3","0c7d8d46-7f72-4f9a-8a36-ceb52caf5359"
"4ff3973c-d3c8-4e32-b555-e64455c156e5","0050e28e-8f98-472c-92cd-9cde858c7507","0297af83-f519-4edb-b962-e7b79534ac04"
"51f93c5d-7b8b-4f79-9dcd-35be8d7bac03","5b5fe969-4265-4ea1-834f-6b65affbd02b","07852022-fa1c-4a96-a3ca-2bfb604b54a7"
"53254fdc-3fab-4308-82e5-c41de30aa37c","f77a1f73-7a26-4cd1-b106-2d73dc7642aa","0e814aad-7cb4-4274-9d1e-d08b51893416"
"5385787b-6c23-4cd2-9fa3-9ea542e5ef32","52580adc-bf3a-4795-ad2d-4fc492b31315","015dc303-0682-40ce-930b-4894fa4592ea"
"53921987-923a-47d9-9ab2-7afff982b20a","1eb570ba-0f49-4eb5-a50f-e8e770062e8a","01f39357-0d94-403b-a584-13def756149b"
"53d1c51b-b708-44c1-bae1-c87ebe5fb166","39e1843f-a34e-4cfc-8b2f-aeecc07f28dc","0dd19d19-5771-4092-8072-46b357dbbef4"
"54769c41-b758-430a-9e7d-487e5d10bccc","806023be-a373-43de-8d52-6bc03c089519","0664210d-4ca5-4ece-9d6d-b731a71f263e"
"55159da8-a607-4344-8a32-4117a448a83c","1bede3a9-ed02-4e17-ace3-dccb56352565","091b3b09-dba9-4134-ab4e-afcde05bfea6"
"557164f2-d4d6-4ca3-be77-9177e4c8ab2f","276aeff5-6bed-43ad-aca5-0a82b7e61050","059d59b7-0d46-40e6-846d-ee919112e844"
"56242cb7-2849-4832-960a-b852bc9008f4","6a709afc-b867-43ee-b3f7-46c838e4a303","0385c332-71e2-46f2-9cbb-539259a9644b"
"5663801e-6009-42f4-a22c-cd2658c84a28","b561e2b2-8eeb-4cec-8280-5864d3995cbe","02fe1ec6-1b52-4d0b-83e7-c70b042023ad"
"56faed2a-dcf2-4db6-9991-6c3a1387c709","16aaab60-860e-414c-90c0-31edbfb789f0","04a6cb26-aa43-472e-8277-66e04d76c70f"
"5745f42c-a766-4ef6-aca9-e961785eecc2","12fabc66-e67b-4cc3-953b-8bd8c44f947e","0c719f5a-e571-4cff-b67c-57463e39d220"
"5a31ad42-bed2-47c4-9969-552594511bcd","27ca82ad-78b4-420e-9f1e-ce0145616a65","0cf04f65-836f-4904-8589-204e69896775"
"5b57bf99-127c-4813-b51a-2d0d1551c8f7","2b574d51-0188-4754-9082-1bbb9462c9dc","006b2e4a-1a7b-4f90-937a-f7a8c41d2e6f"
"5c054d1a-3728-4c83-b01a-3d5653bc5f97","c65f76d9-991e-4b9e-9407-753a97ac9e8e","07b4d8b9-09c5-453c-8de5-f76d9a1d9426"
"5c191771-227b-42f3-8e09-423136b836f2","f0a321b9-d7fd-41fc-9d40-f84edbe3e6d7","0207c5e8-cf35-49a4-ba0e-bcf03d670a2c"
"5c20577f-c108-4ad7-beb4-7af98ed44fdf","689e2811-f4e4-46f6-8c28-ce31d687bd27","0475d6fb-b6dc-4937-ae3a-cc4ee8218a4b"
"5d356a7a-26c6-4d98-86af-a2b126c44cd4","37709baf-02ba-4a51-a908-cdbc38491294","0bd1e546-b329-410f-b070-f28f3c5c0036"
"5e812e42-717a-48cc-8af1-2e40f0e835f6","77a81711-3f58-42c7-92b7-cbde6c8cb6b7","096af97c-a58e-4fa7-a958-0ff20042998b"
"6330751b-07b0-4c16-9dc9-430c9f80e860","c6afb80f-df53-41a9-8632-b27644965682","01ab7bfc-973d-4b91-874a-964ee6472eee"
"660fbe86-4b10-449d-801f-2545424b4dfe","44fc29f3-856e-4381-982b-5abf41a2f189","036d5c44-289d-4456-9f65-063efd5cecda"
"6666cf24-b7d1-48e5-bbbf-0ccc502cc1d4","6c09f0bf-ec9c-4a95-a5e5-ac52b498681b","0e276bf7-ae33-43a8-9e16-e123dd98625c"
"688627cd-bf84-4b02-ac1b-5ec2e9aa97cf","ee7e8938-c3c0-49c8-b5df-619b1177b7ac","0ae3d189-3006-4421-a7cc-cdef55607f81"
"69e058e2-f384-48b4-8fb0-9bf54ba2d05b","41e42595-761b-4a00-ac00-920f93c060cb","0492284c-3f94-4b3c-a8a9-982d34c2fe5b"
"6a7c334b-877e-4eab-9cf2-4978c46e2172","7315b938-91d7-472b-8923-372d5c77e0a3","093a8be5-1c72-4e21-94cb-edf3d656ea02"
"6a8ba6d3-c966-4822-be58-8544b3477558","62d0a947-5926-4b9e-922a-7ea16f05dc5b","076f13a3-a7e8-46d3-b20f-e6effcb62470"
"6a99332d-95b3-4c74-aac1-b8253ac2ae9f","175222cd-adc7-4f03-942f-def22b428d20","06d75ed9-0fc4-4a8d-b65b-c4b7e98fb787"
"6b3ce0b8-c9bc-4935-9a87-66d239fba76f","10d3e6ee-f99e-4133-8bf9-f60a8b57a6d0","04d7179e-d3b0-4656-9053-c477020cfa9f"
"6b5ddf89-5ff2-4d3d-8994-869c4c1a2bfd","ef530130-9f13-46ac-bc85-464789238c02","071d8f5f-73d6-4b02-b3a2-693427cb7722"
"6c02111d-02b0-45c0-8fa1-b0d88d1cf7e5","4e5e7ee4-acfe-4602-b306-e812061bfdca","02a45b4a-8eb1-4efe-bcf1-6c3604cb0078"
"6ce1275a-c72e-4869-a5ea-850ccb718953","38292464-a47e-4e44-a31a-a35b6d12bb3b","0622ce7a-c6ec-4c95-b79f-ff2e83f3cc7d"
"6dd7d2c1-bec3-4507-91f2-525c0c49e79a","8fa5fe20-7a6d-4033-9dcd-ad293130cfbc","0c96a9b3-2ca9-40fd-84ef-25a49da481be"
"6f113534-f74d-4c80-b86a-49e452e9733a","f7cff92f-f620-4b39-a8f7-9bce66e586a0","0b091fdd-9cd7-4fc7-9a7c-bcde76d4c255"
"704b7cf6-83ea-4960-8ed8-2a70c7d4a486","3be350f3-cede-4812-ba50-06b6723d3173","09f826f1-aa8b-4517-9522-46648e316c8b"
"716f2617-79e6-40f7-a9a6-383c8a415796","0bb7c5e0-e5aa-48b8-84e4-ce00626a7f21","021dc3bd-d3a5-4ff9-8161-c4b7b6ac959b"
"71a4b496-ab50-4e23-ac07-34a01ef52647","aea0b9ea-df9a-4ce2-be8a-0d48a2e020bf","08fbbfaa-255c-4945-99bb-bc8371e6c2fd"
"72c20a8b-dfa2-4c33-8e76-6ae3feb89e16","45445a3b-fb4a-4713-a9ff-ef2eef478b4b","035b3ea0-e790-4e84-bf62-11210ab718df"
"00f5c5a4-97fb-4782-b3b7-a41256a99446","baa1bf1b-61fc-4a39-a1cb-1ee251026b6a","04d629f7-245f-4fbe-9196-423abf3ce9dc"
"01fff97d-9e0c-402d-92e2-1364309154d4","ced5030d-eb40-46d5-bc9c-b4cdd15a7822","01e0937a-f328-4084-a635-f02a542a5d87"
"02d20ecd-f938-48e3-ba3b-e3d3632285a0","eff5929a-3907-4556-84bc-f7eed504340b","04c1feb5-5bc8-472c-85fe-32983ef9db30"
"04145f44-3d49-48bf-8fe9-b0b0c808bd37","58449020-c257-4a45-8f16-ef10a7e3aa6b","07cf6957-1fa5-4e66-83a5-170ddb0abf52"
"047a84e2-8182-4ce1-b732-88853ec96dae","c6fad8a1-a50f-4921-9cfe-c754373e741f","0ea79948-25d1-40dd-a907-a71c0f81835a"
"873b0305-79f8-4423-966f-05bc74a1016a","3d70854b-9d01-4ed1-8e72-664b41d493bd","08c4ee14-c95f-42e6-96d8-36174dc9f7fa"
"8c72608a-815c-4369-97b4-a9618ead5518","46722f0a-d815-4287-8ba2-2e113a21a62c","005ac09b-7551-4318-8704-a5ed43e6b951"
"936ca889-bb51-44ea-b7b0-e6b016b5b9c0","2003159e-39b6-4ba2-a0e9-4cb6d7a2727b","012f2928-081b-41bc-b975-91f752b9340d"
"94654fe4-6764-4bdf-a8ac-8a25c46cd1c1","19521fb9-fb67-4888-86fc-89849f3e1204","0660e81e-be93-44c1-91f5-ae7aa66ba797"
"95cf43c6-c71b-40e7-bdbe-4ebf8dc375a3","0d238614-014d-4735-8244-0dd17bde4d36","0ac7124c-2de3-4e1b-8a31-6320fd5f9579"
"95ecf470-ea27-4242-a5f4-a7016f9f25c1","6932a081-1e65-4e60-b70e-71dd35ed1ead","006da612-99ab-43d0-9a66-f394bfb5e479"
"97a9ad3e-a102-4d3c-9d49-f7d3bab8bd99","2051bc17-23d2-44a0-934a-9b39cef27b69","01f5324c-325b-45a7-841b-3c740b3e2614"
"992e5c19-45f4-41ec-abc3-8f76b9c67481","43832805-0f75-48b0-b821-e9c6fcbc8567","093d8845-68ab-44d2-8818-77fc01036aba"
"9ae7ed64-28dc-41a8-9ab0-4e3b73e12b19","5fa36ce9-971f-47c0-8aa7-7ec914a5a9ad","0b4c170b-5f4b-4f79-a7d0-f093f078ea36"
"9c78920d-0f9c-444a-9c84-ab934c552ea9","cf1b743d-8c0d-4871-9377-b2282db78075","01891661-357e-4160-a07b-c0dcebaceb27"
"9e23363e-3595-4184-8970-b7c601d58c48","b1f791ef-1f6d-421c-80ad-b00a048c6738","0ad6e0bb-aa7a-40b8-88ff-075a623a4bca"
"9e3e6ffb-a3ab-4222-b067-19847912e60e","d153b824-8bd9-4c14-af00-b6fcaf8967ba","06710ef4-643e-4df2-8ed9-2cee1332f997"
"9eb8237b-caf8-44f8-a3f0-7c252b7e4826","08996a12-1e54-46fa-a08b-94fd4618f557","017693a7-6538-4d01-a5d5-7c42da6b61a5"
"9fa4a5fc-14b0-45f9-af32-85221aa7cb82","a93203dc-4665-4855-bf06-68b38ff38a4a","038edbc3-98d4-42ad-b460-73cbc6a07d49"
"a2bd7390-8b03-43da-99a6-740cb960e68a","d3c491f2-74ab-4237-9964-653b1d10aedb","06121967-0ff3-4ca6-a1d3-d519c5a571f9"
"a2e1b9da-d59a-4e6a-9837-f767dbe53a73","461d9d25-ed67-4411-bf88-9c3b7e4dce6e","003bad78-4b68-4fe0-b5df-b43a7e42d1f0"
"a30c734f-0308-4e57-abda-ce6e090169c2","52fcaf8a-7ce3-4e21-abc2-e6d348e4785c","0a88037d-070a-42e0-87db-18047e0ef442"
"a500c15a-fd72-4c7f-85ec-b3480de2f5a0","1e1766ed-381f-4f92-ba88-347410f10294","02ac6d53-daef-45ce-8d97-8799c79b0f5d"
"a51d14de-57de-459c-8a13-564e5d40ad1a","5acd6bb4-29d4-4371-b160-232ab4fa8082","04458bb5-507b-4b9d-aff8-f9a1aaa076b4"
"a53350c3-f551-4188-a9b6-07ed05bed2e5","3c904d66-302d-4122-a59a-fe089dbcbe69","05205fd4-e60c-4ca1-9085-0b503530812c"
"a5fe2a04-47b8-4afd-9054-a454bdf22ca7","3e3a395a-b5cf-4ed2-abba-8619f9cf8631","0670b739-9e6b-4a0a-bf49-ecc5a2429752"
"a66d9b7e-d7aa-434c-95fa-80ce765f5d81","a1304ea8-5d2c-4319-b8a8-8e026176c94a","05fc71f2-a023-4ad9-b1c9-ee4d3197eaa1"
"a6de2d64-35ac-4099-92cf-313e2d84ad62","9d8e0ca4-cfce-477b-87da-2e45e11f8575","04466b70-309d-42bb-8714-9a4c8061440c"
"ac0e1452-8ae9-4dc0-8aca-52827d04f5aa","c003a584-8a37-4ee8-b46f-87bed0c52749","08542034-cf91-4ffc-b0f4-7f5b6c39b868"
"ae059084-6887-4a0e-8d77-015aea02833d","e9dfc571-d548-4ce3-907a-b2942180fee9","0ad708ee-a200-48ef-bafc-028bf67e1ebe"
"afaab7f3-2cfe-4cbe-8e9a-00b0ff211404","b352c92c-c21b-4594-9a22-6816122e2929","0198c2e6-fbd4-4c65-9bef-6ea13b24b85d"
"b1e63a46-81a6-4a34-af55-455f4c404d78","e9e8f0da-b5b8-4fbb-bbe7-dfb0b370d7ca","0075e05c-e599-427d-ab6f-9b8d2410268b"
"b447535a-9027-45e1-886c-8e422d100482","2970cb77-316a-4c88-9b2b-3bc7e1fd2a4c","02454495-cbfe-4f5b-abd9-977993dcb1a7"
"b4c79020-e703-455a-bd36-83823a96962d","8a36423a-cd39-4ddc-81ec-4683cd49f16d","06b54b88-ac65-4598-8a35-2a064cfdd678"
"b549fe56-509c-465a-ad47-183d34d7ae00","a954bbcc-17cb-4ae7-b3b0-8723ca32b35f","026b4e1a-e724-48a1-b09e-b285a9173805"
"b612ae9b-0f57-4e15-9e6d-0e55d973f597","2a5e20c5-5b4c-44f0-9684-c3c71f969756","0372b2ae-9b5c-4130-b04b-a26df1c590fb"
"b62289c7-de84-44e2-b03d-926857790870","925c440c-6550-4f2a-8163-d7f4bbaae418","0499d6ac-0863-4d4e-9c93-07805ea2fdb9"
"bb79d9a4-36a5-48f0-83a3-320a3f95a790","94a063d5-dfc3-45f0-a6aa-05037d245d8e","09834b34-b892-47d7-bcc8-485fd7755438"
"bf3f3510-daf5-4bdf-979d-c795e103c748","4653aa61-56fb-43a1-a55a-f6a1c8e12aa7","0420c4a0-79ac-4887-b61f-a6a1e96ab4f0"
"bf659071-3013-480c-925d-ae7eb9262e76","139f3ac2-fb8e-4d37-ae60-9f8b2c9819d7","0716ae4b-3ca9-4500-b7c9-e24fd4a4c46f"
"c2877a3b-728a-4114-9ef7-48becb8d9244","0578a0c0-53c0-489d-9a3e-bcb67861383b","016a5a2f-a0d8-4d5b-bc00-8d4445721746"
"c351ab9c-ff85-4951-a7f0-ebed0eb7e6fd","18c19b27-0e1e-4e38-9446-5f521bfeed5a","0320bcc1-2084-4421-aaef-0bafee16a823"
"c3c27014-5ec4-4e1a-ad13-a5477bab9b29","a5484474-8bd8-4461-97d6-b63b6013a6b2","07d0b6b6-a10a-469f-913e-102217b79507"
"c5f9d68b-d3bf-4a2d-9932-594d40fdc271","a7bf3562-cada-4c5c-9c50-8b44412b2047","065791c5-52cf-49a2-b2be-451ecd121166"
"c7160669-fc74-4950-94ab-047902643fd0","57b33ba2-3e2c-449b-b3ad-0d012412ab49","01db033a-482b-4f03-9c88-de573cacb2f0"
"c7307c17-2c79-45de-96fb-c86b581a8c56","ea95f1e8-d575-4757-bba3-3831e695652a","0053f4b4-7dd6-4b3e-8948-195f0cc4da22"
"c89d3561-6a6e-4fa1-8775-5cb3e8a94f20","0ca56ae9-cef6-4c59-b646-62da0e5ebffa","07db0372-8443-4f94-90ab-d5247ae4d7e1"
"c89ee4b9-0213-4d64-9a78-5e03d3f0b244","7d0ec45a-51ab-4b0b-99eb-e3b0804fb56e","01863538-b409-4f23-b2bf-091e9026dcc2"
"c97334a3-757c-45d0-a1d4-1e8b86356f4d","3ed335ef-4b4b-43e2-bb8a-ba0c32109285","011ed663-2351-4ab9-a5c5-3b88243907e9"
"ca044f47-b94c-4fcf-a321-36ffc9ffff80","5482c709-70c5-4371-9a7b-b614e2d78b2d","0451fded-38b0-45fb-8589-db545ccf2c12"
"ca3edfbc-a216-4633-9dec-5df4f4e5be65","4a451ce8-78f6-4d60-833d-42d7504e7853","09758d87-f879-4625-801e-b7aa5eca8b3c"
"cafab911-1c90-4949-b9f6-b26019a9b31c","7eb85559-d598-44af-9186-be32c6769f20","06121967-0ff3-4ca6-a1d3-d519c5a571f9"
"cc913781-6842-4d52-b473-a38c2136a631","b371e674-0491-4d21-ac61-a8b3ee50157a","05436394-a65c-4ffb-8453-0331ba7a1739"
"ce83dfc3-9ede-4338-b073-e40a8abe73c3","e8139758-83f3-498c-9bc7-03788526e4b5","02a5af2d-0178-4286-9eae-690a4124714a"
"cf3dc515-762b-4821-afa7-844c5b1cffb9","14b3294e-e697-4a0d-8908-03ddbd016a27","08352cc8-007b-48a6-a3b9-9f3aa7648117"
"d0494c33-156e-418a-9890-d912aa2cc795","f309cce3-007e-4480-8a1f-63ac86c20aa8","03438343-4787-4b46-8328-e0083542b661"
"d23f1cee-1bb9-4f72-a1e9-f6b992f601eb","5c199ac0-0e36-4d0c-9cb8-c575f03c5cca","0669eeb6-c7da-4eb4-81f4-f632cb1e7deb"
"d254332d-e896-4e30-8245-006206f19ef3","f287dc85-4cbb-4e5b-8891-1df8042cf195","0ad4a0fc-9f1e-425d-8942-142f440b0502"
"4ab8e473-eeb8-41dd-9490-a0dd119206d2","20f3280b-6732-4a56-9483-ad42d444195e","0942a740-5b6d-4858-9c8d-78aba1711a28"
"4e4d9b54-dc79-4671-8a3f-2f7b8854e73f","c9a661b3-9410-49b6-b121-8f7725c2975c","04723c52-31fe-49a6-9eb4-97c9512f8c64"
"4e9ff425-d261-486a-941e-8a53b2fa20b8","cc126557-0177-4497-ad19-ac0534facf74","0411a5b7-95c5-4113-9464-6bb8f03e77e6"
"517fc98d-bd8e-4486-a715-97259afc11b1","8a18efbd-33bb-42f4-8627-0238484f6f5b","0427a3ca-57fe-4024-9b45-9885dd169e63"
"524b601f-58db-42d0-9b68-a21657f8a9e1","a56e6d97-4c01-4c26-9921-a34c47ee9bd9","002feecf-c50d-4766-b7ba-8ceb9d4904f7"
"525527ca-505c-4f99-930c-e7470b08a2ad","e62d50ce-00b3-42b4-b4dc-151d1dd094ca","077f8a59-1607-48ca-aa07-b06fea4110fb"
"53a316b6-73b4-4dd8-9e0e-a2221616ab3e","e9f5fb4c-e4b5-414f-96fe-d26a2efc66c2","030cf9b3-bb78-496b-8f21-347392da6f52"
"53ba5e7b-091b-44b1-b13b-4538f2f975c7","f16824e5-9bc2-439c-be30-86c077145652","0812d5cc-7f58-4517-9344-f90e797da885"
"54f34ab3-11d3-4919-be73-2c517c8819c4","e3493750-f813-4906-837d-4dbda8cb2075","0a7e4f42-a8c5-4057-8e6d-04ed6fbd85f3"
"562ccdfb-7962-4272-8434-9b91ecf2aa6c","a5819a52-ca65-40e1-88e7-8b366d247a3a","0aaeaf06-960a-4980-9f9c-b5ab88b18016"
"565809a7-3c09-42ac-87dc-ef0e9ecf48a3","5c921cd5-845f-46ea-97bb-8d521d6cfd87","0112ead0-4570-4f13-bc22-654771ce0436"
"569f0a24-7807-47fe-98d5-abcaf90c1083","e9e3a362-165d-491b-8ce5-a363d079df6a","01b5c341-38ec-4d5a-bd24-a63cf0dc8bd0"
"1d61d67a-2854-489b-b1ae-ca2c5b18559f","f8cde91a-0d88-468c-81c4-23ecd7bcf883","0735b712-3b6a-41e3-a13a-62edb83c3799"
"1ea72f44-d37f-4db5-8ff1-9ac75f1abb2c","157be0f3-4ef5-4328-9e31-51ca4c4c1715","0030b077-c0ac-4d7d-948e-c87a41c54110"
"1f0d5f01-c548-4cf8-8300-7736194512e6","bea98353-6495-4307-9d6f-6950b494dbdf","00e4d62d-ac51-49c3-bea5-8d9130ff46d9"
"200e94f5-ae97-43cd-bcb0-77853f2a61e0","934a5c91-02cd-4898-a50d-b7e3a1ddd596","04168917-2023-4b0f-8b4f-ace54d9c2ecc"
"244f4ef9-6b0e-44f3-88b6-d560d4da8aad","2a4e1259-58c5-436b-a6c7-1b6634b80732","00604e34-acb3-4b56-bb79-f3e9a48b22af"
"27ea85b9-aeca-4d64-85a4-ad48749fd0cc","d06362db-2128-419d-9421-64005b1ac50e","02fa20a0-cf98-491a-9334-26158e6e26a8"
"28190f2b-6e3f-425d-be85-cd17bb2313ba","8cb094ea-4c99-4366-8087-771c7ddc942a","01788ddf-90f6-4bbd-afa6-5353464a04d0"
"28288b59-d2ba-43df-af28-e5511223afec","89a56a6d-636b-4419-a4f5-54db4da0b945","079d4686-487d-497f-9c2a-48d4561cc9d2"
"2a67e7d9-10de-4789-adbb-7ccc2b35a1f4","b18aeab8-4440-4673-bbfd-c569a87d6b69","0344cc45-485a-4b87-921b-3bf67137ed48"
"2b3ebea0-4d5b-4f82-acaa-26c7a54cf435","dd4b41ba-7f0f-4c8a-81af-1ef87b71858e","07d83bd8-bd53-4383-aca9-876203f81d60"
"2be952af-647d-461c-8eee-a3aba45e950c","d7f14cd0-b17d-44a1-8fca-0a187a51fa14","01df86d2-d496-4c45-b015-7ace5a2b75dc"
"2cd28bbb-4c70-4280-886b-bc0e88a42de2","44a8197c-cc6f-4053-b40b-0b223762af69","00da748e-d094-431d-8423-1d7e0a2aa165"
"2d46c55d-3843-4def-b1a4-99feb467aa69","78652d11-e75b-48d9-a51f-02adfe02ca29","030e74fb-5feb-46f3-9985-1351bae665aa"
"2e3d329a-89ea-45ba-8f27-656c0a8a9e3b","88dcebb5-341f-4cb2-bb29-274654ee7771","00604e34-acb3-4b56-bb79-f3e9a48b22af"
"2ed79496-5224-4481-9f6c-1aaaf42c5e93","2a8f380c-ef41-442c-82c9-43be3575471b","04c0c08d-2e0c-4fd6-8e5a-34522179328b"
"2f41264f-77fb-4cd6-a139-2fb325030f84","8a74eda9-b147-4822-885f-1ecadf586414","08033f8b-424e-4117-b807-31dbf03f7795"
"2f71c89a-ce62-49e1-a605-cf6897d3f10f","fd4baf38-7fd2-449d-845e-0f5fb83b7697","00252ea6-1232-4c63-9da0-8b7ad9444276"
"32e3f51c-4d37-453d-a6f3-e72f2a702a44","9dce53ab-ba67-46f0-9177-56b6036c9628","00952ba3-b449-4221-8a56-b60fccec93d9"
"372a8f77-81e7-48ab-a8b7-a979c0252892","54aa7589-25f3-425b-8ae9-eadfacbe72e8","05874334-f376-4b06-846c-320e3953ddf6"
"3751ebf2-af00-4aa4-a6fe-86f0ddd96545","040ed96b-fdf6-4415-a8e2-bc41b5ff83f6","009e1378-0c00-47b1-96ed-19ac244d344e"
"378b59cc-3bdc-4f8c-a38d-4169844ecdb6","56147464-585f-43d8-9b36-afa95dfaf734","0570b7c2-9b79-4118-a290-65076fa6b2ce"
"392d0850-4f4a-4c27-910c-8cf44e768068","a48133d4-4b39-4dd2-8127-fa7a86b87a2b","03c86f7d-486d-4c0b-846e-ace1c93c6e63"
"39eb7a71-d550-4457-aa71-28f987df5115","ae51c21e-04da-4731-8f25-9f60f9339913","0635eb78-4539-4745-b66f-e01d50e072a5"
"3bec3ec3-8c72-457a-a0a6-f63237ac5baa","665a378e-77af-4c19-8e96-115d3978453c","07feb892-17d2-4af5-9b7b-f1a43acd58e9"
"3bf74aac-4674-44fa-9888-14bc8fca81df","50b86e19-679e-4a96-8773-0b82d98b4221","079d4686-487d-497f-9c2a-48d4561cc9d2"
"416e57eb-d1c5-431d-b0e1-52c84dc279a4","d0692609-8b89-4fa2-94fe-d29fe00efbad","029fbab5-e07a-4931-81ba-8319f879e2ef"
"4a7754ba-f862-409b-b74b-0a535d7b2765","ea24d540-feab-4e78-90c6-ae3aeb2a7fca","0233ee74-fe82-44dc-8c45-332025127287"
"4b305cd1-1366-4efd-b980-1d013bb31968","21d1a207-5a5f-45db-b3ee-d7a8c2ce4657","0328ec69-1c5f-438a-a580-95b76fd1c241"
"4b4149c1-ac97-4da6-9ad8-e1bbd9b47cf0","3c77a8e6-6156-40ed-b891-ed2b040bda3e","07002b5a-a3c3-4dc2-8538-1be0acb3640a"
"4e2a2a71-21c0-4443-a820-7f68668e5014","ff25c510-7f85-459b-b836-6d51caa2ff6e","069f3238-c738-4ed3-bf9c-af10ad826859"
"518a5aa3-c361-459e-b70c-0489e04fece5","2a5974fe-1aa0-42b9-93c6-f1a0e3c9e261","02b77904-f5a6-4f43-b573-704bf5216a42"
"518cc7e3-dfc7-4eae-9e63-faccdb716d4e","22014a2b-417e-47ef-9758-dcebfe14c7cb","05f6eb4c-34f8-49ae-8cdb-df4a5ba8d538"
"52138969-da88-45d7-9922-76ed5386c4a4","050a8aa1-2ae3-474d-a414-ae2b1ce71e5f","01353263-efff-4458-8584-2c0249fe557e"
"5286865d-fd15-4e1b-b184-c5e3481564d8","07cbed06-4e1d-4c57-82cc-3ca78d8b19db","0021c530-7b9b-4ec8-a15a-82041ace0507"
"52cb1bdd-4660-4daa-88cf-157f514da3eb","5f5f54c8-f766-42b8-a9fa-0cb00f7ba662","05d371ee-4ec6-40f6-8779-b6e0af72ee8c"
"53226d44-71c7-4676-9e4f-cd91f3243a23","ea421f2a-d0d9-4921-a9e3-50bfc2d4f7ee","05b04df9-efb8-4a47-b9bd-2d25630a96cc"
"53510fd1-ede7-425c-9757-fbc733cb28a3","b3def9e0-1cd8-44dd-9f84-797279685c13","03ba0166-a538-4d3f-a3e2-38608820e12f"
"54caba80-ceb8-4bc1-9ab9-6ca2f6e776f8","f594fadf-9452-4bcd-a3f1-82d16fd1889e","040a7209-4845-450d-8584-c509cd92d710"
"568dc09f-24ce-4375-a74e-cf862f971f9a","a2e57989-0d64-48f0-863d-fd636c6605fa","0635eb78-4539-4745-b66f-e01d50e072a5"
"5c1095c3-0ee3-4926-9506-7e7c0335b0c5","13e469e0-b9ba-4a7a-b6c6-3d9d2af026fd","07f45af4-8895-489d-99c2-49b0b587d881"
"5cda8fa9-08a6-440c-bf78-747c4cc212f4","bf06be30-bb90-43bb-b205-3bc0a41d8f43","02592b1c-f81e-401d-986c-9062d3679c47"
"5d689e1b-0822-4ddc-a4ef-61cafadf5760","289b5c29-a490-467e-a0db-a63004ac8dc9","05874334-f376-4b06-846c-320e3953ddf6"
"5d6af69b-1070-4121-aa9e-5f36ad919ed5","83401d3d-ea0c-4ad5-aeb3-1582cdd82783","0629eaf9-aae1-4b0f-9f9f-a016686b60bc"
"02c26cec-8912-45bd-8cc6-198a1ea25557","035a79e4-a1ab-424f-abb1-bbfb678fccff","0136309c-e230-4ecc-a07c-d6440e64ed9c"
"0308a7eb-194c-42fa-95b9-9c9320f9a422","3c69d384-16e1-4a50-a5f2-54aba9d84f03","059dffde-0231-407f-b288-315d5af6e9aa"
"040db563-71d1-4c93-a53b-463a8d819649","5069820d-bf9e-4c34-ad32-ac6cced7aefa","0526c3a2-f36f-48d9-bfd3-889b7e9ac940"
"04b5a5d9-abb4-4116-837b-9931a14ef7ee","8d2b26e6-8126-4e91-85dd-0f0bdead4ae7","02716e08-f421-4835-84ea-6c1ad7831447"
"06c68e35-9ce8-4555-8963-00d87f6fdf4d","23c5b44c-e147-4e76-92d2-b2b924c8c70c","07a8dbc1-1ae5-46e3-9206-b70b42148847"
"084b0e6a-c1fc-4904-a5ce-0d55cfd68559","12fbf340-9870-45dc-819e-faaec5b436ad","033008da-a2d1-443c-bf3b-4ba56fb28896"
"0da98aad-aebf-42d8-a3fb-45c1b2754383","5a3629a9-543b-44dc-b5e8-ef3e9f48885a","0344cc45-485a-4b87-921b-3bf67137ed48"
"0f8eaaa2-c831-454a-b08b-0e60c6da67a2","025f7c90-2a8e-488f-8477-096607686e82","008ed85f-54a1-49ef-834f-5c02c05c0a8d"
"1339992c-ad0e-46ce-aeba-82d996cecb20","0cdb3200-86ef-4bae-9730-ae4b8de4b94f","0277b96e-f05c-4cc7-b32f-39687e0f3450"
"14392aed-4480-434c-a226-c88fde05b368","8f8d37a5-8e41-4f7b-8cc4-7a7c11cb38da","0000b7c7-460a-46fb-80fd-350a62dae5b7"
"1618abc6-fe95-455f-a9ab-98fb285ae2cd","46c7a26c-139e-4b80-82b5-504a0ca942fe","047bc037-f282-4881-8e85-8db2f9058f8f"
"168606c8-6d9a-45fd-8f6d-ddbc348c2de2","baa31cd6-ffea-4ba1-9187-fff76a38cbba","01e0f134-9344-4f38-a046-790946f9af3c"
"182b7db7-8782-4667-98a6-0486a2666970","741317ee-2b8d-4148-8d4a-7478601bf6fa","035ec9b4-5bd0-4a0d-8e94-93ac3812193c"
"1a55725e-7457-4487-81c4-342e3e728a7a","0f330983-ce5f-4caf-831f-5885ce04b1a0","035ec9b4-5bd0-4a0d-8e94-93ac3812193c"
"1f28c5ab-c2c4-4707-818f-fdb4babb351c","70cd6d65-3828-47d8-97ee-e5f92ba0e080","06b15c3c-b474-4b2b-8511-90c2c9f59753"
"2153d4e7-845f-488c-824f-72b104286374","809c1797-fb26-4d3b-b978-40f3d6e9760c","054b343d-2f6d-45e9-b012-afb5bffea6a1"
"2201af89-03f3-49bc-9e20-7f6d58d15143","7ed188cb-3843-4c74-865d-0d7c7a620b43","00825c5a-0734-4067-9e20-f58e92f4ab59"
"2323561b-cf53-4df2-bd8d-c76baf4b0e5f","f19dc686-3578-4982-af28-78710613646d","01917b43-e31b-40fc-b336-67d3cdf42371"
"23aace98-7319-46d2-a6f0-9c91cd4285a9","03cc5ad1-a29c-48af-8c6c-a1dc7ea29f05","025eb800-a8b5-45f8-a59f-982c4a9483fc"
"2614fa6b-e3d1-4940-91e7-ffad4b249039","a4037d67-12b9-4957-9417-805e817cd8a7","0448bf0b-e36e-43bc-87e1-23deecdf5066"
"286c3bde-8359-4105-9cb6-555cb3847ab5","6eb7b5bb-c6b9-4b49-a8d1-c5f81aa54cf8","0750618b-9afd-4493-b204-cd1ad753cbbc"
"296eed7a-8380-4484-bca6-df08117b83c6","fab55fea-d79f-4362-b02d-fe1028bd27ce","01bd4e3b-dee5-4a2f-aac2-b64769a716cb"
"8249b776-94fe-4373-aec1-c8f5bf04c6b8","c8db77d3-9aca-4095-abbb-d30c2667f9c9","09db6394-2977-4931-81fa-b7014c676275"
"842323c7-bf42-407b-8d95-56b7ee40c98a","dea490c4-c574-4867-b32f-be48dde90172","0a2f39ea-e0e2-41f7-84b2-b839e7fa16c6"
"85239572-dc62-4b79-bf9e-5497b2708e02","298b5759-dd00-41f3-8d98-fd5e6ed50c34","06b17686-27b0-4dbe-8b0d-953e3cff8220"
"85efae1a-e30c-4c18-b959-512dd2de1a5b","67ebeff2-99fe-4992-bb13-8cfb07b1a0e5","09ee6572-77a8-421a-a13d-ba5798fa7600"
"86b11ea2-6238-4be4-bfb5-b4a236cb02bc","d32ad3e3-942b-4344-8855-24a1b0380597","0867d6ab-f1d2-4be5-86e4-0736a7e9f19d"
"8a1849e1-6e1e-456d-b32f-0a9b9fbc03ae","5dc1894d-964c-42f0-ac02-5e36bbcbdef5","0b1b101d-e653-4673-be0d-6279746d4895"
"8af068c4-e619-4a17-a551-8f796bbe4e36","27c829c3-6eaa-4fbe-9a59-423c87e64b08","02775abe-50fa-4de0-bae8-7060c144c8fe"
"8b381c44-0080-4c27-8036-333e46b2e099","fed74ac6-9e87-44df-bbe3-834d95f0431f","093cda4e-53a2-455b-afa2-e83e496d0eab"
"8c7af969-d873-468f-ba09-19715326afe4","b0ca2a81-9b52-437c-8786-862d819bac11","00e5c74d-42d9-4171-ab97-226aa90cc189"
"8c89f770-94c8-42ea-b24d-d4421e8d0212","9b85eefb-a975-4414-8454-ead966dab7aa","0c7d761a-1c28-4030-a62f-5b822c2b9a1c"
"915a8bba-9987-446c-95e2-273fafaf6934","932262ad-7dce-4599-bcaa-dd271a105e29","0ab705dd-cb67-4e9f-91c7-bf558acfede2"
"91affc40-9ddb-4602-ba00-ee50b0a964ad","fe7b444e-afa7-4184-9a68-13dc044f08e6","01f5bd71-0cf3-4f97-a965-857fa6cc3847"
"936c143a-39e3-497b-85c5-10a7672faf54","c82cee5f-a7a9-4f30-a72c-4a9418ecdaca","04d852eb-7b83-43a3-a043-47e6a54b63ad"
"9406b1b0-2534-4d89-83a1-469677f46abf","5879c431-9b57-4530-8644-5a8031650a50","0a769049-9483-4f06-a326-b0653b2d49cd"
"95e5ee80-47e7-4d03-b58e-678f69230eaf","5b5a3ed9-2d7f-47b1-a079-55919d9f27fa","033baee1-7e56-40f6-9358-bf8efb7c77a7"
"965792b1-5bae-4aa3-873c-3838573034dc","45ce111f-001b-4a62-a442-097651861db2","0b3b626d-5910-4c02-8fde-42dec0305648"
"96d82b07-9d67-43de-9092-a4be3ccfdd3c","fa38ff52-df8b-43d6-b9a2-2ed4314b7681","0b0aeb33-4a6a-4015-828f-237145c1aa6d"
"97868b2f-07cf-439b-a204-6dec404f34bd","5b8b3997-1fc6-41cd-b9cd-dc4f497c9892","0766b870-0ca4-4b09-b707-674007518f9e"
"9b3f0b7a-b403-451f-b89f-f8764f1c56de","90892ee2-7375-4055-816b-bc753e93a91c","09f8313d-f12e-4b35-bcb2-cc073af3ffdf"
"9d5fdae3-eee1-43d4-932f-68741d91f5d7","b0f982a1-4d2f-4441-b3e7-d13605aedeef","09b76c17-49f7-4dc4-bde4-04c74d5dfbba"
"9d9d3528-635c-4a8c-86d5-6a07c5dbf437","4f2f9449-9e47-4634-9e46-0bcbb4fac11c","04343066-7f23-4248-be4e-10b23bdcc88e"
"9fec6b7d-6311-47ac-956a-ffd47b4af03b","eb76bd24-7648-4c14-a08b-2b343cc4276a","0528f7f9-ae0c-441f-b98a-42bbe5884d50"
"a0c5b204-dfd2-481e-b753-dbade5e07fd3","f5d40c1f-2287-476a-8151-69e9455dc516","04024184-9cb8-43bf-9070-f4a744977443"
"a0fa08d9-ad9a-4c4d-80e5-f600bb0663e6","d8e46944-3b40-44c3-9dbb-cfb8f944f4c9","0257193e-6d7b-49d2-9bb7-94ae2da50d9f"
"a44c934e-2a1b-4152-8a1b-83f4bdf53a8a","9199e41a-3d39-4aec-a769-4794e92e41b2","07845834-7c8a-40b4-a285-b780c7c16ccc"
"a4e39924-a723-471e-a998-cdd786a8c3e9","e15476dd-a238-4ed1-8a20-473a858ca161","00a1e579-638d-4f5d-a347-c497e2e3ddb3"
"a78364b5-048b-4310-b047-d497b71d3f44","cf521f26-49d3-460c-964e-cbb5cdf5acd9","0884f112-e9ad-4284-87d3-5809a7d1cdb1"
"a8780c0a-b29b-4b87-b8a4-5fa734d3322b","cce10556-396e-4f8f-b41c-e2528448b16a","020ec5ef-84ab-400c-824a-78719ac38b94"
"a98f5fab-df86-4083-8203-8dfbd1dd335d","5f901ec6-5112-4048-9919-d5e5672ff728","07a843d3-3727-446e-a7f1-60f199ec089c"
"a9ff1bd5-5b0c-43bd-968e-fcfeacf1652c","fb20789e-5511-4836-8722-4886e97eba15","06517e72-6cc1-4f1b-a2ed-3cc4e87bfb9f"
"ac3f61da-a194-4c76-883d-7e7e2f46bbee","2d705835-6b49-45e7-8200-7c0c6984a5f0","06d38a8e-d8af-4130-8bae-b3ef167e2ad1"
"ac56f402-2669-48be-871a-24ec27a010bf","b727b33e-59ac-47b7-b88b-d20c8cac5fe5","0a13ef72-403d-4608-bf71-f8da7ca66ae8"
"ae932eee-dfb6-49b6-8c46-7939f34ce3d7","6dc08cb6-3f6f-480d-bbda-8c158aed2021","02a019bb-ca3a-4b39-9e14-4736ecfd299d"
"af35f259-f154-47ba-b7b9-db0923d00a2b","cc497970-2f1c-4cfe-ada6-9511fbcdb4c1","09c85297-a1b9-48d5-8f24-38c449846283"
"b34ed175-034c-48ab-a947-96e752c25b98","a9cd0586-6262-4986-ba5b-02bd0dc26e00","02a56b72-ef81-42c1-b36d-f7bccb2ec041"
"b352344a-83e4-46ad-8098-f1d09b4d0870","e1b45212-19f0-4f7f-93bd-5fdbfe624d2c","00ede448-01ef-4d0b-b762-42d48896332e"
"b397456e-6fbe-42e4-99e2-73bf191d0e68","0ba933d3-7544-4fea-93a9-656d6483495f","0283b768-3a25-4cd5-85c9-29169fbcf65e"
"b46da61d-e601-441c-a169-e619d328b6e3","fe302fa7-8655-49d4-82e1-bee7980e583c","0062fc57-17af-4f6f-a5e5-3062510bd7a1"
"b4b801f9-f329-4e2e-80d7-1428b82b5c0a","d248f5dd-754a-4de0-9050-c203257fbd26","0bddcacb-e91a-4b2c-bd86-ff796dc85d64"
"b4bc285d-7403-4dbf-bed9-33515b2b363c","28b29531-659a-4db7-9273-9ee66a7b18fa","02997cd8-f077-46b7-baab-b414b47429a7"
"b6406ce3-d5f6-4d8b-b1fb-e982699cc8d9","1e1428ed-00fc-4d17-bf69-0aeb105b5035","0b34d3c6-f832-4660-95c0-fcd350aa1639"
"b640fca5-94f0-42c1-a75c-d7a2d1c034d8","3a7a9897-ef01-4b35-8215-952c4ce0059a","07121f86-d0b3-4e22-96c0-9434c138a74d"
"b7a8f3af-5a0b-47f5-8bf4-dd8ec165f172","b921cfef-3ca1-4ef5-8f62-f0742b9246eb","07a41779-41a6-486a-9ece-69fd3431e3ce"
"b8e92f06-8d5f-4725-a846-8b3abf97b611","160a8e9d-da57-4067-a896-24c60e6972b4","01d4d2f6-0bec-4637-b370-763c6867072d"
"ba0b8b10-5cb3-4bca-8389-ff3abbd0d8fa","89e1a2e1-af4a-472f-a63a-36c68fd513f2","065f4177-ec81-493c-9959-d0809896efc6"
"ba22a16d-3238-418d-b0e8-430bda2a85ab","f4bf9ce0-6f12-44bb-adab-31b92ec403e7","097b1bc5-76c7-4e0f-bf9b-3d53dfa51e42"
"ba5a98ee-3f8d-449b-972d-791d9abffd5a","2bafd328-fb6f-4742-af15-5d54576f516c","02476471-7f8a-4a1c-b610-bd0c376f0a62"
"ba81c967-685d-43af-ac9e-720755064913","e922085e-b044-4874-8619-b897237b8cb0","0bccf96e-4277-42b0-9533-ed914ad06564"
"bab26c06-18d0-47ab-b236-a440a474e132","30c5b39a-953e-458f-a883-1d2705f836a9","045d6216-8aa4-4dfd-8114-2134fb515e51"
"bae7fcb8-5a3f-4fe9-95c6-0e60d60b1d6a","b5180ad3-8ea6-4c43-9d9b-cb395bc551b0","04a762b1-7dee-42d9-980b-f7043c8bc2b4"
"bdc75d8f-5f2e-4b20-acb3-2996d3d4a176","2fe6f466-2379-4f39-b8b3-1ba4e72d52cc","00d07057-6dfa-497a-a74e-6a146db5ee03"
"be3b6363-15a6-451e-afc6-72e0090066ee","c27667a2-2a28-490b-bc90-65eb1d684644","0956e016-c8d4-4504-bf98-69687534cec7"
"be7df1b9-3ace-41ba-be70-ba0419126add","112d30dd-0501-4fbb-8893-150a3d38318e","03d90a65-a0b1-4e11-bfbc-be41142f9e6f"
"c19c0ab4-21e8-41ea-9c76-b2df51a6401d","a7beb413-e7d5-484f-9974-e4179b3ff58d","0703004d-2a00-4d68-bcdd-74f97dcea511"
"c3524c11-479c-439e-8c30-c1e15c8f644b","51dad9a1-9ecc-4e7f-bc64-5b7e3c39ef03","089300dc-0722-489c-9be9-a3a335c3ff3c"
"c39e4c8e-f0e3-48db-843a-da1dab380b27","0c242856-f806-4a88-b45d-3a8f8f0d020c","02cb7748-30e9-4ee8-a9bc-4d57bb518141"
"c57a7d2e-d47f-42da-9caa-4cf45587e82b","d55af9ce-5da0-424f-b1b6-829c22906f13","08cea9b6-c47a-4999-b08c-d5ea0d93bb02"
"c634710a-bbaf-41b7-82f7-13a36ad5c6a1","f163b8a1-77d5-432f-80a4-7a66088af721","00f295ea-7a1e-4ce5-b829-2fce07bb06a7"
"c810b8ae-b689-4e0e-a9a8-7d28ff34a0d7","124a4185-f179-4929-b85a-f39767fc2135","02b77ccd-2ca2-45a7-9f33-a14699668ef6"
"c9c8288e-1912-4229-bcb4-fdc5ef886185","e96a100d-c43b-45a0-953f-f403675c1684","0a896385-a99b-49bf-b9dc-e01b6993878d"
"cb6b9db1-f8ba-4ac3-9084-7cec6adcad41","fd6fcc45-678b-4692-b522-8c0d6b01d892","0a72ee04-e2d5-4e66-881b-7d6dc460c3a7"
"014cc316-7e2b-4240-90cb-fca643c7750d","86390103-c5d1-46ea-84c9-848bd6bee9a1","04580499-fdca-4f87-acc1-5e43d84bafe9"
"019fa848-b97b-43d3-997f-3a37d1886c65","4e3852d1-f511-4375-a7aa-4ea3c9042f02","0bfd01e0-aa01-4d9f-bde1-b4d4e03c11ea"
"025821be-a2bf-4f53-8171-64ecc2c2693a","d8febd72-72c4-468b-a511-990c923dcace","00a37dc9-7925-4886-bdd5-225bc706bf68"
"029818ce-ff74-4837-b335-34d52c41e3b8","4f480fe9-1313-47bb-9001-3c0812b360b5","0180bb31-090f-43aa-bf36-7aaa4c79ef04"
"3e808d2a-c884-4488-bd04-e627fc117a81","1d712d14-a718-4ebe-9f3d-ef58409400a1","01ab150c-089b-4937-b28b-b4e8629d14e9"
"3ea6c6ae-ed9d-474d-ab9a-ad090f7401ca","d98101ab-7494-4349-8eef-38f7e262cbba","0d4ffe91-d7d0-48ac-8bbc-4916b60b3e4b"
"3ee34ebc-1eb0-442d-b157-4115774cfff9","ccb3e043-4789-4347-98d0-8d1eba7a3d84","0bf79a0d-6336-401f-a1fb-adb0cea04c50"
"3f25cb1d-0845-4f14-bf23-0866312ed8b7","e0ea2f15-c0df-43e8-8052-ea7fc96a5a14","08eea64b-cb2e-469b-ad1c-2f1d1c31d3ff"
"3fce45a2-9f03-453d-a493-dd1484a464a8","008b224a-58d6-4998-84bc-48107239f01c","0c45658d-8d35-4492-bd0b-d4b05ee9f23f"
"3fe95c8e-07d2-413e-b212-ad7ebecad2aa","c12504bb-d5ab-4bb1-b41f-b3631b240fe9","0d414254-1033-4fda-9e8c-d1aed947aa3c"
"400bb4be-57d1-4878-9798-6e92a0e2c504","7cc979e3-e9fe-4095-aa1e-19e47bd27b4b","05e6e603-62f4-4089-a69f-c0543d8e1ac7"
"41a04634-95c0-4064-9032-5fe0960f02ce","84e632aa-8ff4-41c4-85ec-de15d97da696","08519c2e-73eb-4bc1-8b50-56da6a376445"
"41a174a1-fc54-4eaf-b034-94c7c43fdd98","77f8958e-a81e-4c82-8997-b381dacb34ad","09f239ff-ea0c-48d9-9c6a-c9556a5f8f1f"
"423984bf-19e2-471d-bb11-12777ec1f3e6","32838f6b-d0dc-4c2c-869d-34a1a70a1469","083a0cc7-9b25-4147-ba7a-5c6a6c95fa68"
"44469574-8eef-4328-ac78-b33d8113b465","f22cd434-82e0-44c6-9010-29e094487f50","00de3cd9-a77e-4c51-8965-7ef13c6b5ea2"
"44793a43-bc53-4ad8-8853-3322b689bf29","88c1036b-f6b1-457a-9ca7-67a9c189744b","03c052ca-b41d-4bef-ab25-50fdc8f531b6"
"45a5ee43-8b0f-4350-bac3-d3b5c3b956c4","1af5627b-8a87-4061-80dd-499110b46dc1","0ca8aed3-70a6-4b0f-a826-45db27b3737c"
"4618957e-b2bd-4603-a549-c2e6558eb68b","835e5620-5db0-4979-8c5d-279cc11a3146","06f61d27-03aa-4c4f-a5dd-5e13d9ab127e"
"48e342ab-c129-4941-ae09-5e88e12b1240","252ac0b6-6724-4bc9-b082-e068645e56e3","044674ee-69e6-4786-8704-5d21bfd2438c"
"4aad65b2-7db6-4247-bee5-d1a9f0a13ea0","8cb65501-2d2e-47cd-8272-e85bc2a30a43","079a9e26-29f7-4c1c-9a7d-62ee5807ed7d"
"4b39c0d5-4d95-4d54-be90-3119f73200ff","a48628b8-d235-4095-b037-6326a3427220","0a8e2f09-99d6-4f49-b46e-fc6d6550e6bb"
"4c164dde-ffb2-4181-99c7-7c8c38e318e8","78a35fb0-d8f8-4f60-806c-b2fcb714a92a","08afc2d8-9e9f-4503-a6f3-1ae37d8587b1"
"4c25411b-079c-4310-b49c-fb54c613dbc8","b5138557-bad8-4fd7-a743-c103d6e11ec0","0329c972-85cd-49b3-a5b0-ef6ccdb1bc2b"
"4c7a3a01-999a-4cbd-892f-67c6dcf0ff9a","262448f8-ed5f-4f63-b74f-34c6497037eb","05d41c94-cc5b-4a3c-9dc8-fce5e5fe9958"
"4e07e2c6-60ff-47df-9ba3-37add0992109","6ecb57ff-5a3a-4a66-87a0-cf73d7f2e199","00bab324-fdba-4b42-ac31-5eec6a7409de"
"4e18c45a-39ae-42b8-882d-67daa9873026","48a65a84-dc56-49a3-9740-82d8202144e0","05b1a6a3-f136-482d-9154-b37a226ca9b3"
"501cdb43-2e24-4504-bad6-72975823fbd3","b52424ab-c79a-4f43-a727-b51021d9e97b","0495ff19-cd79-402b-b466-dc072562ca2b"
"512de6a4-3e30-4534-84a2-047b2e0dbcae","fed4c01e-8c72-4ba0-acbc-2d6159fa8755","0261fb9a-0a3f-4120-bd8b-6bfd483ab13c"
"548aa424-2809-49ec-b41e-6699d7edd681","967cb87c-661f-4d96-a025-3abf9593b196","065f6a14-8922-49ba-aec8-21992249aacc"
"5492aff8-1c4a-4e93-9e54-0b75ddeaf404","6737e70d-e0d1-448c-9af9-fa68b286304e","094c734c-c143-48ec-a63f-c0217204667c"
"5dc0727c-8667-4f53-a45e-08558a820e93","fad0d1de-7cac-45bd-8cf6-edd283423007","07776954-4841-4470-a2c6-86e614590878"
"5e108bbf-d9bd-4a08-acc9-a3a215401da7","a9620919-3a22-4782-896c-a2736f77c9a7","09e84ef0-108e-4735-aab5-429f4ac36ddc"
"5ea49116-05bb-4e4f-b4be-91d79bb2f6d2","9c386d84-62ac-4dc7-b4ba-e8fb8eb8eff5","0826c6e5-ebc4-4d7a-8fe5-aa20713d71ab"
"5ec5d86e-84f6-41ad-9d34-4ffbb70f1644","7383f938-da7d-4c09-8070-b40b10e399f0","0609faf5-dd85-4067-ab10-7c907b78786f"
"5f289bc7-8065-4875-9675-8886ab7069b5","598e55b5-4f56-40d0-bad7-896ed6cb27e5","0599857b-8be5-49f2-b001-df9ef9928da8"
"61055f93-29e5-467c-bf48-27f13e805af4","6a7de9eb-08e8-498a-bf6c-d0ea2f25dc3b","0c501378-66f1-470f-a950-a115f295b346"
"619e156b-c470-411e-9669-6950c02981be","57530982-50e0-432a-93bb-9f4b8a07b711","0c889432-0e45-484e-a3a6-9967f61041f6"
"61e2ea58-ede1-4cf1-a508-db60c00b1edf","a4905e99-8fc3-48ba-ad71-a55d369e0b5b","083a0cc7-9b25-4147-ba7a-5c6a6c95fa68"
"6515b02e-4658-47bc-a65e-8c97a914577b","7176c082-0337-4211-9e9d-b00240f1e56d","07717487-2d43-4564-88fb-76d9d554d513"
"6703d717-b6ee-4f61-952f-70a585d1ba57","8abaa93d-4b22-4454-a5e7-7c0a125a5128","05e6fbd8-b8d6-487c-933f-ce6758b8198b"
"673712b5-789e-4ca8-aa28-375796d06038","d4409344-dc71-4c04-8fe1-ab65e8443fa7","09e42601-dc72-4af5-b4cd-91f7b7d2f902"
"67930660-f296-4d4d-b5de-a4a8d251f6dd","42107bea-f702-4975-9feb-1e789807fc37","0b678ef2-79a9-4efc-90c2-a2e9e2174f67"
"67aeb4cd-30dc-4ed7-8edb-84b9ca59e61c","cd91c382-875c-4e3d-a99c-8febaca4cbcc","0725613f-969e-490f-b812-27fe09a30011"
"68f9af55-11d1-44cf-8284-f044d296d104","7945b1cb-9eca-42de-a469-bb97a99eb782","05acbb24-457d-4721-b3ff-9153aebcd3be"
"692e9858-a486-4c0d-9efc-2acad9fb1c9b","7d98b31c-5f4c-444b-8a21-c794e43f203c","0bec0988-adcb-4f97-ba15-ad415240eeea"
"6a536223-8f93-4232-9957-e92237f31184","6ffebbc2-71d9-4718-9a3e-c2f699a78e0a","03bf8cdb-42aa-44e8-9743-7ef9bd30de96"
"6db817bf-bb67-4012-8c3c-c99355b42f80","1aa11c07-b5d2-4f73-a4d3-82eb0670afb3","091aa811-b944-40ad-aede-96a1787eccdb"
"6e04a6d9-8560-4692-aede-2e8170252fcf","6c8dc2f5-e72f-4a55-897b-e3352ea8786d","067820d7-a0e9-4498-836d-f34465f4aa87"
"6e0d14dc-62a2-4fb7-930d-76cc3fc00e07","7e9bda7f-1133-48c0-ab1b-9d70394fc051","010c3bca-fdce-409f-97ae-2b5a9f667829"
"6ed0e29e-fade-47bc-b135-11132d6d7c2d","0f242c50-f8b3-45d8-873c-48bc10a583a2","0495ff19-cd79-402b-b466-dc072562ca2b"
"6f873ec4-20f1-4616-96e7-7b62662cf2b7","2c0194a2-5819-49e5-ae51-6fc35cde2fdb","03ff6bb4-b28a-4d31-8b9d-9b27c41e3fb1"
"6fc7b646-8ad8-4acc-a19e-becaaec164dc","31934177-39f0-4139-bcd5-e0e7c5422fc5","0d7518ae-0b20-4611-a2c3-1952e8a5bea3"
"70e06d97-bcfa-48d8-9b6c-d5faf63b3042","4de23fbe-d917-447c-b734-29eb1b030132","052636a8-4cc8-444a-92b0-f0b34ecb451b"
"70e084ab-cec1-4582-849b-74008df9e5cb","b65065ed-33df-490d-a9b5-68dd13dec7f0","0d73fbe7-b4a0-4ea8-b5e7-bf3db1b01031"
"711ad592-7ca4-4764-922d-00e1fa635dcd","0c480c1c-253c-4920-bd4d-b089c712cd7a","03eb5005-5cc2-47c3-9d3f-45665497135e"
"71b36cab-27a9-41b6-8bfd-d3fc6ca0bc75","75186788-b2d8-4e8a-92b5-5819b9285309","01d6d053-82f5-4907-ad2d-cf9a19583a26"
"72e7c79f-3bb5-48aa-ab49-a783a9a3b4ee","86f5cb9a-4ab8-4ee0-8d2a-f887c6fdcc4e","049704f8-19be-4bfe-b20d-54fb1594cdbf"
"733abb7e-138f-4b40-94a0-023e816635fe","596db6ac-9811-4a19-9ea4-1cff8557d7d3","0441b6ed-61a5-4234-8f13-d1132ffe36d2"
"7431671f-9648-4e01-aa95-f9fcb82184e4","7d534b0e-99ae-4592-b75b-7d85ad4e81e9","05ec274f-475d-40ac-8b56-1bd94c6def9e"
"74a33ca7-76a4-45ce-90b6-dae20db2414d","6d871892-c93c-479d-9620-1d84a2206119","08960ee9-bf70-4c84-bfea-e18d5fe0b127"
"75bc5f1f-c68d-4eba-84b8-eb9985453ddc","352df055-8040-407e-ac49-798d845fa087","0c45658d-8d35-4492-bd0b-d4b05ee9f23f"
"76bdac54-5676-4113-b284-25c09e96c4a1","8a6a4761-7c9f-4957-aef9-4cc32a56e174","0a61a0c8-f7c2-4318-8519-d536c99d879e"
"76da24a9-e94d-4927-8a3d-d6f2f74ad354","664e8b22-0711-4cd5-92d7-b104796ec061","02bb36a7-9915-4936-a31a-cadbe47a7eeb"
"7738d0f7-ff26-4d32-912b-829233aa83d4","448295dd-713f-4375-86fc-076cd351e3d2","09ce07ca-4dc9-4d85-91d0-3e6ba84b805a"
"8155f4ea-d261-4b48-a319-dad2bd97d9f3","482cec1f-ee99-4a50-bfc3-21a49df9de62","07bd3e42-bfdf-47af-8c13-bcc07e7996fb"
"81f11b0e-053d-4da2-a544-b8c60210e97f","4958749e-e37e-4e88-8eec-54045981675b","09a3664d-192a-4bf9-8630-d3f8edffcdf6"
"837978d8-c5ac-4b5a-a6fd-4d58634538e8","982042cd-1620-4879-9bc7-07adafb14d38","07d5cb92-e28e-4011-9c5d-2f3c15fec202"
"84c3d746-80b8-4632-9d8e-0c2d95f4975e","37c60007-0382-426c-a028-6e301d45f9be","0599857b-8be5-49f2-b001-df9ef9928da8"
"855095da-a46d-4caf-bc9d-fe43c9646c6e","15552503-7c20-4a76-86c6-9b8ef257a57b","0c13055e-52f7-4262-a228-1a21f547c498"
"85dec3f1-05cf-4cfc-b3c2-1a7824f4d5ec","13e3d29b-5cc6-4236-803c-edbc2d29f7c1","0695de1e-be97-4157-b304-5f1b801ed751"
"87803c95-77e5-477a-9d56-348d11845aab","ee8927e9-a25d-451a-8d9c-179b386d3412","01c3b9ae-1de9-4842-ad36-85468c39cada"
"87940101-a382-4acb-9967-e3cc701d49df","85c937c1-5b0c-484c-b06b-ee27964cadc2","05dbbc0b-666f-47ee-b16d-ec2c7cefbb8b"
"87e5ecb8-b3ff-426f-a2e0-74e2d66e8edb","3511f6d7-933d-431b-84c4-fa6f3d41c1dc","0949ad72-d6c4-4ed3-bab2-84f17e079da1"
"87fdb547-702c-4180-825e-ce87b37eba3a","02c16233-5951-40b6-bed6-5dc28b9d7e7f","0a3d0a9e-c581-4fa8-9df1-31defd7e6a39"
"880e659f-cbb2-4839-a4bb-e95c90603ff6","3f6cd4d6-9f03-45c7-99c8-c4043acdc5e2","0267f909-3053-408e-9930-511e73adab29"
"898386e3-52de-4ac8-9d26-5882e27a270d","a4f0e042-77aa-4905-b15c-f4fe084d2e53","09584979-a3ac-404b-b864-2909705994ce"
"89841282-cb7c-4dad-8063-1d15d1467c00","e58f0c7c-ce72-40bb-98a8-edb5c8fe3d00","0ab74377-e803-45a3-babe-ef43787cd071"
"8a343127-e6d1-43da-b8e2-a2776fab8693","9eedbe81-2da4-4e41-ab25-bf1d2598267f","00bab324-fdba-4b42-ac31-5eec6a7409de"
"8a6ff70f-63a0-466b-8a6c-08b480cf7671","22a36f64-49b3-4322-9229-34125acf04d4","09d394b7-8ef4-4e7a-aade-4cdb288df612"
"8a8faed7-faa1-464d-bd90-141f6ae644b5","f84f1c84-f025-4fdc-acaa-b76fb4741dc2","083a0cc7-9b25-4147-ba7a-5c6a6c95fa68"
"8af5f0cb-ce1d-482d-a828-def1b07306b4","3e233a38-1f76-4d55-abe2-f83b19352db0","0582c0fc-5604-46a5-9c96-edb7ec0e82af"
"8af65e9a-385d-4bcf-ad34-11ba986cc882","6e7a5a3b-b780-4405-a820-1d8f5d736b1e","0cd82906-55a6-497f-aaca-cb6d5d314b94"
"8b89fd0e-2c56-456f-a16f-0a7263bb68cb","1057937e-201b-4f1b-ae20-5e4e1dd5b4a3","0120c8ce-574d-415c-871f-231ea30532e1"
"8bbfdb04-51e3-4e18-a849-3d7a4ba5777e","95852a84-21f5-4a62-b8b8-4a742df554cb","083a0cc7-9b25-4147-ba7a-5c6a6c95fa68"
"8ecba36a-e869-4661-8078-c5c98ce99f8b","fcd01b22-a443-4b31-a1f4-294677bf1b56","0595d92c-19c0-476e-ae49-13d0f8d70794"
"8ef9d5bd-0f12-41ad-932b-0c8ff19e791b","ed26fc7a-ca39-4971-86f2-72826373918a","0a0c68d0-0a55-4190-838d-8627a0b92e1e"
"91e39344-0403-411d-a538-5b79b2027a3f","6a36a2cb-4759-4e18-a64b-dcfe980189fd","0916b93b-9ab4-45d4-8052-2f9e7a4d0b71"
"92e8986d-62e4-4a84-a909-2390b228e63b","03ede44c-02bb-40b4-9135-9226724cd86a","0c4b6f0a-6177-4f19-b14f-f681a0cc10e7"
"92f36517-0b13-48ec-bebb-83565eeb0714","e6c08f16-bfca-49c5-84cf-0a9669ac0570","0bb8216d-7de0-4228-a5e4-5fee09d6d96a"
"93bbbd22-f75d-4324-834c-74069da74627","8f493cdd-a916-4a0e-8288-486a7424d318","0691dc87-d98a-4bd4-a800-6117c607d019"
"950fbfe0-d44b-4451-9196-b9c30ccd5987","04a8f1fe-07f2-455c-becf-4875df7cc591","01dea2fc-aea3-4b3a-8e07-9de784cba337"
"953a51fc-ed8f-4e98-9ade-d6ce25547a6f","00f9a741-6c0c-4b63-ab9f-f24475c13cd5","01fb6356-0a07-46f4-a228-fb796619f2b2"
"95432d27-68ad-4974-a2cf-316c25083e9c","0d1ae0e8-c89a-46ee-9f13-16cf5bdf3479","09c98b0a-13f9-4c60-b9ce-15b9c78ac3bb"
"98ad75ea-f0be-4b6d-92ad-707a8d68bc8b","33b6c51c-9ddd-4d0b-824e-03c2a8c11c7b","064f34cc-a03c-4a26-a755-17aebbf6b372"
"9b15057d-2fb1-46b6-b088-74f1579b27fa","6c8438c8-4b42-45e9-af9d-e6b03d94aeae","0108e0d5-c133-4fd6-8b09-d13d032a6386"
"9bc47313-8d6b-409a-924a-58f289d964d7","d27e45af-62bc-4939-a53f-dbe37217b1e9","0a192259-4127-49ea-82ab-f534cd8c08b3"
"9d67d02c-7f86-402f-9fb6-f6cdb03ceb3c","7e57b243-fe3c-48d4-b7d1-37753d1676fe","04f993be-b42f-4197-82f2-38ebd1f1ef65"
"9d9d049a-fc2c-4ce2-844c-a1c66fca3e9b","b394edb0-6fa6-4589-b2f3-5b9d307992b6","0225fb41-5322-4aab-b02f-3887d51ff526"
"9dce9f38-317d-4538-89eb-cb71a35a275a","554c8746-a0c7-485c-8c55-2225a08c808e","04da61e9-a179-4281-a57d-82296bfa976b"
"9de76b37-3a34-4490-a160-07a824a4c240","d11c7d5c-5aa2-4175-bcb6-53269460697c","09decf9c-1f70-4f20-9b3f-7f629b498f58"
"9e409288-3315-4cbe-98ea-5b02ae3a08c8","bdb1204d-a1cd-445e-8845-c4e9660ac146","04ec18d5-a97f-4b4c-8b44-627c74cf2dc2"
"9e7fac63-14de-4544-9771-70eef2246ff4","58b90003-a3af-4346-a7c0-9f0c6522fb84","0582c0fc-5604-46a5-9c96-edb7ec0e82af"
"9ff43f6a-666c-4b8d-9001-f12bc32bc038","20d0be5c-002a-42a0-b73c-737394c66c78","0114f8c6-b96d-456c-878c-669427da3dad"
"a0d69173-f30c-46c2-9e72-2e772f2cd138","df8a3ec8-3a28-4dad-bdfd-79ea6a251770","04a85c28-3c59-40c9-8eb7-3b9e0ac57570"
"a1bf950d-d9f4-47ae-b6b4-88e190a2fd5f","abbb6afc-a1f9-4ef5-8a33-6fd754bd8631","0695de1e-be97-4157-b304-5f1b801ed751"
"a4529178-e674-4564-b84a-38b0a0e41d4e","1126b928-ec76-451c-9ae4-00bd910b5c40","0afa2960-0b4b-4560-a505-7d97ce4ef93d"
"a5aa8840-cf6d-48b8-89c3-abebc97087ce","5072794f-c422-4331-a5be-89bcc5226a66","06cf463b-c9c2-4333-8258-40cf480ec7de"
"a5da9f46-542b-4c8e-ae29-3444b6d38b0e","0897fae2-3714-4a2e-9fb8-756519c46c76","02bbb750-5ca7-4ef7-80cd-7b1011105534"
"a7575219-f83c-46ee-a0ca-01508cc1997e","4618b308-f0d8-425c-b14c-cfe00513a9bc","0821bab5-8aae-4617-959f-66d4636a721a"
"a8f4d836-42ee-4c74-ba6b-c717247382a9","0e48c3f0-34e2-4e93-b5f0-fbca20e75403","0d7876e2-2e0a-439e-b552-873c68611dcb"
"a984bec9-f380-4b80-b334-4dc5c878b60b","ea12875b-4528-42c1-81cf-6d971011b907","02d1d4cb-f5a5-4e24-828a-114a4c00cac9"
"ab1e2ed8-4898-4717-ae51-7d1f688364f9","8bd53c80-acda-45a1-a159-8f65e1fb166a","07776954-4841-4470-a2c6-86e614590878"
"ab4616f2-0f9e-4940-936d-fa4af829b729","399eebe6-ab2d-4fe7-bd84-d2bd596b5d93","0051ba11-bf79-4084-a52b-62fb2a0109d0"
"abb1e399-36e9-4665-8122-df98d408c9b0","0eff2416-ab49-4f42-8789-bd3661d9fd44","0a5ee323-098f-425a-9e3b-22ba94277fc5"
"ac00a338-4a22-4f81-bf99-370cdc734811","ede4eb1d-3534-4f48-a340-6c65f1697750","030674b0-3ffd-4f7e-b948-e1973cfd0de0"
"af3e6079-4bb3-474c-ba82-c01c78af80b8","7cdba031-c499-4ac7-9eb0-853132205706","015cb1d4-8d88-4327-a319-1e6339558fde"
"afb2881f-d322-4775-a0ab-22ec93b52e38","011a67ac-d987-4701-a123-cd74a253ac52","0785da57-b9da-4cb1-b557-abeb25e7ac6b"
"b18fafa7-5ca7-4414-8c3c-297f903777c3","d4257b50-726b-4216-a2b5-1c676b71ce88","0a797852-0599-49af-a959-be3545c92bd1"
"b30ecfbb-6917-4c80-80b9-8141de49d725","c48b8fd9-c371-4b53-bbbf-f71db363ab05","059abcde-bd84-42f8-9460-cd6a558b899b"
"b370e5df-fad5-43bd-a419-2e8f9de06770","bbcf67a4-0828-4219-b94e-2f5beb25e902","062f7a38-22f9-4378-a2ad-16ca9de84309"
"b41b6631-6560-4272-88fb-32882cde8084","ad6e8947-eef6-4ada-aed1-7926a118a528","083a0cc7-9b25-4147-ba7a-5c6a6c95fa68"
"b5632788-3788-4ede-85f3-da13f21b2cc7","3d0443ec-5b50-4ce7-b137-7c0f9da32bf6","0915472a-e8c9-4d89-a15b-ec8c9ebaf559"
"b648064c-c5ce-49d7-8a8c-6413e28fb58f","47726d47-aaab-4657-8d42-e9b3c9b1296d","04a4c038-e5fd-47d0-a9bb-2007421ac4d2"
"b6531ae9-12be-4e96-80f5-ef128f979042","da11a67f-b995-4392-8c93-fbb9d922318f","01f78a65-94ae-4ce3-9f84-94571e61d0d1"
"b6fdc5b6-b395-4dd4-b9f6-5a905448ad9d","90cca74d-edd2-44b7-a524-85eb1022ba58","032e5d80-fed7-4a39-b30a-03a627c0e8cc"
"b71ab08c-e7c9-4a8a-a0c1-396eb1f1888b","25765ca4-ba72-4b3d-a2ed-6e602c234077","01bd5d85-1b07-471b-9399-edff38213b9b"
"b7350ae1-787d-44ac-846f-f99940100c1d","2dcec597-739a-4b08-8993-96f14647c2aa","0860a2b3-936d-4c5d-904f-e59395017b07"
"77614fe2-29f4-46fa-a374-b52cf067905d","ebd6f452-d2ac-47c3-b099-fe0414f0595d","05392077-832e-4c3e-acb9-011c90c1b125"
"78726580-bfc2-4a6e-b15c-208030c12dbe","485279c8-6db3-4dd2-b668-af1964b2bb5f","0424ce39-b7e5-4649-93cb-59df87135da6"
"79f81ffe-adb0-4429-8a2f-c82e5cbb7c52","1a7dca6f-5e82-43cc-a62b-0a83c1405107","076718d2-76b0-4f25-922b-1fa4a4a8aab5"
"7aee22d3-30b9-4c26-8546-89e2ed622057","8a004c5c-a81f-4912-ac5e-816e8f8cfd27","07bdf156-84ea-48ae-8d6d-91dcd830c46e"
"7c4533c0-0784-4c67-9dac-c2fbbb2a5203","3dfc48df-921f-43fb-8371-a5d26bd314b3","083a0cc7-9b25-4147-ba7a-5c6a6c95fa68"
"7ce7ec27-bc45-426a-aefc-7732ff0f3a04","d1818a5a-87a7-41a1-81ee-19f73e9700f6","067bf83c-7252-4fb6-990a-804ddd54054a"
"7d9555b5-bf6e-4fb3-b3ef-18b8b86e0dbc","f2e011f9-69c3-460e-82dc-a238760c9860","08efb753-0451-4c3d-b128-8b24f140a0af"
"0310eb7b-ec86-4e2b-88f0-5b3a9f05fef7","d0c0db6d-80a3-4859-bf86-f5497d2977cf","06b17686-27b0-4dbe-8b0d-953e3cff8220"
"0523da18-1ea0-47d6-8d7c-af31bd2fc1a6","00d3e044-49d3-4799-9932-3236df34cd01","0338ec7d-0168-4ee6-a569-9e9e80db09d0"
"05b0f5cd-3d6e-4f7f-bf9d-8f4da971d2b1","75edcd6b-14b1-4562-bdab-350d5d9915c5","01a04aa1-4145-4d5d-832c-bd4cf7fb1378"
"0774eea3-c1b1-4fc3-8e46-0815e82b7b7a","7dc50da5-059a-4745-832c-f562c506bffc","093cda4e-53a2-455b-afa2-e83e496d0eab"
"07d86286-29cc-4891-9e99-67afa1f1038e","0545fb35-f72c-4137-b9b4-ce076475bfaa","02cf2e0f-c082-4d48-b607-e33ab0013865"
"0804739c-8753-4391-b484-2044701d8b36","3ef9721d-965b-4eac-9ab3-7b5d24b35056","0aa96589-3043-4df6-8392-c3fc214d61fc"
"085187fa-8d99-4513-9e7d-9a67cfd444e1","0133621b-2ec7-4865-b3ee-ec5763252321","0c98a760-b9dc-404d-987c-dc744c8c4b89"
"08737d3f-bc43-40ec-b0cb-c71f4f2faf43","75b9b7c9-65c0-4447-9eb4-7c965547ce34","022bd165-1ffd-47bb-ac40-ab0a6d54b987"
"08927a02-c486-4cc0-8963-1849b8cb45d7","d2331557-f016-4435-a573-87d0c758a8f0","0b4fe1b2-11cc-482d-ab3c-b95693947723"
"08e9b0b4-97a3-47b4-8c39-899f3ea346dd","56f4e0a8-2328-4dad-8c0b-e7af4cd31c30","0a133db2-da8c-4475-95e5-3e58cd79d2ee"
"08f14052-4737-4704-a360-24410a21feba","7fb03238-c5c5-41db-bc4f-bb9552f116d9","0096e292-ae77-4393-8dba-04b0e6bcdd87"
"0a897461-1508-4b5d-b168-065851690c45","7cfe9c59-4981-4b67-987a-b19117bb45d2","03d5ca68-19c2-4fff-9bfa-cccf81103788"
"0b3ede3d-24fb-43e9-8a37-b3ff328f71e8","0cebb588-2b98-4b43-b89e-397ad2312d7d","08889b38-8161-45ff-8bc2-420c368a4edb"
"0f51dbf3-f125-4ee1-bd63-7b531c09824f","802e4c2b-35da-4e2f-8ae3-0ea58b992b09","001f55b8-3e89-4a8e-97ac-68d014d0644d"
"10242946-88ca-44ee-91ce-0843ce7b4ddc","4c8c2f14-4f8f-49be-ad3c-4919af0cc5cd","0a0809f1-805f-44c2-b2d7-737bc8070908"
"145c552f-0a6f-4f4e-bf1a-5ef27aece880","845e028e-7775-4b77-be33-b5eb895f061d","027fabfb-122b-4ee7-8c09-608e3abc27f0"
"14e981ef-5fdb-462d-aaaa-5ae43ad48147","13afbaec-b0ae-4c68-8f12-e82b4ff03bc0","08db14fb-dd2e-471d-bf13-8fe217c2e8dc"
"1a7df38e-33e7-4b78-a068-fdf7cda3e228","1e153cb8-23f4-4c18-866a-6f83684b7b41","045bc9d2-c9c4-4558-b8a1-9bac6d3715f0"
"1a8b53b7-f3f0-42ab-82e4-e075a8c0a535","a92aa145-1630-4d23-b6e6-3ebbfedb137d","036f7f8d-ff1f-4fa8-ac49-a6bcfe443e97"
"1cd2a733-02a0-4dc6-b8f0-7a2da7a47d5b","25c44e65-43eb-48b6-a62f-4faa25ef98d3","056eafb2-1377-4c91-9839-883c79cefc9f"
"1de1a00e-86ff-4b2a-b432-00360f12a4ba","3ee96d95-6e35-41fe-8081-30827e44cde2","00701fc5-15cf-478c-8cfa-c1adf8d00d63"
"1e55eb2b-f22f-49a0-ba34-dd3ada5d817a","b0f72f74-74ce-49af-8f94-3c689a9e86a4","0ca30416-04b6-4360-b211-9122fba500aa"
"1e6de509-cd0d-41bb-8e6c-317138c5a6b3","34a01ac6-37b0-4835-8819-6a7e26f3b96d","01de7eb7-a70f-40ea-bbc1-ffc307e9f166"
"2072405c-be26-47ac-9164-da9287846d0a","f43235dd-d9fb-49ea-bea2-5c86a49dcd27","0ac5b041-9f84-4851-9051-3cdd85979b73"
"20bf4ffb-2ff7-44bc-8596-6d016cc13db5","98802229-7c72-4f75-b492-7ef21332f95d","0a516bc1-2271-4ab9-a13c-05083d535652"
"20bf8491-e866-4382-8333-82fb68dd21e9","93326209-1a7a-47ad-9956-777cc16a28a6","0a769049-9483-4f06-a326-b0653b2d49cd"
"22433c40-64db-4a54-858e-95a6fd52115a","be603175-3bf3-49cd-ab7e-f2684b8444b5","0a524966-a82f-4aae-b67f-d7f4051dd3b8"
"2265b433-136f-4193-9c94-b40e81fcee2b","ee134ed5-52b7-4b21-a23c-7dcd9a09b7df","0bddcacb-e91a-4b2c-bd86-ff796dc85d64"
"28848cc8-ee0b-4b07-b10a-25f51a25cbef","cc212b57-6093-4a9f-a3a6-545014cb75a7","0b59c9e2-120c-46ea-bf83-cec0ad5c7b7c"
"2aca7a0e-9688-4acd-8c75-8d242d6efb86","ce4c24e3-8fcc-48d3-a0c6-666cb3f1ebc8","0c0dd054-548c-4536-9319-2e134562f197"
"2adcfc8c-c9f7-4e06-984d-261a2d05c4a5","f3bfb56a-d4ca-48db-85d7-c7aa2e24a414","06a42c6d-7529-408b-bd60-9695f73ecb01"
"2b50af3e-34e6-4374-8fe8-d0fec5be1e65","680123c5-a236-44f2-8a84-4d189b218957","0ca30416-04b6-4360-b211-9122fba500aa"
"2c1424bc-6cf3-4d29-99d1-f1a644ff7472","510cd4b6-c6cc-4d66-9531-6493065a7876","0b4fe760-d51b-4ad1-8433-56829075b31a"
"2eb98e44-acb5-488d-9145-337573cce321","f5c9120e-b295-4b9b-b17e-d2164f489648","01b88b89-3de4-4d34-94a5-beead54d6ca2"
"2fd473c2-e190-4a8e-aedf-563692a2cebf","98a01185-1b3f-4d8c-9530-04e91a4c0488","0bd00786-cf1f-4d43-a4b4-3af9647f4f19"
"319c1fff-fa57-436a-b481-adc49b758de5","3c5b9f3c-d616-4ea4-9522-2953cf792a60","098375ff-adeb-46f8-ba92-71cbee4e593e"
"3409c3ca-0014-471e-a1ac-a614abab91e9","1cc75682-6de0-4fb2-b7a1-5268f2bd4700","0b3956b0-89db-4200-ae1a-62e82fdd7339"
"34d1fe22-fe93-41cf-9aeb-4106601a6281","552d17df-6480-4adf-84f0-91cd346a7362","0c445052-0853-4f40-b350-35e343d9fdf9"
"34e8d428-2b6f-4c5e-ae04-3b14e88bff9e","d8e68ba9-0762-4d24-9cdc-ee4e57a3cacb","0283b768-3a25-4cd5-85c9-29169fbcf65e"
"3623d5ca-2c45-4057-9e08-b17ba5315761","70833666-61ff-436d-97fd-a57080825af1","04fb1b01-36b2-44e5-8ba6-2fc39ef4e8f5"
"3775bbbb-fa0f-4784-bfad-3c69e3b99d0b","7316b960-00ca-487e-91a7-cd09d5c1aa63","00358b71-560a-47a8-9999-9b1eef4b529f"
"397a0930-465f-45d2-83cd-f06eb86b4088","d3a65e6e-9d61-4afd-85f9-1b83b1c2e2d3","0bd6e598-2400-4b6a-80f3-4402cbbfc5e0"
"39abfb20-a491-4c9a-a525-716c59570454","745b2cd9-b040-422e-a457-7dfab6d95b15","00663b06-7afc-4a2d-8416-9c7d48b38805"
"39b42c12-da2a-4ccd-bc90-572153058064","843df29b-5c83-440e-a955-73ae297ca972","0151ea50-df3d-4600-b489-439afc96d39d"
"3d37152a-93d8-4462-9197-bc5fe856a7ce","5ca6f3fe-54ce-460e-a789-582d2fd1f760","0159b727-beec-47b5-9453-8f8116e51b80"
"3d9a2dc0-a1f0-460f-ad8b-e670ad2530f1","be49b8e1-e4ea-45d4-9df3-80cad72b3aaf","09c8ce26-a278-49f0-996e-9c0dec81d2be"
"3e01696d-252c-4c77-b121-b568f92315ae","67a4cb0d-a72a-4919-97f7-9616c53e9c6b","053ba2b7-8ea7-4495-a69d-f07787ee6f4c"
"3f1fa285-eac1-4c35-8fce-7bd5e657c761","6f3f6db6-3e72-47cd-a6cc-7c489c27e08b","0aae9b87-37b3-4a02-8569-08734152ed8d"
"40604781-af0b-48df-a87f-26d3d4fb2d26","d8d7d8eb-08d5-4a59-a1a2-c538ba9701c6","0338ec7d-0168-4ee6-a569-9e9e80db09d0"
"409935ed-ad1c-42e4-bed7-3af4417f01b0","24982a47-8f83-4c14-a2f7-6c5edb45b45a","0b874193-d778-45f6-a8f4-a8e43e39b196"
"419fb389-ddd1-4a3b-b8db-ec24caef80a4","c904c389-47af-41c5-ac57-a983dafa5104","074537fc-4f03-4292-be1c-d16f25b13186"
"4201fac2-eea0-4dd7-b644-879ec10a900a","cb9346d3-d150-4d88-a738-8e508d1dcd8d","0058c2e4-3fe2-46cd-b656-a8591c15a859"
"42eb3f8b-4c54-4f8c-85f0-301eca3505db","46f3240f-ed91-4fec-aabe-dd79b05a6472","02bddeeb-a069-4acb-bd10-87aca9bbf8db"
"44168b75-1b0d-46d7-a069-78a21dff5160","c1943771-7552-46c4-bafb-1bd2b1940501","0995241f-389d-484c-96c7-f06c343f7341"
"4448f6ec-8c61-40b1-ba8a-beea24fb305d","0937985c-14ab-4bfc-ac2b-dc8856837d4e","09ee6572-77a8-421a-a13d-ba5798fa7600"
"44751133-b0a0-4ed4-8372-1503ad328195","bbf69c99-b85f-454e-9b9e-cade32a1cc8e","031d6f61-2596-4901-9734-f9ca4000dbd7"
"454964b1-1ca3-4cf6-a321-0f86f321d533","79b96c65-46fb-4942-b189-e40fd5419246","07703fa8-158a-463b-bac4-d11f4cdac468"
"4693b110-6fc5-44e8-bb92-0ea4ffed7fee","aa99505e-2898-44ed-b639-4d3efd0069d7","04e8fabb-9eb4-47b8-b6ae-cf74e2da7358"
"46d1ca31-274e-42b3-b47e-887c53648313","56c36c31-4d4a-408b-9585-5e49e52e633f","0c67e6e8-6ddc-453a-9beb-9caac73deb03"
"4718834f-b717-4458-b216-c526b91803ea","a3235efb-dcd9-4eae-9569-86af4cf3a345","0840f7f8-2d7b-4d12-9201-22e5dd999817"
"471c472a-1f5f-4431-b81d-796bdbb68025","52b3d5c1-ec0e-4474-951b-46eeceda08c8","08328b8a-2e49-4745-a732-2baccd80141e"
"3ff7a527-a6e6-4651-a2c9-99e667453ce4","9a752936-2210-45fe-82c6-8502b63a7825","0837fb2d-dc36-4898-af19-04eedb0b592c"
"40975824-382a-4ad1-85ab-752450f796a2","38edd59b-7484-4d2b-b3fa-f32f21aa0144","0d56111e-0b18-4943-8487-b7463fe08416"
"414b712b-d8ca-447e-a1b6-c83988299b68","c1accd5d-5fd4-4ac6-91e8-c08292cea19f","00833bbc-071d-406d-8465-cc3d9dd3ce93"
"42e0b00b-511a-40ef-8df6-ec769d42f4cb","a84d14d8-0b2b-435f-a2c8-87171c7a1dee","0af00938-b74d-4e63-be83-fc38cd69e438"
"070db425-d614-4dbd-acaa-9b7b813abfc2","b64c2136-b6b2-4ae6-9bf9-c1b1abff94d8","066b188b-173a-49bd-ba9a-1c9b821bb1f6"
"0980fb84-ade6-4622-aea3-f36588f553a9","36d80704-c85b-46c9-998b-158191307c95","024ee6d4-da56-4f1c-9e75-0250a7361aca"
"09f728f3-ee85-40b8-90e6-bf3ac8667d77","9f7ee15e-14ce-4604-af7c-3f86e916d9a5","0b515a97-b334-4481-aeee-4a5428a20e73"
"0ad19ba0-c848-4577-8169-161c607c0f85","eb811eba-79fa-4875-b1f5-216c2c5ea7d7","0a0e370b-6eb8-48ad-9101-46f6aafb6cbe"
"0b07e3f6-b004-470f-9e1d-756db78aa4e3","2d8ee032-2f2a-438f-a3f9-2af67818d583","09b9786e-7538-4416-a9a7-4532919e123b"
"0b11d103-d73f-48f3-9b0e-3cb8d88d4b88","e94cd726-9c69-4043-a288-946ac90237eb","0e2f3775-1aac-4c13-9794-32a0e4fab873"
"0d8b3849-39ba-420e-a5ec-c46aef3c059b","22d13801-cdd4-47e1-b81d-e19886d67a68","069f4149-5d6b-4b45-84fb-b5d1fc23132f"
"0ffbf198-e96b-4ac6-91f6-b5d9445ba983","f5bcfcf1-6b57-4507-9402-63cc68849bee","0bbba1b6-3349-4d2f-9ff0-4e882627d19d"
"11dcbf7a-0fa8-4b54-83a7-3be9b3495738","3dd5f050-596f-40bc-8768-c9673c9f9a40","0e8bf9d6-4b9e-4ed8-8525-5da6e7ef0eae"
"14b7869c-fe50-44a8-8183-81b7fd8dac0d","f8c00878-b0c2-4331-b313-f94b7195fd66","0302055f-646f-4f8c-af13-8d0c9eeb5e91"
"1544fb73-a949-453b-8fde-082c86705185","2ee5c7e9-96dd-4875-a627-1510f6192d7a","0c63b1a1-9844-48de-a270-60422986e278"
"154b5d8f-2dee-4454-bce9-c6ab4fec21dc","fe5d15a8-923e-4ddb-88db-07d1ef3928bc","05ec929c-6ecd-4bf8-83ce-8a7a1fee2300"
"15f3e3c6-4c68-4b35-b2f8-8e976841d0dc","e1b7a3c5-a75a-49c8-9ab7-0b904107e2e8","0a8d4700-7f2d-4bbe-99ce-0b3afc54eb55"
"1688eac3-f9e6-4c83-a9e6-916167d879d5","a938baea-ac7b-479c-b5ad-66ded63efb5e","08384894-dbf3-4a8f-97a3-ebe0f13beae4"
"17aae19c-aeda-455a-827b-f718dcdaa594","95af6e2f-0e96-480a-8890-b1897daccbcb","030e7d4d-73f3-451f-830a-4e0ac646cbd1"
"1938dbd5-bef0-4ff0-aa2f-9919bfd360ea","61977c45-eeb8-487d-bdbf-de0a4871ef2b","062c8895-73ce-4264-8684-d86f46b1db20"
"1a6735a9-87cc-4099-946b-3ee2d15d2fe9","73d3b8d3-d4a3-4a1b-88d4-6d5b147258a0","07b13fe7-56d5-4972-913a-b6da0e55d8cc"
"1ae0018f-505e-4fd8-9567-0372d13979c3","2dc19200-8b20-4256-904f-cfd0c56a7554","033e1625-31fd-4c5b-8e36-0e7eb46a5c83"
"1b32447d-6edc-49f3-b9e3-ba0bd4edffc7","65da6419-f0ed-48c6-9463-8ccfbf1016fd","0182f44d-69d4-491b-bd8b-e2cc80663260"
"1fe2a9d2-b6c0-4369-b2f1-0954591beaeb","c7ce8369-e4ef-45e7-b81f-ceaed97394ff","0c604e5b-ca9d-4241-9e21-577e20a3480c"
"20bc96b5-4c16-47fb-ad6e-2f6e29f28767","59840841-be14-4f3d-b17c-adf607a3bbe3","093a8be5-1c72-4e21-94cb-edf3d656ea02"
"20f88d44-8882-4e86-88f6-c218040e839d","3210a916-5065-4cdc-b13d-60083b4aafb7","0af59571-d6f4-4874-ac6d-5843bea8c936"
"21cc0d4e-ab92-4fbc-8f43-07211579a1a4","192b1898-76ad-46cb-9f9e-23e2fd6a3189","0eb6a47a-cae8-41fb-961a-ec7bf09970f0"
"2200448e-9a81-4fdc-8023-9743a9093936","c5ad3401-5f28-4624-adf0-208d3475eb78","0019af00-f262-4179-8363-7b1032cf3b13"
"22049ea0-362f-4366-899f-58ee65a2bd4f","6f90cf73-1147-4f09-9bc0-473c0723e5d4","06bedb58-1b0a-46e8-9e67-2ef69ed3d6f6"
"2210c4bb-c6a6-40b3-9288-26dbf02a9b06","d18e88b4-b272-43da-99eb-a2bc2cbd66c4","03a6444c-85c0-4685-8eeb-2ac278ad26a6"
"23f5beee-5c1f-4929-aa4d-8f8ed3262fca","8b51d3d7-dbf0-4458-a4eb-95825018c148","01025223-fbe2-498e-9b37-a11d99147ab5"
"247c911c-1f72-42b9-8f6b-2e015cef22f6","a25f87d0-4d71-4327-84b5-b4df00e67131","045f00c8-75d6-483b-9978-bd86040858a5"
"24d35847-abbe-4f61-b239-b3892383cedb","34cbe5aa-2784-41dd-a882-6a7e2ccb8d0f","0d5d0ae4-fdf9-4ac6-9e77-c69fc8d9c574"
"272ea690-fe60-4009-890b-e52785585470","80708ddb-b406-4965-a103-abb3aca1785e","070f2245-12cc-4e16-91d0-4b9b694d9759"
"28331a02-e7d3-4872-ba85-504fb3fbbcf9","a99a6df2-e0fb-4153-abe8-7065bf16879a","01032e39-512a-469e-b323-c4c10992d0e5"
"2a178480-713e-4101-8bb4-e8fd304a9bd3","e4009c52-462c-4e09-8a89-266cd44c094a","0d19df37-8ff7-448c-81ac-656409548673"
"2a3cf8bc-be89-4750-b035-07b47266bfe3","df952d79-eba0-4f05-8dc0-587365ce257e","0a77ceb9-4664-42f2-85c9-1f98d06c2368"
"2a7b3016-3879-47bb-819a-f7bb412c647b","6169604e-249a-4df8-9088-61d148c0b18a","0b830ab2-bc33-4dd3-a4f7-4a40eb394169"
"2ff3914c-a516-45c7-aed9-c2d1b81956f1","f9f8c527-993f-4f59-a426-a032f6830f2e","04289d4f-e37c-4c07-bf03-c4e4b6238a19"
"307b1c3c-6361-405b-86ed-cdf015d08741","098d1496-9590-4300-85a5-e127a919d982","02a45b4a-8eb1-4efe-bcf1-6c3604cb0078"
"31ad75fe-4385-44b1-8740-fe92ce8e5746","d5ce626b-0cfa-40bd-b431-14b44cd84a68","091d2988-3bc2-4893-a915-599f8d42a633"
"31f0d5d2-b535-49ce-8b52-063ceb68699e","ecf2a7a9-5860-4bd2-9e09-f4d9ddc9626b","0eb8a2ed-1de4-48fb-8856-5217437df485"
"3342daf4-e556-4691-b423-95d99d983d57","f469f33f-70e3-4288-9dc3-0ce919c0161a","011742a2-d838-4c52-98ee-1aae389ff226"
"34a82c8a-015d-4816-a69f-f9d80a031dff","c2b6ae20-a526-4c82-8bf4-0cae52d26709","0c61743a-8f19-4c30-ad45-7e66dff69b0d"
"35777897-1cb9-4e8b-9928-66c565d01f55","ba3ace01-dde4-4ec9-93d4-59d32e14996b","06616b48-2115-44e2-b971-9aa077709b7a"
"36630320-a4a5-432b-afe5-7856f45cd241","33216688-f3b3-4156-8887-ea5e0b11dc40","06e350ce-5fc0-4e77-9a3c-96b270439174"
"38997f5b-4a1a-44e4-a803-75aae7a69743","034efd38-ff2e-49f4-a0d1-ecf699bf38b0","08a0f213-969b-4a34-b3d4-26a0f670cd77"
"3b10dded-dd38-47f6-8ed3-3c2123ede3a3","86f6c1b3-3cc6-439a-90b0-351018244f6c","083b0d8f-f704-4051-bc9a-67f198fdacd7"
"3d0d7ee5-d473-4b6e-b97b-7a12bc14dc4e","be127ccb-4691-4cc1-a785-bd9ef5ede08d","050afcb0-f44e-4e12-9c6c-2de49ffcb119"
"3e307043-6cf9-42ec-a43e-72c16fbccbf9","be584cfd-3ca2-4dda-8178-c04e423c49c2","095df853-77cc-4916-8318-66f6d65adfd6"
"4009543c-d595-478d-b093-9d477f3e20d0","b8e74253-f0eb-40d4-a1ae-9b3143d01629","0216156b-3f8a-4119-bd61-2526697ec1b3"
"40896541-4a32-4037-a362-72e330640beb","643ad906-4c9e-44c4-983c-93ad1c8ba7f0","0277c928-2ca2-4207-9952-2e5dc23353f9"
"40d6880c-9ef6-4472-af01-af5d9d051fac","6aee918e-dfe9-4dcf-b6ab-688765e588ee","03fcce65-0155-404f-b9eb-3ba31d305e8b"
"4122a215-ae0a-46b8-90f3-1b25555cb084","7077dfe5-d563-4bea-8918-f7c642cc6a81","01317f24-0284-4073-987a-08c9edb8b8e6"
"41cab812-b07a-43c7-946b-338a36627ceb","4d6dffac-b7bd-4f8d-b68f-6a36cf2d306d","0758e382-5786-4e87-b9ec-4ef37b15ae14"
"43f5453d-a267-45cb-a3d8-adab8af1324d","21336f9f-31a1-4b5a-8051-b1d50038d433","035e30df-33a2-409c-9279-97ac12895c4f"
"440fda99-6da9-4856-80b2-38a7431817c5","d1ca04f4-2c47-44f4-84c1-b960d4c00f37","09e35f34-1295-40be-886e-8e5414b4421a"
"44315240-cb58-43f7-b77d-c0dd80399c2e","8ad975ec-f4ae-4406-9fb2-5668b96847db","0a141f44-2a06-4dc3-aa65-81f915d2c991"
"4620ac80-1cbf-4f8c-90cf-185d7c725489","056a0be3-b2ba-4e44-9a30-d8cdc84e8f9e","0e02b544-5ae8-46ca-9767-ef024333d5d0"
"4625f208-f0ce-4a0c-8751-cae518b93e05","b8b4aad4-b4fa-4a16-9110-307a35832a96","0b898f32-3f6e-46bc-ae8f-6e6d73c04ffa"
"46ad3eaa-86d8-4be0-98e6-7d70e0021776","5d260a4b-6048-4b61-9241-7982372ef55e","063b700b-b87b-4705-9b06-0593bc71e7f9"
"72e532e3-a390-409f-9c5e-f10311079581","47f7ed6b-9151-4a5f-8adb-fdc15b29d805","0202908f-f739-4667-864d-ea5b913ea626"
"74afae7e-fea8-4006-b74e-2a6e68ab775d","899e4ef2-794e-491e-84a0-9e9b3eb951b8","012b68f6-e991-4a94-bf70-d6da345ac640"
"74b955b8-1caf-4704-9090-da478ab6432d","5d5e21f1-9771-4560-afe0-ca7f9c1594f0","0c9f00e0-d621-451f-a0bb-32648de8b99d"
"75bb7709-0c25-4b30-9fea-9fa8f9b43c98","c4c88db3-e08f-4fad-8dab-dc8dfb2ea34b","0940b410-b432-4772-b974-419bedfae798"
"7854c52a-db31-4a1e-bd4e-534de8690583","fd72bfbf-2fc5-4945-ad9f-aabeed93d0a5","07238e49-26b9-4566-9a91-7025eb68ab59"
"790dc3c3-73db-4d28-aeab-cc43e8d3fafe","d554a52a-a97d-44a4-86e7-84bc52248465","0a14839e-3413-4e04-8c34-240f6f8bcdae"
"7b1b5289-a0a3-43a4-aadf-23611eee89fe","ffa018fb-1920-42f1-a8f9-31ba96815ddd","0e9d91bd-e11f-4e2e-8f93-37d1e1092a0d"
"7bab4748-9be4-42c0-a4c1-efbf80cbcd4b","ef6a579c-758a-47aa-a63c-696390557024","0afdb588-0b57-4b51-afa0-b0b612d27ae3"
"7bc24d93-687f-4be6-b74f-547313052711","a5fdcfcd-18a2-493e-aeaa-99bca447a0c8","053b63dc-b66c-4f51-a1a3-08aa8a0d4ac2"
"7be8e909-9bc7-452e-b5c2-a83d41431cdb","67a620c3-457d-4301-b9f1-1ba4ad26a2e7","0c2aba38-b8b5-4b33-a516-3d1f5622d9b0"
"7bff3088-2fda-4dc6-86b3-745da22b665d","1bad6ec5-76f0-40a2-bc9b-bbeec010207d","0a9a16f1-e059-491c-8805-0fec2ee28d2d"
"7d0582a1-98a8-411b-a752-6fd4c487ff14","c4f17bf6-4358-48af-84a3-171b07a735b6","0ca40141-267e-42fa-ac29-ae42e2b02175"
"7d63429a-5d72-4b17-b53f-05d333239737","f7bad548-a997-48de-ad81-73d53508a0bb","0e4e05f0-abfd-429f-a634-2790fea8a7f2"
"7f1dc776-3287-4f1b-801a-df2f8c7648e7","77e65353-f4cb-4eb0-a723-c24b5b1e6960","0664210d-4ca5-4ece-9d6d-b731a71f263e"
"7f2b0c29-954a-4c5e-9407-c1a7a7131c8a","e97bce9f-7157-432d-9597-d6360b075d83","0734af45-1d13-411c-90ca-a509f7794794"
"36718d52-5b9d-4714-a938-2328595496a5","d15c1b39-4806-4f4d-a258-88f5b1d21cbf","00fbf032-5ff1-445d-acdc-b6b423d835d3"
"3679317e-f85e-41b9-89e5-fe375996f227","e1f36bf2-d131-4b29-9b90-e632549ee505","0d9ce8ad-e679-4a9d-8658-494b6c87b769"
"36de8c15-1e52-41bd-b605-2a148c4dd5c4","1f48057b-8923-4181-bab5-e96aa8f601fe","0c61743a-8f19-4c30-ad45-7e66dff69b0d"
"38364674-5b29-428d-be8d-c7e045c56bb1","103fe84e-fced-4935-bf90-07f6fbee6e1c","02c7425e-c2c5-46c8-aadb-e7bb6e44e8da"
"38ec0638-cd82-46ed-997b-33622ad3c9a9","ec07c0a3-6269-4dd8-965a-9bdb1cfca13d","08d69a47-1c5f-4e7e-b4a8-67bb73357c34"
"390473e1-9ed1-4cf4-ae69-def4317b1638","df401a6b-7a27-412f-88b1-a7273123fc4d","0de03627-ddab-4343-aa46-372466f5f542"
"3930b4bf-3c73-409a-b93f-24f73e0191b7","edd38cc6-13b5-497e-9b0f-51dba6ee57a9","0e99933d-2ca7-424f-a48b-64c599930375"
"3af38b1e-62d2-445e-a12e-887037f0cef7","a76dba7c-a4c9-4b59-89bc-17514fcbd3bc","0c011651-e9ed-44e0-938f-69945a898eda"
"3b88edfb-9f41-4ab8-9a7b-494edbe3475d","ed6c8250-fc6c-4804-87d4-641b7d3acb0c","044d1417-4065-4941-92a8-27c48d30fbe9"
"3d64bb40-5205-4583-a036-49d4aa179645","ab2f14e4-b65d-4242-ae0d-b508456c1a4d","09bde34a-bc7f-432f-b0f7-59bcadd81adc"
"3dfb4418-c660-4135-87b6-e55a3eb7edb5","0bfd1b98-bc71-4a36-8642-320e6ce14b94","011d847d-959b-425b-99de-c0e4b1a0b570"
"3eb4a5ff-a8b9-4ba3-bdf1-d8ccdd510677","f1ca2874-e515-4a01-b0dc-3fb6ef5a149b","0d7b5f95-d094-49ff-95ad-4964a560945d"
"3f4f2845-294d-4e1e-a9ee-c1f67fae1930","70961a5e-7815-45ab-bf91-cec82dcd1c1d","0c84ae94-1f23-4523-97b3-f6960d14c79a"
"41c2cc23-55ab-4828-804d-b293a69bf766","fe21987d-01db-43c6-a89a-3d745d2d1a06","0d7b5f95-d094-49ff-95ad-4964a560945d"
"42d1afcb-f7d1-4ff8-a3a0-80e2a5fef320","f21daa23-b046-4d48-8f07-764e36726304","0a61929a-77c2-45b0-813c-11bf905f0f01"
"4430429d-834f-41a7-9cdc-e9dfaa069c00","d0463d2a-19c2-4972-ac88-d443563af316","07a97bde-ed93-4186-a598-2593d7a41137"
"4521f2c5-98fb-4864-bb25-da13da70767c","15741f9e-7584-485c-9a27-e541f9853550","0d532f27-207b-4365-9687-fddcbed90fcc"
"454bd8c0-b0a3-4683-b2d5-237b6df723a3","f0e40ac5-b4e6-4ffa-a155-de80bb17c69d","05883c56-5868-4c0c-a28a-f2516911f276"
"455db6fb-a27b-4b24-a013-2401b2d53857","3671e0e6-d833-4754-94ef-6bdfa2b622ff","0019af00-f262-4179-8363-7b1032cf3b13"
"45b8c1db-b30b-4a2c-a08d-a38b22d6a5bb","f78650c3-41b3-4f81-bde7-b8a9ab6d5919","0801da64-2091-4396-b9ab-71bc03f57bc1"
"45c68da9-78da-4b1b-b0d7-46acff6eb723","06bd801d-28d3-41c2-a9fb-b444e923e6da","0b5fe991-2279-4d77-82ec-75a891e66dc5"
"47780ffd-aa1f-4cfe-86da-2d2663ae2949","de2da9cd-9424-4626-95de-26c5a5c5c9c1","0e1465a5-7089-4814-b6d6-dc285e78ede4"
"48ece32c-17bd-47d8-a35b-b245bcf4a691","2c14188b-5175-4647-b008-02e7aeae7f4d","03daef01-b1ad-4df3-be25-88d1b0309bcd"
"495cf576-92cc-4bcd-b74a-516f62967851","24cced60-8fe2-4432-a933-a164d5604694","093838be-5fc7-4b53-afd3-37081cf6a2f0"
"49e858b8-06a3-4665-849d-469f252623a2","39f7c42a-e2a5-4840-b27e-a6dbc7e1fe5e","00185bae-ae4c-4381-8eaa-7ef3274b5d4f"
"4b3966f3-5280-4b8d-ba11-ea46c38154ab","ecadbf19-54a4-4935-827b-2b70cec1332a","0b091fdd-9cd7-4fc7-9a7c-bcde76d4c255"
"4baf16fe-f748-4d60-b14d-573bf61892d4","7d5ce850-a10d-4dc3-8a12-7c7a6a737f7f","07b13fe7-56d5-4972-913a-b6da0e55d8cc"
"4c09a892-97c9-42ac-b928-3b6994b4ac92","63fcf8ee-1e19-45b3-a070-5708e33a307c","0bccf94a-583d-4e2c-a5b9-f292e5181238"
"4db56226-d6e5-4078-aba6-a3e1a7f560fa","c6ece324-7d8d-4f8e-b3ad-f15fbde6529c","07437081-7c21-411e-8bc9-7a0c8f33e8ea"
"4ec00255-375a-4ab5-9fab-8d0f7cf61c57","7616aa9d-abb3-40a4-9824-f9229788eb16","00838101-2d10-46e2-a3ac-64b8019ad730"
"4f0150dd-25b8-418e-8621-3fb2d5d1c5a3","497eb5a3-d395-46c3-9b39-4547da9e7ba7","040c9f8e-817f-4737-bf86-486f0f42e546"
"4f794f1b-3f2d-4e49-92b7-81cff28fdf48","416256c2-65ab-4c7f-a27e-c40db79f1aef","0337333e-5bc9-460b-872a-f2903a676908"
"4fa06aa6-d499-46e6-b3a3-9f4c01d0cf6a","336c8734-e2d2-44a8-9b54-15ae4a165119","0cf71121-cdba-455e-9300-d685e50ca71a"
"4fd1e3cc-e3d5-4fae-b836-4b487ab8be1b","f844d492-cde5-47ba-8536-f99b62b1759e","0a61929a-77c2-45b0-813c-11bf905f0f01"
"4fe6de5c-7eac-49e9-9f43-d76f7b110184","d4a90764-10c0-401b-af94-0409d823081b","0937278e-f7e2-424a-882f-8a114975bcc7"
"4ff82e97-bf14-43a2-90ca-18f9762edf9d","74d5087d-d012-4c18-99dd-93491d942389","02cfb6bb-48c5-4a4f-8897-2bfda5853893"
"502236ac-3eec-4799-9bac-54fbfaa4d36e","5e7a018e-4c55-45f7-866c-6966e093b3e8","0cbc3481-154a-43ef-9b03-d04925e70c3e"
"5050d76b-3860-4060-942b-bfb3eb32ea61","39829330-5578-4c1b-9fa6-46b901afde5b","00c8dc00-927b-492e-8bed-bb50bf9e3995"
"513b7d03-14e7-45b3-87d5-289f8682a344","014a5d6c-ab1d-4088-8b4d-4ad53bceb02d","09c61d28-053a-4e5c-aa1b-b1d776e05fbe"
"52800be7-9198-4e4f-8c8d-ae0e2ce5ed8b","c6dc8c57-ab71-441d-ba2b-366611c61e58","0dc3e2db-e49b-47be-8346-5e8ebba04b7a"
"57147061-4ea8-4457-ae0e-4eb4449dc0a7","ac11516f-6971-4f18-b87c-9be721b0450e","032a8e6c-9141-4eb7-90a1-1dfb61b67eb2"
"5759c16c-92b2-408c-aa9e-a5cb05507b54","254024b5-53c3-4e0e-b488-5aa0b3ede57c","00fa61c5-645f-422d-8f27-b4abadd90b69"
"57791e27-aa9e-42fa-8f97-3c09625e221d","ee154728-854c-4264-b6ec-0fc2c915867d","0cbc3481-154a-43ef-9b03-d04925e70c3e"
"5869dd3f-03bd-4491-aa17-d7a4ae0b1175","c6e3d954-9722-4fb3-984a-4220e131e423","064a58bc-cf76-4ae1-bd08-a2ef2354af6b"
"596b30c0-367a-402e-a2c1-325462511ce3","928c4149-46c6-4f32-bc04-0363153327dc","0c2aba38-b8b5-4b33-a516-3d1f5622d9b0"
"5c644d6d-2d89-43c5-a6d3-7a0df8af861f","c8218c9b-e5bb-43db-b5d9-d5f767872c23","062c8895-73ce-4264-8684-d86f46b1db20"
"5ca97b55-ad82-44bd-a130-4d205cec1aed","539efa19-9502-48de-bf39-6686fb0adf99","0c1ff37a-d5d2-4c0f-a3df-5ec5166c483a"
"5cfd3a4c-74bb-46ac-9830-f589a20a3e1f","d23b1e48-3bc3-4ca4-ba27-6d3a3dab6d06","0b1959df-447d-4921-8200-5a9875e67cef"
"5de0f873-2348-4e5c-a26c-f9df91df33b1","5e82b934-aa7c-4474-ba65-b77664201db8","0542871c-3be4-44c9-9270-ce68b32c9ec6"
"5ebbee86-2fdc-4d8a-a068-bc0d9b18ad26","4ebd4321-b4b4-4d73-93b4-35ab130b921e","02f5d123-fb23-42b7-be5b-1032b3be305c"
"5f1b9d6b-ca2c-4e6b-aae4-bd6faa45b6be","b1909292-8f96-4732-8984-28653d245e79","0d19f6aa-17f9-4c96-b79c-49a89cae5829"
"5f3faa6e-4e39-407e-8e26-0c563060447e","ba22742b-f4a9-4a3e-bcca-bf5ea4cecc2a","065c09bc-2740-4907-9ff5-a63162d1d6a5"
"609c9952-7a9c-4b5b-9247-dd7d472d3a96","aca0aad1-ab6e-4008-9655-7495c184459d","0ca1b54e-4dbe-4ccb-a8d5-990edeee1eaa"
"668c01f7-f544-4f09-a579-ea378bdcdae3","6a2f6c04-c684-4976-b214-8c7620b4d2aa","07825212-d139-4d1d-a0d1-212584641983"
"678dd834-7d72-48f8-a9ab-aaf6bbf550b2","165b4d5c-28ed-4601-b3d6-592eef3a3d18","04494171-5c8b-4011-8b4b-4380e55cf83d"
"69a01a99-f3b0-4591-9e4f-40b9027328e0","904a696f-b713-4ad8-a65f-0c3e67779439","044d1417-4065-4941-92a8-27c48d30fbe9"
"69f49de4-c655-4b65-a589-78af2188a357","4404ac6d-f9a5-49d0-aa66-9197dd0e729c","01a0c52e-7de1-4334-aa42-8977ff2ea2ae"
"6b84b19f-d7af-4608-9f47-72ca46242b97","3bd1be13-0540-4273-9d69-5e047fddaefd","0d7041ff-e053-44f2-9253-8fe906804c14"
"07db71fe-f69b-4271-afea-2c91bfa69d80","fcadc6be-66da-421e-b4f5-2f16598ec222","00d3008d-fc04-4bd1-b984-0e253e68d046"
"08f4d51e-84f2-4198-a4f1-35c0d9cad351","97452055-a86b-4060-8584-ef83de537427","0431d694-4fb0-4781-9205-c6900f100690"
"098dca52-ac95-4ea5-87ec-89e677003cb9","f96907d7-97fe-4b9f-ab1e-1f7c99af9262","00413369-0442-4827-b61a-3211d2f4454f"
"0d055856-b55a-42ba-b56c-d16dfcce216d","2243c46c-dc09-4af0-90af-8b67ae07f197","0350934c-9570-41b1-898e-37cb60c9157e"
"0eaeb45a-fa14-4adc-a5e2-b964893a6c4d","fbf75bd7-2651-43a8-962d-00abed292c4b","04e5ca7f-ec96-4990-8fc9-cdf4c5a57327"
"16cb31c1-3082-4973-b4ad-031871138aa7","60d8dea0-4226-4f9f-be7e-de8d16be4042","0050d855-d056-48f5-8ec9-a26d2c25274e"
"244e0c43-89a6-4766-b445-ae30a8a67b81","6b3ff997-fbdf-4c02-b32f-efb124da863c","00f8f5cb-2185-46e0-8652-29d7fc086b1a"
"27c4b632-2fd1-48ca-9f69-8e9a91c537b4","8cb04a8c-6c41-4c50-a566-6f3e8e1be564","049ddfc1-2d6f-4e47-9e0c-3e5c1adf3e18"
"2835746e-8a4e-45f7-8ac3-4943676798cd","028c2ae0-d311-4cd0-b122-54148f570280","046630f7-5c0c-41a4-a5cb-a5369083f091"
"284fb1c9-c549-4862-8301-38b57c9b2ce0","158b18d1-a4d9-4a4d-9313-eccee5c776aa","0362a3ea-51f7-4777-8e5e-0f641e619f22"
"28e10e86-c189-4e18-8ad0-9f9a1ee08976","c030441b-4dce-4c8e-8de7-109675c511b2","039cc35e-f62f-4141-a7e4-1b7ae002c65a"
"2a56a86d-6b9a-4e5c-8c90-5bb32c490802","22d02556-8025-4cc1-b877-ca513b63c601","023463f7-80a0-4404-8d11-14ff0480620d"
"2c015493-d117-4f4c-9c75-890a321a055f","8ea393ff-0452-470b-b056-8498c6b6e9b7","043df50c-5f77-497d-9ca6-a3797646e8b1"
"316b0de1-e3fe-4693-be35-e5fee42a587a","969b4898-f00f-4f59-b6f2-53bc6e01604a","02be5396-0d69-4b21-ad7f-7f22a9b7ea39"
"32ad3cea-110f-48a5-8932-ebbf1dc53b2d","1d683582-b1c9-430f-b367-e40b2db9173d","04ad4bd1-722c-4623-acb1-401ac205ae69"
"3969ce74-95fa-4341-a7b2-a9230597e59e","285c9c0b-1bf8-405f-86fe-a9c33c403f7a","03286e5f-37ac-445e-8ab6-00d9a2f017b0"
"3c475592-2a7e-4a71-81d5-0be22e6392e2","5fb183c6-652a-4edf-a380-0027adb46b07","05eece55-1ff3-496e-a88d-fd2b59603cc2"
"41f7dd28-e96c-4332-865b-ade4c4da614d","d34fe41c-e052-4647-8070-ba7950adbe04","0718574c-1444-4c54-aa4a-13f3e825638f"
"4222110b-b27f-4a96-87bd-00932fe566be","59608115-01cb-4a81-9764-c7314a5fa133","00fd312c-0801-42df-8375-0b9d8bebfa8e"
"4310306f-7767-4424-ad4a-93db936c6806","ac944885-1ecd-41f5-8edf-81bdeb909d03","01fcbf70-b1af-4e03-8dd8-f9eed0faef07"
"44feba0a-4f77-404c-87e9-88d05df9346f","c243ea2b-1a7f-4910-9d42-813453391cb4","029ae1c6-edd1-4106-9230-c2f383c264f1"
"483d68e6-8ced-4e88-8502-fdff9d917472","062f64b7-029b-4046-9142-5cd28d9cc2a9","04952cc7-8f54-43d9-b43d-9d66634682da"
"49363819-f4b8-4ca3-966e-c3bfad4db767","3523d4fd-a41f-48e5-aea1-5d3b3ff4d92e","0267d1b5-290c-4e9b-980b-7e7a188515e4"
"4a9ff0f9-1bcd-40ef-9bca-a04463d6a2e8","686986fc-9b1c-47d4-9679-166f4e119132","063b2c87-8493-43f7-8370-38fabd24c46e"
"4b3cd083-707a-49c9-84a4-f72269c7b466","e4c4070e-0133-4dfa-9af9-742c7a5d9991","06781022-81ec-4d12-9a08-b85137ca6764"
"4c4302f4-1871-4852-bcfd-3f4220807ef5","6f26da3c-c89c-4592-97a0-fdf0a9ca313d","044ab9ec-2530-4491-ad92-cc73a320370b"
"5517870c-e733-4914-98e4-f21cc1a1c0d8","2c31415c-49f3-4818-8508-2efe9c4fd01e","0788e762-87dd-46f3-9dc5-ec765f170b24"
"558788e0-bf99-4f8b-9813-bb91f383ecf5","69a8a43a-3cf7-4555-8382-9e4ec4679703","00a580a4-ff08-4813-bb6b-57d4bc7726ea"
"57eabc70-792c-43d5-bd81-2f633e9f878f","ca786ec9-bac0-4698-b2b6-8ab36dbdc480","058d6c85-23dc-448e-9a71-63cc78912d06"
"57ffc981-e817-4a2f-a3d6-20d50617f138","ad191441-ecf8-4377-ad91-2a2891e585f4","06c2da0a-9a3e-4190-a4d6-ad4f52045737"
"5acd097f-b7cc-48a8-90e2-da458f1654df","7977a813-b55f-4e56-8492-c43f999cdf76","07a70ee6-7c41-43da-bd1d-64d75e00648d"
"5b58d8ff-38d3-41df-81fa-4c1879c68281","355c604b-6efd-47c1-b1b0-0c115fd4d748","008e6005-0a2e-456a-a4da-b22ad89665d9"
"5b9098cb-9b2f-4cc1-b5c2-54351e31e49e","4006d67b-c0f0-42fc-8a7a-99dd3df130ec","0681899a-4500-4ce8-a7fe-e600c3a7c79a"
"5c4abf21-2a7b-484d-b368-56677e5b22de","47eaae6a-0128-4a6e-99fb-2b21dc03561c","01e1a808-9f61-4140-901b-2d7060469990"
"5d014d61-7580-413a-830e-7e66354fa459","df92e359-ce64-410c-a2d7-ad8ddf874115","07616174-8f2a-4af3-9ae7-d4555017271c"
"5eb4744b-e3f2-4d3c-921a-466e6fa223ba","fa8f60d5-2110-42f3-be50-6e8aeb0ae0aa","01716f90-69ec-4fd1-8279-16a29bb2d969"
"609278c1-8046-490d-8f61-913cdb863850","16342f92-5f1c-46c7-94fd-a87a2d8d0e2e","04658ea0-440e-4dcc-8e69-9e8a3f01e62d"
"61692418-3bef-4df7-aeaa-6584de6abfd5","bb520e12-1df0-4670-88f6-b57f1c4d102f","025a241a-619e-4a48-a93f-2d3f87ba2f47"
"661412f3-639d-468e-861d-7ae1e9b1e4b7","18f9276c-2104-49e4-a2ed-8240f21ad063","03b094b2-e71f-4cbd-b500-ce785934666e"
"67862404-e6fd-48e8-a025-8c4749dd6bd0","f123c040-afa2-4b3d-a405-43f33b4a35d2","03b4593a-7b50-4dd2-8348-2da0ab7fb3d4"
"687551a3-783b-487e-9f99-8272a0e24e15","32baa3c4-0486-468c-841b-70d6ce4a3357","03bab8cf-519d-497b-9e64-2286e05efa6c"
"68829e7a-7fc8-41e7-8298-8b7ce3992048","3133de2c-1cb8-4637-816b-2ca8ce7e7d48","0118a90f-799c-4835-8208-a7aa5a78342e"
"6889a5d4-6216-4f74-a41c-6a778aa15535","f361dada-e7cd-4e71-a73e-5d54781dd470","060fb187-2536-4ff9-91c6-3a85f1e09af5"
"6ac34cd2-f165-4efc-aa78-3b83eb15cdeb","9653f107-9d60-43a6-a011-d6ac8d47cf72","07b6612e-c541-4da8-a98f-b2dc46d00722"
"6c580838-677e-4b8e-a5b8-b69c679e6a21","c1192c85-86dd-486b-8a3f-7e852043f8ff","04952cc7-8f54-43d9-b43d-9d66634682da"
"6cf03f33-4acb-412a-8211-869377d49e49","fe17cc4b-961c-4651-af0a-bcabad6a3cbb","027cfc00-80ef-46dd-b1e3-d3e23edc5e99"
"70008799-70d8-419c-98c7-c5cbf868b5c4","7a3bb956-4055-4673-8288-0a7b890ad90b","0614755b-16b8-49fd-bab5-e3c0c3229a9d"
"70810249-7cc0-4ee0-a954-5f6efd0739f1","0b23fb42-778d-4122-8d29-dc013616efa0","01512da0-c76f-48ba-84ec-cc5736055157"
"70c086f2-8453-42c6-9032-5679f984d832","b4652d24-5dc8-46f2-a703-591178b453c1","05c8c745-0ca6-4ec1-8035-46dc06130cea"
"7176976c-4a59-4ee7-ba45-ce6cf66fb105","54a8a481-e228-49aa-9843-d16f31f355fd","03a4ef74-3e20-48b3-9a03-aba94d4f9e0c"
"72e745c5-f74b-45dc-a7e7-ac9105dcd11e","715451a2-98d0-4610-bc0b-e3fa6f9adcee","073bb557-da0a-4128-886c-20eb4a2a2b48"
"77b008ea-1e00-472d-8b34-60608f44a065","f4d86998-a5d6-442b-a707-3e87afd91429","069110d6-4781-44b4-bfaa-fd39c4edd4e6"
"786f9a5e-ee39-4318-ba17-4050cb5d6b5d","c237a221-31b7-40c5-884c-cb7aee2c7086","029ae1c6-edd1-4106-9230-c2f383c264f1"
"794ecdbd-fb4a-48e5-b5f3-125f8cecb5f7","11690005-fa16-4118-a108-ce84112d65a4","015a6b8b-0ed8-4ef2-be89-c0cb64a4ae93"
"7bac04ef-4a8a-41ba-944e-1a3d1ceab8e9","3a5e8202-009f-4ede-8c44-93342f9e7375","02632a91-a606-4689-b590-ee54ac080d1c"
"7eaf1fc5-6a12-46c8-8094-8c88c249c973","df621e65-26bd-4c23-9a00-0c70598b152a","00a580a4-ff08-4813-bb6b-57d4bc7726ea"
"80597f23-edf5-412a-87b0-52e0a4e77021","1eab417f-c0d4-4b36-b1ff-363b4c6f0ffb","057392cb-c8b7-48f8-bcc5-ee2e3ad14264"
"82706b2a-e9fc-4b27-bcb3-e696bc00883e","9c6f8a9e-cd36-4fab-b1d8-5a3cb8ff1229","0452c5a4-a775-411d-be66-898a524d04c2"
"8684aed5-5a32-417d-a1c1-d4924f26ba3e","d692cb5c-b7c2-46e7-b875-0f8764afbdc4","001056ac-e9d9-4072-9012-dcd85b62b8bf"
"884e37c3-7f4b-4c9e-9838-7a1a9245912e","31be4ec6-08ce-45d2-8453-3c913d675b70","001056ac-e9d9-4072-9012-dcd85b62b8bf"
"8896f2a2-755f-4021-9c8c-2e1a996edfdd","c06d4630-4f03-44d1-86d1-418ecce31009","010b8dfc-ed05-43cf-99ce-a7f51e24bfad"
"8a604546-5820-412b-a93e-560391b5cc4e","997e4cbd-480c-4c6f-8b9c-bbdbd80ab7c1","063c94f1-fc07-41e4-9e17-e0628ba9258e"
"8bc7496e-4942-45ab-849f-2c46fd8c8cea","d708a64b-6460-41de-af77-02eeb283eb4b","037ff9ff-620e-4b93-a554-27dd6e91c42c"
"8c975829-924e-48e7-8ec6-678619461079","8847e8df-b086-4dc6-b2b3-20789eb75eb3","025782bf-be18-4b54-8f06-c64a46d96ee5"
"8e64b7aa-8eeb-4414-bba0-89603a2899a7","b482b5be-bb09-4590-afde-b45f40066fbc","06cf107b-b933-452b-93a3-415aa84a7faa"
"a8fce274-35fa-46e4-bd2d-9d22fc3dd22e","23141817-f5e3-4db8-b9fe-5ab05f98ecde","0af73925-f909-462a-aee9-804004b4c779"
"ac4200e3-583b-4424-8b82-2f4721309e51","da569b4d-77ba-4c32-8e5e-8c8d02ae6102","0038a871-07bc-4dcc-b5db-20b58d3e0cbe"
"ac6bb3bc-abf4-45eb-ae8d-ac57236c9bcd","fda14e37-f254-4a80-b077-53825386ae19","0326028a-7930-4d43-b223-6917188e4ef3"
"ad209cee-0455-4ed4-8ad8-68c7efa6fff3","48883ca3-c120-499e-a6c1-9eb7ca9c051a","064600b5-4725-4857-946b-af9f6f4ca75d"
"af22fd64-288a-4d16-ba5a-2fdeeb430553","60cf4d08-187b-4ed7-8ef3-f30b2ae39aab","0b380699-6535-4a04-b8ae-8206164cad47"
"b04bea56-aa09-41f0-92d9-d2ae9c8bd1ac","bafd2d2f-e14f-4ec2-b4b3-7022283792e2","08dd5b08-464a-48b9-bc9e-9b160181a02f"
"b0e9ae5f-440a-4d82-9ff3-c52afbf4dfe6","147d7294-8bdc-40d6-bf5c-004763d2b558","06127a28-fa88-44a2-abbc-7631b084fb67"
"b0f8b6bf-44be-49ee-a840-b2c94c4ff6ea","85df4a73-29d7-4696-8b3b-cc24a66e4bc8","09159a0c-1ce8-4595-aa7a-2e12d3694117"
"b2d7a3b3-c158-428b-9efb-0915e7aa3fa5","fcba2d25-4bce-4515-a42e-40a84e1b5621","04ac666d-6a81-4f07-a320-1ffe81c0c973"
"b5035a0c-b7b8-4eb5-88d3-ced709d528e2","a3692200-2834-479a-b6f9-2b29998ef6d7","00fbcd66-39ab-4fb3-a9e4-6afe4c3c4f4d"
"b58eb902-4bbe-4a05-afbe-e00e6acb961a","e78a8a7e-8be0-4f83-8841-44669c27c4a2","06b22fbb-2227-4ab1-b699-93a9696a6df7"
"b5cb3ce9-dfb7-4a17-a5ba-7c464028445c","7c355ea7-17f4-4e76-b4c8-90568d900f0f","07258871-7077-4135-bd07-1246e5d77a35"
"b74ab2af-d95f-45d6-9f00-7186f87f79cc","8903bc5c-6a2b-4077-bb33-40abbd464428","05a84b4a-cff1-4633-aea0-e337512669dd"
"b7919c08-dc74-4ec2-acc5-9b473d4b9878","33334dc8-d7d8-409c-86a3-2c175063934c","026a8340-18b2-4108-98f7-248900d6d805"
"b8d76957-54f9-4096-8baf-dbda8f7a3c1b","26d97b46-8311-4e59-bd5e-bfd0d95d930d","04c82133-3427-4b33-ac46-6b1c7046781b"
"bad76398-7052-4220-9fe2-f5067cf69a0e","03c4372e-078d-46ed-9281-418984941fbe","0243ad80-2fc4-4149-a833-552bd4401bc1"
"bdf27663-9387-4f47-982d-2859ce359e6b","59bc902d-d93b-4110-9a1f-2856540f702f","01a0719e-349e-4f5f-8874-1678b40814a0"
"be085732-7878-4142-8f9d-b1598c7ab299","f024948e-c371-462b-88a2-9de3cb4d604b","01e91c89-8506-41fa-84d1-6bb34f8d7b0c"
"be40b675-a12d-44bc-a696-93b9e11d7b80","1270d04c-cf63-4178-ba92-d051406671e2","02da787b-fa69-4285-ad38-0fd9486c7164"
"c0360cba-f400-45f4-b677-9a6dc0c2d9c1","7ea18d1a-b6da-4d30-a048-8e81bcd83ebe","0af73925-f909-462a-aee9-804004b4c779"
"c0445a7c-b237-4b51-8b72-5c9091dc384c","0d7e6e5f-915b-4873-b4a1-83ac0c400054","04485127-95e5-4795-979d-073613bfc6de"
"c0ff4a79-f1a7-4079-b04c-775991e7ecca","f981a274-22ae-42e9-a4ff-5f2b12e606ae","00e2e9b5-36d5-443b-8174-948c1343d5bc"
"c121bd23-1797-4998-8a7d-6f33ade3699f","97876019-dbc2-416a-8135-ece628f58746","0665df92-5fbc-47c5-91db-30221fc52f7c"
"c19a6615-420d-43fa-a478-a45faa1202f3","cd9ab57f-1f6b-49ec-bed8-1e52722ac971","0b658bc8-c98c-4edb-8c3e-e78ca81ad431"
"c19c1a24-4f28-4bc9-a8e7-0aad461fd56b","7591ea6d-b6a3-4f62-9db6-68325735b87f","04291a09-8794-40b8-a148-d4ae5ce6543d"
"c296be4d-c7ed-4864-b8c4-29bda169be96","9f5fef6f-6166-4391-8bd1-a70cc1b3ae8a","00f61610-2e1b-4ab9-9001-a22c39c16d3a"
"c440136b-2c30-4cc7-9eb1-8d4e2f283589","5b42fdc4-4c11-47dd-8424-46ad80d228ec","067c9924-3562-445c-89bf-3f2c9c71d900"
"c482761e-5597-42c0-895a-da7f2cbc3396","0c6b3b1b-f08f-4e36-ba9d-f02050242205","0742ba86-3909-42ba-9a55-5e3d603baae8"
"c4ab8ed5-605c-426f-a18b-a90795eeee28","184c063d-121b-4556-8b42-51f439712a1c","07c3e4ab-a7c3-47b4-8c2a-365957caa5c9"
"c5d6f454-6efc-46bf-8570-f4b5229f1694","e5a07fce-807e-46b1-a34d-50dc2cb7fe5b","0a57ac32-739e-4379-9e05-40ca4ca00028"
"cac9a718-ffa6-41f8-a385-bfd96e8bd7d0","59e3120e-fb19-4e0d-a755-9e1f6379af85","012a0e2d-eb7c-4cec-a341-5bb97e2886c1"
"cad4f41b-da28-4778-a540-d9790efdec83","554ac8a9-d550-4976-b720-95bd90581149","08d9bca8-1565-43b8-bee2-0b9b503b9ec8"
"cb0f5b9c-a7e6-4dbf-810b-0e2c837814ee","883881c0-a9fb-47af-8d8a-bbef81463adb","09aa173f-37c8-407b-b195-3bed3b3e00cb"
"cbedda07-0633-45ce-92ca-8b281312b152","e935e7af-0d35-4314-9ca0-857d4f1680bf","01536ab5-62e3-426b-b9cc-23d218fc634f"
"cc40e27e-462a-4712-8a33-06833edea03f","773c716b-a71e-445e-8d86-0f7c00a7c9b4","070383ca-0ebd-4699-a7fb-aab436012bbb"
"cf398ba3-8c8b-4fa2-af37-bc419cdb4e59","c9e016cb-eacf-4737-a7e4-5151f6b30c78","0a909d15-2d90-48cf-b916-298e93b8bf3b"
"d0def4dc-eee8-43ba-96b7-b03de547b8ad","5ba5edee-7cb6-4bac-9937-6244aca94ce2","07c3e4ab-a7c3-47b4-8c2a-365957caa5c9"
"d2b7d5d0-f6bb-490e-a523-d099106d4134","43a5ebe6-91fc-4225-a93e-4078be58822f","05c1dce8-4b41-4f41-8f6f-5404695aaa26"
"d30a4280-6d24-42f1-851a-2f43d79d81c4","a469aabb-6fb8-4fe5-84b9-5820e653549c","0a2784fd-d486-4826-8cb9-fd84cdc91928"
"d3b2d2f5-df4f-4571-b665-b5ffe33b83b6","09f1e53a-a82c-41c5-b7a6-196124f38227","00d729fe-9805-4e71-b520-1b699239a20a"
"d7050e16-d274-471c-8d2d-e14832e18c14","54c32474-ea8f-4d7c-81aa-69a0c1e76976","0a51877e-81c0-484b-9ecc-549e62fd414f"
"d9cb3b7e-6281-48d4-b28f-ec1d7f43dfbb","ae8588ab-269a-4257-add6-3411b918243d","05a1d617-88cd-4945-9348-519c8741c399"
"daac427d-e9f5-4983-b7d0-bb0dd4c7134a","51db5633-614c-4023-aa2c-5f4f2a90fb9f","0807f30f-2b1f-4950-9d44-075f512552a4"
"6f930151-4134-4011-99ee-086fc398cd5d","b62a5d16-5349-4509-9abe-1f22ecb80d9d","067c9924-3562-445c-89bf-3f2c9c71d900"
"6fe24b4e-4657-4942-8f2b-80f11a8497cc","fe02a687-7421-4de4-89c7-47f2d013e2fe","094d32de-3e11-47e2-ae10-446f3d9c6861"
"70f217a2-50e5-4abf-a10c-4d4f6dbfd3f3","0bcf9ad6-a018-455c-94ca-b2053ab65f3a","053158ac-eba7-43e6-a6da-b1b03509f284"
"71453388-a2a4-44ec-83ab-e1faad4f0b31","78850d06-4147-43a2-a356-d2f8d8521e07","073a966c-ff2d-44eb-afb8-2e098c0b8dc3"
"720de7a0-1336-4a8e-a49b-82ff77c75be4","2376760b-e595-437b-ba8a-d30e5e453a0d","0833b058-ddbf-40b3-81b2-41c27a751387"
"731e3ac5-6f6b-4329-824c-b571e2deaeb9","061a75b7-f6e6-424b-99ec-b3b5033cd1df","01dfbf82-ba1e-4943-ad42-deae4998224a"
"73e00b24-29dd-4584-a594-caddad2a7805","693b72fe-5a37-46a7-8618-0446d7e64af2","09159a0c-1ce8-4595-aa7a-2e12d3694117"
"75441cab-c685-403d-b625-b7d299ae2745","ee8e3e9f-6211-480d-a1c1-870eef4f1dc6","08cd1ece-985b-446f-9f82-3822561639aa"
"7c320c4b-6988-4169-8d89-eebdaa3cd028","1701f08e-f609-4ec4-813d-5237d7af3fe0","099e55c5-f197-41e1-a496-eb199fab416b"
"7d62f20a-c0db-401e-aec7-b33ddc275b51","0f3ec08e-fab4-4860-83f8-34e07c60c801","009df46e-e122-4865-a4d3-f03ec73916f8"
"7dbbd686-8ed6-4c96-ac13-79792dfd38a3","5f2ed3fd-6d68-4119-bc48-0ff6e944bf95","0482e539-bd8e-4a7a-80fd-f63b4fa64a3b"
"33b5cc11-c18e-4834-a7da-f352148f58e8","38693c9a-9421-4deb-b50e-77840f7e8922","01b97d98-0d19-4232-b7ca-7483158921bf"
"34e75341-8733-4c59-a4ba-a12f1eb22c95","153d63f2-b71a-44e3-90e3-d26aaf29395e","06a4469d-b896-4faa-8aae-5201314b3150"
"39bc063b-7f51-4f8d-8d88-b49f8a100410","16b09cee-bccc-4e3a-939c-0a2d6be3d357","0a3cb627-b4b4-4cb0-a277-a98e888cbcd9"
"39efab2d-3d1c-4310-b46d-1a49dd797823","926e81d0-8301-4b1d-9a66-911946ad456c","06d157ee-fbd8-42f8-b887-8d2eedb4c777"
"3c6d5c57-4feb-428e-8817-20bdbc823c37","a75e7385-6121-401f-ac69-1e7808b785bc","01774ead-03e3-417f-83e1-20d92977e34a"
"3de3b157-05bc-4f8d-b498-1bffb20878ac","29b3f1c7-e8c0-4d68-aade-a4da14eb067e","092af088-a6f8-45ca-920f-2feb8667a226"
"3ea3c9dc-e1a0-4445-b542-08e01cce17a6","12040138-8aad-4699-96d3-660d7dbaf051","092c81bd-dbc4-45e4-8cd7-a70b42823505"
"3f79b308-5293-4b45-a104-d71a802650fc","212d1c5a-9ba2-48e7-bfb8-78d399a41e26","08211df8-b68e-40a9-b49c-864ef5b85244"
"41c64d82-c02d-4197-a869-22608da5e2ba","c87990d7-ec1a-41fc-ac66-8a9fe2b69bdf","06c45ca1-2810-4e5b-b02f-8ead52f049fa"
"42166dd1-6b6b-4f2d-a87c-a8123b42508e","f3ce0557-b96b-4524-9f0b-334dfb7c2064","0151d0d5-d4fc-430e-af77-3be1efdc8b81"
"43923572-1189-41c4-83f5-8151b241a9f1","5b3e686f-fe6e-4eab-b31e-f9f83c660471","0149f0dd-f909-4682-bd2c-60f6deae4998"
"573dec4d-3a50-4762-bd31-dced69c9db5a","658ae37d-4768-4ea6-9c8e-59e3e92bef7c","03266aa5-5413-4c08-8bc9-eb5b7b7e20e8"
"58ad21c2-07e0-455e-993d-d8edd938ae0a","6a1834e1-c272-4e7b-9ec2-a0b1973e0b14","030cf9b3-bb78-496b-8f21-347392da6f52"
"590c2af7-a469-409d-b555-b3c80128e0f3","16263682-4977-4f11-b3ad-27cb2bd7a050","061b6af1-d409-4b69-b0ae-40482293a3ac"
"5a0720d1-8786-4b63-9007-168fd096936c","f08bddf9-1943-44d3-8306-02b4ebf20653","06af4bc0-93eb-4202-89a0-1d2b8b2e9f38"
"5a5bd4d0-36f1-48d8-aff1-af2ec82f53d4","de7c575a-1c64-4ee6-9482-0c342cc58ec0","0799e156-9760-435e-a714-2e64e3d33350"
"5dfa22cf-1074-4be9-bd57-a6dd0c998cef","5194aee1-955a-46a4-9e15-fe4e4e83578f","01f5324c-325b-45a7-841b-3c740b3e2614"
"5fdc934c-ac83-47b9-80e8-82d56148146d","6b1526f3-4a4f-4b2c-9e85-2a98bbfb2330","0a88037d-070a-42e0-87db-18047e0ef442"
"6049abcc-0c59-4692-a0d1-a42c58178cd4","81584b1f-eb37-4b0e-8ca0-99698d58f464","08162918-c1c0-43b8-b9e7-1e8d5add2d03"
"62a41f41-5603-4e10-82ae-6c27c9ce80f1","a6d90baa-24f7-4848-89e4-1be0c81e08d9","01126045-f2df-439f-9b09-0c546cbbac6b"
"67091c26-ac39-4cf4-ac4d-0f0e7829c9fb","7969d5af-9ac4-431f-aee4-93d7b7178045","03bba6f5-baed-43b7-8440-bfce56ad9483"
"680b66b0-cf75-4c28-92a3-23c8563b06ee","ce4dac54-e456-4056-b2a8-04ca1ce42ac7","0a44ee5b-ea7e-4f00-a194-fd33b5f65b1c"
"6835933e-32f6-4e1a-8c90-d0d3e4a9a71e","e1eaf110-6f8c-49a3-909e-266745a972c3","05de5536-471f-421a-ae40-d399c9d3f732"
"691448ea-3270-4a73-a007-05a5d8a13123","9b53480f-f5b0-4ecb-bdee-e48ca3fa173a","016134e4-4568-44b2-9419-3040eb3f10a3"
"6a0bea74-c19f-4a56-b2cf-33f4a95579ca","bfc34880-b4c1-44b1-a7f1-c739887aba55","056ae00a-2489-4e2b-a228-c89fda6672c1"
"6a994a0b-ae12-4f3c-8aff-f7372ef8bd0c","dd6a654b-96dd-4b34-9556-97d4a4652cad","08dafb5f-6e43-4e63-b928-afb1db2f5101"
"6c6f950b-5a37-4a80-963d-45d86faa09db","a8e08e01-aa8d-44ac-a5ac-1ba42af0ba80","0b0f923a-083d-45e6-8282-cf98e9a55358"
"6f80cd4b-bc6b-4cd1-a243-0692113b012b","102b4602-ab36-4ca6-baa8-846c9454c2fb","004538c9-4437-4b5b-ba6e-8f58835aeac2"
"708fb393-7b14-4bee-acee-562c1092a2f2","986ed4b2-7b74-4943-b3e0-a0e4e36147cd","0b7c9b5f-40cb-4f04-9bda-d4d29488d6c4"
"71afc2cf-0562-499f-a576-1a2a0858b278","653d8cf9-a1e0-4bab-acf5-ffc5259f6fc1","09e1c28d-bf50-485c-bf09-b1b9369abd63"
"725713bf-a6a7-4e49-8d14-decb82210fd5","d171db2c-6080-4564-8d66-12671a34786c","0a6eeae5-e4cb-4a3e-9999-b87b810f2c8d"
"737c03aa-ffe8-4c36-8833-8136ba7f5647","e3e6a563-4a31-4434-b9bb-84c85ab7e30a","043115e6-81b6-4aac-b6a9-cf60c56bdb06"
"7492212c-f5a5-4c4d-8dd6-edfc3d473b3a","e1d4d2c7-2a5f-4b81-b47c-bcdc9d1be790","01125f1a-0a5f-4270-9193-1bbbfb81ac9b"
"795563be-6553-470e-b85c-83e9bdb1a687","aac2036f-6560-43dd-959b-d0ba25ffad09","0b2b3f02-b4fb-4691-95b8-4d166c529b45"
"7c7f5f41-ab84-4f96-a4a8-af0193bbd723","bfb11a3c-11e6-4949-922a-4d8d2c1866cf","08ba3574-1cdb-41c2-be4d-1674d9caedc7"
"7da0ea0f-3512-4ae8-ba85-04324231a8af","9b250821-7121-4d44-b55c-bef8df53f884","047852a5-e754-4863-9794-0eddbf9ff203"
"7db39971-d9fc-49af-8d9e-e5e26b02d522","756740dd-5b7d-41c3-b1a4-a27c01b949cc","07082e22-d898-4e65-b244-fd2da9a8e072"
"7e165e4a-e666-4355-bf6f-121393b1278e","5432c1f4-32c7-4803-92e3-087ba6ca81a0","072af9a0-4854-48aa-87a0-a93693854aa4"
"7ed6fa28-6e18-4aab-9597-79251364b451","a4e31f14-a79b-4e18-9423-522f58bcf8d1","091a8d62-1d81-411c-8fff-a0bdc730ed8b"
"7fdd3b75-a7f3-4eef-a58b-1e8e667703a9","47ad162b-1913-4b57-a539-739ed96106d9","0b0b0449-0d62-4e08-9134-aa6c93ee5f64"
"2c50789b-422d-434e-a377-f9ae08aec890","ba3ebb21-69f7-44f6-9f80-64ef8dddc7e8","09eec758-c7f5-42ce-9b5d-e3510c1bd0f6"
"2dd88c2c-f354-4999-99a8-159b5fa9a7a8","e3638f6b-7c2a-4fb4-b892-76af6ab351dc","043b4a5a-9689-494c-8d27-ade737e6f328"
"2f36e6df-c046-4484-b411-b66beb26a7cd","24977cfb-6e0c-4eb6-b725-2117d7020dae","0b2b3f02-b4fb-4691-95b8-4d166c529b45"
"2f9174a5-5b1d-4891-82c1-ccfc2e3bf461","cf7836c5-3015-4421-9998-70f84ddfe464","009e7f41-0a9a-4de4-8f80-74c50c87bc1a"
"2fa9183b-c04f-4978-9616-dc1d8f14601b","3450d1d2-6372-4434-bee4-f78bb774a5f6","02235cb6-cb7d-4738-b00e-3f7eaf20792f"
"30a265f5-3fd9-4cb2-93e7-f238f374220a","5cbf2336-f2a3-4d54-aca2-efae33312343","052f02f3-e860-4012-84f1-1e27ffde920a"
"3193ea40-6c23-448c-9f3c-08f93a519d18","bf9f0e0b-bcdb-4512-b411-23f7bcf06b1a","06115b67-ae74-4c8b-aec6-a29bad55016f"
"348f9f49-8f92-465a-8c44-b7b469900400","3f6a9b01-a943-41af-94cc-cae5507887ba","04466b70-309d-42bb-8714-9a4c8061440c"
"35e14cc1-d77c-428e-8413-4a4e09f58a08","ca8739c4-affe-4a36-81b9-1ea6b139106e","002ba17f-b2bb-4d24-8b1f-90272c6dbf59"
"36b1079b-5aba-4762-8fbf-f05d13c932a7","a571e532-1da8-4beb-a346-e7991a6f3a21","06461d12-a60e-4263-b0e7-93350512c346"
"3744f841-6dbb-405d-92c8-c9d23453a716","a5109c89-d245-4127-94ca-a0836c253f12","02f74417-b83e-4bdc-b6a6-9770610d4e15"
"379e9abf-0e86-4652-b180-b20521f2f55f","66320ff5-9828-483f-82c2-be01e764d455","09dd144f-1663-4460-9560-65d5d4aeaece"
"38089123-9418-453a-815b-05d298c7eea6","66cffd95-ad11-4634-ac0f-90abc12a418f","061340db-5ef2-4f9e-b473-0b2c62e28c09"
"39038bf0-9de3-4d20-8b9e-978a0071a21d","0ebeeb42-6b39-47ef-b27f-96ac26d8c3a6","07512a4c-8123-4d51-ba10-a7b8c793e3a5"
"390adfad-a128-414a-af70-10f58c665774","737b88bd-a276-4b71-981e-3fc0eb328fbc","06d3d2fd-c621-48a7-8b39-1abb6927ac62"
"3a34dd52-2f01-4b8d-a2a2-c067ded0ad62","a0680a52-0562-4e8e-bf08-5945862553df","08ca8336-4a9e-4be3-bcc2-ea2edc691526"
"3a7d4288-b8a2-4c6e-92ef-547d048d95d2","8ee48c7a-f743-4cf2-b2e5-18cee8ae767c","0864252a-5e87-4f81-bffc-754635cba8c6"
"3ab0889c-0039-494b-ba48-826a0859f85c","9de3d0ed-c79d-47f9-a708-e994a0ae75a7","0581a69e-0e90-4cc9-b603-b32718eb2314"
"3b77b083-2446-4281-a6b4-ad59aa8eb726","326a398f-6e5b-44fe-b2a6-12e84ea95d75","0ab04dd6-921f-4b8d-8a57-b3ce91121992"
"3b8eb04d-ff4d-477e-9c49-a547bc44ed82","88b7b5ef-ef1c-446b-8bd0-4aa347d2bc2e","07e6a4eb-a418-4cd7-bc33-3dc3207d2826"
"43b759b4-9078-4146-adfd-82e8116c705c","a28c87f7-9f06-4084-b695-682e6357c4e0","0812a9b9-cfff-400b-be9a-fdf49fd9c114"
"441f5843-1b32-48b7-abab-af675282bc6e","a5f48d8b-aeec-4f60-9d03-bb94efe67f23","0b0b527b-145c-405c-ba03-893dbf25f7e2"
"44f92540-d3a4-442b-b604-25c05ede87b5","a9494da5-ac2d-42ee-a5ca-d4ec2728c684","04c6cec0-360e-4941-a870-e3fbfe8636db"
"486e14d9-26c0-41ee-8853-2809b3316d08","c1bbdd78-48d8-4d5d-aa7f-91aa4bb81044","0b4bdb2c-ce37-4aae-858f-602e722c29d5"
"4caf741b-62ff-450d-9ebf-31ead90e3536","18ea6551-63bd-4540-a4b8-9001c6fd44aa","03266aa5-5413-4c08-8bc9-eb5b7b7e20e8"
"4d3ce709-5ddf-4882-8d52-a1c899fc44da","b103b859-3394-4459-b2ce-e4e824bf6951","04fb8307-7aa0-4219-b0c3-4b67f84673a9"
"4d9ab505-3215-419b-b558-6ed88b055c80","cb8063b6-0c5f-4e86-b668-9c360dbee804","099b096f-0a3f-4621-a7c5-f6a2668c5bde"
"4ef362b1-d262-4f74-87ab-41733a44d0e7","37990844-41a0-4da1-944e-bc73d53cc0f9","01a01915-a90d-4db9-bb6a-e1e3880aa350"
"51833b3c-6dee-4c63-af17-4e2d84b45240","d15ad6b2-a2a5-46d8-ba81-9aac9db66d71","03315574-c65f-4b31-98dc-985a69830998"
"5186a79d-ff02-42f2-bf70-e1b5aa379e06","82b523e2-910a-4ac1-9f19-88cd071d7016","07d37213-b4bc-4504-ac6c-d9e214b295f4"
"5246ee0e-a571-4147-a8b2-8a5b7f7ccf47","ede005a7-057c-4019-8afe-d88139a6be92","03ba1f9b-85c8-46a6-918f-7df0df7b0fe2"
"52535aef-f032-41d0-848d-41512b10f62a","71ddf9d9-3151-4dc9-b669-2585afecf3a9","02f10285-0f78-41c8-aca8-3a097afea3e5"
"54341222-0759-4187-bde1-b1b1f1ac5b8b","894d2aeb-61d7-49e3-a173-2f8a43430f66","0b66da0b-7930-488d-bc18-6d91ad00b2b3"
"843ef985-9cfd-47dd-a352-9450763af074","52d76a5b-010b-499e-bdd8-233ce652c9cf","01dfeb58-146c-464a-8e3d-c982ca315e9a"
"857530ae-5380-4e90-84df-519ba9e79aaa","dd50e034-df07-449d-abbf-b49ee933c78e","07a642f2-c9e2-4976-8686-b8cea08c31bd"
"863210c9-3ec4-462f-8e0f-27d33d255797","2a4f1897-bd57-4b7f-8fc8-fdffb39600b8","07464eb7-a87b-4b39-9c0a-a02329326451"
"3ede16d4-6b49-4dcf-8c4e-8a5949673ca2","4d99f8cc-fdf0-4bd1-857d-f445c8090cf1","0820da7b-5f2d-4d35-849d-915f66717b88"
"3f35353b-bc59-4d9a-bac9-6b2ede306670","b4075b70-92e5-42a5-a394-fb3a927b573b","015421e0-3f4e-463f-a866-9b4e24a82e68"
"3f4875a4-f14e-4229-9241-e1bdd82bf32e","59577d2c-6879-4b2a-8a66-2781a6c352a0","089747b4-6497-409b-a13c-9d5d4308f936"
"40794c6d-60a6-4fc1-8665-70568c418446","5ad6e1e4-2564-4a3a-b061-b21876039318","0ccfacd0-316a-4d11-8187-0e830fa560fa"
"41578861-dcef-45c3-bcd2-32b81e5459bc","c7f1af6a-3c66-4aad-acc5-dbd3cb6a6460","0e83de61-482d-4c46-8957-e8588fad5176"
"4234135c-13ec-49c6-8697-bea168fed603","878425a3-8dcc-4eee-ba39-42d6262e554d","09f7d502-9384-4387-a4b3-6efd6de7b43b"
"441ee54b-188b-42ec-9d8d-b79e370d74e7","d3347ce8-6ab5-453d-81a5-a703bd0d591e","06fc2db5-2581-44fb-ad40-629faaaaa228"
"44820e1c-8ca1-4864-9bcb-1fe5f99229a3","a9a59fee-2612-4335-9e0d-f1911ee48e0d","098add06-16b7-4d4e-9865-e93cb6b4658e"
"44b58622-4141-4cdf-b10a-5dc0d612cfb7","f3bc36f6-2807-4b92-9dbe-0f70fde1a607","0b612310-8f34-4e41-a577-44f64e8eec97"
"45515d64-bc72-4b4c-a670-d5f89bc96f3d","3c0e8d7a-cf93-46a1-8d7f-984ee8fe5725","0b7bf5a7-aeda-4694-bb15-d5b615ff6bd5"
"49f5e8fa-5292-400a-bd15-58d3a7cdb708","190b36f7-fbd1-4794-baf6-5f1fcd5faae8","04eb0be5-3c34-4615-8326-07daa1bdda96"
"4b7f077a-f5be-470a-b372-e5f492dcafec","184f43ba-60c4-4bb2-b724-630df17b73c4","05042188-b987-4bfa-8908-d11f9c0a60b9"
"4ca7db8a-b590-42a7-8b68-b682a7788174","97a36c7e-5256-437b-b2de-e15eee26ee67","00624160-eb45-4094-baad-c39889447a04"
"4ce74e92-6261-4668-a730-9d1c0fd41b9d","037f1ce9-b504-44a3-90be-0750abd6a19e","0e092437-fa17-4110-802d-a383772ce5c3"
"4fa82cec-0104-4617-a16b-5697a910e6c9","7b764412-f5e2-4b7f-8099-ebedef4ec002","0a732da6-4338-415c-a829-dc2e9c51f135"
"523255db-3658-4812-b137-c295d825f422","1c43c9c3-513b-4cdd-9d37-2fa7a73df29d","00d3475f-da60-431b-ae17-41f359add9e6"
"5557c63c-f8ab-4d82-b33c-4b2aae2e5104","b16db065-6a7f-420d-85fe-81431e834bf4","05324a42-0a98-479f-9dc9-feb7aebfc160"
"562cefe1-9968-4411-96bc-4f78dff06ae7","57e96da0-392a-4563-82ff-985ab314f56e","01da054a-d46e-4c9f-b50b-59dd70dae01d"
"567751b9-8ee9-472a-b796-8fa032fee677","1c0abb0b-b29a-43bc-a8e2-8e5ca5d7ed28","0242fe45-b979-4416-871c-e86f0037acb4"
"5685b5fc-dbe9-4b2b-996c-17ac6e8225ab","813d0b46-5b42-4c3b-9f2d-b6daaad36314","08ae4dd3-4a73-43a4-bb6f-65c45d7194a3"
"58797bee-8bdb-4edd-8a12-87d0b8d3004c","999d7717-81dc-4c7f-b3e0-b842e0fd60ca","08d123b8-ced5-432d-a13a-241c07e42340"
"58b4b2a4-96e2-4d3e-9ed8-45fdeb912baf","6b07a477-9933-48d2-88e1-63395eb86996","01da1392-15f9-486d-be05-41ffba8c4075"
"58e22a4b-12b0-4d33-b3df-78b63da7f656","b38e7d1e-de41-461a-8ba5-8511117e68ed","03b7334c-f7c7-4c95-8125-d4a6538fd91a"
"5a18dbff-3d8b-4593-9763-d81a1a027947","10d3e6ee-f99e-4133-8bf9-f60a8b57a6d0","0c500803-b6fc-4d86-98b4-7f7db4370204"
"5af08258-ee9e-4018-9ba7-9e9244b62f21","195a09ce-ad9a-4fbb-a56f-e9e939c3a72a","074e4ef0-2d6d-4ff8-8db4-e1ac0958ab5e"
"5cb7ff7f-7a30-44b8-9836-7a9d6154f0b1","859d8028-6a3f-4bbc-9fbe-ffca60c2dc20","04d1b548-c550-41fd-ace0-2ada2584f1c1"
"5e75c8d6-b0f5-467e-8356-937c43c249a8","86e7bcd7-81c3-4a0a-871e-d53497e815f9","08e3d0c7-604e-4b1d-affc-3bc8322cddd9"
"5ec76da4-a8b6-4b5a-b377-7fb1ee467139","e1cac164-d8cb-4ab4-9fd3-cc083340cb98","0841b280-2ffc-4edf-a675-a413ca596d8a"
"6042444b-f459-4114-879b-a83f9f828792","c0d635d2-a6ac-4a83-8a34-bd108853cab7","02765ee3-9031-4a52-875e-b7c1707c6668"
"61d5d228-6e6e-4040-8cf0-2aee65d01537","a946e9f6-b018-41fa-8559-1f32eba166ae","02902de7-16d4-4338-ae3b-d89fc87b2d6b"
"622a3e72-0711-45f6-b0dd-831f2e2d5d5f","b2c937d0-e342-4cbd-aaeb-b48ec38cfa3e","0b8a6fcb-9890-4076-b816-7741d6209ed8"
"63104ed0-ea60-4daf-9bc6-c9e46791db91","a16aaba0-7dcf-4628-91dc-754e174e6b2e","07d0733a-e368-43bd-a408-5234ae63e270"
"64067af6-ad8a-4a1b-a43c-75196426b33c","41945c12-26e2-4592-ac37-f273582fb970","09541a82-d55f-4e50-8540-d867019b7bb5"
"64b0768b-71d0-4339-9034-3771dab1263b","6d85191e-6b95-4c43-8211-0dc2449752cd","081f756b-35cd-4666-b1a7-f394c2563ba9"
"64ea4d53-0d32-4e4e-93b0-276fbb45eec9","32416d2f-ac05-4928-a2ea-2d4bf46c2eea","0c36bb83-a5d9-457e-992a-f80662e02041"
"65f7305b-2395-4231-8d51-984bc5048da9","30bcab89-8c6d-40ee-9ebc-508b7acc51dd","09e22478-37af-4655-a776-4ed3f300cd89"
"66336398-4a38-4869-b0d5-2543cf278ae7","807db84d-e0df-4360-a475-ab1635fa2e3b","04d91af0-448f-4a40-9409-f3628de09e52"
"68db6db7-e285-49b1-bf5a-c4c3ca2646c5","56c7b1d2-032e-4223-a1a9-553f85d66d20","0e3cf841-ca4c-4c08-8d87-10d738d9eaa2"
"6910ffdf-6be0-493c-89e4-6246edbd8a59","a78bc696-7bad-4b83-a2c0-777a4b4a9d09","04cd9a1c-9372-4923-862c-8508a61b98df"
"69391af7-3313-4bd4-8c56-30551df74c74","c6ae198f-cd5d-4be2-92c4-42c209a38e0d","0d081368-1858-40c5-81c1-50d8c18fff1c"
"696e2073-b99b-4663-9720-5c7fc8034c80","4b9e88b8-c6e7-4d76-83d2-7da8dc3f7f68","0d0bde13-6b16-42fc-8af0-edde11f83c76"
"6a6a6e33-8b34-4f90-83a8-a9422590f9b5","ceec49dd-8588-402f-b866-ca14f5d97071","01d18940-cb20-4181-b960-3040704a4332"
"6c73a4b7-6838-4fd4-9f58-e1c355bdae8b","18694ecd-ec94-49f2-a354-590675333c5c","04a7d5e1-2bc1-40ae-bcc1-8b4e1e04f4da"
"6dcdcd29-04a1-40f1-8a89-c2b04f78e2ba","78d047c5-3d25-4e76-b90a-876538941998","0492da70-fc86-4102-97ac-0f52b15d2156"
"70f06c7a-1436-4794-a5e3-5920d03798cc","ffeff3ef-8e69-4358-b99d-38a6885b65af","00ebbba0-fff1-4896-8d30-a99fcc410a08"
"713fdf63-6729-4e2c-ae25-490701973db6","79b30182-7f1f-4feb-9953-672a83c78590","0dd1cacd-d9be-4d8e-b219-4d0151ad913b"
"7222b59f-1683-489c-b272-64e4e0641e6d","762be2db-0c6f-4f97-a778-66a71880bcf3","08d30fe0-4a12-491f-90bd-13abd1c67852"
"73620ef3-0e62-4aa1-809c-bd6d8cb83180","4ffd4d02-c57b-4874-8860-0fed5311eca9","0989b094-8f3c-4eb6-8b61-3e0173403d57"
"73859662-e94d-4fb1-a2dd-fe86bf3a6dbf","565c5334-beff-483d-b7fe-be8d0f658c3c","097ad514-6b3c-4f64-829b-a3d443d29cac"
"742a23ed-5b98-49d7-9d25-7ca695f94ff4","c7822b63-5a78-4921-8263-fddbf93d9ea5","0a6f4c01-76a4-430d-8ae0-1e683c0c188a"
"750c49db-806a-41d3-a741-2d65dfcca2a7","c3808cf8-0d84-4057-9b1f-118b2f0f95ba","0b8a6fcb-9890-4076-b816-7741d6209ed8"
"75762c5d-1b31-4dd6-b5a6-dd5bc33df35e","5f840411-248f-4798-ae77-8f9af5558ce2","0afee86f-b6a8-4f29-854c-95ca305d2785"
"7602a183-d4f3-47da-b881-48d2f8a23e42","82703079-30e5-4d0e-ad33-a9539ebe56bf","07b5e46b-ddfa-42f6-9fa6-75174bddb5a6"
"76414239-1377-4753-af55-aba0bdbfa109","2f8cb17e-759f-4e06-8a6d-661557844d5a","02675214-1702-400e-a3f8-36ee696d73e2"
"767b3318-3a0d-4e99-be9c-4d7566a20be3","f4f6ea43-58ac-4e5b-a3a7-af9ca1e78c29","06fc2db5-2581-44fb-ad40-629faaaaa228"
"784139a9-a55c-4c6f-94d5-c33b398d7091","ab873d79-4ebc-47f4-aa85-d591ada7b3ea","00d3475f-da60-431b-ae17-41f359add9e6"
"785789c7-24cf-48a8-a2a5-ba03de97f03c","cfab91a5-5c8a-4ec9-aaf9-f902b4b5c47a","0d748eed-c744-457d-8bee-53ced617178d"
"79b6aadf-be35-42d9-94f4-65ef8b76c3b4","3211b3fc-67ad-4b99-bfb6-4f469770af7a","04baa72c-332c-472b-a2ff-f7b9c4c58899"
"79da31c3-6691-4eec-b67a-057ba894bf32","fe30e1fe-dfc4-468e-ab9d-127d47353225","05a0c523-08d3-4c4d-9e6a-bc5b57803fc3"
"7ac847b6-85e2-4183-b4df-b52ebef2c03b","a98c895b-8439-4e39-b68c-f4dad71b2e80","09f87e32-acd8-402d-90b6-0fe6f4bceddc"
"7b4646d6-6c02-4ea2-ade6-872b8e82608a","62b6d1cf-e560-4f62-a73c-a4759a6bd04e","0952dd15-fcbb-4423-b997-7f861524bdbd"
"7daacb18-67e1-4a73-9c4c-f797ee76327a","00d8bd41-6877-4e08-89bb-3ad16e1b0218","0a375854-0a45-43e3-a2d6-5a3250cca475"
"7fd61e7f-01a5-4055-be3c-33a1b5c50c55","01ac5ecc-d6ac-47c8-91d5-96a6d379482e","0105e475-471b-4f69-981c-d044edf1f479"
"7fe31621-046a-4de0-9cff-9326b77b46cc","25bec80a-139f-4ee2-9e92-03ef6ca389ce","01df8c4e-f080-40be-8266-d2ccf49611d8"
"803a8547-6730-4869-b317-937c24c50ea5","571d76c2-58c7-4367-a95e-d284dc66eb7d","0e3cf841-ca4c-4c08-8d87-10d738d9eaa2"
"6c709d71-0e9d-4d13-8d90-2b42b2932f97","797a8ae2-39e5-475a-8074-ffc1a88d43ca","07384d90-6f95-4457-b145-828a486b190b"
"6cea10b8-4363-4108-9df9-8da74c407aed","e8ebe066-f58a-4339-8103-2d477bf578b1","061dac70-d6f7-4e19-bc9c-7464e913902a"
"6ebd6032-a28c-47d9-8af2-1a208cd9799d","dfc92d99-a7da-4d82-af9c-82f62aec8fee","0bc31a79-1651-4bf7-a7a7-7eeb72cf9c1c"
"6f66ef2d-fa24-4906-9bd2-a2271e117538","62eb2ca8-a942-421c-b462-f7333448ec7b","0c9f27fa-3791-477e-94ce-ba6f971686b3"
"6f70cd80-4e01-4b56-ac62-18f8aff10935","1b60161b-b4fc-46b4-9ce7-d2274f9947f7","0afd1375-57f3-45c6-9443-9c7e132e0c4e"
"70963c0e-5567-40b0-9957-6943cca6aad9","2c50b6fb-cf37-4416-9e24-9b1e1948b5db","0d801db0-fc53-43c8-80bc-08b91750d386"
"714a1995-39a0-4dff-a429-079ab3caaacc","8ee11511-9861-4bca-afce-9d8d8e0bf911","075cde03-6579-47c6-8381-3e161ba204f3"
"8101db91-7e32-4560-8162-72bef6da6d90","b35e059a-422b-4030-879a-3c1e98657a27","0e78d660-0cf2-418c-9895-eb405d5b015b"
"8447c0cb-9412-4c62-831e-5c91f0a5c412","3d2b8da7-55c2-47fd-8a50-7db9fc47f7b4","0aee35c3-3c4d-4f6a-bea4-1ae5c06b3d68"
"84ffbca0-2c33-467e-9cb0-f24399d64d8a","e71833da-fa3c-472a-a307-9bd696f630d0","0b5e9f73-56af-44fb-80fb-dc2bbcc3c7ab"
"850a588b-13b2-4d3d-bfa8-d7f4b7779a1a","05b03ce2-c00c-4508-8f19-8dd152091fc1","077a3d5b-d4c3-4586-aa83-90c3d34ccfdb"
"8533517c-a68b-4795-a767-015264be754f","b3f83a14-39bc-4cac-a897-2a75bb88d471","098cb6b3-5ee8-423a-b664-3668c977627d"
"85d290cc-cd69-4d1d-9042-ec3391643c50","cc0d283a-11b2-4c98-bacc-807d832e3cda","053d651e-d702-4954-ad89-f150ec9af1ba"
"85f1c11f-e9e4-4c91-a9c2-6cafbfad0713","97070428-b476-41cb-9cdd-3173b1120b81","0538ee97-1473-4717-baaf-fd9876757de9"
"86196e11-e0c8-4ed5-96a4-2eae6dd5668f","03645d1f-6e58-4964-9abf-a09217ad4774","088283c4-f4b8-48bf-8cda-1545cd1ee036"
"8642036c-4882-4c99-9be0-7e5bd3796bb9","2b035f69-4fcd-41b0-b2ec-67463eb51d3c","09761764-46d7-470d-a1a4-7ea33fe70b92"
"86ae6e29-76a7-47b7-bd94-8145cc395cc2","fe3f6853-82ac-4480-86ea-a9144bacfc6b","066b188b-173a-49bd-ba9a-1c9b821bb1f6"
"87e41b9b-11e7-42d0-95d0-3a959a02ea65","a169a414-abad-4f73-9985-f022142636f9","069f4149-5d6b-4b45-84fb-b5d1fc23132f"
"892d31ad-2118-485b-ab29-fca054bac8fa","d244de34-11bf-4a76-b8b0-99d9b33e238f","0d134a2a-fd9f-4554-997b-665fa098a459"
"8bfdfd09-4ab8-49de-bc53-ce041232dc07","7c2f3b1c-901a-48d9-a68d-09b2d5b5a4ca","0182f44d-69d4-491b-bd8b-e2cc80663260"
"8c5917c1-c6ae-46ef-a446-445978a7890e","9051abc3-95f9-42f4-a003-6c1aa2e9b839","0b830ab2-bc33-4dd3-a4f7-4a40eb394169"
"8e55993a-7741-4c10-99f2-722401098795","aa4173b3-a898-4701-b7a5-38d5b889f1a3","0a8b82e1-5243-4b02-aa42-2f17081563af"
"8eebe109-39ea-4578-8664-5a18a6035d3d","d9c1b43b-e43e-4bf8-bb15-ce98219070f3","0e4e05f0-abfd-429f-a634-2790fea8a7f2"
"8f2b5753-7b76-4e14-adb1-282d662c91d1","88e5af4e-1a52-4d60-a049-90474301b008","0773001a-01b1-4e13-a19c-c688a4cfdeb6"
"8fabce73-a9fb-41e8-be31-e008623a4c59","f823e910-1531-45b9-becd-0100c4dc8dc4","00f9d765-69a4-4d81-9b67-73810003c864"
"91da1d42-52f1-469b-9e31-e4b70190a510","f826cad0-34ba-4195-bca3-7ab0297c5b6c","096cc4af-82fc-44e5-81f2-b108afee43fe"
"92c50745-6306-4d38-92f2-a93f2fdbae2a","56cb07a2-54ed-4be3-ae3f-8ab65dfbc452","0721d39f-3e0b-4756-aa53-f3ec6041c658"
"94878079-39e4-42e0-a2f9-e3b82f5bdc33","4b8f7680-1204-4da5-9770-6fde30fa7534","0ae7f25b-5b50-425b-bcfc-73fca7cbda76"
"95448a40-80b7-48e4-a4e0-68593894094f","fc0c5446-8dcb-4e12-977a-6bd1c88bde4d","097d6a14-e3fd-401d-a0bb-564f051f9f8c"
"962680cd-6e4c-485d-97d6-fdbc7255024f","e1d201c5-02d9-4fa4-8374-af83f8a41c77","066cf10f-57b3-4c37-9004-1ab6ea940e58"
"981f1334-722f-4064-a5b9-e9d2226ac1bb","a6b52ff4-5ea8-42b7-867b-0122072fcf07","0d801db0-fc53-43c8-80bc-08b91750d386"
"9866036d-7c6b-4614-99a4-ac2aea09316b","1ba68e71-4467-44c5-bda0-634bab422b66","0b1959df-447d-4921-8200-5a9875e67cef"
"993ba638-2951-4a9b-a947-82f29d25fac0","778a3392-3907-4087-a973-0f51404b16dc","00fbf032-5ff1-445d-acdc-b6b423d835d3"
"9994fc68-086f-4d2a-b492-467920ea16b8","f94c1062-0952-4011-b145-2ddf6e5f836d","0b375577-0b2f-4712-8fa6-ee85fdf3d263"
"9ab269e8-2fcc-4287-a010-cddfff9f6596","7448039e-3e23-4da1-91b9-8f415cd4edc7","09c61d28-053a-4e5c-aa1b-b1d776e05fbe"
"9ab5968a-0811-4223-a6b7-65e8b0b1df64","bff941b1-ef6d-43f0-a826-25871d891d9a","0130824c-951c-480b-b0ae-09a45f6fe65e"
"9add0754-dcea-494d-b2d6-f6e68b892b45","9f13c4d3-e944-43a4-8b93-3ac99a342b7f","0b15fce2-9701-4439-b9a6-a838d431cd96"
"9b0e93db-723e-41a4-bdff-75722b508b9b","dea320ad-484b-49bb-9df3-8a04ab553609","069b1800-ac0c-4e3a-bd5a-a677743621f2"
"9c99d3a4-0263-4d19-aecf-482c94b0a2d4","e347d4d0-2265-4418-877f-00a5e88f48ef","0516376e-fee7-474f-938b-da176dcda3c8"
"9cef1350-c2a6-4bb1-ae87-6f4fc0e1ebfb","39ac4edb-c005-486c-9fc2-a43f853e484d","06c724ae-aed1-47f5-bef2-64c9f8556c46"
"9e87d700-45eb-471b-9526-96a72bcb4a58","ef1b606a-3a2f-4d53-95ca-977d7f6c9a60","06b621ae-7279-4b2e-89f4-9a81724177bb"
"9f97f350-95d5-4bf6-8a83-30f1f77ed1c2","53d4f568-68a4-4456-abba-4e5b92ce21d7","0c3d3661-9d2a-43d9-8024-799307ee5256"
"9fdb59ae-e379-48bf-b8f2-2913fff0af4d","e5b9bb9b-89f3-4f2d-a264-e4d8c78a4c04","0b9310e7-88fe-4009-81b0-8b9980960ef9"
"a1018d36-ca18-44d4-bc27-cd8085db2516","5ed3073a-ceb2-40b8-aa36-bfac7cb88231","0352e8ee-18a0-415f-9f65-5798f6cacb05"
"a291c49f-c907-42fa-8cd8-7e0a2eeccacb","a1d99a34-6e63-4f4b-ac9e-25f3560757c8","0a77ceb9-4664-42f2-85c9-1f98d06c2368"
"a2df8f6a-6d0a-4052-98fe-647040dc6d45","71d6c30e-8860-4892-ad2c-4d8d96e29490","0e02b544-5ae8-46ca-9767-ef024333d5d0"
"a4621ced-ea60-46f6-ada1-66ebd6b17e3e","1cfa53a7-3e8e-4b6b-966b-77b2761c78bd","0ae7f25b-5b50-425b-bcfc-73fca7cbda76"
"a4a86d73-a350-45ee-ac5e-5c89f419c9d9","f0ea502f-9411-4019-8c21-81731f02e401","01d5136d-64ea-4e70-96ff-6fdc614196d9"
"a6078f01-a663-4708-969f-f3a17a74f9b5","5155ecd7-3e99-46ef-a7fa-f90f02c6dfa2","0a421364-8d11-4509-969e-695624b4ed61"
"a6a68496-99a1-442c-8101-22e05141a825","68ca0961-c69b-4b1d-81e7-78a019ad0a50","0d1e99af-33b5-4aac-babc-77f203086410"
"a74fbb47-c3c4-46e1-8a28-47dff9e06813","5ce42981-b309-4b1f-bb0a-0904ff83df20","019bfab4-9dbc-47cc-98c2-3e09469a0c4a"
"a82e83d1-894b-42e3-897e-34be91a86698","196d4960-b897-463c-adae-ea9e4456d1e1","05c63587-098a-4634-8c28-ed7dce57da0e"
"a83c51e0-0a92-4944-a349-04e29242235f","1d5b8f19-bf23-4aa8-880f-5d94a6a1f626","0453751b-8e35-4e7f-be7d-17a6d4e1e936"
"a8b43f44-27d3-4ede-a334-2987d4ec61f0","3c683c0c-f0ec-4baa-929f-e4cb9c6eb6d2","0b970c4a-bef2-4e2b-bd4e-970f90222710"
"a8d58d0b-3b49-449a-b46e-4de67a799be1","d23d91b6-6664-4269-a9e1-af2dbfa86588","08787d44-d82b-41ac-a8f8-48dee1a94055"
"ab9378cc-87b2-4bdc-ad94-f0fd39da825c","4e9fbb09-e9e9-4c04-bbad-21e804ce16e9","0244aa68-84ba-42b1-9a9e-42c10bf3f007"
"ace05a00-11ff-41a8-8935-2ce19cb878e0","9dc9ee8d-cab7-4606-9be2-42a730cb4bc9","018c7b9e-0fe4-4e68-93ef-80bf189dca14"
"ad8f6422-46f5-41ae-822c-e713a04651c8","8801a6f6-6c0f-4ab3-ba4d-9a785e0b3783","08155678-913a-462d-8148-329fba75b3f4"
"aee88b17-31ea-4732-96c9-7cb2aefc1913","8aedc2ee-c639-484c-a43d-8c848a5e40fe","0d0ef0ef-84d5-42c1-b229-72500fbb0945"
"b1f686ae-c645-4ee5-83e3-970be56487e4","25097c9d-fcc9-43b2-9dd2-239a23d87d22","0551d5f6-3e21-42b3-b705-67d14dcb0f08"
"b23a12b6-684b-41fc-9fd4-f36d1af576f1","f4bbc979-3ff4-4684-b3de-1993ed2a628e","0de6d7fc-e3ae-42a3-9007-3984258824c9"
"b26e1c64-49e7-4da0-b6b6-0e20be3b1e9d","6dc8142d-80bc-43fa-9181-c3584acff25b","084db9e3-1fa4-4073-8b24-40e50a613a54"
"b394bfef-0294-4b14-9277-7bee13d96701","350d823d-8e8c-4622-ba56-ab14b05a04d3","016f9d06-9107-4cd8-9299-b9ac680b35ec"
"b637b394-b5f3-469b-981a-67beed46e610","34e5dc9d-ddc6-4f9c-9aba-a00e9dad8330","0db42151-9468-402d-84cd-ee9a6ac26cf0"
"b857dcda-0549-49a2-8c89-1471db204f15","711f4831-b9a2-442f-b93a-8bd24b70cad8","0d2178f6-df7d-4d64-a9d1-500c7ff86dfa"
"440ca3dd-612e-4861-9314-65e866e32ea0","f9fe2359-c4f5-4f39-a94b-67e7aaed70e1","0a244de0-add4-4b04-89bd-cc558545b843"
"46267d13-ae7b-4e8a-a40f-b1a4fcca9a46","bbce5cdd-1b0b-4cd4-b7e3-efe0962eb29f","0439a8af-dac6-47a3-8be3-52d8b7cab01d"
"4778fef9-1bb1-407f-9fe6-9fe79ae878e4","fd4defe1-6bd5-4128-9e37-aad92bb3dff0","017f98b7-f197-4abf-ac59-73bed6c2eb44"
"47dedfcd-f41c-47b4-afea-f774949d4801","c32499c9-9d1e-46b1-8f36-b0d06a5bd874","06d700f0-70c2-4364-8801-b03f8582f0c1"
"4ad455c6-4d53-400b-8733-f9e458e1e2eb","18fa9f93-c4b5-4d2f-b6d1-90453375096a","09ab3ebe-2f77-44e2-840b-423ef054a3ce"
"4c46a37d-6fa6-4a4a-a5cc-93a76cf7e036","2318848e-51c8-424c-8f2a-095dd7d22eb0","08b51095-9610-454e-82af-ba3524b53a80"
"4e640112-8ed6-4b9f-b2e2-916f80e6950d","a911aba6-c971-4b14-8321-8326b378f66f","0b4f56a2-1d9e-45e5-8063-498c6b83ef3b"
"4f24d686-033a-44a5-8000-53267dd28f16","09cbe4cf-6bdd-4000-9523-cbb6546a07d5","0b2e9fd8-71df-4862-82a3-6220dbf41f37"
"4fc3d592-35e1-43fc-89a8-5fdc365d5f38","d2a3d965-021a-4d69-9fdc-3fef4f452fc1","09892f05-884a-4523-963e-b2878eb01d28"
"54125879-e0ee-4a53-82d3-8228e73be8e5","8b67cb57-35a2-4d47-84ac-d14cfe0aaeac","0b2b20c6-b060-40a5-83f7-0744b1ad7012"
"57ef0653-7819-43e0-92a7-c345807e6fe6","ab0cab5f-5c81-4ff7-a363-956dd00417af","04a4b95d-a6d9-4b92-ae3e-f9024c7f5dc3"
"5a6162b4-af10-4121-a4bd-6aa6acfe702b","a2751012-f95c-4158-9b32-6c18dfc02888","0b2d34b1-4a13-4c96-933d-63efa11c887c"
"5bcc4e58-7429-43a2-b807-6585189fcbfe","11897924-1dad-4355-a4c4-2e254abb8028","0847499a-3547-491a-9b30-7e80075ea947"
"5c2ad744-7463-41d1-858f-a3421c2601a5","bd761913-3ad5-4c6f-aee4-0fff0447d892","098f0ee7-0171-4686-ac28-d9aab23c20b1"
"5dec8c2f-6ed2-40ef-9038-6a058fb40d1b","da4b8273-9afd-4f11-b9c4-c3d22d794c00","00f05ceb-af04-4849-8108-65cc9ea8caae"
"5e1cf66f-c01d-4a29-b921-b72f1094eb06","d894b0ab-1a23-4b4e-8a1b-813e16ee1e0b","0217c518-1507-4cd1-9651-1d4b57e07d29"
"603c85e9-9084-41c8-8f6a-fcedf9417d45","d5ced804-bd71-48f8-9d93-41e1f8f0f2d8","01821c87-7d7b-4c2c-86e2-7cf2ca4d0504"
"60d7cce1-f046-4e68-99de-c575bcb91f56","17e7e9e1-57cd-436e-a8c1-25c6126704ee","070d6166-d3cf-4913-8739-b1ac29d84ba1"
"62fd82c7-b2d4-4b63-b850-21c8cb2e871a","20930c34-e934-4062-a6f4-4e2d68faa7da","0239b131-3af7-4359-964c-43432abf078d"
"64302fa9-345e-405c-b8b8-b578dbeb28b5","2f07f3a5-38f3-447f-9205-6517faba1662","0691e890-9655-4a1c-8c31-322b95d6e909"
"66d35bee-462d-4127-bbed-73c9cd54e8af","0fc2953d-74da-4649-8d41-fb808e5bcd68","0b86bd20-d84e-43a1-9473-113cf1f1c1d6"
"69f85a7b-3925-459d-b035-b98288896d5e","a6c5361d-e021-4442-bc14-09f5a8fc4d1e","04485127-95e5-4795-979d-073613bfc6de"
"6a1f9cee-3279-4df9-b956-e591b642419d","b4672441-47db-4d2b-bf09-cb6f94c6552d","06c70c47-bcd9-4fbd-8b02-fa6cc4c1d1ee"
"6b912fd0-f9b7-4514-a542-4399ed828573","bd27df28-3d44-44c6-a584-8c4ae93d4568","02dd2737-dae7-47b9-90db-339d6c125e0a"
"6c0a2cb5-3e6a-454f-bfb3-ba92c0874f96","f47faeb7-3cf4-4bf0-99ef-d386e01f8470","094054ad-f040-491c-b876-3c643e5ce5a0"
"6c7a1b06-5b30-485d-b478-a3c58d09c281","e118ed02-fec7-4093-a307-8e2e710610d3","06b44e3c-d71e-49ca-bbc4-148601f7f968"
"7012dd09-8e65-4e45-a426-a81942cbeb0d","7a8416a6-1c54-48ca-a7a6-14e295a1b587","0b2d34b1-4a13-4c96-933d-63efa11c887c"
"70ffb032-63af-46e1-9cf6-bb90355f643b","0b018f9a-d1ad-4a4f-a056-3265d5dc620e","03bb16b1-1691-4457-9fe8-0041eaae2acf"
"7160659a-15a6-4f27-b6c1-2156fc0bd851","fb0dbdff-74d8-488a-92f3-5aba9c8ebe2a","00ad7512-4d7c-4ff4-9060-533947b0849e"
"72e0c90b-ceec-4316-b7b9-09cfbffe5d53","ed12f7fb-61c9-4d63-bd60-b311904f53c4","005328af-ac99-4231-a9bf-42a1b59a72d0"
"72fe15f1-2455-4a52-94f2-e47ae583bdb3","4857778d-0283-4153-bd05-c559d4e89d0b","01ef6fb8-d861-40b6-b59a-7d1daad4dc5e"
"7330d889-f777-421c-b050-f3d98fdd95b3","3c112851-6649-4613-85eb-959da6d77a75","0836fb7e-7991-432c-afc0-37ac86be4835"
"73cd1b13-2e22-4350-986c-f34448eff605","aa461411-98f7-4a73-8332-dc52248de5f1","0a4e757d-9092-42e6-94ff-32cbadc13c00"
"74b46b83-72d8-4b37-bb4f-8954e014da7b","798a0fa8-0996-43b2-ae8d-8b861f2ba7ed","03c4aae4-3d1f-45e1-be2d-0138e67313a5"
"76974332-1b98-438d-8891-5b7b52b773fc","8d5ae798-c41d-4aad-a526-ed29ead888e1","06afed65-d209-41e1-80b7-e33e4b179303"
"783be24d-cfd1-401d-a2eb-199f64ca1c0c","bb787dd3-590d-4a35-9335-4975ddfd83db","076a2823-8e45-4ba3-bcce-a5b2c37123b7"
"79ad8dab-080b-45aa-8a00-4a2dcd76a1b6","a5f50f6f-7e99-4900-983e-3a7310568097","01597543-d7d8-4222-ab28-7c12540abc0b"
"7a40e097-a432-4500-9722-a2629bb1d98e","06c87e8e-29d4-4c5a-b06a-094be154fb50","01ab148a-9d6c-4d44-b6f9-50d0e4467423"
"7a48f5a6-5b37-431a-a9a8-1fad4291c6f5","228056c7-2f43-49c2-853e-91d3b4e114c9","03bb0829-1d70-4ebd-ab03-9dbff229e148"
"805bc083-83e4-4914-bafa-81d4361edbd2","27865d60-63a7-408a-9e76-226a27198ba7","0627242a-8b51-4509-aaef-69f8827e8908"
"80824fca-8375-4193-8f0e-715282366571","af45f37e-aca9-4389-a0cd-bbedddfecec0","0a057a64-aa15-4882-9c03-750a44590e22"
"80f90a1b-70ee-48c7-adb5-ed24164e2ee8","9c3ff39a-165a-45de-9815-f24d6cd1fc1d","0336a8b9-ac70-430f-a770-8d29406830f5"
"8193cb26-4a88-4de9-9aac-65f2ed9d2c40","1e602cae-9527-440d-bc53-e0fdc63d4f44","02ed0a86-3418-41c3-9170-bd91691805ba"
"826963f9-1c51-4dd2-bcfe-ff239bb50042","9a5db000-b366-4453-bde8-c070e3cf84d0","0727413b-b7d3-4ba3-858d-d386f6bf8246"
"82a28c98-5e1e-419f-ae13-ac25188a7113","f5282a80-6071-4815-b158-e001ce494099","00d54262-6f0a-4789-8d2d-34ee19dd08ba"
"86ab372e-f64e-44b1-be22-7ee70e8229f2","5e946bb5-90bf-463c-9134-0a9aa4f0828c","048a9a9b-b5b7-48f9-a58e-8d89613a40ce"
"886d6446-02f4-4301-a6bf-e42a6b3b5297","9cd6dff3-cd4e-4ce1-9fdf-e4b2253f39ea","00e79ea7-573f-4037-a3e1-ab7017cf7bed"
"8878bb5e-20c6-4d06-b569-f4666f414cfc","8492c257-de4c-4098-8562-4e3dd66ae6b8","09c9650f-ca80-4f35-9b6a-4688c903f8fa"
"89b76e17-8b41-4f6a-b659-4f6129b3545c","66da82a3-6c1f-46f3-bf42-40c3dcfccde6","04be85e4-99d9-4f26-bd21-1d1bfe51f1ce"
"89b8dd02-c9e4-4810-92e7-8e842a6b3d40","8adfddc2-b2ff-4837-8a86-394860bd7bd8","08eb67a5-b543-47f8-b007-9f0db79ce879"
"8bba13b7-df34-4c5a-a7df-7ca0f63b4520","59189c98-181d-4365-82c0-437907201689","0b6d7537-6ca4-49c4-9461-cd8b1d825e49"
"8c1f15c5-15cb-45d9-ba37-fd67ed939455","50ba225d-27c6-47b3-8ba8-8369a5cddbdf","08cffc3b-749b-470c-b1bd-a3f0ff6645c6"
"8c61b4ca-b428-49be-891e-291254469db9","8b9e2709-1402-4329-9cef-e276c1f4c4f3","007ee11c-2d91-468c-b76b-525275d02d0b"
"8cdf0711-85a9-495b-a51a-35b366ba2911","fa7a754a-45ec-4497-be08-9ac6ddeac1e9","0339ff2b-94bf-48ed-b598-8f06f930561f"
"8cf4ad32-f821-44e1-bb51-1e8598ab8de0","a5f5d984-7aa9-4e65-9c4d-c686a4960957","027083ca-9d93-4bb4-bdae-21421c0d8022"
"8d0d040f-d2ca-4d35-99b6-a4de20c59268","71e80af3-acfe-4cb6-8256-8235eaeb6c54","01a55a9f-38bd-48e6-a8dc-e65de00fc278"
"8d0f03fd-a712-43a5-9d77-978b58e42cc8","c33c2ef6-5e08-408e-a864-e609779ce22f","028c2fba-7e23-47fe-a656-650b5fc7d923"
"8df05903-a71c-42b9-8689-4abba17d7890","325ccc3d-2aca-4590-96c3-e8baa25061e7","0052db35-e2c5-4712-996f-0a902f73472c"
"8f74da40-9320-4046-ae5d-35d636befc94","4bd48698-5436-49fe-8c23-011ce19867d1","01dfbf82-ba1e-4943-ad42-deae4998224a"
"8ff54884-b2e1-4b9a-a445-d99536df627e","e65bb3cc-ea72-4c49-8778-1d4451c2c77e","093ffa25-b070-4fe9-893d-4ecddcefefd1"
"9017f772-332d-4628-9900-d7e675632651","5c9d391a-5f2a-4946-b1f0-3598548ad626","03f1cae1-cbfc-4a3a-bd08-169791033797"
"90314732-6f48-47ef-90fe-3f7b6f05e558","239b295f-ff22-4267-a9f8-388b4fce29bb","04f15f0f-0e9d-4c13-99ce-df7fa7a02d5e"
"91639d60-b471-4f99-bc48-d5d0bbc77c90","15a6d88c-d8dd-4678-a3e3-34ca7b2c0241","07b86d5b-9b50-4575-ae0d-df4c0658b74d"
"91c98e26-584c-4140-b89b-076097dad76e","2ba5791d-9e72-47c6-9a22-08d7843a01dd","0978d7c5-149a-4da7-82e2-312c78024f73"
"959a3959-f20d-4840-a95b-532bc5843b2f","74be2dba-6652-4c9d-aa25-05369e5d4856","00b2a875-c68b-4c35-a975-2342c113a0c9"
"44f75798-cb84-478b-861b-eeef86d35840","f8453b04-29c3-4fec-9617-2dce7376c2cf","097d6048-7cb5-4cf6-add7-138d16e251e6"
"45033374-4998-40e8-9392-6d3ab481fe24","6d350edd-f504-48c7-ade8-c9e1a530662d","0096e292-ae77-4393-8dba-04b0e6bcdd87"
"464dcebb-5a98-4ed5-82f1-1249686c9d61","86a3c0a8-5957-48af-8b09-3f1611b3f899","038a9cbf-863f-4aad-a444-87a7426c64fe"
"474e1a9b-d791-4e2e-b65c-008ab1d400a0","58fe86cc-8058-449d-b0ae-4849710b0c9d","0896a1b2-ed4b-4ebb-8632-2c187f4c5d06"
"49e72856-2d4b-491d-b3f9-9b4b5ce81802","be6f3efa-b68b-4cf7-a82c-b2c7be8b994b","09c2d9c5-b2e6-444f-95a2-8cd15c296715"
"4a406a2a-5017-49f0-a858-7858f75f4d8a","51b51b9a-81d8-495d-b902-773b5a325964","04e8fabb-9eb4-47b8-b6ae-cf74e2da7358"
"4af40351-30c4-433b-b9d1-7297aa6b721a","32340430-c2df-40eb-a533-11d1a37c3cb3","0d7df197-049d-4e84-a60f-8c4ba7457eda"
"55c2af4f-9e43-4423-98d6-48f4616a4f04","8fa41760-bacf-407a-8203-30632f71c585","0b59c9e2-120c-46ea-bf83-cec0ad5c7b7c"
"5731133a-7b5d-4f5a-8822-963f881b863f","5a7f9e18-90a5-4b03-857f-c90389c370a9","0a516bc1-2271-4ab9-a13c-05083d535652"
"581d2f47-7ed8-4250-a575-031ec33f81f6","67545809-aa45-40f3-8046-3560dd1b9518","0bd00786-cf1f-4d43-a4b4-3af9647f4f19"
"583ca60c-badc-4627-bfac-1ef14a94c63a","0c3f3336-abf8-4a19-bc3f-7cfa3add11d0","062e7ac3-2a39-42ef-a8d7-e305a2dc0a0e"
"59825beb-3238-4101-a224-97238cda4978","f47c3631-b2ed-463d-bfba-222cf45b306d","0b461698-a6f3-419f-b749-d740b12814ed"
"59d334d8-9d69-4f1a-b142-40c2e51cf7f3","a22afa8e-83ec-4c48-baa0-9f8ae84d593f","0d02f202-10b1-43ab-9e12-2b07a933f3a1"
"5de1267e-e8df-428f-a326-8f8b131f20b8","55e2658b-fe8b-4fe3-ba75-86e820903f3f","00745f1e-2ac7-4bca-a6c8-22ab5c1ee130"
"605db0c4-a7c8-41d4-ad0d-d86cac737186","964d7527-b42c-4923-8bdd-2daf9ed70021","06a3f2a2-d4ad-4d52-8d16-03a0e786c285"
"6204d4b8-2b62-4878-835a-1b37c30f6dd1","cd188fd3-ec01-4c59-81c9-88782dcc8def","0a959e78-7e89-4b76-98b2-bcd13774bb2e"
"6239533f-ed1c-4f6b-930c-6c20bf0c01c7","30a5790a-41d9-44fd-8fe8-46462e791e2e","060cc150-0e5f-465f-9d9b-c70c6a9a6f7a"
"641a5a20-d3fb-476d-8ea0-cde73ebbae4f","e860d051-f953-4c30-af65-1fa65e3c0db5","02b233d6-4a24-4a48-b66e-a441a55ffd57"
"64484279-427c-497b-80d0-f4fa67efeefe","1fec1b3e-5815-4840-ac19-7b03f6a401d5","04d866b5-b359-4544-bc89-66aba1ef63e4"
"64bd0dd4-c37e-4988-89c9-5c83cb495187","ccc45ff9-dfef-41fa-b6f1-af1569232959","09f4f3ac-2b29-4c18-b4c8-79d9a11c0e33"
"6926958a-237f-4cf3-8277-8c6ecb69d7bf","cbdfda12-45c5-48fc-aaf0-b6356bb54445","065c057b-e5e5-4312-9cd4-cedba85d23c9"
"6c46abbb-a58f-4b8d-9d9d-a91d5c5f7bd2","762c808d-4168-42fc-acd1-aa0cebc7c314","09574233-1631-4110-b0bb-20302b70b0aa"
"6e64b79e-3695-4e02-8574-21cc21168061","d77aeb67-6aaa-4e55-b967-069eeb56e87b","0cf7c98a-e754-47e0-a61a-e6c2ee050838"
"6f7949d6-8d5c-4e3f-bcd8-a16d25ccada4","63a132ac-0f07-4e2c-a2ab-0105eeac6544","02942481-98bb-43a8-94b3-30f02006cfa8"
"70f707f4-8c1a-47d9-818e-6176939a8b68","e33bb67e-e559-4d26-9870-5b63c93116d4","001155c5-1664-43bc-b8a7-22277842830e"
"716beb56-acb6-4d00-823f-5eeb14246e74","4eaab046-eb91-4100-a463-f50f8516c0a8","041c645d-bf71-450c-9402-3e2a19097583"
"73045c9a-f320-438d-950c-184208400e92","bba06648-f716-48dc-990c-4e9a6333d263","01d9955f-27cf-444c-a7ec-496b749c0f7f"
"7329c287-c6c1-46eb-99db-e46bde2521c2","0bf2d632-a39e-45ba-ae32-e32651ae8897","02b77ccd-2ca2-45a7-9f33-a14699668ef6"
"733a5ab1-b971-4fe0-a4ec-f029e63396f8","5ed604f1-a23c-489e-a43e-6f745f5012a4","08349c7c-d5ca-4a53-8b62-337c691415fe"
"7341a899-a4f3-4db8-9bae-73f338f0d732","081e39ee-8f61-4815-a320-e7ad4e75c2ed","01647085-b270-41ef-ba68-192e0d855c2c"
"74827e81-dbe8-4a71-b410-0dca63310383","4a04a1d4-f567-4ced-a25a-1f31c9c89283","05110e5f-923b-45ce-96a5-44d002a40d5d"
"75f6b679-ba6b-412d-9cc0-abecc5624384","fae4c227-126c-4b45-8221-e18ad6f5a991","078214d5-0f2c-4ffa-b71f-ad668571fd06"
"79672ad2-c003-43a5-8a0a-335184eb700d","cb51946a-30a7-45a8-b568-3642fe8f44d3","009f1eb3-8701-4310-ac2f-6167a10d70aa"
"7b0f0716-c339-4dfd-8d7a-65af969a89f2","129a64d7-03ce-4582-bc7d-5d540b0a1f71","057b3652-4c26-4b66-a899-52c9dde06d02"
"7c3fcc4a-2019-4150-ab9d-2f9515ba1e19","578e32a1-6e52-4f68-bf3e-f210169f5924","01828cec-b8c6-465a-bdad-73cd58a4b4c3"
"7c8f5c2c-f8b7-4517-8dfa-2dfe2a20b4c3","c39f1a76-59d2-4da7-9bde-0c0bae1ac79f","09900b69-7132-4bc8-a7bf-00eb273a3c5f"
"7d228c1b-fc8d-439f-9012-056fec67d4e3","08e61a07-aa54-403b-8afe-b08745436f58","0c759c12-e071-43d4-ab2e-7ed5e52c6252"
"7d6058c9-c3f7-4a09-8159-2daf4072e3e7","b0fa055e-2225-4ec9-87b3-30ac0fdacd5a","045bc9d2-c9c4-4558-b8a1-9bac6d3715f0"
"7d7be419-e3b3-4157-a08c-b90009052f57","de2d0883-4a69-452a-9316-c56d7c3278b9","005001c1-5e0f-45f9-8ee5-ec0ca28aed5a"
"7f112bc5-ef6e-4a06-bed4-37b88a97283c","6730b44f-ea06-42f2-a3ab-5542b2f9da83","005f9a9b-7861-41b0-bbf9-79b0b7b2cf48"
"3c74f68c-6a80-4d4e-bfdd-44407dc04ffd","4cd0e8f6-af81-4839-a10d-b4cc35304b9e","04827186-ab21-4baa-98f5-b1e8f79f634b"
"3c8b4116-2b11-4926-9e27-f68f84ab41d0","8e4e0532-e3a3-4854-8d58-5c4a95e08d8a","0d641c92-b052-4736-9e86-1deb4f399f08"
"3c9023be-63da-4b7c-a14d-caade702150c","907d9605-332a-46c3-aad3-9024852d7c5e","0cd3e6f6-046c-4051-b349-1bdafabb5e71"
"3d113a50-77d1-4050-920e-eea01d86ae45","b6316c91-ebb1-44ad-beb5-3e4be5744691","0c1f41d9-5029-47c4-b400-3b289bca1985"
"3efdff4f-e553-4656-b517-ed53267a42e1","c71a747a-ce70-46bd-8dd7-52eeb789fca2","0cdbc30a-0376-4af8-b98e-d2814cc6bb80"
"3f0efc72-a828-44f8-8c47-aefe7da8b881","27269b08-6b23-4879-8959-fbecf3d14f81","065f4177-ec81-493c-9959-d0809896efc6"
"3f0fb4bb-65b5-4241-a376-a3d827cec9f6","69ade101-478d-416f-a228-ffc20fc7d557","0cc01c42-9bfd-4d40-9c83-c997ff31aefb"
"40550a22-6469-412c-ab7f-625b1d00ecee","000e65e6-6c10-4409-b980-0bf91c5fe590","03fb3830-ad26-4dc9-a3d4-f99d84caa574"
"40b14dca-2175-4552-b0c0-0c2af91a71da","53900241-0d2c-46d0-8595-27d61c07f057","026d8461-20b7-42b7-b46f-296cbb9f74ba"
"4266c554-9562-44c0-a37e-93b52e690c52","12e6a2c6-a54c-4728-b5cb-9d8dc79d8eb4","098d62de-351b-4757-904d-99686109dabe"
"426f26b0-b2df-46ce-aff5-797eb81ebb7a","5cf441ee-8271-424c-b508-d8804d46890a","05f0d069-99d4-47e0-9927-a5f92b27b727"
"447fa4b4-1de3-4d47-a57f-232e0f03818d","c085a84e-e7f5-402a-baf5-d25a4718f80c","02870a69-a75f-43d2-b814-aa72cf5d0a65"
"45e660ad-d5f7-4565-8dba-a279a41bed27","24c8b99d-86ff-44fe-a1a2-5390578b2734","059a8217-fe37-4314-bc4c-9765e4dca90f"
"465ec82e-c8cd-425d-a5f6-cbbe2d993497","47d16ad9-9bc6-49a8-9035-eab87979a061","0a1735dd-cbee-4c8c-aa70-533cd41acd73"
"46a46c1e-4818-42e7-86b2-df0ca19028a9","44d2c268-5e94-457b-bc9e-b9349cb77e31","041066c2-e0d6-40bb-8348-09833911bbe9"
"46d91149-f578-418e-b8d7-432f196f5718","348b4dea-8f34-4d5a-8283-96d6361a1bae","0c96254e-ff9e-4900-af7b-ad5f905c5095"
"47cce2b1-ecb0-4c19-96bb-b401f72c284a","7ff60b95-21eb-4061-a156-b49cd33d3815","0478509d-705b-43ae-a5b9-bde8707e61b1"
"47f5b574-a81d-46cc-b5a0-564e4b6f2ba3","982731fc-1bac-423d-9f8e-6acdc9a4d3f5","046d99b6-879d-48ab-a2f4-dca5ba20a40a"
"4aa23cd4-68c8-4aef-a4e5-d941b2de705c","78bc0145-7aeb-4e1d-9b53-c3b6bbe77a19","0bf64828-15c1-4a2c-af2c-3cb1a6d79ebf"
"4b0971d9-c8ea-49df-b3f3-41306c22fec3","a735c235-7abc-483f-a398-261c82e3ffa0","0bbe607e-1ed4-4345-88ac-bb5a923875e3"
"4d1c243d-3aae-4516-ab86-2a882f597b11","2743bdcf-ea50-4795-9525-8064b7aaf535","026d8461-20b7-42b7-b46f-296cbb9f74ba"
"4dfc1dcf-1218-455a-89ae-8bd9683675fd","a67b5587-b06a-40de-9dde-3ec7fa3868d4","04db05d6-5c81-44e3-a7ae-5ad039c6e908"
"50ce3bfb-2b88-4a90-af71-674198eb4455","fa1c545a-a630-4d47-9141-673fadbd5ae2","04c13764-b790-45b0-8fd9-81c47c6f72f4"
"51b45d84-2812-4eeb-92ce-d135127917d7","010cd6a4-3f5b-4e75-b568-e00502f2993a","01a53f28-1ee1-4b10-99ef-7f14922cd789"
"552b5ea4-d24f-4795-bb9f-5b91e577e305","aac8274f-0b77-439e-86c0-ddd8bdbaf6e6","04343066-7f23-4248-be4e-10b23bdcc88e"
"59451f1d-a769-435d-bbdc-6ccadce8b879","6fe4ed63-0029-4c11-be2e-d242d40617a5","0a162a8b-476e-494b-acab-9b97364cee46"
"598d2b9a-f9fa-44e6-8b59-ec329646a1b3","ce7b67ed-a385-4f5c-8c6e-30c2cf746a36","074537fc-4f03-4292-be1c-d16f25b13186"
"59a58f59-b19e-428c-96f4-313dfbbe2699","c67cd730-dfed-4fee-b843-495b57649c7e","06cd19d9-ae26-460c-9ec1-bef7ffbadc78"
"5bd5f537-02e0-43f3-8a79-79e2abd09edb","4ca08193-3e6c-4e35-9bdb-925283be35d5","09c8ce26-a278-49f0-996e-9c0dec81d2be"
"5d9b8192-6781-44ab-a038-92752975455a","9f3195f4-4a7d-483a-bc09-8b82bdc7b918","02f5f164-d6c6-4328-b3ad-e0a794e2aac5"
"5e397f67-4b88-4f3f-ad32-fa3eaf399657","d02359cd-1585-4fc5-8f7e-b24a63c20831","07f2ec3b-a046-403b-afa1-3435e1ff4046"
"5f019ace-51db-40a4-832c-243a7a667cbe","649adb02-1de2-465c-932b-db803bf13644","05c3b1fe-e27e-4e23-8602-389de65d310e"
"5fb6ec3d-f251-40f4-9889-21e7d27c425c","96fec9d4-fd0e-4487-b91f-c5d9923c2b21","00833bbc-071d-406d-8465-cc3d9dd3ce93"
"601ec29a-03d0-4bdf-80ed-3b32188a2584","6d3c7143-04c2-4ca0-8be4-6329ffd948cd","0a274b4a-86a7-4b68-8cd6-72ff3cbfb7ed"
"609dd4be-4e52-47ea-84ab-44b98a215f77","ab3a0fea-c424-4902-ae77-8062bbfd4204","05c41312-fbac-414a-919b-4d7b4fdc7267"
"61d8b0d8-21b2-42f1-a949-c6a3c85a24bf","66c22e0a-bb78-4413-8f63-e753a305184b","00358b71-560a-47a8-9999-9b1eef4b529f"
"625f6733-c396-4532-87fd-2e59fd0f6d74","78b21199-453c-4bf1-8216-820818b55979","0aacbb81-bda4-4f4a-9e90-e491099335d5"
"64473934-829d-480a-b1d4-c17e84f6a934","58787770-e1a2-4787-91a9-07b40bb08128","09700e28-acaa-43a5-8ae7-3b0d6d913eda"
"644d283c-0131-4558-9998-f9fdcf5855e0","c17ea516-665f-430e-9a72-d602e583dc1d","057c11c5-65fb-42f0-9764-26e2b9a51a1b"
"6482b154-6abd-4142-94b7-5abb5821bcfa","c80f07e4-ef61-4202-bd67-62b81041e3ea","0cb3ec68-7b73-4288-87c5-3993099ded56"
"65b5f064-fa83-4e26-b61a-646dcd2f6872","a8275c8d-2113-4551-9588-3fb05915044b","07c82a8b-1206-4d5c-a7f0-bf7ce6c39616"
"6b039328-48b0-483d-81c6-1f7dad77f8a0","99734e45-e383-49c5-8f13-be7f8e3c9d7f","07eabed5-21db-4963-8f7d-a5f00fb174eb"
"6b2af935-cf7d-4686-9ed2-8569ae30d5e5","3016010f-12db-4c95-a239-bdb971959033","0d405cc2-a7bc-404b-891e-d57e0ed6f18d"
"6d51a947-ba27-4bbf-8ed1-efcd510812d4","e1a7e49f-ee1b-4a2f-95ac-3f04f204fe79","099af3b1-2c7f-4413-94c3-fc82e29b1223"
"6e55cad5-ef5e-4eba-bcf9-3ef2a2f1afd4","475497d1-2c98-44c4-893d-383d400889c3","048467ba-caaa-44d0-9a19-9cbabf7f4eb8"
"6eb8f2ea-e18f-4b84-9144-c2e3cb09e51c","27a3cca4-49e1-4f98-9fb7-033f3b65a4f3","076f8692-6481-43d3-ac44-865ddb307d86"
"6ffedf4f-8455-4332-8147-eeb32702383a","0bee4893-5847-4974-87d2-8aa55ae5abba","07f2ec3b-a046-403b-afa1-3435e1ff4046"
"72c43134-822f-4c1a-9b12-f5c0367c4f7f","2befb257-c3ed-404a-9c0a-6d6e7bac837e","0c0f5ec8-ab55-43fa-b1d2-23bca150139c"
"737c2808-12bf-47cc-8872-b0211a019fe6","a3b480d9-f869-4069-9951-7cdb18ac0d35","05b4ed04-3730-43e1-a302-10533dfe7e8f"
"739e3a60-8cfa-4ee8-8d74-c9449417eac2","739558c0-2d11-41a3-a81a-13dacca071b7","093ff4c3-b60d-4dba-852c-93c3e2740788"
"741c057e-12a1-43e8-bcd0-b6ac043d40b5","a5709eda-b130-454a-bc70-72eea8989299","01aa99d7-c3dd-44e0-9090-8d066d1128e7"
"750a0275-0a3a-4913-83ed-28cf302a8ae2","ad408c34-a649-404c-9fe8-89745628b2b8","092fb2e1-35fb-44f7-847d-b225d97fd936"
"7726f15f-eb94-403a-a38b-f5a4084d44c3","44bce947-d50e-4af7-b2ed-305f6a83c9ba","08db14fb-dd2e-471d-bf13-8fe217c2e8dc"
"7773bf1a-eca5-45a7-8519-4acf8f068c47","3c31398f-3d91-47b1-96c3-d593535512d2","06f43fff-1ff3-4be2-b609-910d904b6137"
"77d40fc3-09f9-40c1-8e37-4d2198444778","7c26af8a-1f5d-453d-9a27-4ad84829bceb","0a0c77d8-fdd4-433e-98e6-fb49cc3d9f24"
"799227eb-1cf7-4446-93e7-fdd4b839bfd6","6246006c-7d6f-4af7-96cd-bac2715d7807","0a274b4a-86a7-4b68-8cd6-72ff3cbfb7ed"
"7a5d89da-c79d-4633-bb90-8b8a577ad377","84b72238-724a-4c10-be39-e29b61da3e1d","0c8bcb9f-f962-4f77-bc09-4743e578e701"
"7ccd1e05-b1ef-4e17-8407-b2c88f5fad3a","1cf95191-37a0-4678-ae84-b8f7336a0f6a","01f5bd71-0cf3-4f97-a965-857fa6cc3847"
"7d55d3a1-0231-4618-a162-ed4ddeb0e177","ec826314-2946-42dd-9541-2d94b89ca76d","0767a57d-f0fa-40e1-88a5-bd7cac3d3db2"
"7dbfda20-70bf-4df2-8233-3e58418f30df","04083764-cee8-471e-8699-70aa0a752f5b","008b47fc-9b89-44bc-8813-063b0c8be242"
"7e599820-003c-4083-b428-a5f8c9910e35","71e80af3-acfe-4cb6-8256-8235eaeb6c54","0ba966ca-4d53-402d-928b-a2a28b9a42ee"
"7ec277e9-7ecb-455a-abd5-a4985185668e","a3b8b99c-8c6a-490d-9175-23b7b56cfcdd","09a007fa-5f24-453e-b08c-78684d54c5b6"
"804bc8ff-b31a-4bf7-a027-e10c0d853d24","c7ec09e3-0f97-494b-b60b-a7c6fd7ff9d8","0233978d-1bc7-47d6-9248-c9b619da5e18"
"806f14b0-a9c4-4ff0-8450-48939a518445","c0edf856-6389-4180-a01f-ee1bde8147fa","06f43fff-1ff3-4be2-b609-910d904b6137"
"80c5c3d0-45d2-4441-984a-2d901b32c0ad","f7881886-8a96-4b7e-92c4-b0e672a661a8","0b49dfc7-04a1-4b28-a443-920bd0a86c96"
"8237f20f-7509-4b33-b35f-f61259fa7a2f","f085fb84-72be-4b38-a605-3b961684d986","02b233d6-4a24-4a48-b66e-a441a55ffd57"
"823fa1b8-aa2c-4552-82f8-5e9a7a493bdd","110a02a8-9d25-4bbf-97ec-aa6f979519ad","06290311-374a-4911-8b10-0c7e3fea486c"
"876dbeeb-d64f-4551-ad68-74f11a5a8115","a97b9677-bc47-4aaa-beea-5537b722678e","0b3b626d-5910-4c02-8fde-42dec0305648"
"88596c19-9add-4bab-b74b-3fbd33369608","6d6663f8-b769-42a5-b0b6-3c18b43aa4b9","0512e1df-9043-4338-a54c-8454ac1f0c0d"
"894c7fad-4d19-486c-9225-109e33ed02b4","954a40d7-2a9b-4564-a727-7ddd0ae91dbe","085e25c4-ea42-461e-a5ca-92e2e7a7ca3b"
"897abca9-f7f3-4a8a-8bd7-1178528936b3","796aed38-e666-4e9c-ac0d-63f4adf9d818","03d5ca68-19c2-4fff-9bfa-cccf81103788"
"8af9a796-3691-4027-9e3a-274bd28ad532","f28299ff-a63f-4a90-ae83-dca2f7f2e048","015a82a6-39c5-444b-8c7b-a26962b364fa"
"8e4ff12b-86ab-437c-8ed0-f3d9e04541d8","96f42770-eda1-45d8-a04b-346277b42a6b","031d1445-98c5-47fd-a391-faa5dfde082e"
"8e78bfd1-7883-4680-8d26-1dfab17361c0","ffc5d1de-4378-4bf0-a7a8-eccbe37b80c5","056e0519-b5a6-46e7-8d8a-8374d9b5dbac"
"8f01931c-f280-4d45-ba23-bd980f612876","320ae4ca-a546-49a4-8240-158fc98b8228","04a8c09d-61c5-44a7-8485-b16183b262bd"
"8fa4459a-9bbd-4438-995e-aa72de9a4520","a6098842-b8e2-495d-9fb4-b664c993351a","04120fbf-ab17-49d8-b7a1-5553feef7d3f"
"9050e4a9-2808-4903-a3e4-8da0c0d4fc1c","e939e3b2-d455-4018-a366-522b2cd67b39","061cfc6d-e82c-4f86-962d-18408d57453b"
"919e9c6d-10f3-49fa-b9cf-c732027c8603","c2677661-9bbb-4d61-9807-2a478e6757a0","0560d97b-ef55-4962-a275-25930b89fe2e"
"928a1a58-58da-4c76-ba2e-91005c867da3","8b119e64-fec0-428f-bcdb-df138ecad02c","01a6b198-bd60-43a9-9ae4-303b4aaecb68"
"9369d4d2-fa0d-4165-9938-01a9878c51ca","4cf7a0d6-45eb-4d37-93ae-6dbbd92f7124","08349c7c-d5ca-4a53-8b62-337c691415fe"
"937afd2e-ad66-4ad7-9506-1bfb1c2d26e7","57f6d0a7-1750-4d8e-b5d7-498e7ee27146","0b874193-d778-45f6-a8f4-a8e43e39b196"
"96defc70-b0b1-4e5a-a262-dc81d2924e14","f3c11dbe-fcd7-4e16-b58e-0019d1d8ac78","07c82a8b-1206-4d5c-a7f0-bf7ce6c39616"
"979e9823-8845-4da4-ba28-b442d48641cf","4a608603-2d01-4542-bed6-19f9a22abe4f","04dc35bb-bee1-4277-a822-a6df71eec6ae"
"98285122-b7ce-4b3d-86ca-7bd86788435b","3c112851-6649-4613-85eb-959da6d77a75","01063b39-1611-4b2a-893e-edf0337a950c"
"9a497dc1-374b-4e65-9b40-2ddaaea7c932","10daacc8-c653-4dff-a586-d814be07ce47","00fe1e75-1bec-40d4-b8c0-884255aa1107"
"9a49a973-b957-43d0-8344-0536db016668","4a3aa0c0-c3db-4737-9fd2-1348895d2c18","06290311-374a-4911-8b10-0c7e3fea486c"
"9bf8e158-bbcb-4234-8ab3-6c7a35615422","9860c020-a193-4ae3-bd74-9b900db8d20a","085d3727-9354-499c-be5d-1915ec086f64"
"9d9a56af-75f3-4929-8cc8-3c9339c5baf4","1e1766ed-381f-4f92-ba88-347410f10294","072bfc54-1789-47bf-9b7c-14df6d129110"
"9e79be68-e5d2-4005-bdf7-bf24ef81c850","69b6ff2b-4f24-4317-bd7d-a3e566a481a1","02dae3fa-9105-41ce-8121-11dfbc1ccf1a"
"9eb29df7-d549-4818-bfa1-de8bf06e6b7e","ed3b14c7-477a-48c5-9252-6c1408f6865f","059abda9-4389-4bc4-bed3-ad3043c04d5c"
"80f006d1-779b-4951-ab1d-b12cfffe54d9","d053eefe-295a-4082-a2b8-fcb899bfcd52","02485541-3aeb-4ded-b286-1bbb42c2009f"
"83f75baa-44fa-4dd9-9166-f2757ca71d3c","425ef9be-959b-4149-89ed-0d8b8f75558d","0105e475-471b-4f69-981c-d044edf1f479"
"844c5828-0093-4ec9-895d-6b0f337a7c21","c80c5e3c-7f97-49be-9c40-0ccb8e3f394b","010d4408-7d41-4d9e-a189-1829e5749dd1"
"85b2330b-1672-4c1d-a932-5d3bea78189d","583cd6a8-d73a-4734-8fc2-eee1946e9cf7","06ba2afe-89fb-4e51-ae6e-ceb5b8bc9197"
"8686eda5-9d1f-4273-9a5d-fe0e153baeb1","e6594a00-bbcc-4710-8653-717af21107b7","04332a9b-5ce1-4551-b88a-fd9b23f59e67"
"86c1deb3-d777-40f7-aac6-eb1f1b868892","c91ed56a-c5ed-4e5e-835e-e15b218a5601","0756fc6c-124b-4c2c-a015-b7312dc43973"
"8842c9f2-0273-4834-a317-a3c7777cd1af","76866965-352e-4471-9f27-c95018c983d9","0d5b72b6-5aa6-4122-8182-17cb0b86a2f3"
"8a11c6d4-26a5-49fd-a73c-4c4612d7b5a3","0d8108b9-b231-4fb1-8671-19567da37810","09d230f0-1de2-4294-a381-f9b8bca9f0b1"
"8a96f899-0430-4381-aff4-a5751d98109e","f73de763-2aa2-45f1-9991-968908e540ac","09815ee1-e2e9-4998-b744-617d5ed0c384"
"8b04fcec-6a73-4876-ae6a-90ffd9547cc2","bb198552-a99d-4674-ab15-1810c9717813","0c22357c-0906-4578-9c3a-2798409a08c2"
"8c91f8d0-454d-48ae-bea7-201222e57a7e","7e78189d-0a86-4f3a-bfc2-a9f93b06c1ee","098add06-16b7-4d4e-9865-e93cb6b4658e"
"8cb171fc-16c7-4d4b-9e41-e240c784050e","bf38b22b-bc22-4a69-9410-1b8113e7005a","02dea204-ae04-40b0-833c-691e8917dfb3"
"8d063eed-4492-4e1a-aa44-80eeef041a23","4335616f-016e-4010-be2d-8db60e82e572","091a69bc-c7d4-4e26-b78d-079034c27ae7"
"8da870e0-6c03-4bca-addb-762fc7bb595f","5f98f8fe-edb1-49dc-9af1-5391605476ef","09dc5b23-b8f9-463b-9b56-e5c58b29e44b"
"8f1388a8-aba5-44e0-8d60-34d0707963cf","2198a402-51eb-40dc-a5a4-04e01c43ee14","0484212c-4b04-41e8-ac38-3a537afdcc2a"
"8f1e7d28-a59f-40da-99fc-aac3fda68954","7bb69fe6-fe5f-4fbf-b43f-f6a4f85e09d3","0756fc6c-124b-4c2c-a015-b7312dc43973"
"90b1b7a3-5e80-4b69-adc5-c83bb5094239","3c2083b2-68b4-4e78-b72e-90f18466a83a","03f0bf8a-a01d-4429-b015-2d23758dfc66"
"90dc5f34-c801-4126-a543-a6827741d1fe","b46bfec1-e3e2-48e2-91bb-3fa995491023","03519080-976c-4406-bb4c-8d4cccd20346"
"91104592-2358-4bdd-90ce-98c49ec1a92f","7317de71-2f15-45d3-bbc5-83f6352777de","0241f64c-ff0b-48ba-bcd6-ffe400798a1f"
"9186b9d1-1ae2-433a-b6b9-e8edad4c86a5","e77426ce-dbb1-4f15-9ba3-e0524dfeb27e","0da864b6-1aac-4ed2-ae89-c20c775d36c8"
"92292c5a-b1f9-4399-a266-c4535341a577","a67f3abe-4d99-43ed-a097-005be9dc7def","001ae195-5b92-4c94-8397-0544d980a162"
"923fc2a1-18ca-4463-b9dd-056bcc379c59","e72f510e-0daa-44ff-b780-0b0509e48042","097a19ba-3754-4cfd-bac8-40216e9701e1"
"947f77fe-179c-46f5-836b-890f11ea6db2","d69ef2da-0ebe-4fa3-a8f6-2c029767a8ee","0331ad6e-6dc1-4576-8884-2017baffb98c"
"9525a20d-a112-489d-9830-737c13332620","73b6b55f-efa5-4ea5-87ad-53fa5d377c3f","005fa91b-98bc-4f82-8075-0b66e96969bd"
"95d554fb-dc2d-41af-bb1b-e12742c33365","179b054e-2868-4d10-8cc2-790a4dff6245","05edc72b-a64b-473c-b4b2-08d653414d6c"
"96ea2c0d-b7dd-4f64-8525-eee4388c6753","f4acaa40-c824-4330-9963-b067b1b5d732","0dee49bf-01f8-48be-9d9c-027ea0ac5673"
"982b10bc-4a12-4935-9e92-ee6f159c935a","914a9d4d-617e-4c28-bf72-b9676e48651d","06ef398f-1f5f-45f2-8bf0-a0c6fe55822e"
"9c22c6e1-bc38-4bcd-8215-339f420cf446","7a7680e9-c010-4dbb-bb3c-e7167c3a05e9","05cf7012-ea35-4c30-b68a-8aa3f92ae24f"
"9fd89a03-ffc9-4064-89a0-a36b9714c06d","48b867ad-ce96-4a15-965f-3dfe2a4da56a","08f24885-9ef2-4f43-9a45-1d6a0c0bc3e1"
"a0402a07-0098-4de0-83d2-10d0ea0d2b00","23cc6784-9669-4e18-ae4e-74beceb95eb8","0b1ea8e2-8d68-4c3b-9896-5f56f5430fb4"
"a1123e25-dc52-4fb5-bef4-f2e674da290f","1eb98012-8f4c-4940-b0ff-2cdc82ea18af","0ca2bae3-b042-4280-bf81-a236a5c8cf47"
"a22adc6d-fa7d-4104-9c2d-0c61ecd0024a","4f30d70e-9639-4271-888d-a8042113856b","0786de4d-209c-4d0c-9170-8d214ef4a3c4"
"a2804cdc-bfbd-431c-9dd0-d8d709c26a4e","621aba47-077b-4fed-9664-a9dfc801f01f","03fc7aae-fbcd-4cfd-841b-816e2b5fde19"
"a3ae7c71-2217-4ca2-a6be-832a2bbed351","1c78d01f-4ffd-4a7b-b33f-679a547fead9","0e6af0fd-3a76-487e-b903-56e815cb2f0b"
"a43708ed-f17f-4124-ac64-e23cc0111699","69752fef-e840-4302-9bb4-e4a9dfcd42e3","0b0e9a56-3ac2-4825-8001-3c46decece10"
"a4eb1c89-1eee-4213-971d-f09290d9a267","918fdc44-ff66-4dee-99a4-be6f693c7274","06993ea2-9b99-43b7-ab2b-a776c3227407"
"a64fcabc-04af-4686-8561-05c80e0658e3","170c3745-54a3-461c-ae9b-906defa7652b","0099fe7e-4dd7-4c12-b80b-0a6e51507f4e"
"a7298604-7c7f-4abd-b3c3-6c5c6e8d34c9","e25489bc-83c8-4e67-a072-5176943270bc","06133ee0-c0a1-4b3a-910b-9d82e2a6bd0c"
"a75a4447-e954-4bf4-a92d-f2cb0c02282b","7ec3a43f-4ec9-429a-b312-3578da1789bb","070ef57e-09ba-4272-bef0-d26c013eb550"
"a8f627b0-3eb2-4ce7-a89c-01ac7de0a8ca","baee2913-aa82-4e67-bacb-e4016665a6e1","0cf497e1-622d-4f6a-a9cc-15f46de8d443"
"aab22aeb-8040-4e16-9928-98f20895fefb","6ce5520b-dcc2-410b-a698-4f3d0b1b1ea9","01d18940-cb20-4181-b960-3040704a4332"
"b146ee75-4938-4d1e-ac02-f2e8e87fba44","53f9f730-be77-4252-8dfc-7d03ea0ddd3f","0ceee9c2-866b-4fce-aa2f-9741272b4229"
"b343fa5f-2329-4239-aaa5-40b33071748a","80a12dc6-f1cc-4383-b51c-1a069d6e0b5d","02ca79df-17d1-44be-bab7-720116f4d210"
"b36ef590-847c-4a65-9a71-48bba00452f5","046ea71d-4acc-4e40-b01c-3b8051351e5c","011881c1-1fea-4d4a-96d3-b98ed3aeef8a"
"b481f418-372d-4c59-8d36-140e2ae0eaf5","7e7a8b58-e5fc-4c77-bd13-a578809cbc0b","0d2470c6-6e10-4b8e-afc7-64b4a7a50f5f"
"b6d7d295-fe77-468a-a269-102a304d321e","02727a23-cafc-4957-923d-68c69aa38bfa","03a9a1d5-0c09-4837-ae81-b3dbadc6aef7"
"b6e9154d-36e4-4421-8f0c-8ab8ef454e92","0f65e66a-2c10-4eb1-8cb3-25f4ca433a84","0081a142-a13f-4ba9-b401-24add2ba7cc3"
"b7116a4e-1da7-4231-a319-6e4535ab8a15","9175167d-a807-40e4-9086-e965230b397f","054bf407-08d6-4b8a-a90b-21c2f989618e"
"baf1c3f9-47c6-42da-9b12-5371f83e8b8f","6e58442e-1491-44da-9560-5bfcd9eed730","01b0309f-e1ba-4467-8742-51de1b74e502"
"bb8d8271-f850-4980-b310-45c67d11f596","7c061761-9c0a-4272-8446-3f6e3365e741","07837f8f-ec77-4762-8869-3e8a2614ad50"
"bccff892-79d5-444d-8099-5b75d02fbb01","c81118cd-71cd-41b9-8286-b5b51d26be3b","08b22422-5241-446b-b85c-4a265ea96040"
"bcfb6b3b-402c-4afd-951f-ad79def4df6b","4b35ca39-a609-4c26-bfab-6f8a72be60a5","07559da7-d20d-44ff-bae9-d24b036c49d3"
"bdbcc649-0e4f-42f7-ae94-de2f61448e67","394a57a3-178d-4043-bb55-4d4034e41480","041a33a0-37c8-4cfc-8045-dbbc95cd3d40"
"c014da38-6e7e-4cfa-921c-3ac6aed4a3ca","2686bf59-6a91-47da-988a-f0e04f06b339","094ff87e-1383-4589-89ea-ed11ba4fdc3a"
"c0159782-5ad5-4079-8a43-bb13be627ac5","db82ecc6-6554-4381-a87b-b90facbb09fc","03fb797c-6e17-4173-a8a4-666b7000f9b8"
"c4246d2b-e9e3-4d1c-b8a4-26ef236d51ad","1cd8bbf1-cd7e-435d-8a37-2f44d70166a2","04248262-aaf2-46ce-859e-3cea253ea072"
"c52c7b8b-7c81-4168-b306-66493b6db372","35a9be70-3683-4de1-bf44-6e5d09b717f7","0df0204f-26bc-49da-bdbc-555ac236d11e"
"c6ded40f-1d96-41f1-a635-72161d9019e1","bae56fee-0168-40ef-9667-93b2c8b6e57c","0081a142-a13f-4ba9-b401-24add2ba7cc3"
"c8344701-20c6-4b87-aa9f-4acebbf9cd4a","60e662cd-7409-415a-9293-aaaebed51a30","006ccba0-67c0-4b4c-a52d-1daa955aa7aa"
"c848c9e3-0746-4c77-8cdf-f1b534162845","c52efcf1-c158-47d6-a299-4eb63dcf4897","054e2d22-7573-4464-8130-b314212e65a1"
"c957b517-3b2c-4a52-9bf4-81a63821cd94","9550c6e8-c3fb-44e8-be04-91bdf2625484","02765ee3-9031-4a52-875e-b7c1707c6668"
"cc4c3d3b-4860-4f01-ba3e-ca7fb9070a53","6d8b7cc0-8d05-496f-a36b-735946cff59f","051d050c-f6f7-4bf4-aec9-a3fc67a41632"
"ccdb3934-50b5-4287-acb6-4f6721fda487","bf205d1b-2a09-4128-b31a-30cc4f2c6634","0d4a17f9-4e55-4932-9060-ff4f6a3c59ab"
"4233a8ea-d5b0-4404-af3e-d1fb1b735d35","373f27b6-5b4e-4a96-906a-780bb7f370f2","031942cd-b920-45b0-a8c0-a17b286571fc"
"426d3e49-ed1d-486d-b556-e45ea32c3aed","10cb2e83-da86-45ca-921a-6171bf3c22d0","02f46eaf-eee9-49e8-94aa-698566458c78"
"449d1823-6eff-4168-8953-54ab4a2da46e","cb689866-cd02-4d3c-929c-0eb8554109e8","07b7d7b7-1f1d-46a5-afb9-7b6926edd7d9"
"4606f394-2926-4fd1-bf03-33a00b182682","c0a322ab-1860-4c49-9116-3c705b5616ff","035d5d86-9223-4bb0-9456-4892a39fbc88"
"46a09d20-ce41-4e98-950f-2216617e5e47","40606b54-0970-4c0a-aeaa-90f13d5eed3d","0eb1509c-7ea9-4576-a908-a14f822a0709"
"47a3bf9e-e646-4769-a5d0-8cae63272c8b","cde3868a-c29f-4d31-8f43-c8392b79c90b","0e84ddc3-e0ec-414f-92fc-748ee4099e4f"
"47cef3da-e39c-44fa-93a5-6e48458de204","920b8808-debd-4fd5-8efc-47753eb1ffd5","01c6e3b5-d77d-4555-819a-f80c3dc88ede"
"4942399e-7ad8-4092-847c-09668aa23d1b","7277f46e-377a-4b5b-b84c-a2c9313bee45","0c221505-998d-4c3b-bd40-7e6d697417f1"
"49bea9f2-d719-4b1c-bfce-d139dadadb2c","4e63ea32-215d-4cac-aadf-f4d34dcf1b81","0bddae1c-af44-4494-8bc8-2229c6904a51"
"4ad86d8b-cc7a-43ea-ac82-133ccda9840a","f1857c26-ed54-4fa0-b68e-3af6838f5108","0b3e7045-f64c-4c9b-a25c-f501109dacfe"
"4b786b99-759e-422d-8b24-d35dfd45dc93","3a7bd6fc-06d5-4f90-b40a-a8909556bd92","09be3b78-3744-4b41-8eda-b593b97e54c7"
"4bdb9a73-2259-47e5-9443-6312015259bb","e3ff9a4c-d87b-4c76-8eb7-b8e09b6ddd1c","09108735-d548-4b84-bbd7-0b8accce2f1f"
"4e6b0993-875d-491c-a495-fa7951811916","3b741946-3878-4a81-86ec-0f10dccd5718","0ccf1c9a-6ded-4b98-9102-4c94b1800245"
"4e76f426-25e5-45f8-9968-db28a489e6dc","99f49b60-5c47-4506-9c44-90fa2d81ace6","04895219-caad-4488-88e9-40a8a1513f91"
"4ee1d9b3-7cc8-46ff-b89f-d4dff045ff4d","92390a05-b4dd-4b97-96c6-099d97a403a6","0bddae1c-af44-4494-8bc8-2229c6904a51"
"4f3d6ff6-ff88-44d2-841a-da2f39ebcd88","2c953b93-9945-4fd8-bdf2-a7fd44e3c48e","06a6e158-c83d-465e-a269-b4ce15e0c2ce"
"50bd69d5-0fb2-4e8c-b8e9-6c361f4dc7df","a09c5a14-8ec7-4f41-b2c3-c3c0dd87db15","0861f6cd-95a0-42f9-b3ac-5c244b5a425d"
"50cd1e24-faef-4f3d-8d78-ec467d694538","1a32b7ab-3abc-4a73-acc3-e58a7c9da49e","04baa72c-332c-472b-a2ff-f7b9c4c58899"
"50e4cb93-ac8a-463a-98b6-15c7cb566fa7","d4d402eb-d82c-41ef-8b24-da23ba5c3106","0d4bfdad-3198-4e75-acec-b87454d4ff37"
"55738fee-f565-47b6-8dcb-c15201352a45","aa7a5f3f-78d7-4b4a-868f-8ee55244eccb","0e4eee47-efda-442f-b0b9-dde3dfc85115"
"5647032a-e217-4db7-99d7-d166e7faf0f6","ad88d006-4e50-45f8-9355-b6ccaa9deb09","0e2399c6-7a83-40d7-bf00-9ac984ba7bbe"
"577e6021-da56-4825-a962-1dd313a4413b","4be60f42-3ba9-41f1-8278-e7c2286e37da","0241f64c-ff0b-48ba-bcd6-ffe400798a1f"
"5965b973-8084-40a7-8702-b789794592f2","8da56ad5-e339-467d-8af6-5e60d37a5e65","0ac71f98-370c-4718-81e9-e22053729460"
"5d3d2588-c976-410e-9813-27ed7675591d","3cf8c6f5-4f65-4d89-8780-8a38a491dda9","05caa9f4-d92b-41fd-bfb9-0575d4c7a364"
"5dac1f2d-0329-49b7-a1eb-15dd0354e878","2d149830-d7df-4683-be0e-79cbb190b8e0","01b06096-7fd5-418a-8ae8-6087442c00ae"
"5e09a2de-7e5e-4e03-be4c-962c0859e36b","e3a42b05-0ec9-4cbc-9c6e-c776f13d0f28","091c7a54-5674-4104-8885-7f035ae2194d"
"5e3cf642-d77c-479b-b2ca-06894d9b76b5","ef5f90dd-c8a2-4bf6-a6b2-339900de3482","037ec9bd-51fb-47be-8e6b-633f706eaee6"
"5ea8efc6-3535-4119-aea9-7c52fa5e79c9","81cbe67c-16b6-4f5d-9c9f-b8b9f74af5ba","06d47cb9-722d-4d6d-b2ff-dadb2e4c3ff1"
"6214176a-e4ca-4273-b0a1-51479a16f400","5ca2ec97-b847-42b2-b027-a2677c634f68","0281fd63-7c18-4af9-bdfc-fb9b2df7dfc0"
"62ded637-9f3d-4250-9fee-40e7709ee612","54ce5f7f-05a5-4988-b0ad-2f149c628e8e","0d27168a-4426-41e1-9f04-9cbb1de51971"
"63602d46-9c5b-414a-955f-cc0ef66469bf","9e5c945f-e8bd-418f-9259-79d20d32812b","00439a97-c91f-4189-b800-c3e8e802d379"
"65129105-c42b-4c85-8948-3d74b00909c5","a04dec38-d739-4653-8e7a-5c75ecdf11a0","01bf18e5-98dd-4315-90a2-74fba455ea24"
"65dd8641-ac25-4e96-ac7f-2131aa906df4","a552f44b-5d00-43b4-aadb-14aa917cab94","0e8512b2-202a-44ad-9830-791348a71655"
"668d7d8d-34e7-43cf-a496-247655f69c33","b24b3e2d-5fdb-413c-8233-4e279b18a45a","073d250e-35e9-44c4-9f12-566438393b3a"
"66f3e51b-66ce-4fb8-b4cb-a2455c44e956","e4f2d14a-4324-46db-a76e-b1192424b706","096abc1f-cd02-4d84-aa03-9f63de182776"
"677a0caa-f2a6-49cb-aa0b-42fbc04fb6a1","8df96539-11b2-4a83-9b20-ef8c0cffb9c9","088638bb-8fa8-4616-85cf-ae808c19f417"
"6c7dfacd-ec1c-407e-86ba-71369fda53e4","59bc902d-d93b-4110-9a1f-2856540f702f","01a49914-0f60-4a6b-9d9c-0f4c11930626"
"6d28e32b-78c8-476a-9353-1ff558b375c5","9ab0df00-4968-411d-87cb-0681c5a64279","0bd95941-e235-4c6f-9fdb-8a20e07013b3"
"6e4a0668-da13-4bb4-8fdd-f37c1360b0f5","cd31575d-2df7-45aa-ac17-79e41e88929f","073ee0eb-9397-4f9d-89cf-d33421cc1829"
"6f0f539a-7841-4517-9541-7c1e95b21a77","56660889-c484-4b22-99f2-701a3386afac","06157097-5302-4d62-8ae2-02eaf5c5c76b"
"6f256128-0818-403c-b64b-f2c6766d15ec","11da8806-1eda-4ac3-80e5-21a024251caa","02a877c8-44e1-4144-b2cc-7305156e711e"
"6f2f8d63-01ba-4ea0-b866-a53188585454","42922ce9-05de-4bf0-92bf-750e14d5ddcb","04285fdd-a692-48f9-a168-c8e30e70b63c"
"75c4b735-4b5f-4ec4-950f-d47322b35b8d","1723c061-cc3b-4f27-b4db-639f9dd75e0a","006a495b-2fe9-4885-b971-dba46cf14eb0"
"78a14d28-8716-4900-b651-4f7ce5b8041b","bf548863-1477-469f-8403-6c4daf3e5229","0e7a722c-d51c-4184-9c69-91f6b8b829fa"
"79914be7-d236-462f-941a-77799ca4b689","5092051d-7860-4ab8-8889-1ba0d6e23c65","0d60c568-d26e-4674-895b-f560c87499cf"
"79f530f4-b4e7-4792-9548-8b57a9f9ebb5","7bc6a816-e1f4-41e3-9097-8e63436deb05","00659b2c-40ca-4656-976e-87a9318e61ac"
"7b358d7d-bc1c-459c-aead-7269f9b6abc1","ff81704b-c978-4335-910d-78f08372ab9b","064e0271-0195-4d90-a8db-2533f1e1c496"
"7b7ac18d-9276-4561-adb4-580c9159e669","c4775146-e96f-4666-a648-329294287b52","0ca380cc-1154-4009-b823-487503d12f54"
"7c1e548f-84f5-412b-b047-deacfe610666","4063d5d5-6b44-40a8-8605-0f82cce52571","0a695333-54e6-43af-aaa1-8c9ec10a88ce"
"7d6d6b49-0c67-4527-8587-c4399433b724","89f013a5-489b-49da-bdd6-66f88a180880","0351472d-acd9-4fa7-a3d9-a6cb5f9c82bc"
"7df96a6b-0c85-4ffb-8d43-5756e13a3c0c","4a17aa79-f26b-4572-90ca-ba188c0e34a4","0560e483-cd7b-44bd-a5fc-4b6871f12554"
"80580230-0e2d-4209-b8d7-88e9e3eb091d","35d3a77b-ace5-4721-b679-42c9c874787c","0af9e202-2c5e-4cdc-94b3-17c9bc56aeda"
"81d40a4a-cf9c-4fa5-9832-b8cc65716bd9","3c0abb22-bdce-43b5-8675-1d575a075628","018c1e76-1d79-4c0e-9641-75cb0bcbeab6"
"83db3f56-ce9e-497f-b651-529e5d251f94","cf264a14-d720-433e-b4ea-2c52621ebe76","0a6097f3-968b-4675-8050-0d3dbf61bf3b"
"846ed762-b7a3-41ef-876e-edb1fc9b8291","0bca1210-0ae5-490e-9c83-5bf3760b8d64","0c7deda8-ac46-4279-949a-ee4f00475299"
"84b3bb4e-0a13-4561-b611-aba88b71218a","75d5a84a-caa8-4532-a73c-fec51bcb4570","026cef08-b10a-4940-bf72-8578d29ae2b0"
"86180168-ff09-40da-96c2-1c2e3280784a","626d5545-4b61-42ab-8d24-0a9a5e2132ce","0e54482b-ecdb-41b2-99bf-ea6c1b882cbc"
"8697f40b-b9a7-45db-a52f-33dccd8d4ce0","d6cc4c2a-4e20-42e4-b68f-b6726c81ff96","0b83d075-5120-4820-928a-f0dfc0ce92f7"
"877561ee-7bb3-4385-b6be-19fac00db50c","9eff9d33-7322-4a62-99bb-9c0bca28ce47","0be19ce6-3bce-4bea-b64b-0b07bf97a334"
"8778aa53-a1ef-4ea4-9805-5f34a422ee16","dcfc17cf-c88e-4ac3-be62-4bd2c958ce6b","098af2c5-fd6c-4a1d-9d1e-03ef5ca841ce"
"87ee9548-70cc-4cae-8cb7-eca2b086aced","4c918ea3-6412-40c3-b631-c47dd6feab3c","076b6a9e-e1a8-4745-bfd3-4266763a55bf"
"8bb65d0d-e978-47c6-881d-b41fb6ccb954","0c83de23-248f-4cb4-97c7-d241b9d64230","04519f82-8451-43e5-9777-8093ac1d1bb1"
"8bca7b1f-5ad3-4d39-85db-114aee57026c","02e65ee0-bbdd-4afc-a8ea-8ebdff1acf00","001ae195-5b92-4c94-8397-0544d980a162"
"8ce235de-3dcf-4a0b-8b18-1e67140542ff","72428f00-aed6-45da-a605-c8b15dd251ba","0ac3bbb9-0e69-4bcf-b9be-009e26ebc90e"
"8dd1027d-0edb-44cf-9f63-3d75ad3e161a","f382aabc-b134-4147-ab20-d64dee90fced","0bcc93d6-56d2-4787-8bd5-87b08016f7f4"
"8e8abdf5-4c57-4c7a-87cc-c79ae7372681","3b514c10-e780-45e3-bec8-e730458afad3","0b1c498e-7017-4829-ae5b-b1e8ec7e34fa"
"8efa03a0-de6a-4734-9200-dabafd07a41b","1ef0c07b-efd8-4c6d-8413-a22ca31b26c0","00da4b2c-0955-4087-ad7f-8cffeaa26197"
"7fd2f5d7-a2b7-4528-b6cf-d447413849d9","a02cfdd9-df5b-4019-bd8c-cb2e0e2dc0aa","06b51484-31cb-4520-9870-b2b0254acd67"
"488a43ea-40cd-4ca9-81e7-525af26a9fbc","5cf99f59-c39d-4f7a-9aff-bbea3869eb5f","0a36b9e7-af33-4622-aeb4-983256a59a59"
"4a657382-b4a4-4bea-b593-07f552ea150f","63458900-3b61-4edd-9478-7869957da086","0751bea5-d5c4-4830-9582-bedb2d15a099"
"4b66db7f-2ddb-4dc4-9690-f99a06556492","2d5cf934-fdb1-42ad-abf5-083787e09c0d","060fecb0-eaa2-477b-a4b6-1bf7c9b99e0f"
"4f572711-c681-467c-afef-2d16fd3347b7","8b2a408c-9166-45c6-ad7d-bd4dbf559944","04b11084-8f77-4e69-93a5-2734af338bf8"
"4fc95ce8-42a7-4307-b0ee-8bc78b99e5a6","9cddac90-1de1-471b-95b8-335043427740","095c2ab8-0d6d-487d-913b-5607ddbf0dcf"
"5229d3e4-02e4-4af6-b366-6f4ca999f316","909b9904-c53d-4bc6-a926-7bee07d16aae","083a0cc7-9b25-4147-ba7a-5c6a6c95fa68"
"53736824-427a-4b95-a323-1975623e9b90","1a96d360-d416-49e7-879e-448060250dd1","09b6ad65-631d-45a5-bf01-c10803ae7bb0"
"55c0fa3c-6520-4303-95ef-f98d86aea2a1","014f88ef-edc8-49da-b197-1b08f8734bc4","09a5ac23-3d47-41f0-9b50-c7e23799e5fa"
"55f9607f-686d-4b0c-9b20-a5d5831b3b3f","0ee9aa63-8517-4f1c-ab56-1a6550a276b1","07766ae2-58eb-4783-8de7-929952505263"
"58c4d4a8-cc63-48e4-bc79-ca6b4e39fb09","b8b06a5c-ffff-4e16-8bee-4205c6d0149d","03c28a02-5946-4c95-a263-e03d7324edda"
"596bc2f5-9ef9-4027-85d6-8729c9c1839d","6b4b3b4c-5bb6-47ca-8c88-cf6e1a99cafa","01bfb3c4-370d-4504-a476-98ae9997dd64"
"59af9adc-d4c2-4d89-883b-7861dbfb8706","1185c52a-c865-4177-a9ef-3836fa73e5ab","0907059b-c7b9-46b4-acdb-bb939a0e8f76"
"5b88001b-571f-49bd-94e7-f469a340cbaf","450a353c-c04e-4438-b9f1-99495c29ebc5","0a0a9651-ea3a-43cc-8989-dfb298d60b82"
"6074488e-3d1a-4d76-b1b9-f976ec10bd95","83dcde8c-da17-4f47-a9d3-bb975deae7a9","0559b2c7-699c-47f1-932a-c423deebc6f2"
"607940cf-f231-4eec-bff4-4e20c8377c72","912da967-6097-4b6d-b26b-38af16413b06","0aa9cf51-3a84-4156-bc2c-26e9f169ed1f"
"61719328-200d-4089-9dda-68db0645eb78","b7e6444b-1dc8-429c-ba57-4d9f104c6647","0d11819f-ebcd-4e50-9efb-0667e69d5a9c"
"6254bc72-e051-4a77-b822-02873c1c7384","8d8c7f9d-feab-486c-8f05-362b639fde40","0354017f-be63-4196-8326-55e06af85bf5"
"6302dd6f-17fd-420e-a964-23700e8ac074","30673cf1-57c7-4741-9184-1228c053d872","05acbfe0-c80c-4d93-b644-5b094361ca83"
"649ff3e4-c55d-462e-a2c0-8726bf1bf632","7fc1b364-1bd0-4563-8856-9506f7b8c616","0aec8cd4-8d7d-42a3-9839-9d27f76d0c23"
"663cc2b6-63db-4a33-b7cd-e9727fbdffe9","0cde5369-e341-4da8-bec2-8aad01c276c2","0098d3c6-efe2-4c97-ad73-19a84f368d3c"
"67feb232-9d72-4483-b62e-5797cd103c6f","d96457d5-fa84-4e51-9779-0e281af7bf5e","037376ce-16f1-4c63-afb5-a83d3bfd5a23"
"69194ef8-62f3-4ad5-8aa0-fe7899d52ebe","246db852-8a31-4788-a136-f80b528799a3","04a49093-8cc4-4d27-8131-728403506a5d"
"6a7d4553-bf5f-4854-ac55-5d1af812d9ff","4ce982fb-eadb-4322-b7f8-574dad5e606c","0a36b9e7-af33-4622-aeb4-983256a59a59"
"6df072e2-88e6-4472-a0d5-1f40aab890cd","42fbaa1c-bda5-4645-ae2b-1da555d84e8a","0ab9295a-4e5e-47d9-9fc8-bf1fcc7cc151"
"6eb105ed-e292-49cb-90b8-45c4fc314409","90cc9c63-f717-4db1-96bc-eef5816789fb","0a9e7b6e-f3b3-4dc1-94f2-cd8b8991c5f1"
"70cb507b-aa08-4915-9349-c9352f9ba04f","281eab0d-6309-4b13-89a4-7225ab357bbf","0a797852-0599-49af-a959-be3545c92bd1"
"73a3812e-19d6-4ae3-8941-0cdedb233a5a","dd7bd2e8-3fe1-445e-8deb-1c22e680b57a","0a47c375-7736-4fbf-ba70-57d36d985fd4"
"73e23cd8-94bd-4b28-924d-219a0fd48309","25c78ea5-a466-4aab-9b53-f1b61e9a6ba7","01643df4-8370-47af-8506-d07a55d20b15"
"75732daf-d6d3-46d5-95f1-d04f3d7194d3","3edd3789-d061-43cf-8bac-ed686ce45c10","084dbea8-c5c5-47cb-bcd9-c94b776bdbbe"
"77acc503-0ab8-4c3a-9bf3-302d4dd2a346","2fcaae83-e6c2-464b-af0b-9735e30849d9","038979b5-1178-4bae-89f5-e7f12e5b28a2"
"7a4a496b-6a85-4276-a962-9a302b72a15a","5a9b0cee-2414-494d-ab8a-324c6a97be1c","0c4b6f0a-6177-4f19-b14f-f681a0cc10e7"
"7b38f77b-a492-4afb-8d6f-2f198362b48b","f653ea96-0998-425a-8d1a-3f08e8193bfa","0c889432-0e45-484e-a3a6-9967f61041f6"
"7b8f1ace-2c8d-48ef-b6ce-78e37ef58f2f","2bcd82d9-7a25-46e5-91d9-5b82b41aad52","038ee034-5e4f-4019-87a4-74f25c103bf3"
"7d7e629c-1b69-4870-8f2d-08915b0aca3b","0fb40ba4-a45e-47c3-a7e1-a5b3e7fbe021","00686fde-439c-497f-9c77-e7d26f1ed002"
"7e6c1583-9aac-4080-a097-89cfd96f96b9","52b13b85-715b-4566-affd-d0dd1a52cb92","03f61ece-3096-4b5a-a6b2-480c3ebbf3be"
"7e73c4bc-3265-4a68-b5ce-c2f0879010ce","83a0d396-6cc7-4ba2-981b-4cb5054b5b42","0409cf3e-a7af-44d2-ba60-d3ba9c7deab4"
"7f64a6d4-74cc-4ceb-b8aa-c699ddd90953","0694aaac-fd29-47eb-ac53-199edebe38e2","04ce4109-20b2-428c-b96c-28a2e8135e72"
"80adb7ca-60b8-4a3e-a57a-aaf405834cb8","626fa875-c068-49f8-ba5c-6f30ffffb0d8","0520bd3a-b01d-4604-968c-f7ae7c35b786"
"80f54f91-b4d5-49a3-b3a0-45735ff935ac","c0edf856-6389-4180-a01f-ee1bde8147fa","01dda052-61b9-4f53-bd7d-4bfdb83c3c37"
"81e15a0a-d056-4a8d-9f8f-1dd970de8f84","2edc16c9-d956-4447-927a-e8de51d1a5c6","09a831bd-af60-43ff-ad13-4d03065644a7"
"82876184-bad8-4990-b325-680af804b88a","b388f8e4-065b-4109-9195-fab0f096419e","08ae9510-55f6-4159-a7f5-d6607e59f171"
"83c2afb4-ff74-4ad6-a20b-6bebbe859cd2","43af7b42-abe3-493e-982d-3f76593be4d1","0c078c87-d2e8-4a97-9026-2a4fcb3e1405"
"84e1d2b8-d9e7-49a5-944e-7dab496b34a0","c4661f2e-d76f-4bf8-82b2-44a4c15d1078","004b94c9-aa70-41a2-87c8-2fa97cf4577b"
"84f08737-08ea-4870-b9ef-3e22de4fb430","44ef43f5-2b9a-4334-ae2c-1a3bb61534b4","0af95842-72ce-48f6-992a-d5a52f4e0d8a"
"85d77630-334d-489a-90fc-4a3b4cf44d9b","4836ed6f-9a92-486b-bf30-63b9dd2cd4a2","083a0cc7-9b25-4147-ba7a-5c6a6c95fa68"
"86121cd9-1f70-4360-a348-1bd7d44eb464","7b67f772-adaa-4690-a1e2-707ad0992de3","08ccaf62-e08f-4ef2-a3cd-6f259d0244ec"
"8912a729-319f-45b1-9bd0-54b2b6117228","38352f67-88c4-411e-a5af-1053bd719cab","0943c54a-70a0-4246-900b-5940efc0957c"
"8932de04-72b6-478d-a5f7-15c6ed067fb1","bf1d4e66-6e65-46e6-914c-6011e1bed5c9","03d23aaa-9b84-4d19-b33e-5acd6ea3e51d"
"8a8bd21b-dfee-470f-a78d-690b94213d57","fcec6500-9035-4efa-b87e-ce211ea43b8e","0247c4de-dece-4910-97f4-2deb48467ab4"
"8bff6c41-3a0f-495d-a323-5dccee42fbd6","c4cfc807-5b65-4d20-aed1-1e9ecf5b80bf","0c3f105c-a409-49f5-b76d-04342fde2c77"
"8c00795e-d7e3-48e7-ad7d-61be80f1d31a","f3bfb56a-d4ca-48db-85d7-c7aa2e24a414","09c8aaa3-be24-4628-ade1-e53007a63e67"
"8cfb0a80-03ff-4c21-b430-2a37b9608751","7f474049-f492-45f0-8d90-36a2f675d07a","03607a90-5d9d-4c0a-ad1b-704529b710d2"
"8d2a50dc-fb4c-499b-bc26-dc8bef84d3f1","d5325f95-2959-47dd-ac93-007edc04c9ef","02a98211-e015-4a99-b1b8-b0bbf0f55596"
"8e7b9ca1-bec0-4ceb-82f3-1ec715355d08","8cade5e5-77ff-4154-b0e6-eddb6cbe8bb4","0bedb8e8-399a-4e72-b2a9-768105e874d2"
"8f902d7f-737e-4836-9cdc-edf922c54157","98f11257-3861-4864-9966-c0067ad76d56","0c13055e-52f7-4262-a228-1a21f547c498"
"8fb19ed3-cca7-435c-a60b-542f46d6abb4","c28032cf-361d-44b1-8a53-5abac509a88d","096a9a11-9d07-4614-a71e-12519d48d2e9"
"901ba5fe-bbb7-47c2-b2ce-315b674639d2","7381fe6d-4bd2-4afe-9f29-b310fc44eb63","045775ec-ec40-49f4-a7d3-626c642ad51c"
"904828ef-89d5-471a-8805-a8ffb4957847","259be6a6-9dbb-464c-88d3-02baf6cff874","0b87dcc3-658a-4599-9b69-66b7b07e4cec"
"9313d1a2-2987-4982-90ec-47f3c7ea9e11","59e319a6-fb7d-4044-9a62-654651d1153c","0785da57-b9da-4cb1-b557-abeb25e7ac6b"
"9391f134-00f4-462e-8cbf-02cd6db8fde5","d5ca311d-8ed3-43b9-a293-7346c3cf51db","004d7e16-5fc2-4d9c-a459-37d2c02a0690"
"93927370-e1a3-4f0b-94c6-53c2d59553ce","e481cdb3-96ee-4271-aca7-2d5122693fd4","03342511-9a9d-46d5-bd10-61f0033901b5"
"93ebdca6-ace2-4bf9-91e1-0c4c2576d32e","b793ac79-82b5-4172-94f6-95e915a485a2","0b286238-9902-4395-b3d0-2b5e01f3b92f"
"944e9ca3-1546-4869-829c-2c5c423d5fbd","2abcfb45-ad51-477e-8f66-9f3e5fd1474d","01296931-e9a4-40d3-885f-24d80883c41a"
"9806d063-413c-4cc3-bd63-9e0bdb6c4827","d8661b3b-236f-44cb-989a-3d5a3e19788a","06b15e91-e04b-4cc4-a1f0-ddb918053dcf"
"9686d2a8-3067-4cb3-8d08-684a126e799f","7c40ad21-c75b-49b1-bcc7-f537380b6ada","086cd02d-d615-40f6-b4f6-07bd8b345950"
"99b16866-73a4-461e-b76d-60f6628cc0cc","96efc3aa-736a-4a42-8a31-d537563da13c","03aba1a1-031a-4f99-8b5b-30379aaa9be1"
"9a667ae3-1e10-4c4b-9283-0e462d021563","061ce9c7-8a11-4f15-8ba1-968740f56463","05893c07-f5a0-4ee1-ae29-54b1f11005f2"
"9a75fb44-bf6c-423b-8a98-e38f612dc13a","cadd683b-1f95-4a8e-b278-3f5a1fdf3787","0a178ded-a2e5-4ec9-9133-61c9e6e1ba0c"
"9a8d10fb-0c47-42eb-b834-435c6f698980","c1304085-d619-4285-80f3-c9fc628090d0","0a73c6eb-bf5e-4776-9b9f-61314e1541c5"
"9b98d8d2-9532-4149-bcf9-b0dffb1808d8","41cd2093-6b6d-4fe8-a5d2-0c8db72ab486","04d8704c-027b-48d9-b230-1de1e8ba1d22"
"9d39aa87-1dbe-42e9-95b4-6a1477a03bbc","a0ce085f-8f2f-4a57-aad1-c15f27468d4b","0a698268-f7a6-46fe-ad20-561999a9b47c"
"a13c1e0b-c2ab-4136-a5d3-60778b747714","ba226517-450d-499d-8928-9471068bfbbb","0665df92-5fbc-47c5-91db-30221fc52f7c"
"a1462443-f307-473e-8641-feba80ec5568","2e147e64-55aa-4150-89dd-dc8c9c9b1045","03db5dbf-5e0b-4fe8-8574-7cd4fe1bc303"
"a60df2b7-2932-42e4-a012-0efd89dc3a22","887d6978-0aca-4b6e-b550-af8e31d38eb8","037a9a84-c8f6-44c9-bb04-e8fca99a67c6"
"a7c20da4-e8ec-442f-a0b4-105675920257","d06456f0-74b6-4eca-b721-1092518ff2e0","09d7f392-5a40-49c6-8141-d590b7bf137c"
"a8e139ad-df47-42b8-adee-4cc9fbf5360b","2e739f4a-62c2-4996-82a1-bf08fb9eb7eb","0b0ce95f-0346-4423-82ee-043724c68cf2"
"a9f00148-6bdb-4e9a-a987-316bb9df3be9","fee61ad3-80a7-4e34-86de-1c902350a96d","036637d6-4f98-46ca-aa3a-526c437300d9"
"aaf10af9-2ab7-4e27-8e83-ffa1ae13154c","c2bf1c92-cffe-4085-891a-d80d807d7035","0a645772-61b5-4d27-8ac2-91c75408f2d4"
"acd44041-3a78-4437-8a47-d4f8706051eb","5fd40b56-0f17-461b-80f5-2182c2109adc","05c2b24d-cb25-4e77-bee5-2ece623dab6b"
"ad61852d-7bd6-4866-ab8a-8bef0aedc723","da65314f-001f-490b-a191-cef3658d9ebe","07549de4-62cc-454d-9910-c2fbeacf3a28"
"aeb1e1df-0e4c-4e5a-bbbc-b0cf9ddd71e4","2d572117-237d-408e-bc41-787bb8a7fce8","0230927a-f087-441f-a738-303d906880ff"
"aedf0d58-22da-412a-9758-620ecedb57cb","0b08ea9b-856c-4ac0-a662-0cdcbbfa43cc","0ae06a2b-70b2-48c4-b889-30181ee2a8dc"
"7b149654-6591-4fc0-a542-e16e745b8b92","1c79a04f-c867-44e8-948b-7739f9ef09b4","047c5497-d643-4e8e-99ae-7d22ce8f50ea"
"7bbef865-48a5-41c1-8b9f-4a98233ebcec","4b31ccc8-79f2-41d4-befa-6fd9ff4f463e","07461a26-c11d-477f-8b8b-9aa10f3edc67"
"7cd4638f-6c6e-4ae3-9849-e310b433ae76","f1af10c2-5e37-48fa-a3de-991a9d1efc2d","031028de-4cd5-40d8-a649-b27f6f4a7b9d"
"7e3f131a-e889-4591-aed1-09b87982d75f","a9ed6038-b0df-4f1c-8912-5980570c8c21","0a871492-0465-4f2c-80b4-dc6e8794b053"
"3478eff5-2615-4fd1-9a07-c7059f292c64","1492d249-12a9-4ece-9fa2-0dbd8d7320f5","0248b006-00bf-4179-9c40-e71f4857a67c"
"34c16a4d-0124-452c-afba-6f8f9809000f","f90c0c20-3aed-4dc7-8069-511a615888de","0423601a-3693-42db-9e57-5d09b229f44b"
"3531d7c2-9d46-4886-9b8d-ecf2a290611c","f160b3a3-0d95-4f59-8e77-45db11b76c24","0248b006-00bf-4179-9c40-e71f4857a67c"
"35d27c62-5c14-4b64-8093-403553e4efff","0363e521-ac82-44dd-90d5-ceade71883f1","0a57ac32-739e-4379-9e05-40ca4ca00028"
"37d0d094-6563-4f3f-8e95-332db77433c0","761e4263-9702-46bd-8aa7-fee8566f71dc","0a2889d8-5989-4177-a60f-a3e4d3f2584f"
"38e96c47-ed30-486d-8f0f-da9c08e53ceb","13a8d4de-afb8-4090-92e7-015d98751427","0217c518-1507-4cd1-9651-1d4b57e07d29"
"38fab875-c812-46e7-a471-a0a9a19ec05d","64b1047f-1c29-4634-ad6d-c851d0552c00","044bbdc9-9af0-43eb-b9a1-36f06ee2af1b"
"3ba57408-82bd-44f6-8463-5920d76a1abf","a56e1457-71dd-4d70-bf7a-c4003039f11a","08965d71-ebf9-47f1-8ef7-0bf2f4ff46ae"
"3c114122-ba38-40d7-a58b-5c61ef9f0276","743c8111-404b-4ce4-bdc4-3377467f57e6","095cd04d-ed85-4c67-b6c6-39cb756360d7"
"3c1aeb4c-0eaa-4960-bb3e-00f25f8be02d","dd981890-f7b1-493b-b015-b7267ca6d925","01eec4eb-6ad5-4625-9410-f3ee51b2a09a"
"3c6a14d1-92b2-472d-a7f0-efff2072f780","9d0086c9-3fd2-4f0f-b165-55e41d14e93b","07edd3d4-8135-47df-87ac-0a0abbd77dbd"
"3e6c057c-d74f-40da-ae81-1a0507856cc8","d5f0d2c6-5d3f-4294-9da0-2d1566893682","0930c098-0a89-4934-9af6-10696acb593c"
"3ec52269-ec68-4080-a094-64a2cbb82026","8b5a8b73-c7bb-4420-b161-71e757b2e817","0268557a-44b3-4edf-b7a8-f39f48ab20a8"
"3f4c02e2-4d61-4bb8-938d-6fa0684100e0","ef7beed9-adc5-4d37-8ca1-67351e6590f5","01936b90-09ea-4552-b509-54faee9babf1"
"41aff924-f5d1-412b-9fa9-a28b5c78a078","b5b0f221-81ac-40e8-8ddb-a3fb412ffcb7","0751c391-fb7c-4aec-95b2-7161b6f4df7a"
"42bde533-fcf3-4d28-8f10-1d1a5a2117a8","07c6dfa2-e54d-407e-9660-ca0aa808fc72","0326028a-7930-4d43-b223-6917188e4ef3"
"44098718-9b3f-42df-b938-fad8e5993038","588eb774-273d-4f1b-9294-751e23291e90","0b24889c-6378-4526-bdd3-f091cb162d41"
"470f452a-243f-45f5-8cba-9f975aeea4fa","66900740-ac80-4af4-a965-e4fd5ab131ed","05531f61-8086-47fb-a04d-4e601fe8e815"
"472024c8-8715-4e7b-9454-f69cf7c4ea03","15b08ab7-738e-449f-a6c3-751fdc6b3d67","01d08271-1911-4b72-b825-cdb9697a45c9"
"482a5033-4766-4e87-a4b2-ccab06976e4f","11305513-8701-4dfb-b81d-665a28d1a348","01db7e91-c050-4d0c-b780-3723880c82c0"
"4998b40e-427b-4390-a08e-78bcc17c7134","5562a11d-cd7c-485a-9f8f-6bc654a0fc4d","077ae598-bf3a-42d7-b991-2f012966c104"
"4ba6131d-b8a1-4769-a813-c81d65304571","58edc681-766e-4540-823d-1c3fd07f629c","02caf5b8-380c-47b1-9ce7-91b9cc9c4b56"
"4c690c0d-6e29-48a8-b5ac-4692ca73423c","01b88487-4270-4114-a8b5-63a1564c95c4","006883b7-78a5-4885-89e8-a1602ce931ae"
"4dd214e6-2d19-44dc-9b89-9d291c73c34d","59a384d7-78be-4087-bcab-b842638a057e","09e71e08-997d-43bf-bc08-2c106f3767f2"
"4df8cd2a-dbaa-4980-a0cf-8789972b2ae9","1faba105-efa1-4382-9125-eea5b269509d","07d625c5-f727-4bab-8f49-ba5f3671c84c"
"4fc91b60-5ef0-4aac-91eb-de8bc3fb5ec0","e99acb0b-c4e0-4689-a990-ebdb8ff4dfbd","0216c02c-992c-487a-bc21-f671fd987ee9"
"51825a76-6e5f-49a4-b715-ebb3b610a197","0e19e674-c750-45d7-82e5-a16760c3aa2f","0a801bf9-9ed7-4e3c-a777-e3732bd6a8c1"
"52c2bfc3-2e83-4fd2-a917-5d5ae6e55463","3a15f12e-8df8-4cb8-be60-782694e35fa5","08815712-7041-400e-9798-d0cac280277d"
"539efb66-b4f9-4e8b-9bad-33a65cef2a93","cd62eddf-b62c-4438-b9bd-6dc73065cf2c","01634eb3-d8a0-4d48-b502-452339a47608"
"53d6f75e-99ba-4e92-9233-2ab9d7f370b7","af8ec0d5-3034-4238-b274-ff84232694ea","05b27012-d2e0-4806-85b6-5c30cc6c7ade"
"569b5068-8f6b-4d3e-aebc-0845085bc021","ea04b0af-ab0f-4187-b162-9de2eb479b94","0377b3c7-e84e-413f-91c8-fd09abcc38ba"
"59243de9-f415-4098-9462-9bfc3df02f41","7f29f702-58a8-4c96-bf08-c8a6571f1353","0a7a5b07-5ec0-48ba-920a-fe2e4d6c10cf"
"5d399f9d-135c-4bb8-b9d1-9461a1440808","4c20f8da-cfab-498a-b17d-42bd50d0c158","0870aa1e-bde0-4aca-b21e-23d8fa42216e"
"5e4e11f4-0bd6-4e67-b78f-208f5a7e9ac9","a9736105-dfce-4c76-814a-3690b4fa320d","04afa513-8df0-4016-a0be-77a79920510a"
"5e7b8f05-0834-40db-b327-1b457150acb8","34ed3eb5-fed7-433c-895d-0e1bfae5e069","07b12907-c156-4beb-b25a-dcbb24220a4e"
"62910a8f-4755-4339-9372-50dbb4787061","5277ec16-b8de-4c90-8a5c-0755b79a9a97","029794d7-9e04-44c2-b5f7-1116843d6cb3"
"657364a3-359d-44d2-907e-3bbf2c4aee37","fb0d0850-ed0e-4f57-9040-bf7e6bc51acc","084440cf-3ddf-475b-87c4-2cd4f4d3b78a"
"65770f91-d68c-4a81-8565-ddf33b3b6e97","9a780f6d-9f78-47f9-bebe-1633b856580e","09e71e08-997d-43bf-bc08-2c106f3767f2"
"68343401-5001-4fb9-a427-520762a3bb40","73512ff6-bdec-494b-a631-935f5ef0e17b","03e8d0ee-3ffa-4970-a390-e5dfe55d3ec2"
"69dd2ea2-2464-43ec-add5-ec205ee79e62","9571b39c-ac98-45a3-b981-e867d58433d7","01f684b5-04ec-4b62-89d6-1667ffb209c2"
"6a5de61b-8493-49a1-9b5e-0a57072ab9bb","69f32c75-ba54-49bd-a1fc-6f59482652b3","070ae9d7-7941-4d87-a87e-1422b0055dfc"
"6c8a79cb-caf8-40ad-88e6-84898043ba41","fbefdd84-37ba-4316-b508-9d64a8d1f84b","01a903a3-aa40-4a26-a05b-e9d57f099e19"
"6d0bb568-a530-4b83-830d-724c03f88243","c57c2a4c-217e-4f26-becc-b50f93c2d672","06d700f0-70c2-4364-8801-b03f8582f0c1"
"8eb2ef2e-f73d-4e93-be82-b84339653728","e5e4341b-8dc5-4f92-95b1-1b54262824e1","05ece1ed-b8ba-4b93-a949-466c9256fb1d"
"903a5a29-3053-4509-8188-fd65c4113dfb","2d9bda80-9503-430e-9d70-fb815a970b49","00dee5ef-4e63-4851-a60e-490ed6e2edd1"
"90748ed2-db87-4ef5-a9cb-7b6ab565f611","076ed439-07d3-4626-9154-003f6a1dea38","03ccf07d-c041-4976-ab24-86d6f739da5f"
"90d2b1b5-7b7c-4a19-ac2b-409baaddf49b","379414e2-361f-457e-964c-ab8a0b15cc9b","02a7df2e-385a-4bc7-947f-83d6d69bc9cc"
"93c4e6b5-fc30-4ac8-a755-91bf81ff6231","f794d433-33cd-4196-a4a9-19dbecb11070","058d6c85-23dc-448e-9a71-63cc78912d06"
"93c5e0e6-ebd1-464a-b51e-945f0dc67543","6c8c1e80-b720-4f04-91e9-0b27976eeb81","037e58b0-e80c-4535-b97c-7c016b15620c"
"93cd5a71-b759-47d7-9281-e5b5b4f95a4a","a855754f-36b4-4c85-be1f-f20d6c475811","03888b14-c115-4c13-a350-feac6517f301"
"967aa781-53ae-4efa-9e04-320f0e7e0819","6f85017f-745d-4291-804e-537f9efb7eb8","0686bd5f-65f2-4db4-81fd-6ba06a8c2f34"
"9853b5d7-24d8-4637-96e4-846c79b42dc1","5413213c-7ad1-4c12-9fcf-e3a22178c6e6","0657bf97-3535-4428-85a7-9fd7e77fd24e"
"99b533c0-0746-4021-8269-c6ebdfbe76e5","22eb9e81-9680-4ae0-8435-a225675eac93","07cf1739-057e-41ee-8536-7e35bf16f9f5"
"9d8519dc-8d45-4e19-a844-2df72bd8fefc","310c3779-a890-4af7-850b-081605782767","03249834-7936-47bb-a42e-207ca9d4aaa3"
"9e3b9ed3-3922-4196-ac5b-7c1e12bdab79","320f62f9-b33a-44c0-8a5d-579825526515","05fa44b8-6398-4b82-9621-76d71825db46"
"a09ae29b-8d79-4d17-85d8-8ca64bbb04da","b4dd9934-a62e-495d-ad2b-b52c26d39e61","043fc22a-28bf-41e5-aee1-2f32ef27e627"
"a1228e9d-e679-497b-ad28-e9dcb0ae87b5","eba463fb-9653-4942-b6e3-583fcd3fc82d","0801199f-619c-4819-8c1d-d223b6809b1d"
"a46d71af-29ad-472c-861e-d6f5f59abcb1","0e7dee41-cc17-4b36-9cb0-00d4b4597b0b","038ce05c-644f-4b6a-b8a2-a4d5eb23e036"
"a53d0ee2-08df-4f18-9bae-fda75d1dec60","23147cb7-7a29-4c35-864c-7f1837f1f29e","05eece55-1ff3-496e-a88d-fd2b59603cc2"
"a653cec0-452a-40fd-a578-e45878e509e2","1703e99d-eab1-4194-a597-c181178dbd0c","065df522-e66f-4c32-8173-115076a9f523"
"a69e5e81-65f4-4627-adb0-903504cd41d1","c5807907-273f-4f9d-bdbb-970789b11540","03fe436f-881a-4e0e-8dcc-14c515a79381"
"a95ff8b2-bdae-4dc9-8589-e26234e145cd","0e9463e3-32ee-4acc-b394-f5fce856280f","0362a3ea-51f7-4777-8e5e-0f641e619f22"
"a9a1a87e-0970-4af9-a2e0-89c5313c4068","b2efe7b1-b4d9-45b6-886f-81560f9c1626","05af15f1-238f-4c75-8695-e454bc7c40ed"
"ae5c0cb1-a82f-49cd-8ded-66ab20272ba9","19fda2a8-732a-4d77-af2a-f2ba735ef6d2","02be52f0-81a7-45ad-87a1-f098651b7d1c"
"ae8876c4-5988-4afa-8813-9a109b30be77","ac4e4a99-8190-43cf-9aa0-42124e0cf13e","04ad4bd1-722c-4623-acb1-401ac205ae69"
"aeca7439-d3e6-4c11-853f-356ff9eb93c6","996bbd2f-e5c5-4d81-af22-c220103fafd0","065d3595-1794-48d3-af83-6d59513d6867"
"b13005fc-fa20-42f1-b371-64be060d78a2","923ebcc9-6b85-42a1-b4ab-8976990853bd","04bf088a-300a-4e91-9182-02dd7004ed9c"
"b13f9923-016a-444b-be3e-f81e45cfc07e","a192fa37-cd6f-4c13-a28c-925ed847772d","07a70ee6-7c41-43da-bd1d-64d75e00648d"
"b253cb06-3913-47b0-a304-65126dea02df","39eed7a5-13a6-49b5-8829-ac3c313a3448","051c40c1-8dd8-405d-8c38-329d29bce095"
"b373fd67-b9ec-40e9-8255-3b37e9a9ac23","4c1885a4-7a80-4747-aedb-6c3cae6d8895","00260ca9-ad8d-4581-840a-4237beeed958"
"b642c34c-fbf5-473a-91cc-c307019de490","f375febf-ab82-4c6c-80b9-db4deb357192","00cd84c1-006e-4e8c-8f58-7144b6938dc3"
"b6b0612b-aada-4a2a-b9c1-eb4768058394","ef1caa9c-ae6d-47d8-86a4-67638e81fcba","01e72afc-8513-48f7-a978-e6f6c2ec9233"
"be0ac784-5828-4f48-be1a-887890b96f08","2da3c876-be35-4499-99f1-40851a8c1d7b","037c739d-adfa-4767-9d91-7ab35cfac1bf"
"bf8bfee8-bd09-449f-88fb-e939211164ab","29749b6c-c7bd-4e76-a36c-4182c177e76f","054f3804-fb8a-4fc0-bea3-23cf983f23d9"
"c4e83a0b-1b56-4075-8989-2bfd0ddff5aa","c294c87e-0a8c-4568-84d3-2eccc5660ef6","04f9e68f-ac7f-46d4-8d04-3bbfc4a5e8d9"
"ca0cf5de-3ae8-4fc8-85db-d15434617dc0","6b02ae14-e789-4658-bf21-0394b910bd46","07a590cd-eacf-4479-8e34-c7935fce9b91"
"cd9a83f4-7b5a-497e-8510-360b675332b5","96b21e8c-a967-4491-8af3-83602e434d91","03fb570d-62a2-4f37-a345-c3144bb7697c"
"cdf44852-d87b-47d2-8f18-aad7eb1a511c","12a39eb1-716f-49ce-b68b-6c6e5717aa50","07dc1922-fb34-4d12-ba29-163a4b20a71f"
"ce0b2d4f-348a-4aa7-b2c5-6747afb28499","b9343a8e-5086-4e54-8349-3dbdc629776f","025a241a-619e-4a48-a93f-2d3f87ba2f47"
"d1175e07-2e96-45cb-89b0-e23326d4632e","aeebc173-2950-48c8-a9f0-d9f40c93ed50","05fe7964-7bf3-4176-a8f6-56234c05de7a"
"d24ed090-3872-49dc-a4d2-a9943b092026","62332664-703f-47e5-a4b3-352f14b932c5","01053e61-92b3-4a22-8669-116b5c914d69"
"d4f76328-9cbe-4180-8c44-413001b1deb4","f4599122-3171-42b0-800a-5e6f5c7235b6","00cd84c1-006e-4e8c-8f58-7144b6938dc3"
"d61f3739-e643-47af-935d-10d4f20c853c","cec94b34-c9a4-4f2d-b5ab-2824f8679e29","06cf107b-b933-452b-93a3-415aa84a7faa"
"d84c0afa-a322-45bc-b817-767b4f2fa094","ef689f06-b8de-4487-8c5b-387625167b62","0616ebc1-fe13-4821-a9c8-7adb3031969d"
"d8a1a490-ac58-4d31-8ef4-4524ab918c17","2e9f4bff-ebd9-4d63-87db-cac1a980891a","051daab8-9a3b-4f49-b3fe-51db75b54738"
"d936bb3d-c4b5-4988-b85a-afb17f5250c4","f6f00879-9ba3-4b40-ae16-3768bedeeb25","04f13d8b-35ad-48f9-aa88-d6645816afb0"
"d959e208-5930-4a6a-add6-3f087dada00e","e4bc39cd-d256-4dff-ae72-3a0ba2397cb1","008e6005-0a2e-456a-a4da-b22ad89665d9"
"dbce63a0-a05d-4c24-891c-6f0615fa1444","cd3711aa-eafe-43ec-8f42-2343988863a2","0199a67b-9860-46f1-aef6-24a8dd63c1d6"
"dc1c82ef-b885-4be6-81b0-29b109755ce0","6ba081d7-3d06-4d95-b5f7-e270f9ae2b82","010b8dfc-ed05-43cf-99ce-a7f51e24bfad"
"de92e09e-6df3-48fa-8904-7c2346ddc5d9","981a7d6b-76e6-442a-9c31-78953daa7794","00560d38-8f67-4c2e-98c0-a9a7394f4cc8"
"6f9c9647-3947-4b16-ae59-f22d602e2432","73fa06fd-0d22-4e64-98e5-e0fa595e42e8","05df9674-f59a-45dd-9392-f7c4917b118b"
"724e721c-86db-43bb-9e02-11d392c9672b","649b054a-7139-4b2d-af67-cb48e8f4792f","001e6a59-31cd-4082-812d-1000a75fc68e"
"73adb8df-cf76-4ea9-8a62-1709fb6add53","4ddb484b-ead7-4014-9f45-4f76d978350d","01fcbf70-b1af-4e03-8dd8-f9eed0faef07"
"745ccc1b-4de9-4c56-9715-62a1f937c02c","d811ca50-2ecf-40c4-87dd-24f332d87d1f","003475ba-247d-4ca1-a970-4d4215232e4e"
"7591381c-d24e-4cf9-84b9-f604a03ea239","c01f285d-24a2-4c0d-8ade-e352255279c1","02632a91-a606-4689-b590-ee54ac080d1c"
"765c1db3-16c1-486a-a34a-ee5e89fa26ec","87f1fb4e-462f-4004-912f-330d3771f475","01d6aaaa-1beb-4933-b2b7-06b75709c844"
"768a40df-7395-466a-a434-162dfcfe126b","63e4b4b1-8189-4abc-a267-c732fea490c5","038ac3f7-c9ab-4e13-9ae5-b5ffe6b20435"
"78d39ed1-e78c-4e9b-8f82-98573e39ef34","e861056b-b8e3-4911-81dd-585d99f3fc06","0199a67b-9860-46f1-aef6-24a8dd63c1d6"
"7b0d3d7a-d6c4-4e0c-853c-2c1b450c68bd","17a906d5-df18-4982-830b-971435404d57","064ff6bc-346f-4767-8f7b-c71df47e29ef"
"7c7851a9-9bf0-4dc0-ad8c-cfd619da749d","7c381d52-14e1-459c-9e81-7d7f6eab3ee6","026a50cd-7d27-42e3-85bc-053593c9728a"
"7e09a336-0ada-497e-8532-e654d5716a94","8dc017e1-dec5-40ff-bfca-2117723ff47c","002fe921-bb99-452a-a5eb-3ea9b4b9c020"
"01e9d2c8-4431-4763-a3b2-85d5ce096af8","d9dc170e-de2d-44c7-a409-b894d2fa4550","044bf72f-7237-4823-bef5-932885dfae25"
"052eae8d-a2ab-4d59-8682-7332c3dbecb8","e9fc368d-271e-4370-ab6a-8f0e0a8f56e7","002cbff0-9bbd-4550-bde8-59aa5f71b0f5"
"08c388fc-2725-40d5-83ea-88259edb6808","8197a88a-d571-4661-8444-d55a68b882f6","01544c89-9333-42e3-b758-b7cc4b8d2897"
"0ce5c01e-bc70-410b-9bd5-64fdb24463f8","029c01f7-9e91-4d0c-a094-f39ab8191349","07f1182d-45a3-443c-8cb0-2809a7634677"
"0e476cc0-be08-40be-b48a-79934ab16635","905cd066-c312-4385-b211-5b83a8a57ca2","0264c5a3-5bd6-4a87-90ea-982ae9132d1e"
"130c8641-2ab1-480d-9c76-536570831fef","30242bca-261e-4cc0-8d92-e6edb7af71d9","018a5451-f0a7-4e4e-9d03-8f62ed53aac5"
"15107031-0419-4e06-9ec9-8975053c51f6","2ecb17dd-a431-4c3e-a4e6-f73379863a6c","02d8d0b6-a806-4065-9251-d25371d91afc"
"2a6919d3-c047-4a0f-b063-9cb741e7a856","2f030595-f79c-4303-baa9-844508f5b621","03499bf1-e035-4d95-94e0-ee7e9913f6d7"
"2bb731f9-3ad7-464d-8f19-f6171f123a57","cfb8ca89-5a82-4a91-99ab-60139e6a79c5","01bd4e3b-dee5-4a2f-aac2-b64769a716cb"
"31310277-74c3-4874-98ac-27e09f55eb24","888ae96b-b8ef-4ada-bb66-20100134ba70","0591bf59-a57a-42a6-be1c-3c3a09cf2b02"
"31314486-d58b-4c11-b9d6-c96b27825be0","2a765837-40e9-4873-90b8-1f81255c0b6f","0240f7a9-4efe-4285-be14-7f6e692d64cd"
"334e515c-e154-4a01-bbd6-47abfb892286","9583097e-eecb-4b47-a0eb-8ae33e207963","0612acb5-7e56-4c90-874c-22ff13d53041"
"3690d1a3-dea0-49f0-a1f0-3b22f8f86998","bbeccee6-15ab-47ff-9109-62d1291d5a1a","00bedf6f-72c8-48fa-9790-a0c725966562"
"3a33baa5-928e-442b-86cd-7cb9e9786fb7","744035e6-33ba-415d-a0e2-7439a3079f87","074b376b-9ec7-446e-9781-a671ecafb273"
"3aa24a66-9ce0-460f-bdbd-7bafb48b9747","8ac9d8e1-fba1-4d18-8d86-c07cdb1af966","071e1761-49c4-40e5-9d6a-ac23bf3d67a9"
"3e37e58f-e4da-434e-8bff-70ab4fe78448","939f174a-2c99-498e-ac5e-694860e05cdf","009fbc6f-54bb-44d7-b6dc-821580f2d9b8"
"3f51a863-cd9b-4775-ac51-0a600927394b","2be73b06-8143-45a3-a852-97120d05ef38","01353263-efff-4458-8584-2c0249fe557e"
"44bf4618-84d5-4392-86d7-ca17664909e3","1f1a89a8-29a9-42a8-b597-661d508591da","04af9958-9a59-4f26-bd45-5f43ebd8f9ad"
"456affed-b70f-4c5b-8820-1856ee48bbd7","c694e90c-7864-4b9b-9c85-b941b16a61f3","0427c01d-a0e5-45f4-adf3-f8f3b162bb0f"
"45eb3334-0121-45cb-ad2a-49ac6f180340","9232022f-6594-4c82-bd82-c516801fc374","034e984a-76f5-4e86-8e11-ce126e2806a5"
"47219a3c-637c-44c3-b3ca-7a548a2a4e06","463abe3c-21ab-40fe-bc12-6697f980bc2c","02a92f68-41f1-4c63-8f9e-91a7d8253188"
"476dd3a8-50d9-430b-b099-07f69b644c9f","bcea8215-c889-46b6-9005-c74afaef7af8","0293a81a-6b59-49e1-8aab-f6692250fcc8"
"4b201f56-3062-44f4-b6d8-5939f33f497d","a55fa3c6-844b-483c-8519-638986609ded","04b64c8a-6f36-4423-8d93-554e6c08874f"
"4b7e1ca6-b47d-4e36-95b6-a3bf5a417800","cf75260b-e240-43e3-88cd-6c5e8fe93df1","017b9ac7-70db-41da-b0f5-5bc085ec29a9"
"4cb0fb88-80eb-40c0-8ba3-45fc4b789c5c","247c0e69-1466-4261-b049-384ada5f655f","03d89f59-3dfd-4b1c-8b61-7becd4ebc400"
"4eeb5bf6-9e41-4e39-a01b-7ca641ba194d","fca409c1-8208-4793-b24e-83fae029c940","075862d3-067d-44ed-8e1c-303fe32a0a77"
"4f38d732-9a95-410c-9075-d970bc0bce50","c5913276-3166-4615-9db7-e21c740420ed","034820a8-5363-42eb-ba14-fcda586a1b53"
"4f3a6a0c-b880-4cbd-b17c-5489f091de76","9e4bee10-72e5-4dfc-b2e9-1d94625b764d","024b7b00-c0f1-4af7-984a-83459a2e366a"
"55da67fa-4a03-4796-b24f-27a2caec30cf","ef9d7d5d-5419-4ad0-a879-b3b4a6531687","01df86d2-d496-4c45-b015-7ace5a2b75dc"
"59107f2d-0d26-46b0-867f-bf017771c395","8374e778-a623-4fd9-9281-fa85540b980b","0039e55f-57c9-463e-9a7d-310fc31c3294"
"5aa4168f-c3c5-4e8f-9cd2-ea0bad3694dd","8d8992f8-7df6-43e9-8272-ac4887f73524","012bb364-3e4e-4984-bae9-4bd5fbcd00c7"
"5daa465d-1a96-49f1-bc12-50aa0897f219","58f60e91-e87d-4640-a734-8d48aea9c7c1","019e6a50-2529-425e-b634-9047d7967f41"
"5dae6572-6930-4cb6-b636-7eed3f0e90ea","e63f345d-25ef-4e1e-9490-fa805a3ddd48","07ad9b51-d507-432a-9e85-9988750b149d"
"5dbc8023-e6ef-4298-8379-8622058aee1a","39ffbca1-5c9f-4c85-9cbc-ddad8c26dd99","02a92f68-41f1-4c63-8f9e-91a7d8253188"
"5e73254d-a0c5-4eb8-bc5a-291aa0bf7398","284f77d8-f2ee-41e8-841e-2774b657e444","01366f04-0be9-4d57-a2f7-9a282afd5ffc"
"5f63278c-5fdc-4152-aaab-5b4888782771","27460a85-94ab-4b85-b8c2-91799279edb5","02cba03f-10b0-4de7-9244-88ba213e07a7"
"5febd0fb-d451-440f-a2f2-888cab193ae6","fc8aab06-55ae-4a79-8068-3202bad8cdeb","0516c3f9-8006-476d-95e6-d16c5a7ad6ce"
"6050fdfe-c624-46c9-ac5f-443c39abbd13","a5d196c2-0f75-47ca-ae89-b6eeb92102e4","05875f1e-e033-4cc8-8ddf-23e2af6b620b"
"638131a3-59ad-4369-9317-df214339ce65","72c66993-7276-4e40-9858-2a1cf857ec64","0023e386-1e5d-44e1-b17f-8524425b34a7"
"6599ebf1-d67f-4e7b-b647-dc2bcce88e5f","f7cd7274-ce47-464c-81af-56356ffb4569","0407dde6-885b-41ba-8fe7-fb7115580ad1"
"66529b0c-2420-4775-bbfc-f0bfa76dee72","06914908-ee14-4c80-b387-a39ba89d0e5d","06b15c3c-b474-4b2b-8511-90c2c9f59753"
"67ee1b1d-3f22-4fdc-b041-bd22862dc07f","2936b853-5744-46a8-93a3-b8921a65c0d8","02441d67-ab86-4c0b-a83d-14b190dd89b8"
"6aec898f-d568-4376-814a-3a1bc71614e7","2c93cd4d-3517-4da2-8f4b-b0492c9f9afc","05b5d72f-adb3-4ebb-b007-1b9278b850a5"
"6d2ed5d4-c69d-4361-9995-e78f146e0b8d","d70d6a3d-be06-4672-a239-f86b6d45cbf5","06acb733-a75e-4ad0-a9f2-7433f94a7d86"
"6ea0b687-44a7-4ec8-8dd5-fd66823bafd3","13129a5b-084c-45df-944e-00d41952077b","07f56b7c-3591-4bfa-826a-e9d2a191e661"
"709fe267-c888-4514-bba1-cd12f8c4204f","feb292f4-8f4c-4b46-a02c-ba5a9bfe2096","02ea4292-4375-4419-88f6-8124c4d97353"
"712c6bde-4799-4065-90e8-af533d42b259","0bd1ce40-2563-44a0-84e5-7cf6f6b566a4","03359f57-d6f0-49cc-b7d7-8d6d8a7614a7"
"75dbcd94-f5e6-4abd-a566-745017baceb1","e83e6690-aafc-4623-96b0-254bdd54cc83","074a5adc-b5ec-41b9-883e-ba6d8a453c10"
"7604787a-09e6-4c7b-8195-fb8a0a4dd080","d9d6ae12-9698-48de-aaca-a5fbbc7d29da","0407dde6-885b-41ba-8fe7-fb7115580ad1"
"7682da03-e88d-4e61-9434-f9b0e1604b0d","50d552eb-33fe-4020-8023-55ac6b7b7913","05a2df99-0e6d-4ff0-a546-a081c10fb3a6"
"78658447-ca83-481b-9aae-8dd5460b8a64","e3f49cce-f5da-42b4-98f6-94fbc4f807bd","02cb9bc6-88bc-4b44-97ed-c9be9d39ba63"
"7c7df1f2-6b83-4b55-a22f-d34c28a75205","966db8e2-870a-40f2-939d-a0d2f1eb7120","03de7af4-9031-4c4a-8465-8bce0effc054"
"7cba8b31-9aa0-43e6-b78f-2ef41fd48249","2707339b-0b9a-4572-80de-37ed5c1162c1","01af1fe2-6bd5-4757-8f44-797cadf77684"
"7daa0322-b1f6-429f-ad6d-a09788f38366","e864cb47-9c65-482b-bf14-915043a31898","009fbc6f-54bb-44d7-b6dc-821580f2d9b8"
"7e00a513-3cb2-46ea-b0a5-ea1dca0d62cb","ca897997-0830-4457-b1d7-3c80cc531106","03a1ce3b-3192-4c3d-99be-14b542f26761"
"6c5b3d23-9845-4a60-86ee-8651af088630","c6e1f655-d10b-42c7-9d0c-6334cb24327f","019e1898-bfa9-49ad-9355-10f6726ca031"
"6cc8b2bc-e251-4094-bfb1-326a3d08078e","1718a731-8e71-4ef2-993e-00ee20065eaf","04a5e890-c23d-4de6-8e14-95158b4587a1"
"6cebd9ce-841d-4105-acdf-d4764a3fd261","3eb65987-7e30-4e01-b1c3-b04d7ccbc22a","02b77904-f5a6-4f43-b573-704bf5216a42"
"6d80f193-8e7f-4c54-a5a1-12ffdfec2f38","bbddce85-625e-41fa-9bee-f1c94a43373e","0379e417-dfab-42b1-afee-8ffffe1bc07d"
"6dd64a16-d870-4ab0-bd0a-2aac63570d4c","c2e1e3e7-0565-4e30-86c3-13d87639db70","0016a4c7-7745-460e-a382-76b686d93e52"
"7141b74a-4541-4038-8f96-5022c0043d72","12013551-0a44-436b-80dd-f090f33d954c","01d8c275-8e1a-4088-ad09-d47dd7b2f9e8"
"73864ad1-a886-4f3a-a4e5-fde98c0159b6","acb76d8e-7a39-40a9-8b69-8cf4a01d294f","05a65b83-2bb2-4a63-8655-df7aa50dcfbb"
"7774a74e-7e2b-4497-9dce-75badb1d5ac1","029a400e-b72b-4389-8088-178822e49569","04ba2450-cf25-4b1e-9f5f-e4c2756ebb98"
"77b769f7-0445-4828-8d81-9832f2a5078d","dafa4d16-cf95-4ae9-a5ab-e76835743750","04875edc-b02e-4655-9b60-62745cf6aa72"
"7d6ce04a-cef4-493d-8431-2d85837d97c8","dcca6a02-8998-46b3-8340-2abfc3a66830","04377273-312e-4b6d-8af7-7725e7c455f5"
"831e2b36-3100-4237-8336-6699eea1c9f8","d99c2f60-e846-48f9-8389-a879b31382b4","0421036d-58f0-47a8-ac9b-1224fe296b59"
"8414ab46-cf2d-4775-9a3f-83537d084717","eae1b813-256a-44c0-adb2-1d7923144fd6","032bc657-8746-458f-988f-3c5248033777"
"86231bec-dc03-4fad-989f-a1117b05cc9d","6b540c1e-7949-4814-9720-313d8d0805c7","063eb505-a24d-40e4-a04d-418a8bf6b380"
"862a51a5-5884-4ae2-b9fa-d2bf0f85e383","e912548b-3be3-40ef-9b5e-79230b0cba09","02c92fe6-ef1d-40d9-93a4-796fcb222d17"
"88d498e9-badd-4ba0-91c3-c702da958ed7","e6586a86-df71-453d-a95f-e838613f5257","0617e806-cb6c-42f2-b670-d69271749d49"
"896981c0-6af8-4005-8a96-30be43589b7e","a6fc509e-955d-44c2-8419-bd10701f6d97","06d42d82-ad0b-4216-a599-08ccaa161a7b"
"8b47c2c9-fcde-4e9a-a83c-e1c8ada8bf47","2259f565-51ee-41f7-a124-64bacf6cd340","0233ee74-fe82-44dc-8c45-332025127287"
"86e37cd9-6fbb-42be-9991-38fec42b9c98","e3df239e-7604-4d08-866e-618d483e5775","0609a310-bdee-48fd-b123-80c5238fd102"
"8844ca1f-9694-4fb1-b47c-247996506a96","8cedbc4c-4673-4064-b976-200597d65be5","0b0b0449-0d62-4e08-9134-aa6c93ee5f64"
"898310d2-32e6-455d-af7e-17d288cbf773","8a0cd59a-90c8-4cdf-a4ba-8855e2a522b5","0420c4a0-79ac-4887-b61f-a6a1e96ab4f0"
"8ad04dce-4339-41f0-a08a-6dce60bed1a6","fe17b363-a9d2-4b88-8a11-b2a11598f776","0b107f9a-a554-4957-94e8-ba06323aaf0d"
"902e80db-b218-478e-b20c-10d189ec2c74","5b58d049-ffcb-4df3-99e8-2576ac88cabe","09e59961-c77d-464d-85ad-ce8403ea5980"
"90cf07c5-592d-43ec-85d6-6fa3fde2e182","c197467e-8af1-4266-a756-df9e01a39b21","053f333e-d3a6-4500-906a-a7059ef13173"
"910046ad-f83e-4324-9e4d-fec41f4d3973","fa572a73-baca-4433-b190-90e7c791e93e","0b66da0b-7930-488d-bc18-6d91ad00b2b3"
"95d53202-2701-442d-beb2-287086b44701","2034872a-d0fe-4e12-b61d-fab6e6437fa1","011c4aef-df73-41e2-887b-5873abf7bd4f"
"95e360bf-1b00-4643-bd61-b6a92bb48e1a","94b92750-c3f5-4472-ab1d-d3a2433756f8","0894f6ea-d33b-466d-b657-39c5b7b8bb98"
"96ce4047-5f71-40ba-b97c-b8c8d6483537","d72be76b-01ec-4411-9b25-55e70ba82195","026b4e1a-e724-48a1-b09e-b285a9173805"
"9894814a-33fa-4f2b-acc4-da8df45a2012","f9b13afc-6a0f-45a4-9138-60893a9d1d30","033e0edd-1d35-44ff-ac57-1ba2dad18cd6"
"98f55356-aa20-4dec-aad7-4b9370f4a3e1","ebf9435a-1fc6-48df-8701-a8d95fe844ba","0812a9b9-cfff-400b-be9a-fdf49fd9c114"
"99991c33-bf85-480a-95ce-04fb91aa2805","b93b19d7-1c55-46e9-98f1-17c6bf63d7ef","0b0e3bb5-fdce-4260-a8f5-73eb2ec835ba"
"9ad47f0b-4e52-4109-a233-40605044b81e","de7d56cd-f5ef-4782-a2de-32d7e16dc954","02ae41ca-ecde-4940-b6ea-5de6b9d5689f"
"9c5acd84-5b66-4c2e-8edb-4e43873fb58f","b35c0689-ee3e-4f8d-bb3b-672323687411","003bad78-4b68-4fe0-b5df-b43a7e42d1f0"
"9e762dc7-f2f3-44c2-995a-c3ac83c90cc0","59f3163c-a4ba-4e17-b1b6-79f742bcfc11","00b8e0bc-92e6-4e28-83d1-d93dc963500d"
"9f8a1b01-bdd8-4304-bcf0-8a2cf66e133c","65696130-ffa6-4f7c-ad1e-95533dbba9d8","05a5e635-a420-43b6-8ee2-383d18a7564f"
"a07ee0cd-b440-4ddd-900c-36741d73265a","f22895b0-a8d0-4728-8d44-374c6b25f8eb","046b3504-fe42-448a-99b9-6df1a72d0631"
"a10d44f0-83ad-45f7-8c28-ecd9de4aaf5a","e3853b9a-9127-49f5-bb16-9d834c79c7d1","006da612-99ab-43d0-9a66-f394bfb5e479"
"a1afd5b0-e6f1-49fd-ae70-e44c97e68677","235bc442-69a9-41ac-8ff7-c0d55aee1763","081fd3be-645b-47f2-b9b9-7c42e094fcdb"
"a1b7d0bd-b843-4053-9be4-31909c3c7881","4a6ad5b5-2c12-4de3-944a-4e16f69aa8b2","04c23376-33b6-4843-8ba5-c3e6ae276527"
"a2d15d0f-ccb6-4bfe-b1eb-d858e00f69e3","febdcd3e-89bc-4394-9ebc-0dd4ab368aba","08b1ca59-027b-4eb5-9b3f-4ee3a01d8b70"
"a508eea4-73fc-43f7-96c6-cb334bec6ccb","ed6d57c7-510d-4589-b3a3-7e6dc54c5626","0b33a7dd-e523-4fa8-9697-979ec3cd5b2b"
"a79a73f3-5cdd-4755-9bd1-42c7a6c8e97f","643f1956-9b1e-48ff-bf50-f3c1c8800017","0540daa3-a984-4207-aa9d-89c8c5433ccb"
"a80ce6ef-de79-4a1f-91ba-0b5aa5053f7a","e30190d4-9e32-4e7e-86e5-bb52d3c70b51","030bb029-2a2f-4dc6-b41d-a585fb351808"
"a824528d-b685-4795-9dd9-0d08979fbf69","40a5dc48-64bb-418d-94f3-8153425ee597","03a0b9dd-4b70-4c71-a937-c99116d36ae4"
"5ae980ab-af73-4bef-93a2-325e040c1118","2e44b0fc-408f-44de-b000-fc1fa3cfb807","079c97ad-bec9-48ba-90be-924b315d14d4"
"5b141f54-19c1-4d2f-beab-2a373830b450","8b588c0c-da08-43d3-a486-01a0d020fb1a","08732f11-9f12-4065-b428-28acf851d64c"
"5da71fef-1309-4c64-b502-c354afaf3622","c1a8cea9-609a-4aff-b0a2-a1c64cd1d19e","059825a8-a8ca-4825-82c8-e18a9aa6aa8a"
"6077d15b-d52f-4ede-954d-b2589e143487","ecdf2b37-d60d-44be-86b8-77e25ea3ae3f","00f68db5-795c-47fd-9aaa-e52c1502c614"
"60a18f80-a941-4734-a918-3d520067eb50","de1bb37a-2fc1-4343-b3d9-940dc3b21e2c","03d6093f-a1db-46c3-9b9b-453a1eb1c514"
"60fe5f95-069c-4e91-becc-f238095b17ba","36bcb309-a71a-46ef-a331-2adc4830343e","09f062ce-cbdd-4b40-9d69-b2a8281809b2"
"6155ff10-3924-49fb-a649-ca20f2fdf331","f68b8e05-8f22-4357-a122-45a1b46aa1d1","0827b0f6-ed64-4dcf-8eea-17fea07f9d1d"
"63f9bbf9-082d-4095-850f-c41d9072fe5b","afc402d4-dc86-49d2-ac32-9979e00a3307","00e89cca-f8d8-45b3-ba90-5bd00444a061"
"664c2b04-89ce-4489-9360-fea49b57d8ef","3df0d374-6ab9-47d8-b919-5a3eb0c7cd58","053b5ae5-dbf6-4157-8f83-2d399f6b0116"
"670d7c7f-2987-42f0-be7f-49aa3ee11267","bfa4cd74-f89d-46e4-942b-6e48b0c14966","041f0995-71cd-4121-ad91-f4bbcd591c29"
"673310cf-05c7-4d3a-b78d-d1e6f4d26ca4","de92e708-d9aa-46f6-9e63-727fa3532ac7","03fa51c2-50e8-4292-96db-fa13c7647941"
"68118de9-2915-4511-adc6-353f803d35eb","24b0eeee-12ba-44bb-ba7a-7668996363b6","07d77919-6807-4502-92a1-1041ec505b0c"
"6852ab38-9410-45de-b85a-f43e418dcf8e","ec2ec506-aa24-48bc-8f19-5c8b4e0489bd","05ed751c-c08e-4fdd-a424-2cb117857bee"
"686ea25c-e041-40f5-a3e8-0dbfaa12e405","5791c4a3-ac87-47d3-b8ea-57718f4f62d7","08ad8145-1ce1-4a75-bdcf-51b65f6f2e0e"
"6938934c-2399-4509-808a-5df5b71e8d9e","3cb91146-749b-4103-baa3-8862c1638523","083e5732-9fc5-402e-be5b-bc3413b4b9fb"
"69729b1a-2b9e-4f9e-8848-2e27404f219e","fe3b443c-f1b9-4524-bd9e-a7189f17ae2a","07ce0596-0bbd-4b26-906a-8d2a06bc8262"
"6ab36f9c-9d47-47b5-a621-4c50bcd25ef2","df9a3d7b-05d1-4338-8dd4-68f5a9b98b9f","043115e6-81b6-4aac-b6a9-cf60c56bdb06"
"6c2014f3-e5fd-4fe2-9cbd-b927bfdd07fa","f2e2eff6-c3e2-49fa-9666-d293148310be","012b72bb-ca97-4d04-9433-519f09cb1238"
"6cca156b-d1fb-44ed-9581-12aaf11334ce","9e092f5d-c8f6-4b3e-9be1-741e61b7643e","09aceb5b-894f-4fde-a6c4-5bf9ea59b71f"
"6ee01ab3-9d64-49e4-bc27-8d12f5cafb3b","b3de312f-8e0f-4147-a957-8bca03d410f4","019f9b04-ed91-4e85-887f-c32be1326a62"
"6ff9198d-5959-4539-95d3-2473e3db4e47","5ff8050e-6cce-49da-a4f4-090ad77b90a8","043b4a5a-9689-494c-8d27-ade737e6f328"
"7064548b-96fd-4d6e-a76b-06ab6ae1dcbf","79c61ba8-e9ea-450a-a79c-89f2c88b810b","00709e7f-6065-44be-944b-5041378fc897"
"70e25a25-0073-4852-940e-9ed3777132c3","d577d6c5-4e41-44ab-8b0d-469e5c2cd6a4","0623586f-4564-4e92-ab43-5149d75eb9c5"
"71a8fb17-9830-45c5-8802-14e93a6322f7","604825bd-c00c-447c-8550-36a95d277bca","00e9ea31-886b-49f7-af75-f8fa25cbc299"
"72ca4f86-9cb9-49b2-aa57-5bc17069e196","d47fbee1-6df3-4f47-be6c-9c98ed0db79b","0221f7d4-c767-4a2b-a157-850715717421"
"73db071c-4bb1-4ca1-9592-aa970596f885","597c479f-ca7b-4fcd-970d-47a8c6b0447e","063807a7-9b4a-4c7e-a25f-96ad63c49418"
"758bd6bb-acc1-4878-b53e-7ba9f34418d0","eb05f7bf-e3c5-4dac-a40f-73751e7a53ac","05b66d68-f4cf-4659-a1ac-6d8b19b4bfe5"
"761972e8-18ba-4ff9-9110-8840bc2e8d56","573b01b8-8b4e-4648-bfbb-5b652550974f","07003426-b527-4716-97eb-8ed13d1af997"
"761f1790-b385-488e-8afb-9fa64e24b661","d2a5692d-0b59-450a-a87b-504db219260b","00022a06-fe6e-429b-9bb5-72cf2a711dec"
"79b20257-4cdf-4409-a673-2c948d679b90","4a26750c-0e1d-40bf-806d-79d4524cb230","098ffbac-7f3e-4cb5-b393-e842b0765732"
"79e99ff8-8041-44cd-9757-d01807b2c0ee","e2eb2e37-75f7-4861-ac9f-3866821a2940","01a00621-b602-48fd-8ed7-871943bbeb2c"
"79e9c8b9-b4b0-4beb-bd4e-975a7abb1941","6b1a6370-18b7-4fec-bec3-ec4846d930f3","0b87d9a8-79d5-44fb-b7fb-e91b66684528"
"7a9cfbe5-010d-40ff-8e3a-86fd8501d3cb","95b94d1d-9ec0-488e-9585-841fd618b932","005dad11-c7e9-42e5-887b-5fc2b2c5c359"
"7b8da81d-a118-4869-9fc7-8affb7206546","3bc6111b-77e3-475b-9310-88ed8f26cf7f","00cd249a-b369-4bf5-9bbb-3acdd8b362d0"
"7be93912-c7fc-47b9-8edf-9446ac780a58","0a77768d-eeca-445b-a106-f117dfa60dbe","0320bcc1-2084-4421-aaef-0bafee16a823"
"7c1ef788-3c18-4be1-afe5-62997e0acf9e","e9d697f1-9fe8-4cb2-b264-c0bf607b12a7","07bf4aeb-9036-48bc-9174-e1bea2887c08"
"7dd2a212-ffc7-4c64-ac16-1ed1d71a8775","f2648188-7a05-4e69-9d4a-711219c20812","053eb2ed-3e29-4d90-8cc9-dde15fc80ea0"
"a79afed5-8a60-44a8-a160-69f0a63fde12","fdc02aad-3495-49fd-a3d0-28c2d344a85c","053eb2ed-3e29-4d90-8cc9-dde15fc80ea0"
"a8d7f63d-802c-414e-89ef-be46d613c17e","dbbf9e6e-6770-4930-b344-2c3ffe188c7b","06bb2e0d-bdac-4152-9cd5-160a649180b6"
"ab7e201a-c73e-4376-8f7c-c7c6ed087bae","84806d50-41c3-41f2-9ba9-436091336b1d","080f5aaa-d760-4dce-9bf8-89211f4f2317"
"ac8c21fe-fc48-40ff-957b-c5b3c5d5bec8","79e04cd0-c42e-4bc1-9429-93081cfe31da","0853e45a-d9ac-4521-9877-aeef2a245a4a"
"ae9fef49-3ba8-4b5d-bb36-28fac964f61f","0caabb7a-2ce5-4d14-bc44-a444645f3978","02f91115-69da-4927-ba82-1b00a214a343"
"afce45e6-348c-4aad-9509-1df229fbaa42","66799b60-69bd-4603-986b-b77202ac0800","00378a61-2ee1-4212-b6a4-e74afd660625"
"b04ac652-3683-4fb2-9d89-fae317079afa","5ec7671c-0592-4ece-bd80-cce0a11c4ac4","09eec758-c7f5-42ce-9b5d-e3510c1bd0f6"
"b0d4cc49-ea7f-459a-be69-db8e584d2879","99ae486e-2bce-4936-ac59-93fbbcc28250","0604f68d-4a07-4579-85fe-cf719ea246ad"
"b2fc8d6b-1a7c-4d58-9a3e-9279a6a05e5d","cce0ee5d-0014-411b-9288-7f7a14d319d7","09af168f-066c-49c0-835f-d112cef3dbe2"
"b302b994-7afd-40c5-bea6-1f6154da6806","7ce86bcb-6f15-4976-b759-e2f98fca4c92","01cb7e42-637e-4f0a-9428-e7f6989648d3"
"b3073ff9-5ac1-4965-b46f-1d5d43e3391e","8078fb3c-14b0-417d-b16c-770856b334a4","01863538-b409-4f23-b2bf-091e9026dcc2"
"b7a5557c-371a-417b-9872-2f752f17f7d2","18e799e5-99f2-480f-8efc-23487f14daad","03aaf559-b623-4ba3-83ce-a837d236d8bd"
"b951c450-3844-43b1-a352-238393d12bb7","912bb969-0db8-44d3-9526-1ec6077b9000","08a4affe-b40a-4baf-bd98-e42191c39cdc"
"ba77547c-2ca5-42bd-ae97-5c97736de095","dc2441ce-342e-41a8-8a72-7b8e11ce4f71","01ba1363-a7e3-4d5b-a133-cb01fe78fb76"
"bb698c66-7593-4ee6-a673-60fc072cd2b9","867b1383-a667-408a-a829-45835deaa636","0a647a16-8657-4bb7-a673-8d48fb8df971"
"bf5081da-d218-4a5b-b3aa-c6451d651c35","e37bb724-b74c-43fe-9ccd-9011d83065e2","0468c660-7eaf-4233-a84b-8d52d9be80d3"
"c02fcbe6-ab83-47df-b769-3d7caae264d1","964961c6-d234-4654-a835-36a2ea4223db","051cc48e-cf2f-4590-9a19-d0fd2518335c"
"c2565322-56cc-4ad0-b0d9-4205fa97dd90","19601af4-29e5-4453-8a9e-0edba2c875cc","0499d6ac-0863-4d4e-9c93-07805ea2fdb9"
"c536575d-6d3d-468e-ae17-829a9fbcaaaf","e1ee7603-2550-4c05-9b95-3919139bc741","043405eb-fa17-48b1-a19a-2a139a45836a"
"c55fe332-466a-4459-85c2-1248e8c1ee43","b0b79109-f0ee-48b0-a03f-6023915d296f","0b110652-a53f-47dc-bf1f-9b2d96dd720d"
"c59dc465-9d65-4559-b347-6b75d8ff80d0","9c386d84-62ac-4dc7-b4ba-e8fb8eb8eff5","0095a7fa-3302-488d-8af5-b8c1af71ac0e"
"c712f179-022d-4c03-b216-c0c47041cfd0","bd407103-be07-4dcc-8f53-a9c6a49fe83b","077e56b6-4aa8-4c43-87eb-24d48f146c50"
"c7683d93-131b-462a-ab8b-21207239569a","d73d8411-7acc-4221-aecb-c418395ee8a4","0ab4b019-b07e-420c-8606-513c56aa1f29"
"ca2be21c-de90-4ff5-8cec-b3f527bb50f7","1271e0c5-2eec-4d1e-8525-b1ea30ead64f","00e4a50f-6a4c-48d3-ab2f-c89f7e9fd478"
"cfe0eded-5f50-40b6-ba2b-69c68042ffd8","076c58ec-db0f-4dcd-94d5-8d8d5757128d","07003426-b527-4716-97eb-8ed13d1af997"
"4f930f68-7fe4-47ff-949c-bd72dbda6268","d4f5512f-1eba-4890-9712-4a4c9a783a83","04886bc6-6fe6-43f8-b86f-7837e177f9d7"
"5297c022-3d1e-4d70-afd2-003184bf3111","e0ef8dce-9ca4-426a-98c1-a3ba99c27322","00e4a50f-6a4c-48d3-ab2f-c89f7e9fd478"
"564879fb-a844-497f-a34f-f7a2418dc0c2","6887f724-b999-4c88-b7e9-4c942adbd214","0afb7b53-359a-4bc3-8c9e-8b7e48b6119d"
"5715c0d9-b932-4ab4-8fbb-f02332833309","fb1acf13-f127-421a-be75-a957f31c6930","073e2d95-238a-4e25-a2a9-dc7b29cfa9c5"
"5eaace07-74d8-464e-9fc8-c093ffaff2a7","fb5b4778-4a54-4386-a17b-03f73113b969","005422ea-635d-45ab-a6e0-39f1a33b00f4"
"5f27c751-a788-4309-b428-e800fdf55abb","b8233c45-a4e5-4c70-bbc9-0b5bba354283","00235764-2d59-4ad7-b370-b454d9e5747d"
"605cb6bb-5bb7-40b6-b22a-4a685ded26de","5c1d44df-6fca-4e05-934f-659691714c4a","0a31a5c0-939c-402a-aed0-2be2de6d244a"
"60600375-3306-4c7e-97af-f97d5cfd1c9c","f6d4cf52-3696-49b5-8993-a3829e57f0ba","02272902-0021-42ea-a29b-f85118de528c"
"61d3a107-3b9e-4408-b0aa-b4022a49dd23","3e751869-5282-4b8c-bf3b-c6457bd2c71c","0a9a4d62-dd75-472a-908b-6362631013cb"
"620253a1-bec9-4eea-940b-63dd51346175","8ca46d2e-0373-4646-834e-0342d7cbb9f6","0525e49d-e752-4a69-83a7-04e6eddb1f4d"
"622a242e-43ca-4bfd-97d0-b094994ea234","becaa97d-5481-4050-abfe-0443422c971c","05e78899-863d-4d29-976b-9c36ca457331"
"629f3387-5f81-473e-840c-eabc7bd4df3c","f85c675f-4b3a-4198-81e1-394774baf209","098c760a-e6d4-438b-b50e-918d89b62371"
"633c3580-358d-445d-94a6-08283a93d5cb","d9050d85-140b-45b8-a526-6b83f6652e7d","0aac774d-831e-4d36-a076-f250ccf16169"
"6747710a-af53-45ee-a9e5-0b6be15e1c3e","2e9f4bff-ebd9-4d63-87db-cac1a980891a","01181b95-5616-486b-a003-88996e8ccbd8"
"6918a217-f09d-4eb4-8307-d3b8b509e056","10443b3f-0878-47e0-b228-2844e8f209a2","06e0320b-0379-40f7-8299-af26eef49031"
"6a8f32be-6d2d-443c-97a1-db64aaa583c3","7f7a6800-a7d3-46cb-bdf1-11820b5c3669","04f7ffa3-6826-438b-9c29-2dfbddee558d"
"6af2a2b2-c8e4-4fc6-b57b-f5444621153c","92a40904-1069-4f57-85cc-a12fcb41556a","00f231ce-4477-4d55-8a68-59e5b86f8b3c"
"6b6358cd-1793-43c3-8181-7c8a2186414e","c2689099-16d0-49de-b99f-b35d664778b2","0930c9db-a4bb-41a8-8e11-7f035f9ba75e"
"6bd3b7be-fa1b-46cc-9913-d9b170ed1598","93806350-77c6-4849-be2a-61546efdf177","03b2db21-1b98-4ab2-9043-507eb70664aa"
"6ca10be2-989c-4a1c-9544-a88663fbaebc","27c4923e-eaa3-4937-9ec3-dd12a40cb755","00080b46-3036-493d-993c-4a398c18afb2"
"734fc99e-7e9b-4ca8-b602-e8868498f47b","94991d79-3f16-43a3-bb98-6a2129d99056","03aaf559-b623-4ba3-83ce-a837d236d8bd"
"787563b4-2a2d-4409-b238-78dcfa8e4d71","113f1f3d-a6ed-499d-8bf0-cf3235545a03","0198c2e6-fbd4-4c65-9bef-6ea13b24b85d"
"79a523f4-ed98-461a-b6c5-c4d7ee4935cf","c643d65a-a5d7-48d5-b62e-c0e0f7d6e197","08b2ab8e-383f-498b-91db-ab62b86d3f57"
"7a74e820-3d5b-4fa8-a6ba-0512ec3055b7","01d21d11-21e4-48d2-b7b0-54c1e4ffdbba","06115b67-ae74-4c8b-aec6-a29bad55016f"
"7b0a2cd9-6ec2-4e5c-ba39-fa37e0cd9c52","f19235cb-dfe9-46df-9a22-cb21c3ab827c","01125f1a-0a5f-4270-9193-1bbbfb81ac9b"
"7c9a66fa-886f-4a06-8496-5c64dad48576","789ced52-4a0c-4081-98ce-5caef93f1ed3","0241dfe4-8bdf-4355-85e5-6fb7b6a48697"
"7e1f37a3-dff1-4456-b926-9e30d3443601","eb0d46d5-1ba8-4d03-abc2-6c0ad71f404f","00e89cca-f8d8-45b3-ba90-5bd00444a061"
"7eaf6efb-1f3f-4899-9fd8-28c560216c6a","caf39e11-9197-445b-bd97-8146c08c12e1","02b23d27-d728-4743-b9c7-3e286f222215"
"aca87255-c65b-4fe2-ae3d-4a6cac1fd98f","3245f532-5343-4ed2-829d-40853b5ed8e0","0920eac2-892b-441c-94a7-313ef205f069"
"ad4fd8f3-16e8-4518-ae30-615085520441","65c0bc95-f156-4b0c-8739-fc9da3d4f239","037bbe54-5294-42cc-aca2-9e97dbb55772"
"ad53865b-48b4-45aa-a0fa-65f2c51fb3c4","833b89f4-7449-4635-8ee3-ed4f318fe487","00411517-1ac0-4375-9287-cb1f55fdb80e"
"ae9a5e15-ebc0-464d-b19b-57eaaf35fedf","d1a23691-6dbb-41c8-baf7-beda3af5a257","0516f291-8c54-43f3-813b-d668f3d146a9"
"aeedd3c3-ca38-4964-86ac-9fa33379aa3b","f4bb2e7e-6d34-420e-87d0-7866f12f55e3","0816fb64-87e4-4e8b-a83e-394d3aed8e91"
"afedf5da-451f-45d4-8149-21bcd00a177f","85fac2a9-778a-4431-b4df-5a660578f6f4","03866d37-f5a5-423f-aaa9-8ea1258f7e2c"
"b06220c6-a06a-4e44-842b-9c01c19d38bb","3380e972-057c-4ab0-a201-5eff1d65bafd","04458bb5-507b-4b9d-aff8-f9a1aaa076b4"
"b373241e-c71a-4284-a34a-46259b8edafa","b5f810e8-6ac6-49e9-93d0-0be4e987af0f","015727cf-15f1-4c6c-9ffa-534c00cc33a1"
"b37d6a8b-57cc-4166-915a-f34674ce765d","cc48e46a-215d-45e7-99c6-1265c6afffd1","0b08ac8c-6948-49ba-a42b-3e84ff0a5212"
"b3c46cff-de9c-4bb8-9cf1-89834da49825","d187a1b9-f4a4-4b1f-ae0e-5fa393867b27","04a7feb2-88cf-4eb7-b3dd-6534be79f10c"
"b709600f-7c29-475c-bd48-d69a7b95d76d","9bee2b5a-06eb-4deb-a77f-ffd931399f9c","07d77919-6807-4502-92a1-1041ec505b0c"
"b74cb4f6-c458-4c55-8afe-c6fa9c8a29a1","866cfd4d-2117-4f91-8dc4-fd4158dec2d7","0114acc9-2192-460a-af7b-34d3a0b5f485"
"b957bcb9-86f0-4b7f-a818-8b937417179a","026a84c7-324c-43b9-a2ee-2e66538243c3","0241d47a-3316-4208-b5e6-8b104afca27e"
"bb61c6c8-01fb-40b4-a938-ce47e450ebf1","363434b8-18f3-488d-b3d8-3563579df4a5","052d9bc4-0463-497a-8411-8d9e1c37944e"
"a0d14a12-5c5d-4ec4-a4e5-660e863d7435","15d8aee6-5332-42a3-a127-87677f0baa14","0bbef49b-47ab-491e-b46e-c7c2afcc492b"
"a0dfdfa7-639e-48a3-af44-2c1d377c01f8","ea727bd3-3682-4dbc-99f8-8df4b1d27982","0d4e353f-0816-4219-947d-736377dff5ab"
"a207c30c-e68f-491b-8c33-ba39c7ba9cb2","0a35171b-ece2-46f6-a437-e8f3ca6ce07e","0bba5ef8-9732-4c79-8405-de9ecef79eb0"
"a3a9a544-a8c4-42a2-a798-64dc8dcb6fc7","de7b0d5b-b335-48fd-a49d-04980121d523","07140641-77ea-44f2-9c33-241810c15dfe"
"a4457c48-6b62-4388-96be-245f2e1415d5","9d8377a8-a125-4a64-8b01-ff087c6a1052","02188050-b5c6-4c2a-94ed-5c4e1f4d885f"
"a504b019-b66b-43cd-bc36-06d2a1da7f01","6903b091-a8f8-4558-97eb-dfa6102009eb","05420be0-a349-4c63-ab7b-cd21fa16a826"
"a66091dc-f195-4d3a-bb21-93d395e162cb","e89140e9-832d-4aeb-ab88-ba054a6f1d3b","092fb2e1-35fb-44f7-847d-b225d97fd936"
"a71848c9-fb66-46c1-b5f1-fd95e225466b","652cc028-e0a8-41f4-a453-e72058e6f85c","00ede448-01ef-4d0b-b762-42d48896332e"
"a71c3e30-2faa-47db-9700-ae0dfc4d8c9d","4772347f-a065-4c5e-a1a5-5107895b184c","06dc7a22-aee7-4ede-95b5-e471c3e48243"
"a79f128b-adfc-4149-bcaa-30c18747851d","4513a805-3243-4c4a-81fe-a4e6073efee7","0a54ac76-6950-453b-9d06-634273515322"
"a9a81d57-59d1-4a09-b4f2-ca4d85b42cea","c48b15fa-1c7e-4677-bf72-9bbed606aae9","074f5c18-443f-4859-aed1-0f8a676955e3"
"aa114ae4-e21a-440a-8c69-aedc9c019ef5","a7246927-f350-4eef-be58-0445406a74c4","02b72fc5-e4ef-4ef1-999c-55edaf15e75e"
"ab398084-5088-479d-921e-cff5a6651e47","3a6c1d89-3036-47f8-a2c7-ce9d69232efc","02b72fc5-e4ef-4ef1-999c-55edaf15e75e"
"ab9c5675-2476-4ba5-bdd9-36dfdaa17b27","ef30aabf-c10f-4f92-a270-8645bbf55557","0aa96589-3043-4df6-8392-c3fc214d61fc"
"ae49da8e-a1b3-4860-bff1-439ca54e53f8","fe57cb97-3346-4c87-b763-b98923332c26","03512583-5f3d-4ac8-80ee-7195cd1d7844"
"af2ed170-1228-4446-9988-5809e08fe0ef","cd9b2093-7af4-4ec4-ae22-80cbb1a05f51","03a39a9b-35d2-45e9-8e76-7817b08c63a0"
"b00d30aa-e631-4cc0-b909-793461f93bea","35ba51ff-9800-49aa-9622-fbd58ad8ed72","0a0c77d8-fdd4-433e-98e6-fb49cc3d9f24"
"b12bee66-7fdc-4e48-aa0b-e83714b9a0ac","a6c66610-c07a-4512-a0de-58ef250557fe","0c76d6e4-8ca0-4ff8-b2a1-55deae86e38e"
"b1d91e0b-d9ee-48ef-b0c3-7d7eccabf1ec","7e8d0319-765d-462a-9730-c438dbb90bb0","0673223e-2356-45e8-9e8d-d3a3f0b3a061"
"b24355d8-efa7-4d85-966e-e7e6bc702a4d","e6ebd6cf-2f81-40e9-8093-1a6325cbaa6b","04e2b06d-571b-4a50-b8e2-7e36f142f9da"
"b410489c-576c-4674-91c3-20c54bbf113f","ffeb5ec1-a72c-459b-b34d-95cf8336911d","07e03ce5-13df-4866-9e46-2dcace2834b1"
"b5932eaa-fc5f-4e37-b4ef-21efe6cf3883","96498cfe-17ee-4509-9e1d-fd7241ddd865","005001c1-5e0f-45f9-8ee5-ec0ca28aed5a"
"b5ea6bc3-29bb-427d-a410-45a6a48b3472","d19a658a-0850-45aa-bedc-59f2c99393d6","020ec5ef-84ab-400c-824a-78719ac38b94"
"b8a95254-0fa3-4779-b69e-fad8cb40ab1b","2574cc15-ce6c-4f71-bd98-0f00555e0a9d","068fdc8c-9cd9-48c4-83cf-321c8bea79e4"
"bf14d8d4-debf-406f-b12f-525f1e6be5d7","412cf6ca-b190-4c09-8894-35b2df7b5054","0be16dd4-b919-4386-ba72-c66f0f4d2698"
"bf907fb2-22af-466c-9d88-219ea3c14ca6","c7c5d97c-91eb-428a-8668-af1c21dd7611","07804299-7093-42f8-92c4-06a9bd47828e"
"c014fa92-564c-4d26-84a4-025c7aeb3b53","9743c7a7-491d-457b-b333-595cdb10c49e","06f9dd6b-8ed9-4f42-959c-ab1ec7b4738b"
"c14138da-876e-4238-9d7d-62f56e2bb845","2cb4807d-cec4-4bc3-9089-b810230507a0","07e0d3ef-be8e-4f0d-8cca-5d100fb2df1f"
"c2c17ff7-4b44-40e6-bb79-560465b3cfe9","8402c96d-7f69-491e-8b57-c8e7acc52374","0ae64ed3-86dc-4d14-ae34-1b63b81faa13"
"c460b39c-4020-4fdc-9c53-987f7ccb5e87","4f5c8fe4-ee54-4312-ab0c-d714c44ff96a","0afd8446-bf36-4aaf-a3a0-0ba210d4c5fb"
"c4913e6c-0de6-44b7-99e3-f7e9293557e9","b4b3dfa8-f568-499d-bbd5-e7a94249816e","0d340250-a7e1-433b-aabf-89ab7409cb7e"
"c52ca71b-8ffd-42fe-a73a-8b277c4b8708","f85639f6-0b04-448c-bcef-b03a4345c6af","05952595-6cfb-4779-910b-a767530ab461"
"c69311ff-0e11-4e8e-8798-574f20b97d94","2676ba27-e183-41f3-8bfa-1ddbce8af81b","0d0a6699-dbe8-4c27-b68f-be9233f7bef2"
"c938d989-c6ee-414d-bcf7-e63791d1af0f","e7c45858-0324-4a4d-9485-e92c7532b935","0b3956b0-89db-4200-ae1a-62e82fdd7339"
"c9b40bd0-592e-46e2-8049-263d7c9c7628","9e30daab-dffd-48e6-b272-234820e492e6","046d962b-0c77-4613-bfad-7bdbeebb9c34"
"c9d120bd-9ec4-46c6-a49c-a024d4cc0cc9","f102dad0-e12a-4a59-b4df-7c876e3fde39","016ae2c5-3021-451b-a7d3-6d6501aaf964"
"cb40c911-15fa-441c-a800-ef66c6775be8","0aff5e28-2da0-4a0e-93c5-69d8a3c96a6a","062e7ac3-2a39-42ef-a8d7-e305a2dc0a0e"
"802715f9-a2a2-4397-aae6-3503d599e717","fd7a7434-3c94-432f-ae5e-d44638f4c897","062ff969-1281-4192-b961-437ae9cdb01c"
"807eadb6-69fe-4353-b066-2d483b09e803","06f0d7bc-a25f-4060-965d-8117332513e0","02a019bb-ca3a-4b39-9e14-4736ecfd299d"
"83617c85-b6c2-495b-8678-9f7bf33a8632","60376a12-7156-4198-8d2e-6c2201d2ffd5","07e0d3ef-be8e-4f0d-8cca-5d100fb2df1f"
"83752462-0ca0-4451-b119-3beb429273f6","ebc6c501-1c9d-4fba-b936-ab1352ca8329","0adaf4bf-f73d-4044-98ef-0d0e3b2ef704"
"88278c4b-dd74-4486-a530-39eb5035fe6b","3fcf9e5b-bc67-4579-8336-a50a27e5bbb4","0999f470-7447-409d-8f90-e1e1139828ee"
"89d82230-a4fd-4f64-a3e7-fdd8d218b3a4","61658440-8588-432b-bb3e-4fdd9953fba8","00b50edf-da0d-43b8-90ee-03a82cce7cbe"
"8a75c90c-78c5-4e34-9edf-6e9ac1f1d4f2","f23a589c-4464-442c-acb2-e6591dd29243","065774ff-f833-4044-9bd9-54c7736e323d"
"8d91bc00-2ec1-4613-a618-50b13fbba09d","f025b71c-63cb-4580-8cac-b860c3cf8801","044f8566-66c6-4bfb-ab2d-bca71950d340"
"8dfa9d65-f2bc-435d-a815-35d8d5838417","c7bb9eff-f6d6-46df-b8af-26a5d14ae9ce","0c5cf71d-9a74-4588-8f15-afeea70bdd2d"
"8f79230f-d491-4b6d-9918-31b63f3a0612","4acfa41e-9607-46d2-b519-e28258b810f2","03512583-5f3d-4ac8-80ee-7195cd1d7844"
"8fa725fa-d7b6-4693-8cb0-c9ebb88a2a8f","ae87bc54-b000-4ffb-a438-e6ccfc625964","081e76c8-e12d-4dd8-8763-7e5358c5cdd6"
"9033d22b-f3d3-4b9d-889f-04e476d5fac6","1f81a384-89a5-4f3e-b1ee-6a4d5e8ddc71","06a1a723-d881-42c8-b0d2-d7e82ada26a2"
"9040b32c-f703-4d2e-8f89-3fe38e58c949","b91ce039-04a8-40f2-9828-eef26367998b","0399d2aa-ae70-4af8-bbc4-84d3b3419c59"
"92af55e7-3d87-410c-8380-5f0a2587c5d2","ab694411-cb05-4e2f-a1a1-fd8b710d39ff","021f170e-5b57-48d2-9876-19cbab276ba0"
"93804ceb-f198-4684-b447-0e12372d788f","3f38502b-2c28-4425-94e8-44ea5815b510","01b822d4-fdca-4f39-b873-85b86e217eee"
"9486baab-68d6-4ffc-90d4-07df2824aa15","c6e9ba44-407c-42f5-bc97-327bff669bb4","0c7d761a-1c28-4030-a62f-5b822c2b9a1c"
"972b45c5-2a48-424b-a346-1d9dca9642e0","8d2c5904-ef2f-4c9e-aa14-2428d9dbc5e6","07121f86-d0b3-4e22-96c0-9434c138a74d"
"9744c7a3-5ddc-48ae-ada9-0976e4b5b204","8b4e3134-51b7-45a3-8438-dcb2abe19f12","02bb1c7e-b1df-46c9-904e-cd495c2f16de"
"97643bd5-ef7d-4ced-970c-c538a54b58bf","964a03f0-e6d8-47de-a290-56f56a1981f5","031d1445-98c5-47fd-a391-faa5dfde082e"
"97d36716-b7e2-4d2a-b36b-2255834b8603","8b0d6b9e-0e40-4e1e-a355-7fd59c6159d6","0583d6e2-d292-4be8-ae93-22375598e636"
"988f15c6-d901-443d-b9a7-decd318e0c99","174e600e-1141-4b05-8c81-e6be7e366353","044f8566-66c6-4bfb-ab2d-bca71950d340"
"98f0b671-2742-4279-886b-64de9ad5e160","dc6d3ed5-5548-4611-b4d6-aaf2d11d8171","0a6f2331-0324-4ef8-bbf5-b57cbfcb76d1"
"992d8ace-6de6-456a-9237-67237e8f7d34","47fb388b-a7c3-49c2-9c52-2e629f62615b","0578abd9-fa7e-427f-b74c-9a803d2e1adb"
"99da71a8-eef9-4481-a91c-353c3d7d1eb2","3e705daa-8d56-4a1f-81c1-74df831f3189","07fccbc4-11b9-4556-9259-a49e7843ec50"
"9b0fe90b-2cac-49f7-9e75-cc27a02e38cf","236ffb22-12c4-44f9-b7e2-583af3cac662","0be3a6cb-0f91-44f9-910c-7e7541e162d7"
"9b1a6723-e1f1-4cf7-a1bd-11c64f735f3f","73fa2901-39de-4495-bfd6-01bdf810e5b5","02c09467-b589-48de-96ff-9be860b5d6c8"
"9beb1827-cc78-417a-8f8b-f6c8378f12fd","a4a240e0-d9e6-45c6-9bc2-1cd68afe4983","0c90a80d-d3a4-4b77-bbda-97096d052eb8"
"9ddf87e1-a0e3-477a-8de7-30e6b9aadaba","ee21a5c8-b2b9-494e-b471-a1bac823a52a","040be8c1-e29e-4266-85a6-34cb14c73376"
"9df0a021-b50c-41fb-9e4c-56e3e222ff99","a8928b16-eb0e-49ce-82a2-885bd73c6052","0c8f52ed-df23-45e3-9646-7f9308999679"
"9ed78744-f919-493c-b7aa-6b06d4a62b31","28a1d072-bfaa-4bed-b4d0-bc2615471958","0bbe607e-1ed4-4345-88ac-bb5a923875e3"
"9f14ad02-a781-44b8-a951-2a5ecd248a44","475c7f71-a510-4504-aa93-06019cfc4389","0452560c-4336-4068-9ecb-7f98cedc561f"
"9f553f9d-2a12-43ba-b9bf-c98913c6306f","9be32ffb-a555-45e7-b584-64bd57124a68","0780cce4-f5d6-4f25-b0a5-bfa567429a00"
"9f862a8b-c693-45b8-8493-3b8c14d62b77","2e218442-8862-4186-a57e-963aac0a8cc1","02f97f03-4d91-42e0-8f9e-30519c3361ff"
"a07ee03c-86c3-4d48-ba4d-269ac795f19b","0009ed8f-e0ab-4999-b47e-f1f5a60fca33","0560d97b-ef55-4962-a275-25930b89fe2e"
"a1028fe6-8b57-4795-a241-da0619ff9d6a","3df888b8-6adb-4639-8905-84e511387598","069612cb-e4c1-4c47-ae80-593e7e21d2f3"
"a227feab-93b2-4e08-b00e-c2b5ceed30f7","dd30c640-5b65-4236-b4f9-f05b3d3d5e6d","022561c5-dd30-44ad-8cfe-6a21d9e15623"
"a2814fa8-9d3a-4587-971f-de066a68e6a2","f13d72cd-4cb6-4996-b2ee-e417f959404d","0035e9c4-3ba7-4ace-b71e-150727b1730a"
"a2ba88d6-b2e4-4c3b-a525-2691dcd92a7e","2a29a46d-6b23-4dc0-a455-eceee8946322","088a524e-552a-437b-abd5-9936cb713c3f"
"a36aa8fa-04ca-42ac-b4d2-464d56fcca3e","54da3e8a-9ce8-4064-b003-9649ea8f226f","08ddb57f-1170-4cbb-a40f-5b1288920744"
"a6186f5b-6d85-401e-a0b1-91adb742a690","7d855bd3-f526-41ce-8b5d-90c146b795a6","09b09c5a-29c9-404d-b9e7-17d5a86e2738"
"a70384a7-1bf9-4bbd-8d14-27a6bbc03997","fda59569-ff47-42fe-8ba5-1c503f5f0c78","002f7b08-0879-4f96-a0a7-a9c902203483"
"aa60ae1e-3935-435f-b2c7-cccbf9502cbe","3a70c0e7-d082-40f8-89fc-dbd480634955","009c5c42-b562-4586-b873-77afd2c9d461"
"aadd726d-f699-4869-89b9-17ca2b6feee1","6fad0f66-edcd-49ea-8fdb-1d3097dfbb2c","07140641-77ea-44f2-9c33-241810c15dfe"
"abafd1f1-cfa4-497d-9ae2-5b81943056b7","0940ea80-7113-4c4d-9ce6-67be94cceb2c","08e69b7c-983b-4189-b633-fd5abf3d6c22"
"ac9c59a6-6c71-405f-bf0c-dc5f8db9bbda","9443f11a-3d96-49ec-bdaf-db1a8085f538","0c6f0ae7-f87e-4ff4-849a-1fbebe86c76d"
"ada87236-66ce-4d0d-94f2-0c1778752797","9cd9fa92-6189-4888-a02b-dce052bad52c","02613a37-3fb9-45c2-b9b1-9abf5adca79d"
"b0dc5bb9-a685-4aaa-a4d7-1a75aa4bbd3b","071702fd-96ef-4b00-a878-88df129bd128","068d31a4-5c17-4400-a3c3-67a18af77e45"
"b24810fd-89da-4aa6-a37f-728a62970e0a","cdd2049f-8dec-4c38-b046-ef80a3e33637","0993f63b-1497-4da2-be20-02cca600c9bd"
"b34155d9-c084-4756-9137-3cda1d40c6bb","60d62dd8-201f-4b43-86f8-4fe28bd1293e","01fad003-c8be-4df5-825c-52c2772187cd"
"b4eb5d28-da18-40f2-9223-cdbb9202f65a","5a181f2d-555e-4238-b894-4c2ca6ac7e8d","07845834-7c8a-40b4-a285-b780c7c16ccc"
"b5803c67-2e5a-43a0-bcf9-3888f702203d","d8d319ee-23fd-4695-83d9-9af32d731a06","0ab0f62a-32d4-4e8e-8749-0f51f14495b5"
"b7be8030-a5c2-47b5-8684-4c265e539279","84d62218-b316-40e1-9a64-604914022259","0af00938-b74d-4e63-be83-fc38cd69e438"
"b8bf4082-68a2-43e7-a46b-9f26c64eabc3","bc659ba8-e331-4181-af50-72cfdfcd6634","0ce9041e-a5ca-4e54-9e4e-d34cfa517ae8"
"ba0b6016-2b79-4954-8567-dac47afd8433","6b215b67-0a36-4e1f-aeb1-c1c462b3029d","002f7b08-0879-4f96-a0a7-a9c902203483"
"ba47607f-5ae6-484d-b049-d0103c4fbc32","fd3e14eb-5c08-4cac-801d-e8d3d7eb6726","064989ed-6109-4cf5-aacc-8db45255acdf"
"ba8a5e0d-241b-4028-b0be-7932b7ee3649","035779a5-4cf1-4232-be99-1c8e5cce8b8c","0aa0ad48-dd83-4d2c-9608-855955a615ce"
"bc666e52-7368-4b7f-87c2-549846ff01b5","76223cb4-ee8a-461c-9d0e-e1aeced87bea","0b4fe760-d51b-4ad1-8433-56829075b31a"
"bc940ef8-b193-43df-b405-7633298ed310","acfdc491-045e-4444-b312-e6aa2bdc5fe6","05abce5f-6af8-442a-bbfa-a54afa91bfde"
"c04011dc-f4be-4728-9969-621cf27f6f21","a7da77a1-0497-4eee-b0bc-2fc9043659cd","066fd41b-e770-485e-a676-b93d19444cb0"
"c05b25f0-b14e-4923-82b7-1b0c7ebfe601","d0afcadf-7dce-4f99-91b9-a6955297e114","0323af55-144d-4c97-a4a0-c2b4582e8abe"
"c374117d-cd7d-4158-a7c9-d64aabe4eb34","3863a655-c5ca-4439-86be-d2dd7d61ffbc","0a274396-4fdf-4c56-8cd6-e5152777a6fc"
"c4f0ce96-8566-4702-b2e9-302a4eff6496","fc1601cb-49d1-483e-a088-4eccead7a098","02c91266-addf-4240-8bd0-93dceeed9cc8"
"c5f4cd87-f562-49c0-95e2-3f9db08c106d","f4658b81-6973-4c88-8150-8936688391e5","0a48d8f6-af50-4c25-8bc8-c166bdef4eab"
"c6ada614-26e9-474f-854a-d6f31079470c","2b235a5a-50f5-40c6-9534-38ca6e70c294","00856f08-b64b-4bd5-bed9-892aa0eeab92"
"466aa959-2758-4a37-a94b-0a3c54af3be6","91c9a536-a969-4fcf-8b4e-e2d5bbfcda9f","0bb93e04-8748-4025-9c4c-15bd4c2d8349"
"47c16613-969a-43db-811b-ce5f3fd13903","2b10b080-0d72-47f0-8724-f6068265a1dc","0713a011-36b5-4cd8-b579-19e91bf9f891"
"493e71ba-359d-4727-9c36-747d6864fb54","17a8dd87-4237-447e-8370-1b035ea4b27e","01518c30-0542-4ac4-bc9f-50d969721ba2"
"4960d6fb-a170-4c7e-b324-9a162c0496bd","20a649e0-b78e-4e73-bbd4-119246d3541e","02e5ab91-0d22-4e81-b4f3-1460e83bd9ca"
"496cb65c-dd2d-4528-82c3-a1c9e2bea4ca","30430db0-3f02-4439-b34f-1470241e4866","006c920f-e0f3-43f6-9cec-f1138b504fcf"
"4c563563-d41d-4822-bc71-01f20af65343","74313960-4e1c-4aa5-9440-47e38e09f405","08c12419-f6fe-4bce-9cbc-ee1f640c993a"
"4c92f069-78d9-4cf4-b3f5-35dee7b09a30","95d4e91e-fbc5-4d74-b79b-10005893dc94","02942481-98bb-43a8-94b3-30f02006cfa8"
"4ce24bf4-16ce-4f8f-8dc7-243482fc99c4","1666a1c5-bdd3-494a-9646-123c5b93b3e3","0971ed2e-a8b2-4995-b2c0-ddb605188998"
"4fb09df9-0aa3-476f-909b-05e1d37af653","07580258-329a-4f84-a7d8-fda07f29903a","01d6e778-3435-4de4-b136-9e1f4f934ef3"
"4fccf0cc-2ecd-461f-b50a-6694435874f2","a34a4d3f-2b44-401b-847c-3378ad513c3c","097b1bc5-76c7-4e0f-bf9b-3d53dfa51e42"
"52675030-ef43-4194-8f61-dc37f5f28cfb","6f40aa1e-79ca-4bed-891a-e578ad20fc30","091f0a47-c27e-4e1e-ad87-e614a67d0c56"
"52d55fbe-ea88-4323-b3b0-18d23940e4bf","bed0c24c-30f8-42be-adeb-22af2a602ace","0aa0ad48-dd83-4d2c-9608-855955a615ce"
"52db27c1-d503-45fa-a54a-f8b52e71d553","9830602e-ec5a-4eec-81d7-047fc16c0a63","04d852eb-7b83-43a3-a043-47e6a54b63ad"
"541e7468-9a32-4d76-bc63-52aa189a4cd6","6a88e640-74dc-47f0-be08-413440f25182","05c41312-fbac-414a-919b-4d7b4fdc7267"
"547616d9-9dac-4c5d-b3df-add6a39b8197","4a1cb4d7-9a2d-4223-95d4-0357798295f3","0b282a3a-a19f-47cd-b5b7-4f63d01fb9fe"
"5491e392-876f-4240-ba36-42cca414fc2a","ff40ae0f-b827-41b9-8e39-4e92e306296d","04c13764-b790-45b0-8fd9-81c47c6f72f4"
"567ddb9a-1efd-4be0-9bc9-ce0d41f3f4d7","bf73de6c-db99-431e-ba4a-e95595ede6e5","0314c21e-8a9b-45ed-a058-e073eeb68e89"
"56981265-0391-4a6d-b50d-ff650fa3bbfc","1590b109-3565-4a29-8c8a-dcb5a5f91265","068609f4-85f0-4d80-b5d3-4aad8f533c40"
"56e5863f-d240-4084-bfeb-e617c45db82e","95bba442-6e15-4ebb-853d-7bb02ed4c9b5","0ab705dd-cb67-4e9f-91c7-bf558acfede2"
"572c5cfc-567d-44ee-983c-291cb1451771","7ab2a2bc-51d1-40d2-a114-e06373d5ff42","09c9c85f-19f2-42ae-a485-9dfdf6da406f"
"580dc749-6b2f-444a-9ebc-4f75bcb2c51d","7c5d10b2-5754-4044-b69b-b832aec552c4","00fe590e-b5b0-463b-bc6c-7ff0a39081bd"
"5ae8dbbc-4d87-450b-8c5a-4fd461dfde01","7348f9ce-f4b5-4d3c-90a1-0c18222cbd34","00e5c74d-42d9-4171-ab97-226aa90cc189"
"5b2fcf50-e1b1-4e36-8241-64cf5745c660","f3eb5b24-6871-4287-9a80-e2529795c19d","07a843d3-3727-446e-a7f1-60f199ec089c"
"5d883287-e0c3-41d4-9b81-5ef39531392a","fc66b4d6-95cb-4fa7-9e6e-a7e33ab68a4a","011e163e-c145-405a-bda3-33a923fcee7e"
"5daa220e-9082-4de3-ad27-93c3be698433","99c6ce1b-793a-4d83-be46-492c10926195","0b8f8d75-d210-4d73-8a34-5e555ddd260b"
"5f253927-554e-4929-917f-f68ea55b3cca","27dcd99b-4180-42b4-86f9-7e0f63c6c385","0a2f39ea-e0e2-41f7-84b2-b839e7fa16c6"
"5f7a10df-157d-49dc-b40d-9cdb805c6f1a","9292d222-d718-4e9e-bbff-1d4878f0367a","0bccf96e-4277-42b0-9533-ed914ad06564"
"5f8ed244-20ed-40d4-9cf6-33117b6c7e50","4f2bc36d-71db-4069-b7b1-05998d47a69b","0a54ac76-6950-453b-9d06-634273515322"
"5f97dffe-e6d5-41da-b19b-130ea75e5c4a","f896d10a-7318-4f5a-952e-c642faa23ce4","0392e6e8-da35-4af0-b5c6-48617966b4a1"
"8fa3bc8b-605a-4b19-ba42-734ea3723942","caec8f6d-765f-4eb2-bd6e-30fcd36a581c","07f50099-ba82-4498-b994-a53e95a212b4"
"94118b95-8d98-4a87-a603-9c77aa7132c0","74b19701-4d6b-4dc3-8237-18d028a6753f","0bed707a-d4b8-4f87-ba77-52a17b4dc09f"
"96afa8b5-cee8-45b8-9da1-745ded89fa7b","12aea0ae-a00c-46dc-8ee6-369e2f0066bb","02fd195e-ae58-4f90-b091-b14f79975306"
"9702fd07-1102-471a-8509-28e8aa1d08d5","00450ce2-1b08-4bad-af49-5f69a242e9ec","087dd82c-9f58-434a-a051-2a200da901b1"
"97b7b21e-3577-4eba-bbaf-c6fe38868c31","0853951e-a0b6-4cee-98ad-38d08ad9d437","0b8f5338-9b25-49d6-aaa7-f7b044be1ec7"
"98bfde9d-ea17-43a4-896d-c825102b8dfd","a097abfe-bfa9-4943-895e-e987cf562107","0d9db3b3-988e-4000-a7d5-89351c58f7b7"
"9bb93d71-c31b-4413-8bcd-ecc534104670","b8fb05fb-5feb-44c6-8578-498148788e42","0afa14c2-cc53-4c27-ba32-a630ed43b83a"
"9c677ee8-1069-45b9-b97c-51efc33e1f67","48ba5210-4f42-47e6-8d30-9e5bb14dbbaa","06eae58f-0c59-48fd-9e4c-088c428db660"
"9d65c6e6-40f4-4379-967d-84314219f692","ae2bac92-7dd4-4da2-9f9f-3e0f5c72ab20","00be1964-295f-4daf-9c8f-e70cb206b097"
"9d79885d-d7ee-4650-aa21-4b5321ecf51e","6e1c6c62-6d98-4954-812f-a5b9ff6024e5","05f841ea-cc3c-4165-b703-7fddb2198071"
"9da1417f-9a5d-49d5-8a21-1e99b7b2d6c0","a227f826-8577-41f7-99cf-0ee53e70c8f2","0d1b930e-39fc-4e8c-9aa3-d2cb9d64ef02"
"9de36639-0b74-404c-85f5-a2b9204f9f38","1486ccc1-f338-4a69-aaa0-0f2a52464702","05289005-a354-470d-851f-d2dbb29c0c9e"
"a01ae4bc-fa0a-4110-8278-cabc22a016c7","317456df-456c-4731-a275-db521927c45c","0d7f5fb7-9944-474b-823b-4c30f9147847"
"a0ae1b42-6484-4065-825a-22fa0e2c3a4c","f0622a17-b340-4aef-9755-9e5b3298dcc9","007b8e7b-297c-4eef-aaf9-fa21023368fb"
"a0e2f9ba-9b49-4f00-bf30-48ef7bae13ca","f13d1172-b3a0-4e32-9a90-ceee228c2f5b","0899e56d-9cf9-4458-9050-ffde5752539d"
"a26e3f1f-e19e-4eac-81ed-392fd2f54b5e","4db9c302-be78-40c4-8a6a-c9f5514f86fd","05c6de4b-f3d4-4f2a-9c58-2ea6571803a8"
"a4b89477-a148-40e0-820e-686e17849839","2066c0e1-956c-4dec-85a0-63f4ccc50778","0d0494e7-339c-41a1-a3f4-4de140c6f8d0"
"a5a45de6-864c-4950-8303-3d40e47fcec2","7a378e94-6a3c-4383-b6b3-db50a00ad52b","0bbe4493-8b1f-4fac-9d51-9f4820f4d99a"
"a5e8d173-22f5-4174-a3c4-66240e11a955","f89a7287-81dd-4ccc-8112-4e54aa48501a","0ea29c4b-f25e-453e-89cc-5212809977c5"
"a654e368-3dc9-4f76-a33c-7a90971be1e9","a4746e4a-7698-4c67-9e52-0b17fc0b5e1a","0ab43ada-d551-46ff-a637-d82bf58efe5c"
"a8d5d0e7-543a-470d-b82b-08a8f46dd6a1","c6df2bc6-3be0-4904-bb55-91c34020fcef","024aae0a-b9a4-4abe-90de-9e88971afe49"
"a97e6915-1890-4325-880d-632440fb3817","ba20b6f2-371b-47df-b2c4-f0655f1ff55e","0c85be4d-b32c-428f-9930-426beb1295df"
"a9de42af-cdcd-4f71-a8ee-cb8e84dfeec5","9f2e42aa-bd96-44bf-ace4-e3bd16845034","09273987-f561-4b75-9915-521f8ee3da7f"
"aa9e6678-395c-4a4a-b8dd-9a646aedc346","cea8b62b-bd6c-4903-b26d-a58af9ca5294","0274690b-e4a8-4e23-b428-f1239adb4ed5"
"ae223e15-3684-48e7-9b2a-63dbf24f6e8d","7bcb76c2-1541-42e0-9812-23a03b326286","06249ef9-21bb-49b3-8b14-f493f1983d6d"
"ae80092a-bd70-4c03-8041-c097c4f7b481","2fd52ec5-ac39-4a47-b2b6-d1a455c9f78d","00c984c7-7288-4286-bea0-84d79fc7551e"
"ae998fa9-9cd4-46fd-bafa-674de8720946","94cee717-e9ec-490a-9467-b8bc8cb2eb9d","0a39a6dd-bf1f-48c2-8ad6-3142fb97b41d"
"af9d3c15-42bc-4540-ab3b-44012a84c72d","48493708-227b-4328-a3f4-dd48cc5e0975","017d965d-8bc2-41b2-a9f6-f66f301c985a"
"b11d0780-c89e-46dc-a8d8-f7adc5f95960","37a59bb5-7f5d-454b-bfd8-3dc9b8fdfa44","0e228eca-f1a4-4729-a1ec-dfb868d2e4b7"
"b18824e9-9956-4449-bec4-8d3f3d7242e5","6c7573de-d1ca-4ea2-8947-2ef3db34c3db","075f06a3-57aa-4b3e-bd82-57c700cbb554"
"b1e7eaae-671e-4b30-8521-53555abf9dc0","90239608-355d-4a8f-99f0-de1282bb6440","0d3c6ae3-c5a9-465f-8c3d-b27530808201"
"b2071b68-7fd1-4e74-aac0-2f29bb5f1e3c","c80ad224-fe55-4aef-af8c-f0b6de3c7c07","09213972-047c-44e1-a93a-b3cafaa702e1"
"b24ac351-b54c-49f7-ab21-812493499514","75161f03-cc65-4ade-852f-423b491aa609","0331ad6e-6dc1-4576-8884-2017baffb98c"
"b2fdd34a-b491-420d-90f4-9a353072a8fa","e7cbb896-091b-4b32-b4af-6906e18c4a7d","012495ee-865f-4a24-84f1-a43b94bd0cb4"
"b3a08f1e-c2a7-4808-ae11-ee0e3b2a15f0","f76e186c-dec7-4df9-a360-fd892ff485e2","0a4b5e68-b629-4c27-b23c-ac9d60d25cb5"
"b4f98210-fa26-43d4-ba7d-83828586c462","93d7760f-c571-47c2-a934-3abd6af58f7c","09dc5b23-b8f9-463b-9b56-e5c58b29e44b"
"b5417c2c-3dff-459d-823a-48dbdbfca943","538759f3-9a7c-48fb-b44f-d9e6f0ef3c57","02f4ef41-1eaa-45a3-b3a6-0ca098c97c49"
"b5ace885-4cf9-4f82-aec0-94db1d30f252","d8bab979-f44d-480f-badd-3026ae2a02c4","093bb3d5-ba79-4980-8a50-352973fb511a"
"b680d439-68c9-44bc-87f7-85793182cd12","bcdbbb3b-655f-4fc2-a662-924268257fc3","082d9dd5-bc7d-40c1-bd43-36518a7a013e"
"b926d279-3515-45f9-9344-8d9625ed07e5","6bb5cd59-b713-42ee-9d97-efba895b765c","0c4d8774-e613-4978-a533-424774cd7cde"
"bce769db-afb6-469d-8270-437ed78fb763","e6892139-17bd-4e56-95fc-ae8bd9975ef7","0badcdb8-7b19-4319-b2bc-223f1bcad548"
"bd8010ea-eca2-466f-92f8-aaf87b08e7f8","6f2c5c34-4722-4d5a-8a5f-66897186ea1e","04db7bbf-60f5-4937-95a6-a7306ebb4bad"
"be6df7c4-0148-4344-bcd0-8181748d0be4","6183e54c-839b-44c8-af29-6505cd99b22f","009d25e4-01e2-432f-96a2-e7f86ed2d439"
"bf1ccf66-c2d5-46bd-a136-18a5937854dc","236ce983-3d46-4cc9-b026-12e11c48b0e6","00f16072-6c4c-45b4-a369-ea901b4256c2"
"bf62b81e-0c52-4d3e-8817-5ffa56025ad6","eb90305f-0e43-4fc3-b1e0-98d75b1f84eb","063e6910-84f4-4590-ab1d-24f91908f5b4"
"c1263058-25af-4d74-ae5c-f733431c3481","fbce2657-3d36-4708-933f-551e885f16b8","07865b66-88b8-4127-9913-b85be4e308fc"
"c13b9a73-a8b8-45e6-8dbf-a4ec7d1aacc8","4655b16e-d5f1-4800-ab85-c6e2e3cd3b6c","0aa10817-99de-4795-a182-f9692ee9027d"
"c1e5fc53-da06-4d75-8d1c-ab165bf1a4b6","40d000a9-aa9c-41d2-b9db-5083c9da48e3","006a495b-2fe9-4885-b971-dba46cf14eb0"
"395c5356-aad8-47ae-b16a-75c574fb1b02","fe7c827e-8b9b-4405-ae8e-9013797c26ab","007b8e7b-297c-4eef-aaf9-fa21023368fb"
"3acd57b9-6058-4dca-8848-f7b3c1d5afee","31f44071-e2a1-4859-a1ed-96474b2c92e3","051127d0-28ed-4831-8666-f8966007099e"
"3bc7f0a1-31a0-4364-8178-01cd87d38bac","e78cc5ab-cb3c-4443-bafc-63ee81ff6621","02808e06-91f1-43f0-844f-bf0c58f080ef"
"3c475cf3-d8af-43d3-9ad4-843e6b80fb2d","06a7bfe4-5265-4e84-a22d-821dea811319","09b94ccd-9dec-4993-9464-42ebed640990"
"3df6ce49-b78d-46d6-b0f6-198f236a2d57","10a92be9-015d-47a1-ad41-31eb6cc17c1d","0484212c-4b04-41e8-ac38-3a537afdcc2a"
"3ef6a5b3-365d-46c3-a190-da9742030f7c","60b0d0d5-dfe3-4310-9270-2235eee36fef","0b4b1996-8ebf-4497-9471-f92d8f39055e"
"4064b8f6-91d4-4a36-bb3c-e892d2244d69","80e4e17f-4292-40a4-8891-5a33d8b3cf44","0d5e2839-bbde-4cb9-ab46-c3c2918b469a"
"409a4522-6c8b-4acb-af93-1107bf3c7fc7","016cb48c-48c5-4e40-8bc7-7813dd132303","06d244f1-64c6-49ba-bf2d-98ae039dab59"
"41054247-1560-405e-ac0a-a1b6b605e95c","47c294bc-af5c-45b1-b7a8-c168365a1230","0348546a-c8de-4e0b-8f0e-ba01b1ce809f"
"416a1fb4-ed87-464a-8bd7-4cb48b3fbc1c","f56392a8-b870-43a1-94af-c0949c69e89d","060dae90-2c1a-4a4f-9b07-7286f546ae56"
"41bc6a82-5e69-4a77-83e3-6bcf7c2e3530","05c26dd3-becc-43e5-a3f6-2fe42ef69927","0a0282ad-17bf-45e9-9849-854caef2e59d"
"438b4e2e-f188-4506-8e1c-ee9ffadb688b","a91817f3-1869-49dc-a953-73795e1fc225","06f17596-f66f-4509-9826-3a14e07f67d1"
"4434090e-6b73-464d-b1d1-63f7779c44f2","ac26ff40-45a8-4c2e-b8b1-5bfe2d5aa213","001f75c2-2457-42a9-adb8-1501f76a3845"
"4457a853-9e97-42d8-ada9-3ec2d8800a00","e05da1f5-3bc3-4345-903c-ed4685aff22a","0786de4d-209c-4d0c-9170-8d214ef4a3c4"
"47825338-e26d-4b16-98d7-fdf27225fda4","f8dbe1a7-a31d-46cd-81e4-81916c2d9278","0e04f9cd-4e6c-4ea1-8751-54389ea4da87"
"478a18a7-da18-4e3f-9d2d-78905e045d8e","cf851aee-0900-4165-9fb4-782bb380fb92","0ebb2fec-8130-4414-8eae-7a9c94321a69"
"484f6384-51ac-4b5f-9680-ca9474340c20","678b6dca-1764-49e3-ba14-f2314328feaa","081f756b-35cd-4666-b1a7-f394c2563ba9"
"b94e26cf-4619-4102-9908-4c8534d6796f","5c525ae4-5cf3-4fb1-8ea5-66952541e9e9","05a296bd-7de8-4b08-b86c-fd9450f7df80"
"bb1e0355-9769-40ac-8f8c-ad78ce1036a9","cbedbb8d-3e1f-4c86-b653-4875898513af","0a8395a7-5db8-455f-ba6d-891bc96bdf5a"
"bc39a35c-f336-4e79-a261-d5775e1fd664","e4cb41c8-f779-4453-a3aa-d3ed5ff04617","08b2fe91-761b-462c-97dc-9dace35af289"
"bf0e8fb3-c72d-4380-9f5f-c8297ea6a846","4a6f9da3-933f-4440-800d-6558e6773884","031f72c6-88e8-437d-aafe-8f9aa6b2b027"
"bf86e06b-5acd-4cb3-bffd-a21f5cc55f82","be41e612-1466-422a-bb55-597397686e72","09165fb1-19d4-4169-a31b-429c9580370c"
"736d2ac0-cb73-4035-8fc3-a5a44db9e7eb","edf477b9-020c-4424-a1aa-440d94be2aff","0d0627c5-870b-4068-b49e-a4e4a321f7b9"
"7406a1db-3734-4d8b-99af-991b35151ccc","bd49a8f0-fd3a-40b3-a503-2680d707163b","00b80d9a-a204-44fb-8802-0617685151c2"
"765eb56f-f70c-41f3-a752-bf10d6c3afda","2fb054e4-2d3d-47ec-ae27-2126f99bea0c","0920d53e-26db-4757-94d6-4fdedd7421fd"
"7738172f-8504-4a94-9965-9c42776b62f5","81f74975-f88e-40e9-8e1e-86b0a59aa4b9","09926f55-80ef-446b-bf65-0aea90a08ba1"
"77a25aa7-7f86-4b49-bd01-ecb570e070c3","acd3b0c5-1e5f-46ab-b8be-b8dd90f37bd3","05ab5df3-537e-4cd5-8604-cd00d920fa93"
"78565a20-5a9b-4f1a-a9e3-bc64787f90bf","e52e3e59-f6bb-4aea-b950-93dec7dda5ee","06e6c92f-92ff-4122-ae3c-a646a99681fe"
"788bbd6f-e8b0-40b3-a56a-0aa8f7a470bc","cd56f62e-1482-456b-8934-a3eddd014e26","0d1ad19f-21af-429b-98ce-1646587851a1"
"790180fb-5d89-42d5-bbb0-49b0a9a872aa","3be0f781-9228-4d27-83cf-f0dcff1cc8a1","0de6d7fc-e3ae-42a3-9007-3984258824c9"
"7a2c39b2-f597-416f-8e81-dc1d16a73eab","8379cb1d-6769-43d3-9bc9-ee2fe670734d","06c0cde8-93a7-4711-9257-8236e9949de2"
"7c85c8be-ba38-4170-bc42-ab17ee6b3f81","9250d8a7-5589-47bf-a549-e5a93a75b68e","08a097fc-6ed5-400b-abad-31dc0797b84f"
"7db56dbe-b470-4f18-bf8f-8f5ee176df75","43c1b620-f1ae-48f5-b2a4-768e0a488344","04c1feb5-5bc8-472c-85fe-32983ef9db30"
"7eee4564-15c8-47c4-8946-2b44357eaef5","2f6ce7bd-514d-4422-8efc-bab492c17099","0c7e2eb1-6764-4900-94a6-99c7b0a090db"
"7fb7feb7-4b31-4a03-aa95-6d6f33850f2b","1fb3b017-a1c5-454c-8106-c8a16569bc46","001291d7-7c86-40fc-992c-71f0468aa61d"
"8016e7fb-3f24-4dd5-925e-393c0f4d84a5","c8728647-b0ee-4958-aed4-98d32da77eff","0a5b40f8-c214-4704-9a28-4e4b2444bd43"
"802f8e96-784b-462f-b63f-5c738b26e354","69e537af-257f-49f7-866d-060fb08fecd1","026fe2c5-d746-4665-b8ea-8a328f97b498"
"820b3071-4984-468f-805b-32940cf86a98","c6cf96f4-a527-4a6b-9ec1-b8808fc4b491","091f88b1-dbe1-4c25-8b5e-482061df333e"
"828afdc7-d44d-4c05-b0f8-1e2cc37ae445","e3b18bee-e77c-4d1a-b67c-f0e0bcc47c92","00ca7ac3-2391-4b9e-a02d-cd8b1cf0ef21"
"862a5290-9837-42dc-8427-3e53e57ded1f","f410c346-333b-497f-a5aa-f50a6309da11","01731fea-f9e9-4857-bdfd-a05520cb15ea"
"86a9a544-4af8-41a4-b671-0d861b116f14","f1f7434e-7ec8-454b-99df-7fdcab09a647","0a93d0aa-140a-4b9b-8459-14cffd81461f"
"8891d4b6-01a3-40bf-bf08-2ea9c5517253","c948d6d4-e26b-4f0c-97f3-37da70632e9d","0d1ad19f-21af-429b-98ce-1646587851a1"
"8895ebbd-dd21-44ad-a712-bb8dd7234434","7905d864-e0fb-4a36-a8ef-62519bb29e48","0650d58e-44c5-43dc-bb6c-676dc0a87110"
"889887cf-e6b9-495b-a1f0-3863f8d51549","2bb3d448-cfe4-43ec-8f72-676cfd5bd159","0393ba47-98b8-41cc-b57e-0b68911609c3"
"891ac141-0488-4249-a386-03a220583617","73a26eab-d52d-4ca7-ad2d-b24a43b3bea5","032a4350-0871-4127-a622-d41ee99a2d74"
"896facdb-2287-4247-b4d4-b0cd5a327bf4","17e187eb-81b0-4f43-b400-c0bf7eddf924","01317f24-0284-4073-987a-08c9edb8b8e6"
"89ade720-c35c-4260-923d-d1e2029602b8","b9a49ec5-673c-43c6-b20c-3ad0065ca185","0e5bb5b6-0110-428f-bcf1-915209845a8f"
"8a528ed3-ac82-4f62-a16d-fdf09d1bc5a8","0521a41c-7092-49c5-9711-e67e87ee7f58","02cf375a-2819-4968-93c4-51353d028e64"
"8a8ad48d-7aa4-4455-837b-5e2044d6ee8a","2f18b554-2844-4535-92cc-58a4eb87ebda","0dd220be-43b2-482a-b49a-b1997ca0fd82"
"8f48f277-0b22-4d94-820d-4ba9800648d8","db784c24-9073-40cf-9a50-98e89f2b102a","0c39c5e2-ea46-4ecc-8411-17ce5d321f8b"
"8f6dc0d4-127a-4f5b-a101-d4c0dcf863df","1b8bb18d-91a7-4b0d-aeee-68c68a30f565","00d5246a-04f4-449a-ab5d-d2b1cedeb46d"
"90d2b501-498e-4db6-a29d-1504356b8734","1fe31be8-1a54-4038-bfed-8cae99ceb453","0cb045aa-6413-48d5-9188-8498fff4447a"
"92825a84-b730-425b-aee3-482b2ac8daa8","d5869822-e917-489e-8373-d0931b777351","0376103d-915a-4411-8090-9c82f5caa7b7"
"92d6cd6c-5553-4083-ad69-be993d1616d4","689ad752-86c8-4e58-b388-e7ba3841fb57","0d3ac5bc-aaad-4992-ad20-e28ce13ffef7"
"9503a2a3-2e7d-4bd6-a9fd-01921626eacc","6dacf1ad-9cbe-4a93-915e-67f85fd7703f","02186ecd-d4c5-4d5c-ac95-c66562aa09e0"
"955319bc-ed68-4bc4-ba4e-a3c60b834f1d","2676f1e2-ca67-45c5-988a-d01bcba3c467","03749b40-42aa-4e77-8bdc-464414fde86a"
"95e465a5-33d6-4755-879d-e5df7ffc53ef","a650265c-ed4a-4f44-a75c-76d8814ed221","00185bae-ae4c-4381-8eaa-7ef3274b5d4f"
"96485da3-ccd4-4abf-946c-d85e3ce3af15","65bd05c2-29ff-4366-896e-1955a6eb02e9","0c8d7952-b307-4151-9136-c293fb72248a"
"96b37b60-33e5-4f79-a4e5-7e96ab7ffa6a","23b06447-8891-40bb-861c-8d639ab35a01","00c26810-d448-46c6-900a-d05a2dd2dfc1"
"97bca777-4301-4ebd-8073-3dc5c1b13b3e","aebe94d2-e156-4da3-864b-ffb6dc3cac98","0e21ff9f-7e94-4851-a30b-98a34aa44242"
"9898afbc-1923-4ecb-b269-f77d88e252d6","66fd8794-9428-44f9-bf12-61a9f5e17f9b","053686ce-5d1e-437f-9004-48dfb4340db3"
"99abf848-570e-4969-8d02-4739f0d0c697","93c7ee48-3065-439b-8604-6b2bacc0c782","046260d2-f6d6-4216-9a42-5fc69098d048"
"99d63a55-f652-4043-bac6-74b0e411613d","f8c84da2-f900-42d8-804e-66c35161fc77","03fa071f-5a2a-4b18-b253-8ee848f27e5b"
"99f7927d-79e9-482b-af6e-46fff44f2a0f","ebda64c0-b226-4f16-b2d7-66782ff79a85","0b6174d1-36d1-4975-8db2-ac97c7f49f0e"
"9bdc7234-1627-4df5-b65d-37fb594d6be9","eaaf8d88-8242-42f7-ad84-d293cf14ae41","0ba48013-db9b-4820-8701-b3b6d2c1f1b1"
"9d0c8f35-9f79-4937-ad70-8519ff488921","c066a9ee-2e27-4ad1-91a2-4531223d03d8","0b95def8-dd01-4446-a039-24862a2cc9cb"
"9d29c399-f089-4a5e-9922-c5d4fd7c7532","af15bf26-0ad6-41bb-b871-0fd2fb20d666","0a2323ac-89d4-4679-b2a4-1d1f0c80d48e"
"a1f2caf9-7f44-432b-9ef9-23392405bdcc","6670266c-75a6-4c91-8bf9-f22b5e4ec19e","0632b7c1-c7e3-4f6c-921f-4222e78dd7d7"
"a283d0bf-fe18-49d5-a466-60ecdb7e8986","e643fb5a-fc17-4872-a34b-b4b0d282ac33","032a8e6c-9141-4eb7-90a1-1dfb61b67eb2"
"a2874392-0321-4944-b11f-a7320b4493a4","e23d6e2c-5281-4992-a45b-225af0b4112c","0036d3f8-7a10-4ea0-9e38-e1dca0f559c8"
"a48463b0-04d7-4c1c-8950-8e248beb15cf","c8730f69-d68d-4945-b8f8-4b7076bb7e10","03e5cad0-5186-4c30-a4c0-7b46999b279d"
"a5f33e1a-357e-4850-924d-853dcff1669c","db5a6dbe-3b6a-43c7-9c36-544f4c89f208","05c5479c-e071-4e19-aa65-d2bf57405d62"
"a74fec66-e0aa-4eb5-b6bd-820bad81ea17","a6e23e50-3fa3-4f26-a0af-af93ba02c892","0bd9a24e-9b92-4d9b-8038-d6022273a5b0"
"a7bb74ee-9170-44de-b32e-fc65150241a6","efb5866b-3a9d-4184-bff7-4064d3682f61","05e2e0c2-f0f3-4409-9402-79c9c419c72f"
"a81c9f78-379d-4d29-b787-8c8221ef15a1","72bfad50-38ad-4a56-85ba-3007344f4ba5","0588a83a-a014-48fe-ac77-ee96ce3634cb"
"a9c23138-9bf2-4264-921b-ede38a991ebb","48cb4fc2-b2f0-41ab-a0d1-c06ed1a1eecb","0c7d8d46-7f72-4f9a-8a36-ceb52caf5359"
"aa707390-10be-450f-bd8a-326b872c7d32","f1c22624-7d62-4e34-9195-18696643bbfe","0098813c-0d11-413b-9c65-8a298671203e"
"ac1b7647-ebbc-4381-bf2d-3201b89344e8","371ba856-3358-4b2f-be62-c6e274845a08","084ec0f7-aaeb-4a41-b77e-b888855b6e68"
"acc70b6e-4cea-409e-a2a5-e810ccc4868d","0c2d615a-ffe3-4d3a-97ab-58293ba5371a","09f826f1-aa8b-4517-9522-46648e316c8b"
"ad947866-5433-4cbb-bc24-2069418cf797","7434962f-22b4-465d-9be0-2ed88e66c439","018c7b9e-0fe4-4e68-93ef-80bf189dca14"
"ada7bf64-cabf-4a80-adf9-f38aaf2f7209","17fcc0a2-cf58-420c-8a84-dcf0384a0c05","022e349f-72ff-4fbc-acda-6204d80349b0"
"aef4a585-4f7b-48a6-a6d3-d56b0aa5279c","8355407a-32d8-4454-af42-bf65bacdf07e","0da8ccb7-2029-4861-8e68-68821523e65b"
"17dde41c-2f58-4de6-a5ee-7bc2cc77ed83","f6864c01-68ce-4581-985f-29011fd665b6","02bc4be2-cd81-48e7-ac29-b92c00ed9085"
"1862f791-5114-4517-9c29-50780243496a","3b42735a-7f89-4d4d-8131-766c3bcec7c7","04bb4552-d047-40ac-8fe6-c0785cce5294"
"19571106-d99f-4b1e-b6b7-435af5557d85","d3844209-3312-4b19-aeb6-d2490e197810","0325f3e2-e6e1-40f1-b6b0-8b699a6ebdfb"
"1bda2af0-8bb2-42ab-9d2f-6676f2c13042","100df232-f0c6-413b-8a0c-c28a1144cf59","017b8c63-5f17-4b28-bc80-76e4eb90b5d9"
"1f68c56f-c9d7-4b1d-97b6-09b8a648cead","30fa3eb9-b382-463f-99d9-8835661956b1","04338e79-579b-4fa7-a335-95735986b039"
"1fdf7e0d-5c44-4b5d-9179-91fa60cf66f7","dcb193dc-9e99-486c-80d3-48ae00847a52","05adb233-77f4-4817-8cd9-c8e3befc4483"
"275ce4a6-4fbf-418d-a89e-5af5bb4b8d5c","8e7a8323-d2b8-4470-8faf-0c92147c416a","051cc25f-7d00-4c28-b756-e190551b6710"
"2c2102e3-f31d-4b3d-b3a0-8b46c88b9f82","8f3329e8-4aae-471a-a5c2-2c15d6e1a86b","05fcf1aa-b8c2-4686-a407-0e0f0a46b486"
"2cd5664e-8632-41b6-848c-d29fa7d3a714","a9270fd2-7037-4191-a393-13f80af082aa","01053e61-92b3-4a22-8669-116b5c914d69"
"30087ea2-48d6-4338-871f-9fdd2a65160a","fff3785b-d747-4599-af50-84ef3d526dbc","072b46d9-fb21-4760-b378-46c5d36c8b2e"
"307b693b-debd-4583-912a-2d3bc98d1223","b56c621a-aece-4b9f-93c9-737dd3486f03","071823af-0df3-42c2-b8b3-6bfc5215d9a8"
"31075c84-2e2e-465b-8edf-3e60b85d2ed5","b580e35f-5c81-4b0a-881c-62f0dca7a147","059291c0-224e-419f-9995-de6002f11e86"
"32bc51c9-fa3a-4c0b-b126-9af94192ec5d","e9b1bb10-5066-4597-b9c2-6cd81531afc4","0287764b-c900-42f7-9d31-36f0aa196da9"
"341b07a8-f7e9-4c08-87ff-5a0483f58e14","fc430d8f-af18-4998-9cf0-1c7cd612def2","04c57b43-0d84-43b9-bab4-52e1dd462459"
"36e8c90b-89ba-4716-9dc0-371c6e1158d9","4e28fb2b-8bf3-45be-b63d-42366e1ecb2d","043bf4f4-0f88-46bf-ba30-bca5ba9cf84f"
"3724c049-dc51-4606-9a3c-c2ade4b9f4e4","858ea8c0-1542-40e0-8157-b928112810b5","067c5d80-0a46-4da7-891d-5139627a2973"
"3be4e6b1-af17-4b4f-b019-267a590ba5be","20ca527c-9460-489a-b1c9-09f04a52022a","0519e7bf-d0b8-4cea-9d06-08b5febea3df"
"3cd20c25-20b3-4e4e-851c-4ddd19b9f9ff","c0463236-28f0-4650-921a-bd58f4ced920","0578bc6b-5c2c-4f7b-9402-1dcdf80524a8"
"3d11b0c4-3e6e-49eb-8d9f-572165bcb10d","a9439c49-84b9-46bb-8494-46010838dc9d","072e2288-a0f6-46f8-9040-ace5e645cb84"
"402f82b5-fac6-4a7e-aea1-48885ab81997","266aecd2-3580-48e9-9642-d789a4ce6f15","0614755b-16b8-49fd-bab5-e3c0c3229a9d"
"406e8087-67b9-4e42-89b1-2e5cc558a854","197d1c9a-27e9-478a-9f03-a317f3c29dda","0550c69c-3484-4ed9-b12e-2068a1d62526"
"40abc1ff-a2f5-42f6-ac03-e4305f00cf45","9633a4c9-3cf2-48fe-bca6-e90e154090a4","058771b5-b13a-4be6-92a2-047cd0f31c76"
"418d5a64-2b13-4820-b830-df886f70e3af","f9cf26e5-a3bd-4cf2-8887-fdcf14039e61","0060991e-7437-4283-b9d5-1c0a8bb5ab5d"
"438c39d0-647d-4195-96c6-ffaf0d44299b","74e0deaf-a290-4ef8-9543-de5119566122","045fbfeb-fd6d-41b1-b378-bbe6fbc01735"
"46e505b9-5d70-4718-ad91-7a73ad8f4aae","638eaf9a-fe1c-4ba8-9c0c-a541c4dc877c","00219f52-9316-4d2c-8fac-70218c518312"
"4703d7aa-0f8d-491a-b8ef-6661e293c035","96a1fe21-14a0-4a6c-9c4f-d312cc153e88","07681e6c-5500-42f2-9ad8-18945e46b92a"
"491fa538-4805-4428-9215-3c8563b62d16","6277975c-568f-4077-942f-8c7547b48425","078ce49c-c940-4109-b4c2-411bd6f5052d"
"49acb2bc-a548-4c72-97d9-96e72dcba91b","74e1e714-9230-49e2-9a9e-28f70a1b599e","04338e79-579b-4fa7-a335-95735986b039"
"4aff6be6-bf3a-453e-9e54-20785efe006e","a38e39ba-1219-4574-92fd-79fe88038a9e","00b643a3-27f6-4d25-97bb-6843361e982e"
"4c2591bf-cb47-422c-b9f8-d1dfdf23c331","849dd433-55e1-40cf-b5c4-29f03c1ccb69","07616174-8f2a-4af3-9ae7-d4555017271c"
"4e28b671-0998-4dfe-8430-40984dd4aaeb","651a3b68-d345-43c7-9dc3-c9f16f61dea1","06919e81-1cb0-4ee2-9285-3ecb3255de2d"
"4ebe46b2-a7a3-4c04-a803-93a8a0b9c117","713b225b-8373-40e7-a420-1ad3aefc4b20","07c1431d-944f-420b-9ad8-d00545ff91e5"
"50b8c5c3-d331-40c0-8e1a-ade5aab92e87","98b0732a-790e-4680-adbc-8dc5c02882de","0287764b-c900-42f7-9d31-36f0aa196da9"
"51a9bf1d-b192-437d-8e05-7930d2f51db2","c5082aa7-4937-46d5-a179-a4438eb8ecd4","05c2fd6c-713e-44c8-b960-d6e4a4d7ccdf"
"587e1c6e-49d4-44e7-a26c-53bc8a192179","a00bcba1-71cf-4e91-a794-d7dff06a738f","03823849-c755-4a5f-9fb8-edb064ba03e9"
"5a108c24-e280-424f-9112-f68ee175922c","3a025eec-4801-4729-8909-f52c86af7f23","069f0be1-e965-455f-b7a7-bee850761edb"
"5c21754d-103a-4c49-9cd5-abbb2fbc703d","56d0a6eb-3169-4c57-aa69-e05771ed4bda","00ea13d5-13cd-4cac-bc57-430058de52d1"
"5e09fef6-956c-40b2-a14d-4f8eae5883a7","088b23a8-5901-45a8-8f9e-f1b1088585f5","00514464-2d4e-41d8-91b0-6efa477c622e"
"5e4e331e-b21b-4353-9cc7-8012dc97b832","7ba9f15d-7e62-4b01-96c8-7473b7ae1c90","00d3008d-fc04-4bd1-b984-0e253e68d046"
"5e506273-7133-4977-8a7b-81151762d955","e4b977fd-65a0-45ea-8a35-05c2e5e045a9","0763aca1-28d1-42a3-9b58-ab2edd63acfa"
"6089917e-2ae5-41ea-8cd8-7d8ec9e303ab","fde3337b-8372-424f-ba89-139a3b0efdbe","04ed8517-016b-4c14-bb51-b2844e945de2"
"645c50e0-26a1-4895-bcfa-d5462b8b07af","d1e0947e-ab01-48c9-a8fd-68b4a9e1cfb0","03ec95e9-91bc-49df-bc23-4c09f6e5b206"
"66da25b4-3597-48a0-b265-0bb6f57a0da8","7df728b5-7861-49f3-8469-eea8ebd5cc69","001e6a59-31cd-4082-812d-1000a75fc68e"
"6707bdaa-b520-45e7-b03e-22bbf0f60c7f","4c2795a4-ad86-4f32-a1fc-71b24d2d1706","058a9ce4-3a7e-44c4-950e-62deced2c4f5"
"674b80c6-96bf-4279-af66-1362f57bc1a3","1c71effe-5d78-42e9-a5fa-f387027d55da","0197ace1-72f2-420f-8c2f-a50e5ae035e0"
"684bd41e-0d96-49cc-810d-4aff45b33dd3","c22bd31d-47e8-4cea-a2fb-57ee842eaee2","07a756eb-5cac-433d-9d24-f409a3cdd738"
"6acea5c1-04d6-4e02-9ffc-3574fba56600","74f6bf72-ccb3-48d3-8af8-0383d6eaf33e","0278b471-c48c-41b8-9117-63862445d71f"
"6ad39d0e-1d0b-4f2a-9193-3b41a032adf8","d2815b52-89d6-4a95-a1f4-7776f6d192c2","07713187-0663-4834-a964-ad59ba7d380d"
"6ae3eb8b-18ab-479d-941b-217906e0ae81","450a353c-c04e-4438-b9f1-99495c29ebc5","02e3562c-f7ee-4242-bb5c-6dcbb043291d"
"6c17d42c-d39f-4c6c-8c89-229fa6e44929","2a1277fe-407e-4256-a78e-1bebad8db645","05df9674-f59a-45dd-9392-f7c4917b118b"
"000c0fbb-040a-44de-a909-7c9a74ceb712","5af4006e-56ff-487c-8501-e6cb6eceebb5","048e840f-b4e4-4c3c-a6d6-ad771b43fad3"
"00a234eb-569d-4eb7-ae7c-5718ee0138ff","e73eb008-de8a-4366-84ac-a278163e46ae","03c6e49e-5f06-412f-b921-406411beeb89"
"059adda2-fb95-4059-83c1-3f1330dbef75","1cb1726b-ad4d-4d97-9b38-8e2f5a7fab63","026a50cd-7d27-42e3-85bc-053593c9728a"
"06a8b5b6-bb76-4ebb-a179-6b2bf22a9864","9a86ed2e-bb91-497e-b416-769bd67849e4","07308c72-7a83-4139-acc7-710aaed86d88"
"0b07be9a-aeb7-444a-aa30-6cd43d87e45d","59c71843-7ae7-4bed-8532-4d37f8bf18c6","0550c69c-3484-4ed9-b12e-2068a1d62526"
"0b882632-ab23-4ef3-870e-8bc3df81df7d","67a8f0b3-35d3-445a-99e2-b4762e186948","029b2d0e-0501-4ced-8b6e-3c9ebfe50fda"
"0c69ecac-e962-41ab-b1f5-c974dafdf996","a2116206-6a06-42ac-bb25-0593a512ac91","07160246-e87b-49f5-a2e5-07abd6ccbb78"
"0d7a2576-2941-4df5-8d81-56bdf69bd781","fc53c3f3-b164-4e7e-8b11-0c298f0a0b76","018ca16c-f3bd-42f1-88f3-7d0b8a112b1d"
"11c9de0c-b033-4097-b97a-e64359ea8785","be9b0145-3864-4700-9059-d68698614d27","050268e9-9940-40be-848c-57e337e703e1"
"12e18f2f-532e-404b-afdd-755680aedd5e","d6166547-101d-45a8-992b-a66dabec42b1","01153f5b-f5e7-468a-ab09-62c26211d2db"
"16163397-ef8d-4d78-8e24-fb554753d64f","93197208-2cdd-440c-b4da-66d031b69b5e","05046b2c-5eeb-4243-8680-63422afd4be2"
"17e7745e-de04-4e72-93fe-6d6dfb552562","073714ac-7901-45fb-a205-ec314d3255d6","0583a071-a4f4-43bf-a7d2-be21ccb7e036"
"17fed6b0-ed5d-4496-9c80-3e24abf7a577","5dd6cd07-6ac8-4cae-bc52-855855fefe05","042b5565-2396-4567-a287-470e67c3c37f"
"182c1e75-b4d5-44fb-950b-7776ea813d3f","16971816-a28c-43f0-9245-0e050d0a8ef3","03e11889-b182-4e00-92f0-17dfdf57c27b"
"1897d4ab-47c5-48a8-9109-64ad18117323","21916846-f249-4262-9392-2432b4e5e95c","0387f162-818b-4017-b604-6af67988cd60"
"98fa1b3b-8afc-40c5-9d3f-7d164994a579","c5e5464f-0b46-47ef-954b-09c6e2f3ac00","032c8a46-ba84-4e1a-848e-e133adacde05"
"9933f28c-07aa-4e37-b43f-98290b3f3623","a2c92084-e55a-40d3-a26b-6f0cb635dfed","0ab74377-e803-45a3-babe-ef43787cd071"
"99556b47-2c97-4a03-914f-b39172b707f8","6816c568-de97-42af-b46b-428280b0e2a0","0353d89b-a7ce-4a18-95c7-6f4e5c850510"
"99724b0b-b317-44d2-a752-f78a58b26fff","0d0c280e-de46-4e2f-823a-56c539154d1f","046294a7-9268-4131-aeb4-3a691a002086"
"9a1e2c87-0cad-4558-b64d-239badad2193","9562fb5a-440a-43ad-ae91-951ac09493f9","02ceea83-21c0-4849-b40f-2109eed4e8c7"
"9a229d5e-8b3d-4ca1-bb18-b2609a90bfe1","94618b0f-07a3-485a-85eb-1f45f4debcaf","056ad594-a52d-4270-bcb4-a41c3b07a4c6"
"9b179cc3-8a65-4896-9216-f69e61242928","b70fcb1a-32ce-4e46-8f76-0a2b96bdd564","06c1df66-9625-446f-982f-aaf0059e3025"
"9cafc9bb-5f83-46b1-972c-94137a74c95e","569b6090-78f8-40ee-a04c-89bb970ea2b8","001d4bd7-7e92-48b3-aa9a-f6a944bcfab4"
"9eca05dd-5e66-411c-85e8-3de86e8a4e6d","120bb622-f53a-43d7-aa21-3160ea73785f","0c4573db-a54d-404d-9429-2c65f0f5b8c0"
"a04c504b-dc36-499d-b9a7-a366657c218c","f62d8c1b-e990-4018-9c24-fe171d88dbf2","0480f453-da87-4e0f-9245-8f71a81c786b"
"a0ad4db9-a79b-4078-b2e2-049424b3c2df","d5da1d92-e515-44c8-aaed-290b5c09553e","089f12b4-d624-4944-af3a-4c4af5cb3f96"
"a0e24107-7800-4a8b-a9be-bb462baf95d5","f89eab4e-3cab-4ea9-9db8-a2c06d072785","04ba3511-0526-4547-abd2-d9659ca56405"
"a30035c5-b4c0-4e69-9b46-0274882ea1f7","145e223c-4721-464c-bead-b9e77dd3f788","0309df23-1f3c-4ea1-a0d2-b09b2a12de99"
"a4302bd9-9f40-4070-85fa-b5e28fabe603","f57fea4b-0a0c-4bd0-a02c-367842a9b2bc","05874a47-2840-425e-ac0a-8dc4c5dac85f"
"a4befba4-33ad-4acf-b201-73c9174de0a6","4e0685c3-4bef-4b7b-8398-75e1c6225543","0c64c0e3-f05b-4018-b9be-9ca01e8f92eb"
"a4e805e8-3209-4ae4-8b2d-7845893f1429","4e063e9d-df33-4e27-a740-0d2fd3fca50b","018e47b4-4e06-4b62-82b6-a2ee1f01c1f4"
"a57f47ff-ef9d-40a9-ba20-6712d679ea66","d720e8ab-6e04-4c9e-8480-aeaea6c678cc","0ce52083-63ba-40a7-9195-1628a1eb3378"
"a658416f-ac18-470e-a6e7-c6d701020748","2ce75e9b-8363-4851-ac65-b72a6cc0b932","03e413d2-f7fe-4352-93e8-31ba6864eb6c"
"a6c19fbe-a87c-46a6-bf8c-b3e610bbf4bc","6c0a5708-3834-433f-8028-789095844e1d","017b43bc-aeb1-4341-8986-8cdbda0ecd03"
"aa41881b-e378-4921-8a5e-79a7afa7e63e","32074f62-1db9-4fb4-bb64-8f343c6df5d0","00de3cd9-a77e-4c51-8965-7ef13c6b5ea2"
"aa7f66e8-7a72-4204-9b2b-a48449a17a7d","7d081f42-1b94-4f65-904f-d22f1adf8875","04a85c28-3c59-40c9-8eb7-3b9e0ac57570"
"aaa1ae8c-7471-49c0-bb07-d94de0f2b921","1995f548-0023-492f-89c9-8ebcfcd2e7e0","06a36cb5-fe49-405e-8426-ef7516262ae3"
"aafcc8fa-33f3-4ea0-adcc-9c5f51d46350","50189f7b-9c8d-423a-8907-874b97ea4f87","00c7daac-bf5b-4201-9ad9-b20c0af76855"
"ae8da330-cf38-4faa-af83-c2736cbe64cf","ce5d99e3-b41d-4430-a5e3-df13fb6ed309","084dbea8-c5c5-47cb-bcd9-c94b776bdbbe"
"b2b9adb8-cad3-40f1-9a91-96f6e6bb29cf","6ca3447e-9fe4-4cb7-b0dd-e1adf01ffd7b","05094a10-d808-4ace-9993-b5e5c4df0ac4"
"b4e8f9ea-7021-4313-a891-5767089e428e","0491a2f0-2051-4f95-ae92-d219d78c73e0","05401c7b-e377-4d21-aabd-e21c3c035eba"
"b6c9ba29-cbcf-4ffa-a57f-af4342aa0c47","fd6cfb4d-3c0c-476a-a5aa-a4a5985ff5a2","0a53b12c-a963-45f9-bf6e-7d25e7c1288d"
"b6ddb596-d1ea-474c-aac6-2e0d0eafdfc8","100ebe4c-cbff-4531-87f3-1286f849ccc8","060fecb0-eaa2-477b-a4b6-1bf7c9b99e0f"
"b7bbed60-534c-48c9-92c7-01a104a32daa","e4ee8e65-5ed3-4013-8b95-0f27214dd59a","0884b4ba-54f5-45cb-8d9b-b2c9250e4bae"
"ba3a29a3-1cc2-4055-94fa-6eac18f8f78d","d75f1dad-5851-47ba-b188-6abf93bdf3f0","04f993be-b42f-4197-82f2-38ebd1f1ef65"
"bac06db9-d217-4bff-9deb-dac72fcffadf","8a6bc80b-6f74-4ce2-8442-6228018f5921","0badcddd-e072-4f3a-b79f-6dc14a768e52"
"baf948bc-178e-4e19-ab4b-8124e9fb25ff","6e0fe97f-06e0-4af1-bcec-0894cdd1fca7","0092cf87-c320-464b-947a-cee8ea468e22"
"be6a1ba2-29e3-425d-8402-e34edb304cd8","a609c5b8-5ef2-41c6-b7d0-d376b9c5769c","074a688a-3181-468d-a4df-f02b040ba2f0"
"c076ee3d-fe32-41d6-9be8-286473267b1f","4c26b5d7-8a96-4753-be1f-e3752dd73e0b","0bcc092c-3a16-46c7-865c-c0a1a46f52d1"
"c1ccc4ec-87e9-4dae-9fd7-6e8f87a9c7e1","f0ffb694-e76d-452a-9b1e-de25a88a4396","06ac73a2-f313-42b1-8b09-8098842f33db"
"c65b8d4e-f802-44e0-92b1-8973e11e6a2a","48acc0ff-d420-45fa-b5b5-9a96decbd85c","08fda820-81d8-4034-b031-30e2e5887926"
"3bab9ce6-bd0e-4ca2-a8eb-8f25a92e80f7","be92804b-f4c1-4281-92a9-a6c1b2d80543","07b46c35-00e2-411b-aaf4-0dc2bd134712"
"3c8f26e0-fb18-4557-a7d4-ce445750d580","50edf0de-ea37-44ee-89a3-1b14741572bf","0d3ddc62-83a8-4957-93d9-44966897615d"
"3e03aa9f-b540-4283-9abc-f4e1ca573057","7f118d8e-0c3d-4c84-a997-72f0d4979c3f","019db77f-ce06-4aa6-b8b9-32d7a6832a03"
"3e2ba389-13dd-47ba-aaae-0225c9f6fd98","24cced60-8fe2-4432-a933-a164d5604694","0582fcfd-5adb-4329-9c94-351cee5a575a"
"400ef02e-8c5f-4ccb-b13f-aa53a92b3762","6e64cb12-3ed2-4170-ad06-cb13b1804678","0240582a-82d3-4759-a9c7-94c62de94e09"
"407f18fe-13bc-4bde-954c-98682757383b","0971b1c5-440d-4ddb-a853-d363f81440c1","01671475-371c-448a-bd82-8fd1f1d1a6b7"
"40d1c66b-ecb2-43d9-a20f-fd783f3857b7","b9f75b8a-d559-4a1d-b0ae-068ff759c3a9","089f12b4-d624-4944-af3a-4c4af5cb3f96"
"41f714de-1c06-4150-ba45-be5929a79d1c","e3b72a56-1a51-48f5-b506-de9bf9931191","0bedb8e8-399a-4e72-b2a9-768105e874d2"
"43abae7b-490c-42e0-80d1-f06c745ff788","2e22c5f0-f9b8-4ec1-9843-c8c968a5787e","04057db8-fd2d-436b-9341-ab5ac7555e02"
"43e497e0-3948-4030-b471-f7ec94777dd0","e109fd68-3f23-4bee-9013-c049e0b3cd61","083a0cc7-9b25-4147-ba7a-5c6a6c95fa68"
"45adab24-51cf-4c4a-a813-f6e1f1ddd871","c4699121-5fba-4f10-ba16-0bae2110dca9","06af2156-e3cc-4076-bddd-a2c4690d2255"
"46b1674d-f1b3-4d0c-a351-e646e8dccdf4","cb0e3a47-ecaf-4568-bf28-235d855dce36","0782f13a-68ab-48c8-a2ed-9897eb6e09b8"
"47d3be3c-1e43-47e3-b511-de1ab5a33f57","f4a16ffb-822b-4c15-ba30-af9718a60593","0a2fc7e7-81d3-41ac-90e9-e53e4f6c21bd"
"49b00e7d-a041-4188-8538-82d187dbafb4","5ae6d069-cda7-48c8-8c78-a1894186073a","045775ec-ec40-49f4-a7d3-626c642ad51c"
"49b61aa9-e27a-46a9-ab86-fc9f6700a0c4","6b4d6b48-d72a-45fe-87ad-f129c9e92a4c","01aea9a2-3b90-4658-aa93-8b8e946c8e04"
"4ba97f43-5569-45fb-840b-d98d7d1f16ca","218b4a42-181d-4cbd-b198-598591415e04","0695de1e-be97-4157-b304-5f1b801ed751"
"4baef11a-d210-4d6a-a547-47eb69f45817","92bd7692-250e-4674-a4c4-42cbbf7d56cd","02e43fef-f1cb-4a32-8c19-2cc9ec542095"
"4cbe06c8-5ab8-49bf-9479-fb26c30e133f","69ff34ab-98a1-42ab-bfe1-c822119825de","083a0cc7-9b25-4147-ba7a-5c6a6c95fa68"
"4dae5c9f-7a91-422e-a8e6-e7ec8a7588bc","05d49969-824e-490b-abb7-3bdb77f99f2f","03bb6b8b-5328-4997-b638-c591cb7072f6"
"4ebb6099-2662-4437-b217-9880d73afd3c","8b9117c4-9855-4c56-bc9d-469ebe3cb32c","04870e0f-aaf6-4f29-a12f-cf22dde2be94"
"4ee7b8be-5bc8-46b8-a14f-0ca80507458e","f3256fe1-a71c-4648-8c67-de27c8d254ac","0687cf0f-c633-4dd4-9cf7-4198ef535aee"
"4f2be0f1-f8a0-45e2-be3e-4ed5f02a59af","ea7b239d-7349-4416-a6c8-8594af54516a","069130d9-d4ed-4129-94be-748d67853018"
"4f99120b-dd5a-4d29-a687-d827558299fe","105cc0e9-d602-4a60-a159-8b76f0b08de9","06ac73a2-f313-42b1-8b09-8098842f33db"
"4fd9b66a-a880-484c-b099-fbc9954bbf4c","4e2c063c-369c-4d00-bf29-54d976b5b3dc","054c54f0-3d50-4ce0-aa2b-ffec4f5e339f"
"508e8b5c-c2cd-4519-8a52-2ece8bbd040c","3c31398f-3d91-47b1-96c3-d593535512d2","01dda052-61b9-4f53-bd7d-4bfdb83c3c37"
"50da6999-5a3a-4c27-943c-06e6e561dd45","14a627d7-be7e-4cb3-8a3b-5a731b37f523","024c5417-33ee-4f8a-b287-eb188997b6cd"
"51e6af2f-86f8-4e27-963f-031e8b894a98","534df98a-8e99-41b1-b5ea-8e659f4295b0","033d2857-ab5a-47c2-873a-90de8627930c"
"51ffd8fa-7bdd-45aa-b872-14b9da1df2c5","a4f0e042-77aa-4905-b15c-f4fe084d2e53","01a7f2ab-0755-4d09-8e58-8ca32509db7f"
"537aa203-398f-45b3-a4c2-968e05a0146f","b5296743-84e4-4e43-800d-77540f712b61","0d4bd690-82a8-41d1-bf2d-5a327ed525b7"
"538e4b15-9081-4e51-adc7-4f30920ee8b4","fb21b1aa-a833-4263-a8e9-f4388254ab68","08e14b99-c0d0-4b8c-b392-eb673b72b1c3"
"53a49c63-7124-48f9-a990-770cd58a93ad","5eca0857-8b82-4fdd-aad6-06c436179334","09bd94cc-8a2d-4594-928b-b3349fd4ebd1"
"53db416a-d951-464d-a935-4468090ebb54","ed8e8ad2-33cd-462c-99d8-f41aedc2d52a","009393e9-754f-4ee0-a6a4-a6c7224e6eb7"
"55d1a7e9-77cd-495a-86f2-a7d6b18a3861","77becbab-86b7-4013-9188-c5336ec29cf4","036abfdd-7bd9-4144-a02a-37b07ae6cd6d"
"56b0f1d4-dee0-4807-b5a6-da8ebf799d38","3f260790-39c5-4bc6-ba7a-eb83e632247e","095c2ab8-0d6d-487d-913b-5607ddbf0dcf"
"56f72fd1-6ee8-4875-8cdb-0a5d23656b3a","2c8a109d-3610-4d26-b9b3-49238b686cd8","088d7428-4855-4f96-80b9-3446c71bab57"
"5719f3b1-bd3b-491b-9879-823c4363e1e0","8353d850-f3a0-49f3-8e1e-fee6f417be26","08c5bfb6-6bee-4954-aef7-61e888b62ce8"
"57aa9830-8eee-4ea3-b9a4-5e02761ccce9","f237b8a6-d70c-4d60-bc83-7b86b64901ab","0217a8c0-bb46-42b5-b87c-aa09d23a99ac"
"585fa4a8-18d5-4537-a299-775340ef9981","be1d7af0-7edf-4901-bd4d-21ef3a2a9cd0","0ab5c766-1c14-40b3-b168-50384fa4af55"
"59cb451e-579a-4e6e-98a5-4b481b4b91cc","dd4ef654-632a-4d5e-bf2c-841c418042ed","0445b4d4-d020-419b-b905-0cf39c275f90"
"5e651477-71a8-45f1-8840-6f9086912200","2bde19a9-480c-4539-8192-91ff04fa8a8a","04ca08c2-44a3-4110-ba39-c16c86864d50"
"5e6514b9-7143-4fb5-84e2-61df23355464","1dae1176-b2ad-4f09-92b0-274924dbd0a9","03a50b2e-b108-4415-8b20-ce0b923647be"
"5e6eaf75-765e-4f46-961e-d5dd70751726","7811d94c-4efa-4851-b090-b8088fa3e459","0b7263e1-c310-4c61-94c6-9ea17cf38dd4"
"5f94c702-becf-4990-8c71-2bf64b57cb7e","9768e9a0-67a3-4239-9088-ff7f58640e25","07187d72-e0c6-49ec-b552-47c3060b1ffe"
"61258fbd-d68b-4607-aaa6-9fc5ebc8907b","1a25110c-a2c0-4777-9b35-7c2f740f4308","09f55e67-1e22-4907-83dc-d7038e6a2be5"
"6126e994-83ed-4cfc-93e7-d5b837ac7b22","58a9e1d6-4f0d-494b-a553-64f9f6d8ad8a","0cb64934-29b9-468a-b36d-ba164d0a6d46"
"62ae2026-477f-4095-8afa-45e6b255b65e","3eb8b685-ee13-42cd-867c-0ee679f62796","04aa8f19-1251-4efc-b9e1-30fa6d6d63a6"
"657fe421-ada2-4eb2-ab1b-cbf4a64feba1","369e0d1f-8db3-4558-91ee-79bdc80079ca","0a9e7b6e-f3b3-4dc1-94f2-cd8b8991c5f1"
"66ceb8d8-d233-4fa1-b498-f1eef1f93925","89130b5a-3a25-458e-8191-31168067d4c2","03e3c2a3-236a-4e56-8da5-9b373011eee6"
"67bc7cb1-1137-4154-a95a-711735ef6332","38312bbc-c60a-4703-aa9c-769b53b12432","08ae9510-55f6-4159-a7f5-d6607e59f171"
"68da616e-e82e-406d-8a77-23d7c752e0c3","469eb771-2973-48e2-9568-0001cd09cc30","035847ac-3dcf-499d-98dd-b898714664f8"
"68dd357f-2cd0-4d16-8a8c-4b6ec5139d8d","d48462f7-d430-4c17-b2f7-d6e16c07003a","08f84f51-eee9-4831-8af5-bd24789854db"
"68efba70-a8cc-4c81-9e09-72071fc47036","affe7c6c-f688-4005-b978-0baaf2a65d20","067bf83c-7252-4fb6-990a-804ddd54054a"
"69c141c2-99a8-46ee-ad71-a532c8786a3b","abc40f79-90fa-401b-bec6-e43a3afa3417","08c3b7ea-94a8-4df1-8b97-15f18a1e331b"
"6b11a906-dfb5-4cdf-8595-b163ed18c6cf","955b3944-dd8f-48d1-90db-87332e86874a","0cb64934-29b9-468a-b36d-ba164d0a6d46"
"6cbab325-494f-46ab-b4f2-e0cb9f70cbf5","53e32167-fb8f-4fa5-8678-0ca96b6a1449","00609f1b-8086-4a4f-bee9-85a0208384bd"
"6d615fcf-8efc-451f-a3de-c97df8dd1125","89e456f6-9775-4670-aa66-408756b4b612","0782e838-dc61-4001-99d2-1f208f9de12c"
"6e6f2eac-d8a0-406a-9d10-80da64acaa6e","19e8fddb-d18f-49bb-9b2f-af135d934296","01dcbc9f-f943-4e3e-afd3-29f9bf2a4a0e"
"6fae242a-e5d5-47df-8a1f-d26311475d91","16a7e838-c56c-4e3c-b213-3abeb5186ac2","009ff3ca-c84a-4aa8-8471-938103190002"
"713ce4cf-61b7-4d75-8ed3-3c933eb8d8c3","a35c9f53-0f82-4437-8579-3010d87a7400","07d5cb92-e28e-4011-9c5d-2f3c15fec202"
"72dccaf3-caad-4402-8fac-57aed46b9413","f01b0556-0eff-4765-841f-404c2357ce76","0b788ee3-48ba-4e9d-a733-4d4e58fdbca6"
"75a97bf2-ec3b-4928-9c32-5e4e697d44bc","90204dc5-596e-46d8-8e98-c3efb74c0738","08afc2d8-9e9f-4503-a6f3-1ae37d8587b1"
"763083cb-2c98-4a5c-a10e-a65a18df2968","4c506f97-1190-48f6-bc09-9b911bca3675","07e70d5a-331b-4b0d-b878-ff9d15568977"
"769d899f-fe2b-4303-8a80-c4e409c7e7c8","6aa1afd3-ef01-4a54-9526-2a93cd55d7a5","044494c1-d4b0-4318-a3ee-1eb634553376"
"76afc1c7-4a0f-402c-8b95-a6a5c4e6aac7","a6133bf2-06a5-4df8-8fa5-1cc83b0157ed","05cd0535-e535-45f7-9b15-9aea89d99ddd"
"402adb1a-7c33-41b4-b755-81b2213d0e4a","2fb1269c-2e76-4686-bbbd-6a35ad13f77a","05c44a59-7f3a-4b02-98f5-d95614e5c0a3"
"4103c309-fafb-42b8-ad19-5b4ab1394a06","4378ddd9-b28a-4cbd-a931-82be8706f693","067820d7-a0e9-4498-836d-f34465f4aa87"
"418a7fa5-c056-4252-9d19-cf69008ac584","0a7dfc50-8392-41ef-8f13-62a13dccb701","0406c9b8-254e-4e2a-b334-d8fe6c510007"
"447b6a72-42f8-4b33-b19c-8cd083f21567","5f4eb9de-81e7-481d-b174-d9a9c6429908","09f239ff-ea0c-48d9-9c6a-c9556a5f8f1f"
"45119925-faac-440b-a23c-919bff4e88ee","d614055b-e824-45e4-9270-212cf38eb380","0286e443-a788-4c74-9b99-fc747ded37f7"
"463291d4-b358-4b6f-9599-24fc33096c50","0afec93a-9302-43f4-8ce8-9f47ad083d03","07121dd8-2c9a-46a2-9188-da8d2e48e73e"
"4776f070-b068-4850-9ef6-4e0b64dd0c16","88d7e0d3-d4f3-4437-8d4c-ca3bd92863d9","0860a2b3-936d-4c5d-904f-e59395017b07"
"4859b643-39ec-4628-90e4-8bb491960b96","8ca0a16d-7a86-40ed-9dcb-d123bb3b0260","001d4bd7-7e92-48b3-aa9a-f6a944bcfab4"
"4a6d5a0b-3c59-40d7-9197-63a05436058d","22149750-fa9d-484c-906f-ffe3bc109f7d","083bf1c6-63ec-4e17-a967-fd7fbeb4f390"
"4addbd9b-0c6d-4850-82cb-08193a84bb1e","71410931-8e8b-4c79-808f-9dcc7a30b247","03b32987-1d3b-45a8-b20c-254552e4fb10"
"4d4b8fa3-e51d-434d-a793-cf4d7c0f1173","227d1547-2e3e-4091-a6e2-a12547017278","0821bab5-8aae-4617-959f-66d4636a721a"
"4d68ba60-b220-42ea-b536-3430d6642a88","619f67d8-8bd5-441d-830c-77de23b4cba0","0c078c87-d2e8-4a97-9026-2a4fcb3e1405"
"4e43b48a-8b11-418b-905a-8031a421289e","bc9dd930-62e7-4b67-ad0c-ce5b59dd512c","07187d72-e0c6-49ec-b552-47c3060b1ffe"
"4ec1abe8-1a87-4fc9-8685-11da0096bfb7","f51b56f5-e24f-4d92-a556-1ac1ee7dcc1e","02a2c1ae-8e10-4740-b656-033bd34744f6"
"4fb61449-d38f-4b41-ab5e-1d67ba0a8b5a","49b609c9-f9f4-4e98-9a81-936398c3b2b4","0898aefc-2606-4895-bc01-5b677d4bc192"
"4fdf12a8-a2fe-480f-8453-d31256525e63","0c29de28-1934-4201-b7d8-acce81b838b6","0c124def-3f2d-4198-a109-c1eae075196e"
"518011b6-b19c-421b-91d3-adb6aab2413f","02a48995-644d-4490-92d6-27b8f21a6ce9","08bdd120-f83d-4629-bb3c-c8decc112570"
"51f795b7-886d-4f3b-b854-180043dd0938","f2effcc9-ba69-4ff2-a812-d0f3c5893238","01c147b5-af93-41a6-af45-2fc34c25e556"
"531d237f-e186-4266-ac5f-9bed6a25e0b7","43e29ef0-f27b-4fcf-b7e0-64c28b0d5b6b","05e2628a-1338-463d-b04c-95e7a67a3495"
"554a46d1-ed0b-43c7-9329-9142e348e2cd","7ecd5f8f-ae94-4c86-bec4-b34e161628e7","01005209-fba7-4eed-b0b0-26bcfd95185f"
"562f40c4-1626-41b3-bd20-1aea9270e2bd","db49d897-94e4-44de-9f12-436b506f997a","02fb3de1-ed7d-4d3c-b87e-ffd4e6d9759e"
"5678528c-348c-4d17-9db1-97592e62fd5f","ca33b4c6-f4ca-4c69-945e-42398ee7c479","018e5ccf-87c3-4e5a-beca-39fae28669e6"
"5a2b03ea-2cdd-4114-92bb-ca84aad20b49","99a67de3-7cf3-45b8-8176-e190deabdcb5","091aa811-b944-40ad-aede-96a1787eccdb"
"5c0a246c-23a3-4c97-afb1-8bff1f9efe27","9b6ca94a-ae30-4b9d-860b-8cd961727910","09dc4ceb-e0bd-45d1-ac96-20556699ea86"
"5c240db0-1d67-4821-924c-ce7b151cc29c","9e05c7f9-e4af-4dde-becf-462e36f8ce76","0aaa91e9-c9bc-4191-a4bb-28d944915472"
"5cd11748-3a85-4e99-ba88-1d3929273164","9ed33528-5045-47d5-99f3-3c8c9dcbd9b5","082a8468-2b62-4cb5-9f58-2eb2afd86fd5"
"5d2dbadd-45dd-4555-9380-4fd5ba6ac2e2","ca7a0baa-b72d-4b8e-af06-3de8ce660333","02d393aa-612f-4976-bf6a-5502c4622967"
"5d595c89-a061-4a1d-8cb3-43673336115b","4bb1f74f-0bae-4eee-a356-147e953e0501","05cb7b1c-1bf9-47b4-b078-e4b582201142"
"5ebf4e0b-ca13-4a73-8b14-5f3a1cf6d584","a37dbdc8-a449-40a1-9c0d-7c57f0ee8800","00724495-bb9a-4c28-9a51-ddf686214836"
"635a0d09-ef62-4ecf-be54-cf654ad379a1","a74bec6b-e494-4dc9-907a-86c058f036ea","042758f6-9d17-454a-ae53-e5889f3bcfe7"
"b0eee23b-2c73-4a1c-8efd-2ab9620b5ede","9a573207-7ffa-4348-b648-dc53dcf35384","0b3275bc-4513-47d9-9844-efb800e24b77"
"b0fd810a-2e4a-4b8e-a6ab-34ed2a4f0d2f","902c6f33-a705-4d7f-a230-4d77900c4b18","0ce2f00a-cb8c-4e75-94b4-0b8e81bff896"
"b24cad1c-1244-45c1-bbe4-9b773ad865da","ed970bdb-b130-42f7-8bfd-348f0c48d718","0d6931f7-0235-4fd2-8dbd-03acae760dc6"
"b30530ee-701d-43d0-bcd4-d99a6d0cb7d3","37c51241-3cd1-4f77-8989-72b266fa6e21","0a8d4700-7f2d-4bbe-99ce-0b3afc54eb55"
"b378ae68-cf6e-456a-b9dc-546c8fcfbf3f","682f784d-8ef2-4dfc-bcfd-df6e46c35021","0d4de4cf-f0a8-476f-a04a-337574153eee"
"b46e5d0a-e9ce-49a9-a228-f45e57eb1f9d","9eca1f4c-3222-4792-b192-a372200cfdcf","06556aea-9044-4647-95f7-a96eadaa0a4f"
"b4aa9745-c836-4463-9aec-4aa8321d501c","03da4d14-d2e3-431b-a711-f1970889c9da","04a6cb26-aa43-472e-8277-66e04d76c70f"
"b584c507-65ae-45b3-ad67-d157669d9f05","082fd12d-c04e-4bf5-b7a8-c8c5c5e136dd","010ac88b-4e4a-4c67-8d92-263d78a132d0"
"b5ea7e88-b95d-4568-9753-45957523367a","2bbdc3a9-7657-416b-bea4-3db148399841","06f0d86a-8cf9-4928-92f2-bad218dcc44e"
"b5fd92b5-015f-4e92-b4e5-ef8043d5871d","0491810d-e5ac-4e1e-bfd2-bcea1ae98e81","0981d1d7-3247-4cd8-a459-2e872c3ed43d"
"b67e3fc7-37ef-4319-b72b-6350baf0c005","27129cbf-f00b-49c5-b5a5-dd934d7a3a48","08aaa0e6-eedb-43b1-9e86-041af1d48f0b"
"b72852ee-03c6-420d-84c1-f53b79afdddd","84161e35-0451-4cb0-9571-8c65d2664dff","09b5e933-74df-43cc-9e04-300d044a4363"
"b7fd8bd3-544f-42d2-842b-5a9cb0422e23","36488a98-cd49-4aea-9c39-e6cdc9fa669e","0216156b-3f8a-4119-bd61-2526697ec1b3"
"b80a0cb4-b7fe-4807-b2ed-4952bea12afe","2f01f588-5ac8-4918-a190-45e56bdab90f","0a1bd801-8e1c-45e1-b0aa-bf5c16d8bed4"
"b824ea64-c825-4d12-9f10-6257050f27fa","833a57e4-7e4b-4243-85a9-f650092662ed","0afc6fbd-88bc-4f06-aaed-1692cef8e034"
"430333b0-af46-4b50-84db-001324a76f7a","4a8e8082-cc81-4ef2-911b-b51a3182d9fc","088283c4-f4b8-48bf-8cda-1545cd1ee036"
"435e9d99-c4e8-4cb6-828e-52cc2fa9d1e8","cb8df889-975f-4d0b-9ffc-5728ce5887c4","089a7bed-da06-4506-98d9-c9d89e78f68f"
"43d684e9-ec47-4535-ae02-c306ac50f27b","31b39229-1204-49b9-98b5-2504a439e949","09942101-a7fd-4ec8-ac5e-bb8fba012f9a"
"467fd446-32ba-4c78-b58a-0e0ddb9381c5","87152c42-9569-4613-abf5-f43382010b25","00a1cb26-3f72-44a9-bf84-42abcdee5918"
"4a4be558-1e95-4c9b-9dcd-7ee05cc2a40e","feacc8d7-63b6-44b9-b5ad-0dbe58ac004b","064ebe13-2f65-4fb2-9ec8-3fa037bee220"
"4afeeab2-66f1-4304-83e2-e4a9b9f3914a","7228734d-26ca-46fb-a109-bd4b12fe4716","0bd9a24e-9b92-4d9b-8038-d6022273a5b0"
"4c12b28d-2018-4925-8b40-c4725a4c4790","8d15d9e3-8f81-4f97-a45b-20425c3a820b","089f1188-9b58-4411-818e-bfda94a99a2e"
"4e3c6fea-e123-4d50-bdd7-ac0ee8a14ba5","288823fd-7016-4e62-9e32-8178f1cc44ee","09c8e642-cd6c-4467-b08f-3fd4575c5c06"
"4f63edb0-2728-487f-a178-03c579048f34","ad464d35-9618-432a-94db-6b15e9e2ca9f","0eb8a2ed-1de4-48fb-8856-5217437df485"
"5164bd89-6667-4098-8211-05dea9a0f90e","395b7714-e18c-49ee-b890-98855076f2c3","00eef668-4ab5-41ac-b654-3efdf4a6a127"
"519ec69e-b969-497d-88eb-717666c8a375","ab864ba5-c35e-4f4e-81c1-f8a4fc28e052","070f2245-12cc-4e16-91d0-4b9b694d9759"
"52084022-7717-4435-afe0-2b4cbc9639f9","8b0f5f35-47ee-49fd-973f-47b59ab381f9","01b0544c-5c26-46ac-afd9-e5ef69d31a34"
"529a4ccf-f390-40ed-a883-a107620abd5b","a30e9d10-ffff-4510-9b39-15ca83fd28e2","04e788c0-77e7-4c7a-8d2d-b91154b93917"
"54ef1115-a6e8-4dcf-a14f-ba0465274964","880829b3-6238-4c24-8994-a01a56cf49f7","053c08d2-1f58-4ca3-8885-f6ad6726ccaf"
"55c16805-7147-4587-ab6c-04b33cc127fa","fc3cd6d9-2a6d-4f8c-b610-4818c94ebfe6","0453751b-8e35-4e7f-be7d-17a6d4e1e936"
"55d5dc54-15c1-48af-986c-034b169fb487","2a8d6e64-afe0-4e0d-b237-d789856524f2","0543bbf9-b49c-49f0-b77f-409dfb5b2f81"
"561a9f84-9336-4044-b747-83da29888a22","2406585e-d915-49af-bc3b-2b542703c14e","03fc1769-db65-400e-ae80-30dff29af5ab"
"563dd7ac-0157-44f9-b429-c7696097b466","284f77d8-f2ee-41e8-841e-2774b657e444","0c9f00e0-d621-451f-a0bb-32648de8b99d"
"595c2c81-d687-49d9-9e95-332cf68bea64","fb459018-0721-490a-8982-760089dcccb5","07bb19ba-2aea-48f2-a4d9-195c688a7ea8"
"5a71d6a2-c411-46d8-afda-a85c8407d793","27848808-797f-4963-864a-8251c95aa544","02007d43-7a4e-4e90-a036-2749dae00e3d"
"5b890fab-81fd-4429-9690-f0549b08ee4d","bd859c80-c078-4c98-823d-d95cbf32947f","069b1800-ac0c-4e3a-bd5a-a677743621f2"
"5bb54646-dedd-436a-bc06-12b375995c8c","9d5bd512-86ce-4ec1-adb1-138cdefaee44","045f00c8-75d6-483b-9978-bd86040858a5"
"5dc141bb-a164-4a3b-8b28-9bf042ae85e1","66070a2d-73b6-4524-b267-84321bede9ce","0e025f5a-b52e-4a08-9766-1dd7a386cbd7"
"5f26abcf-d778-4dec-865d-9f4aef2a4279","e546cf71-305d-43aa-b97f-7e9e2bd1238c","0decddcd-5605-4245-aea8-23821e3a8a87"
"5f543615-cb72-4224-ac44-63db344d84ed","3a5710fd-22de-4ace-831d-886f6a69caa7","0cb88b6c-e3ad-49e8-84e8-2809137297e8"
"5fdd57dd-ea07-4d07-834b-5c22efaf9aea","da705106-0775-4f7c-9347-3005c45ee017","0253485e-d49a-4433-84a7-5ce0b8757529"
"60827e68-9907-490c-aa43-9e779c4383cc","19849040-ef3c-4085-acfe-a16d0cf12f06","093ce6ce-0c54-4a3e-a3d6-a80c48bd55e8"
"60830a21-7e48-48a7-924a-5ecaf0fe1721","10a1d04a-5a2c-4903-aaf2-ac0f5269c549","068f9495-476f-46ea-8ffa-1cfff85de954"
"629ddfe7-a1d0-4b43-a68e-9912b75a620e","945a079e-239e-4520-9625-4739ea6e97d1","0997f143-7e53-40ff-9dc5-493004707379"
"63180ef8-3222-41a7-8156-49a3513b1640","22cd0d34-1b58-4012-b02f-af93ca5e79c9","040c9f8e-817f-4737-bf86-486f0f42e546"
"65a564bb-6bfc-4b67-ad15-2c2363d47970","4e22d8f5-3604-44bd-a7d4-cf4768ffd594","01bba727-a43f-4d48-8313-faacc1087701"
"66a5fee0-bc80-4dd3-93a7-cdf992315cec","5a6d1569-5c27-4964-9a38-66d90357a078","0297af83-f519-4edb-b962-e7b79534ac04"
"66b06d11-fe25-4897-b1b9-01099b0d6a00","7b9d2a69-ccb5-4f25-abe4-30c59630507e","0d87536e-7586-4f24-9fed-7610598488a6"
"69462921-d272-48a2-8b38-08d6dcacd3f6","0a72212f-822b-4044-b09e-8add1f9a6df4","0e0cb5e1-18e9-47ab-ad98-5e6df8e88f34"
"6a22418e-c94a-4a4a-8e58-cfd532f6b5e8","ebfa97cb-d611-4640-9418-2b0e4e860f60","0aa59fe4-3a28-402f-88f8-3b413217fd76"
"6b4180d0-c523-4a84-a181-7b2d6da88f1d","51ad5aa0-321b-47ee-8ff3-b9969a4a6212","00598a04-2ab7-4388-b693-9d07845b924d"
"6b53e15e-2313-408b-82d4-58cb42c1cf84","799ec901-a044-4ca1-9b46-0e6eee49e290","07316ac1-922f-49ae-aeed-0a8a83f29026"
"6c339bf8-7644-45c9-bd4b-6c29f4dacd9f","065fb1e6-704f-45c6-97bf-5b261d005517","0801da64-2091-4396-b9ab-71bc03f57bc1"
"6e2952ab-ac41-44d6-854c-87d3f5359577","af2e02cf-e2bc-41ed-bf78-e6930d87b26a","0d35e9b2-3b5a-418e-87b1-e2fd4ad77ea5"
"6fc0c25a-7466-4e63-9765-d8eed90a8915","5452b9fa-1dd0-4ccb-87f5-7ef701544f61","00b80d9a-a204-44fb-8802-0617685151c2"
"71a1333c-c496-4963-b928-29ca9ef155cc","f1284ff4-4ce0-4989-9154-c751e5bc4a78","03a6444c-85c0-4685-8eeb-2ac278ad26a6"
"71c06e49-0f17-42af-b139-243ad0dd60ae","368c1448-07b4-4cda-9e58-213a5072ab1b","017e5b69-98ab-413a-abac-630a52923bf7"
"738d65b6-a1c3-467d-82e6-f6b02e0733f5","a0cb5c4e-7581-47f1-9198-3eeb9493f3da","00c84fd8-310c-49c2-ba40-2d80dd8893ea"
"73c926f7-7956-43d2-aaec-a871f782b162","e2e5f66b-5690-4ca5-b41d-dced54432fd7","08b2fe91-761b-462c-97dc-9dace35af289"
"74771ca5-a0b8-4ea2-a036-c95f0f86d4ba","a391c78a-3233-409a-838a-3d0a6f38ddd4","011d847d-959b-425b-99de-c0e4b1a0b570"
"74a27e26-09d6-41f8-9eb2-b480b64e1989","2b179a75-2888-4e10-b86d-57597188f2d6","0ce4efbf-56b3-4923-9b66-abbed57d5f51"
"74ad8dbd-6d1d-4513-9515-c9ad9f6c0261","8dc393d8-41ad-420c-846c-522f24f6934b","07a73b8b-80ab-4d33-a82e-acf6c9785dba"
"74ce7af1-6cdc-446a-8ccb-0a0d6d697737","75c59d8d-b4df-4e8e-bff8-a07f62846cef","0bebf994-dca3-4fa2-9410-539ac08e83ef"
"74df8c21-44f3-4a82-bb46-e788fae65ccc","42909bef-def1-4c5b-a2e9-967987e2bde0","093ce6ce-0c54-4a3e-a3d6-a80c48bd55e8"
"75a3c808-4dd1-4e81-ae61-25d2f7821bda","e564b2c8-3213-460d-9bf6-e524fb6ed413","0773001a-01b1-4e13-a19c-c688a4cfdeb6"
"8b9da25b-6339-4ab5-995d-b6ca895975a7","265d5ed2-488a-419d-8ee5-be42efec6fab","0629013d-f9e7-43ce-ad3c-5a2f1e457a4a"
"8f8c5df8-dbd6-4ff5-a4a1-0c1830b79610","c7ab00a7-9e1f-4e5b-97dc-08fe69cf9ef6","01b697b9-6f2b-4429-a90d-85869f3d3e11"
"917a20d0-9b83-4fcc-b8d0-be92f35d0416","0e2909b7-fcc9-4b45-9914-cff9ecefea7f","0121db48-d0ac-4260-a965-b54d1e2b22af"
"94b4193b-2ae1-4076-ba1e-6a63d7508856","5c6e658d-95ad-42e2-96fa-8f59d9b37789","04875edc-b02e-4655-9b60-62745cf6aa72"
"95102406-4062-490c-8047-06697ca33d86","a28dcab8-74d4-41bb-b466-5f6602bc500f","06acb733-a75e-4ad0-a9f2-7433f94a7d86"
"953deaa0-4420-41d2-ab79-01c9b6119d74","87108ef1-14bb-4db5-b720-f238d8b48202","07add821-50c8-4c89-aa4c-f8eff5ce4ae6"
"964b319f-cb4f-41ff-b572-0478f6de66e6","f8008276-b033-4f87-ae8f-d692651c613b","00952ba3-b449-4221-8a56-b60fccec93d9"
"970efd72-bc6b-465b-9365-b9a140804f23","97566972-a1f3-46f6-a5f5-3ade06d3b886","00444bc5-004d-4694-b6f2-aabc17448992"
"97cceb2c-76bb-434c-b59e-3d33be6a84a9","7fbc3bd5-5158-4c14-a50e-53fb2f3762a4","0392b77e-7b8a-41e1-ad1e-e9abe248c676"
"9bdbf21b-104c-4ac0-a43c-fcbc554edb6c","5e7ed493-d5c4-4481-b5b2-14dc7e61eca0","071290cf-469e-4660-9d8b-d79fb1bfaca8"
"9ed2978d-69a4-4eed-94da-fc5ecdf874bf","ebedf0f5-b655-41c9-b1b3-73cb66125cad","069afe4d-da56-432b-96e4-228ec2bef481"
"a0a64914-3f80-4246-a23b-1f7f15dfc6e1","4351ff76-6573-451e-8191-ba2188915d00","0000b7c7-460a-46fb-80fd-350a62dae5b7"
"a1dd0409-9e79-45f0-bb1a-4ee3ff84e60c","6d961848-dbce-4e52-b960-69e7348e1c7c","00b1efc0-ab28-4a0a-86cb-50d08ccbf2e1"
"a210c065-b9be-4f6d-91ce-46d18d9186e0","8611dc8a-8fe1-4931-bec1-4a86835531c8","033008da-a2d1-443c-bf3b-4ba56fb28896"
"a5482159-0011-4091-9b78-bf8a2859d072","69764bd2-f8fe-4a6f-b191-caf2afe7c61c","059dffde-0231-407f-b288-315d5af6e9aa"
"a6fe7595-cd4d-457f-a542-56af91bf7069","d81cfb60-4413-43e0-8c53-33c81fc482c5","0281db10-b6b1-429a-b0f3-417ff2551c02"
"ab4961dd-f29d-4f6e-8bcb-1b03ebd14582","271eb065-af15-47cb-88fd-4aaeae1df8ec","021a0313-4bfc-4149-9658-ee555ca038e7"
"ab4e8232-cbbb-4fb9-a98b-3149b2bd4505","bc04c707-a14b-4599-8c11-2b5dcc8ad99a","01312c5d-97f9-44c7-a412-9dc923213e65"
"af078a9a-c79f-46d1-b0bb-b8e5dfaad72e","84e34a53-1239-4ea8-b760-2420a3b191c9","0620fae0-9c1f-4392-81c8-b6bb8a0d23ab"
"afbabb18-bace-4a7d-8cf1-8f9241ae9c96","a87bdf4f-6a86-4b1c-8df5-c4bdb37892f6","07c5dac4-e274-4a7d-a44a-a00631247bf3"
"b07adb1f-d3c2-4777-8526-229affc7c41e","c48fe21d-6c84-4304-9760-1d662aef6f31","00769f66-2728-48a5-abc5-dd57ba0601a1"
"b1b9ac6c-09a8-4bb2-9335-d149486b372f","84d685d1-cb44-4613-9870-5cea92cc84d2","0326b557-c00d-4a6a-a370-cdc4c84a1075"
"b3bf9875-a325-4c1a-83f7-786bf478970c","8dc52d2f-af30-4e0d-acb6-1ba565dc7a7d","075862d3-067d-44ed-8e1c-303fe32a0a77"
"b3d17967-9961-40d5-94f3-504957953f0d","2f03259e-40d1-4bcb-8d6d-a170e83c32d1","0308456a-41f1-474d-a961-b144a678ea1a"
"b4f46223-dcd4-4be5-806d-4e96755d433c","57dae01d-bdb7-45c2-8711-446a6e959d0a","04b4c872-8dba-4af0-acda-d49946b4e936"
"b54d4e78-7081-4972-a1bc-cfed7c6fc250","0e6159be-fff4-4d00-868d-2e5c075ec675","01af0ec9-e764-4035-91ab-e1375ff9dff8"
"b59bf9eb-5569-4246-a0b3-a95adb655661","727150eb-f6eb-4123-966e-b3c92ff74de8","0598cccc-8bfc-4c7d-9965-f9d9993a910e"
"b5ff7527-9bb8-4dc9-9d1e-5876798d57fb","8ad975ec-f4ae-4406-9fb2-5668b96847db","01587dfc-9793-45d3-bad1-27a7543aeed5"
"b88261a7-c6b0-433b-91e7-1a876ac0d372","29749b6c-c7bd-4e76-a36c-4182c177e76f","03af218b-10bd-430a-93bc-7a72a57520bd"
"ba0e788b-d58e-4378-b490-11b40ff3be4a","59a4db82-b1d1-4ad8-b22e-54907a996c41","010427ff-0097-4cd5-b2a7-aa7061ae2aea"
"bc3014fc-0a64-460d-861a-008c2c864705","88557ddf-7b96-48fc-addf-6ea401096bf0","06d42d82-ad0b-4216-a599-08ccaa161a7b"
"bdc64b2e-99fd-4de5-a862-0ee8ecfae34a","b4b1da1d-f688-4ba6-b89a-35bb7c949a8b","037c166f-24f3-4e5a-9903-b15b52b2f9d8"
"c1fa08c9-7066-416c-95cb-7ab131aefe58","70354514-4551-47ef-be6c-29697efa8b0b","01445d46-b052-4547-9c0d-4bcd5512f925"
"c21d05de-5045-483c-b920-b606f1e1ca55","a8282126-6d04-4935-b50b-ba704f1273bb","078cda41-c4a7-4d76-a774-37e90d69bef5"
"c7a9390a-83ab-4e73-ac00-dc5e2b9bf572","ce1dbd5d-85f1-4cf0-8c48-810dffe35e84","00154129-f7e4-44be-99e9-99b69a8ee968"
"c95da8c1-bab4-4011-a544-11962dcec2ff","d753eb0e-f0c7-4823-a563-fed66663c0a9","04377273-312e-4b6d-8af7-7725e7c455f5"
"cc14277d-033f-4cfb-bd63-80f2357f2a71","ecef4b98-9a08-47bb-84d4-265cba923cbc","0392b77e-7b8a-41e1-ad1e-e9abe248c676"
"cc5e6102-3a80-4705-af41-b49b8de317c3","b2e0fada-6fd6-4e7b-aa21-f1632f74ab35","026c6be0-f4aa-4acd-bafa-c4445cc4a84e"
"ccf8b161-b9b8-4ac0-89a5-57738e815116","5e5a9548-46a8-41c9-96bb-cacc30f76ad0","00252ea6-1232-4c63-9da0-8b7ad9444276"
"cea5e8a6-28aa-4079-b0ab-7da81216ebfa","4b8e62f6-02f5-4e2c-9b1c-41ed44d4660f","06f4a573-7003-4d25-88f4-620ad4478b32"
"cfe73543-5001-421e-b463-84ed52e66be0","de63ed1e-c4e3-4a50-bcdf-bf5165e7805f","00fadd1f-7220-43b1-b215-b5d078b67414"
"d028376b-f757-47da-86a0-7ae164d7f96b","32a398ce-b7cf-442b-8ba5-7a2ac2e558a3","0620fae0-9c1f-4392-81c8-b6bb8a0d23ab"
"d2069237-d643-45dd-8592-0ba109f64ec0","28325bce-47cd-49e5-937c-75c2dd6ff73d","012bfd12-0968-4f8c-a630-d77386c57b49"
"d6061774-4383-4d55-a1aa-ebf328c081d0","0c55762c-f842-441a-854f-bc193babe9cb","036a3b74-f333-49c8-9183-42cda302287b"
"d83cbf88-5cd6-429d-adf6-a69dcb0b249e","6ab96db2-4c98-4381-93ee-c38576aee41b","068b1465-ec36-4e59-8b3e-a5d5eac6e648"
"d9b96675-31a8-4dd6-9a4e-dbd45e7e9121","889eb00e-6a6e-4cfa-8490-f5c732b7952d","0534d98e-5ad4-41e7-b01c-ab5ba2e83eb2"
"e0c3a89d-8131-48af-b48b-cb24b526d52d","303533c5-5a3d-479b-8dd9-085c35906231","00aeb663-59fb-43c0-943f-366f66282316"
"e0d79d22-7767-4576-a52d-802cf57a8412","661af731-a2a1-4842-9c4f-ab8c1a10ab4d","00da748e-d094-431d-8423-1d7e0a2aa165"
"80aa638a-c420-43e3-b75f-329c31fe60ec","447038bb-f707-4313-82cf-a36f93d37ae6","010427ff-0097-4cd5-b2a7-aa7061ae2aea"
"82978c9b-8939-45c3-af44-72ea29579ff5","87c3aea9-5274-45eb-a711-0d3a6bda01b6","07db69ae-b759-4803-bbc2-8d43e7b23573"
"85902ac6-04d2-40a0-bfc7-efb58144f024","24b426ef-1bec-47a3-9e9d-798c48c33a58","0534d98e-5ad4-41e7-b01c-ab5ba2e83eb2"
"872d7241-2d9b-488c-97b2-f51912b90904","ebe080bc-f075-4024-8b2a-c3f44c1748b2","00ed9280-11f1-4a32-a409-0b8d7cfcd287"
"8860284c-ae8e-4a87-b741-e6b4a46b9819","55710fd6-4605-4fd1-9411-91eca7478168","051e8bcf-8e7a-4e21-95ff-78caf37de147"
"893d4dc6-e4a4-4a2b-8f1a-161fad5158c0","9643ae85-a3c1-466a-a25c-b20eea6083a0","03d9fa82-26f3-4f1c-92e8-180d8638034b"
"894eba08-1fb3-4d01-aafc-473c7a7eab90","9a8693b7-ce63-4ccc-a5e9-030b76558d84","02441d67-ab86-4c0b-a83d-14b190dd89b8"
"8b9197e4-edb4-44af-8a09-966bf9fc6ecb","f0d9df91-23fd-4a70-bdb3-650c4b1672b5","076b56bf-a721-45d1-86aa-c89dcaf7386a"
"8c5eccd0-0e1b-4423-a7f8-48c8ac746d77","fe7826bf-384c-40a3-98e3-6a9827a14bc4","02109294-65a0-4296-bc4f-4c16133fc3e3"
"8ce37413-c804-4b54-83a3-fc82905641de","b49bb212-399f-4dba-b124-9a64fbd8d8e0","057a2963-93ff-4be6-ac3e-b1ad48c8a69c"
"8e226e14-c48d-449b-b5eb-7fcfa7454dcc","9dab214e-6bbc-4eef-bee9-791b359c08fb","08033f8b-424e-4117-b807-31dbf03f7795"
"8f040082-8771-40a7-aa0a-86c308c91ab7","307e00da-f854-43b7-8d01-385a9a382e89","062cb5b9-2b1b-4073-9b3b-5da63d9794fd"
"91e9c34d-c6fb-4a12-8787-5e20e2457f8b","36a4862a-0273-4ae5-bdac-9b3829fbc456","0212a44b-5e73-47ac-a4b3-7c713502ac9e"
"927ffa3b-7383-430a-9cd3-39a3e4385a6b","a52a0be4-b379-4b73-aee4-c2c68caa13e3","016ae2b2-9dff-415e-a63b-2453f32094ce"
"937e8124-223f-433c-b5b5-b9de9b60d916","e124d3cb-bb9b-40da-8cd0-7e7379661b87","02dc78f7-1497-4635-88ef-694486ece692"
"93e7e7fc-fe16-433d-b196-2e1848a81c07","c8765f06-4153-4ff5-91b9-a4df63dc6e68","0379e417-dfab-42b1-afee-8ffffe1bc07d"
"9496bbfb-6b34-4c6c-9706-46d373232737","ab83ed84-92c9-47c6-a7a6-f56785235930","075b18dd-f7f8-4ece-b67a-92dd77691470"
"bdfae75b-3d6c-4ce2-8aff-5dceeb253944","20346793-1348-4cc1-b178-80b7ea31ade4","093eadac-83e6-4746-9690-664e8017dc63"
"bf76f430-e4b0-4296-8c8c-447cc2a22d9e","a589cc13-93b6-44f1-b4c7-47f89757adab","099d0157-8ed9-48e5-8f3e-bcf15ade7431"
"c0677156-9ea3-4b5b-96c2-022ca06c7cac","546a4e33-8369-4c01-893e-d7cbece6e5d0","05b66d68-f4cf-4659-a1ac-6d8b19b4bfe5"
"c0a82a62-48a9-4b11-91c3-e8d404b90a5a","bd8942e9-f998-4d02-9504-dd2250e457af","01be82f2-f0b2-4a02-8db5-dc8df531ef84"
"c59e38e7-cf58-4236-b597-18725bd1afed","178a2850-53ba-4e22-8669-7c9b49f5e4c7","045ff1a9-bf06-433c-9890-1cf3d3157462"
"c883f046-ee8e-4034-8a45-1129249d20ca","bc9f66a9-49cb-4c17-b151-7433b4916f76","0075e05c-e599-427d-ab6f-9b8d2410268b"
"cb06f318-5a70-476a-b1f5-6ad4434a8ec2","766e81ef-2868-4920-91a3-38d56c9f9934","016134e4-4568-44b2-9419-3040eb3f10a3"
"cb8e654d-5e9f-4794-8513-6721089c827a","80387c4d-8e28-4c15-88ab-b8525ee0f8e4","01b5c341-38ec-4d5a-bd24-a63cf0dc8bd0"
"cef4bf0b-8409-400b-8bf4-b2d2cd35eb9d","c72bf9ba-a4b0-48ef-99f3-7d3229f8edd3","08dafb5f-6e43-4e63-b928-afb1db2f5101"
"cefd30bb-d702-4f38-ba72-d15989f5bdd8","59b1f466-014d-4760-a7d0-d891afee3ac0","0581a69e-0e90-4cc9-b603-b32718eb2314"
"cfef54ca-52c9-46b9-aac4-586cd0e1b603","b6f1988d-c361-4c07-af03-9aaae50a7111","01f77d35-5f86-45aa-97e4-b021788ba144"
"d2080ad4-8a09-48da-9eae-aa637d20a4ce","37d046ef-a420-4087-b1ee-b879c9fa6a94","07e45316-32d0-444f-b768-833fad167bf2"
"562d78b9-0b21-4a91-a850-4fa504b7e2a6","9fb11170-299c-4442-b739-2da2ab506cbf","0a326c3f-ccc4-45fa-97ec-c24eaac32688"
"56a1b551-1758-46ad-8f5e-ce9cb85fddf5","dbf74389-f9c4-4528-91f5-39aba0f8a0c3","031ec4d7-a500-4863-9519-dcabba26b69b"
"581700ec-db30-4475-9a40-bea7812f5843","ae7a4250-28cb-42d3-b357-570b79e68934","08b1e946-5dd1-4653-9811-57fef60f841c"
"58c48338-a3c6-4b20-b625-e29eba7ce29d","4982ef76-5344-4cbc-bc42-cdd1d3ea9bcb","012f2928-081b-41bc-b975-91f752b9340d"
"596e413f-d77b-4949-a264-f80e254124ff","ef9eb2d0-a113-4161-8bca-703e9a02cde7","050e39aa-29c2-4e55-a0d3-0bc07f0cb468"
"59b1b14f-a9ba-4436-b751-e4f7049ff566","27de9d1b-9f24-4bd0-8885-bcdfe8a7deaa","04059a8a-ff87-457c-9a7e-23d22f351690"
"5bc71483-62b3-4147-849f-352cfa0b67c5","461cd3d2-372f-4714-a8bf-d5c00594e1f7","0920eac2-892b-441c-94a7-313ef205f069"
"5cc28b66-81b1-456e-9b69-8e1c60695129","5e742c99-f053-46da-9181-74133918b0fd","0a5831f5-a4be-428d-a492-35e0532e1e94"
"5d211b24-4df3-4965-90db-744c19941304","6abf2042-a0a8-4360-8e77-be30f35c1038","04886bc6-6fe6-43f8-b86f-7837e177f9d7"
"5e337f71-9134-4e16-91a2-c49d9ea382b3","13367901-50c8-4e9a-9542-2cd5372d98b2","01ea7b99-2d21-44de-b8d7-c37c17d79e25"
"5eb9381f-7f12-4658-81b0-ae33bad57c85","6f119eec-77d8-4f0e-805c-3b7ca2f16f7c","0a4ab25a-32c5-42c8-b238-f852609ad6d7"
"6186f777-664a-4256-a0d9-cfaa71d00581","176fa4d7-9b11-4980-bf3e-14a2de2e58fc","061b6af1-d409-4b69-b0ae-40482293a3ac"
"6345849a-043e-488a-b339-4702a6c63e2d","0290ab8e-98d4-4b91-9a41-8a32b34a309e","0b2b2407-59e3-434e-a038-d0112e32ae86"
"64b96639-20a4-4dd6-840e-6c15dbe45225","254c7efb-919f-4dfb-ae7f-5a53773707e6","08ad8145-1ce1-4a75-bdcf-51b65f6f2e0e"
"64c05fe9-b0e7-4088-b8c3-cf6990422367","11091158-3b31-4db1-ac14-b822db8917c3","0a0442de-132a-431f-9efb-ffb47f60fb37"
"67082907-92bc-4646-8215-42ad1de9d01d","6f13c43a-3043-4e08-99f9-3e757836dfe7","023debc1-3bc4-475f-a07f-4e3c689bf0f5"
"6838b33f-f984-480d-b12d-d8dd150affb2","fbd8e0e4-7805-4376-891b-a2bc1d6aa475","019f9b04-ed91-4e85-887f-c32be1326a62"
"68850c15-419b-4dcf-873f-2cbefc69ca03","9508eeec-2c5a-415d-add8-561cb367ea4f","05cb44b1-83d3-4583-a001-a634735908b0"
"6918428f-cfb0-4c64-9a46-7854d894d682","6ce01e09-07e1-4d0b-9806-d1babc94c139","0790e027-c519-4505-831c-aacef52cd9fd"
"69f7bf1c-c3c0-493e-a275-08ef181ac4fd","3644d514-cb53-40e1-9917-103918a3d03e","0057b5b0-0e4a-4682-a69a-a8ac8b916046"
"6a9e0d00-2785-48c5-a629-c11e37503e6d","4d4d3bd6-7b6a-4c58-bd29-ceb6a0e5a5ec","04406952-49b7-4e70-8e63-b9969c98aea5"
"6af87ffa-b5b8-40ad-98f7-be22390327d6","f011a9be-8c0e-4c9d-ac23-fe9ee4767094","0b891150-de8c-48c1-a329-33ccd139a16c"
"6bc2a4f8-7f83-474f-a1ea-d988d773b8f7","2afe2b82-cd9e-44d2-be6e-6d0823479110","02da2ecc-ffe7-4904-b0d4-9d812cd05e4b"
"6cd5c7ac-e418-46bb-a408-a5baea1e8b43","43cadab7-2778-4bed-9aea-0f8efbe40a09","0b68c642-5a0e-4de3-afd2-70703de5c849"
"6ce8f6bd-4ffc-47b1-8bbd-c42972e10438","8daf6018-bfda-4a7f-b998-26b4b310f200","042929dc-bbc7-4170-aa4a-80021161d416"
"6e98bdd3-d6d0-4c17-9ee1-58cda392a839","04a4fc66-f2a5-4f13-9bb9-1bbb79d28dee","01e524c7-e5ab-48bd-9264-12f4e3a07fbe"
"6fce1d84-98a4-4d41-90f9-d3397a734861","3dbf4092-bdae-4734-9f78-af47c6ed8fb1","00c99f31-2774-4385-8081-82cd192f7134"
"709d2200-3782-42e3-a20c-5c129010c592","e6e96892-3b0b-4f8c-876d-45024225bd3a","0ada2533-4387-4fca-a845-5671c6dbf391"
"7120b889-d8e7-4950-a5b6-fcea9b5ef593","13ad1aef-c8fc-44da-9e17-0e75d9d9819b","0669eeb6-c7da-4eb4-81f4-f632cb1e7deb"
"73472426-43b8-46b1-9d62-668f19f5720c","5c1a786f-e8d7-4602-98b3-f4d57bf5821d","05b91dbc-98a8-4c3c-81eb-bd42f1689959"
"74c5204c-e000-4962-a25f-e794cf3ae1e8","eeaeaf59-2d7f-433b-ab8a-7c052fef17d7","06bb2e0d-bdac-4152-9cd5-160a649180b6"
"74ca641c-1852-4ddb-bb39-bce95f535476","ba7273f3-2c87-404d-b8fc-b7ede3c35ea9","0942a740-5b6d-4858-9c8d-78aba1711a28"
"75385b80-b8cf-475b-9278-7372c0e83d7a","5f1e2968-d192-429f-8d68-e703c7a3dc0a","030e7bbb-e92c-41eb-ae8b-0b2366bff1e0"
"75d21d1c-e0ce-49fa-afc4-0c58205627f7","db17883e-08ed-4252-9490-366a7fab32de","03272c56-529f-4387-a8c4-2b0237989390"
"7f70266b-891e-49f0-a3f7-b1427d471c6c","986bc9db-4258-46c3-8baa-1ae246226033","044b8771-e121-478b-a918-43a97f653501"
"81a86a11-e2a9-4c80-94ed-9574747d2a3f","3f2d48d7-3e96-4a8b-a109-452eb1f5164a","046f9b44-0a80-4d0b-bacb-c6077488bf45"
"821b2040-a667-425e-b398-67fa1e471078","73731161-ccca-48e1-be37-28ccdd613dc3","00411517-1ac0-4375-9287-cb1f55fdb80e"
"834790cb-a403-456a-a0d0-dbe4a96e673f","924728b0-f4c3-475b-82ec-e24f47cfb1f7","0465bb9e-739d-4989-8fcf-ccd79453834d"
"848686eb-1397-43e3-8803-b0c79da70da4","8008207e-cdb6-440f-b0b7-ae9959b3e3ca","05e48eaf-ddeb-4384-887e-0796b2843ef3"
"85642c83-a285-4faf-b6fd-0be12a27ed80","59839f1d-c9b1-4f2b-8280-a7b80074d8e2","07784e09-8d7b-458d-86a6-abf1454dce4c"
"85d45426-7634-4a17-8360-a30f73f270f2","086626b3-05ce-4341-ae96-cebdcc629388","02f91115-69da-4927-ba82-1b00a214a343"
"86af8e0e-1526-4c5a-a587-e99deddb41c3","54f0fe3f-032a-4fc1-9080-29746ef082ba","0a937d0d-7524-4c0b-b7d9-a41f5bf5d77b"
"86cd8830-679f-4125-8aaa-b201303ef524","5cedbae8-92fd-4dc7-822c-0f84a073a7ff","09559b3c-8b05-4d11-a57c-92d1f379a518"
"86d0ea52-c4f7-4a16-adb1-ce0478f76357","0b50e607-8e93-42b2-ac0d-256e151383cf","029f9151-c8a8-44a5-8e01-ea9d882b74c4"
"877f87d2-4ab6-415e-8084-97e245beb755","9216bd79-e3a9-4340-aba9-abb035989f0c","0894f6ea-d33b-466d-b657-39c5b7b8bb98"
"87e45fed-8df2-48fe-86da-d2ac8d128813","45517617-cb8f-4e11-9365-c2ff85ed1b8b","017693a7-6538-4d01-a5d5-7c42da6b61a5"
"881d64cc-35b4-45fb-9fd4-191d79082953","ef9482c1-51a5-45a4-8a83-3bdde17132ee","03272c56-529f-4387-a8c4-2b0237989390"
"8f86446d-1bdf-44ce-b336-57f7bedf3223","0d2c9296-b931-42a0-a820-4ec7439dc504","0609a310-bdee-48fd-b123-80c5238fd102"
"918cddf5-1843-442b-acbb-3b88d0b17ede","6956975d-94c4-49c2-9846-1d93bec9aa1e","03315574-c65f-4b31-98dc-985a69830998"
"9245866d-89e6-46dc-9ecf-edf46e1e7410","9b816cc3-050e-4e41-9945-7854e9740149","01be82f2-f0b2-4a02-8db5-dc8df531ef84"
"93ed2f22-34ac-493f-a782-e57dc3e99f26","902867c6-1af8-4118-961d-58ce9a53ccc3","0602a053-45c2-4686-b88c-0cb6503103cc"
"9450412f-364b-453d-a181-2c7c33c125e1","7e62fcc3-55a8-4d11-a12f-243429c415ad","09e1c28d-bf50-485c-bf09-b1b9369abd63"
"988a148e-b0d1-4700-9ec4-85ae8dadd8fe","f2df71a0-e02d-45f9-9c00-4fb9a91309be","024badf3-743c-40f6-b04b-d2f7b3a71043"
"6f1a0989-4381-4deb-a62a-f4a0136e36db","062280e7-855c-4831-a688-4b02960a170f","07edd3d4-8135-47df-87ac-0a0abbd77dbd"
"31eb413c-34bb-4c31-8bb1-e4657c2807f2","20ea68fb-72de-45f7-85be-8e3534cf7a5f","09ed4ed9-aa2c-467f-b09c-6c8900c5a446"
"34f61980-1ccd-45b8-85ad-eb4bf420b047","37243b38-cd6c-481c-8075-dd75098d4762","0b454338-54ee-430d-9670-df25fcad5df1"
"35f050b7-dfb9-4ece-abfc-f3d46a8b5a69","1e0a4c1d-42ff-469a-b459-e1b6acec776c","049d579e-1759-413a-9da2-e1329a0b6ebb"
"3630c4ce-d201-4180-8301-6190f01846b3","4ebb7cdb-0266-4e99-a564-16f1ca8d3526","01f7f0ea-9a50-48a0-8d01-230c67e6d5fa"
"365eccfd-c275-4787-89b6-bf292cf136a6","2e996e90-ff96-4640-9d8d-46f086dea027","01796d1d-3279-4d75-9397-9eaab106f57a"
"374a4de6-3ded-45ac-861e-6a63222de5e2","8108ae13-7fb3-424a-ba2d-41af42b80c6b","01669578-63e6-413a-ab7a-8a9562e83243"
"3adad586-66d2-44ee-ae70-166172510822","039a1248-4f72-4bd3-b708-69f55d6ee99a","01a0719e-349e-4f5f-8874-1678b40814a0"
"3cdb376b-7451-4284-b3e6-09f90fe2e057","863a215e-8830-4a29-aac7-90a1f47e9a8e","080be147-cc19-4d99-ba7d-64c87dead4e5"
"3e09d742-001a-4b81-b907-288d312a4a59","d5ac0a53-0d85-4c4c-9232-ac48e91c7820","01d08271-1911-4b72-b825-cdb9697a45c9"
"41fde7de-c58e-45f5-bfb6-517ec179d1c1","4f724f97-58fd-40c8-97a6-f5a69e65a58b","085d6ff5-c067-4c2b-859f-1cf2c5b8a725"
"433a361f-38a1-4b21-8f06-f6dda785964d","51a8f050-51f7-4e6c-b6fa-70262b0d979e","00158aeb-91af-4305-b433-051400ce4fb0"
"498cd387-f94b-4baf-8764-0cb6c08fcf41","29bf31d5-9743-4a16-b98b-2c417069994c","0439a8af-dac6-47a3-8be3-52d8b7cab01d"
"4afc0bbd-373e-4699-ae7b-bf27b70b5a00","4dc573d9-4d7a-4965-9a16-4b898c017ba5","0b0acd41-b61c-4ff6-94a4-c7114e8222ff"
"4b03102c-fe44-4c13-8719-8417ed20662e","eee64500-fc46-42a4-a8c0-2722af53a329","0215fc7f-a2de-423c-93ad-bc0f1f55cd99"
"4cabdf74-4f38-4049-8654-08279e9e0675","36174c7f-e6f0-44fa-acef-51c4ee811509","04abc8aa-2238-4af0-8300-622407af2aaa"
"4dbc27b1-b52c-42ad-835d-0fe23549de1c","29d613b1-1dd4-46b3-aa0b-85199b8e4981","03e19c97-dbb4-4241-b09a-c4848031d582"
"4e872984-45ca-435f-ad32-511c2238f25d","960d4a05-615a-498f-bdc5-b0b7c59afa87","074093fd-fced-43ce-907c-2beedba5afe3"
"4f9b40e7-4921-469a-bea9-a2852a12de15","115847a8-ba61-4669-9f24-86f8953e4c6d","07fe8c09-5005-442d-9ca6-f4e20fb29732"
"5084106b-9d94-4853-a30c-99c5dd33616f","8e2f9ec7-4ab6-4825-bccd-4845c0536b7c","08909930-2662-4179-92ef-bbf2dc97bff2"
"50d0446c-b8e9-4bbd-b6e6-ca4ec438c4e8","97f23836-a6d0-4966-986b-17c3b8db5fb6","0ac26c23-0f4b-45cf-8029-1ed95722f103"
"51b7d92b-7f01-40ea-a9f0-62221d759c81","ac048acd-4f79-4854-9ab9-ebce8410dbe5","0649aff0-a798-419b-990f-af2812960ee7"
"528a613c-80ab-4454-bb3e-453bcff21930","94160a4b-7d16-4718-92eb-72af1c37bdf5","075fc722-bdfa-4772-87be-02e823bdc051"
"52d6614c-7284-4f4d-b7de-ced0eeae5443","7db98109-9606-49fe-99c8-d9e7494cafc3","018c519f-8d24-4ff7-9847-adf27224521f"
"53caec4a-0a2e-4c1f-9d13-ef72f996fe5f","f8d0cf27-20b5-4b14-9f74-a23b1250924e","0116e044-6e33-403b-aa95-3332b0fcc353"
"541414dc-d0a1-4ad4-978c-d78763714319","dbac2270-85ee-4fbb-ac7c-3a72a15aefe9","0a42feab-8a0c-4aae-a653-36fef7151fc5"
"55700ec5-cc30-425d-9975-a1c280e1623c","33ff6169-65a2-4fc6-a357-2aa356b0aa67","0127d124-b554-4f4c-9b01-eef07cff3659"
"56cef6f3-c419-451e-adac-88dfe12e96be","ac12ae97-5afa-43cd-880e-0b0827275dbb","02a2dc73-daf7-484b-a545-a22fbde2c6bc"
"57786984-e043-4ddd-b9e3-0b1e014ab897","85e508bb-a96a-4241-95cb-6a9ef191a4df","021c6660-cb35-421e-91ed-ac56f27d9f94"
"57ce76a9-be20-4e99-a02a-213ea97747dc","9d118b88-033f-4ebe-a8bc-1553987fbe80","00335d72-fae6-42bb-8160-9bb02d9db19b"
"58f80600-37e5-44d6-a1d5-aac459a4bb8c","6973f128-ef9b-4fa0-a0fc-5c06d4cb8784","06853b2d-e679-472b-a7ab-79285d8e9a40"
"59d17fab-427a-4cc5-bb58-018de7d19848","451571fa-9e12-4520-af6e-5589c18bc863","03f1cae1-cbfc-4a3a-bd08-169791033797"
"59f788d7-1677-4e80-bfdf-fe3410e2733d","0f1eb6e6-b2d3-4723-af5f-627b5740932b","01004823-d338-4dd0-bc67-a4c9ad7de0b7"
"5a58485d-8a7b-473a-9d8a-b82418ccc831","3bfa9c16-9e24-43ca-8714-4dea7c1adf13","0aaad919-f785-4ed9-8d86-29549997239e"
"5ab6af45-a85b-4fbe-847b-0e599b0173d6","5cc85bc2-fad0-4b43-b97f-d11771ac46db","02067abb-cc86-4ce6-9eb9-e2cd29cfccd6"
"5c6e7fed-4a5c-4db9-9aa3-bd879c8a96b9","6fb53604-0a04-49d2-8aa3-ed43ad54a6ec","0751c391-fb7c-4aec-95b2-7161b6f4df7a"
"5eb740c0-7368-43ce-9f52-5513174efef3","00ca130c-c517-413b-8ad3-ab01d27bed02","0abacb11-7c28-428a-a4b8-e8b80c904d95"
"60ed41f6-4b4c-4fef-be08-09d3b0c58ad3","c0124f58-b308-422b-978d-c59f5459cf4d","09547c5a-cb9a-4615-aa88-f878608a272f"
"63bcf948-f456-4e97-8f0a-293af7e89894","7dc4d382-af6d-4193-b9f9-c54632f6233f","060003d2-0f79-4c09-93e7-bd0514ec1e17"
"63f74356-9504-4873-a3f8-5d460a0406ee","9c13af89-83f1-48d9-a993-37a434725dba","03341d90-c839-4bd4-b868-39382a2b49b9"
"66e302e1-24ea-4d63-8a92-ea3ff8a4a860","179b2903-6155-4e99-a72a-6d3f9729873d","091b552c-5c35-4d85-aebc-fc657061691a"
"67c9b3d6-f649-46fc-a5a8-0dcbbd234f95","9b1f17f0-4d90-4389-ae68-6fd9b269429c","094305d8-0afe-40a3-b5b3-0d60b4a688d7"
"6a9a020d-a068-4378-bdd8-4bc6c4e0a65f","bc0cc884-8d6e-4df5-9a27-5d37e1ac8802","0b47d3ee-a145-4608-a61d-7c1619536243"
"6ffef4ad-4038-49ae-ac13-37275631677d","95e9af3e-2d30-4cb3-aea9-2da78732b59e","06028345-4f6a-4288-ba37-e35c4a18876c"
"71ec3c0a-f475-4492-a616-68f86a11dea2","3d3d9426-84b2-4c83-acaf-9bafa921b04b","02ad7e8b-4728-47e4-9e1e-88477a4911c8"
"72899a1d-7828-407c-95b7-ca13564e9532","eea22c4b-1cb4-40c9-a680-275fb35807e5","02288b03-b6b0-44d7-b863-50f856e0f731"
"72bf6c87-4206-4d65-976e-ddcea8a9d4d8","deddd95b-4292-48a3-ab7a-1636e070696d","0aa261d4-f8bf-4a3a-9614-e91db4dcb2f4"
"73c2ebaa-4324-4e4b-8172-e483b7f530da","7aee280f-9d10-4851-853c-3161bbdf18c7","054ba2d0-1679-49ec-af31-57d28acf9c09"
"74b88f20-17cf-45e4-862c-096ad918fac5","917b0782-dff9-4021-9e17-11ebef773443","0b76ead4-45fc-406b-b491-250e22731057"
"74cd272a-432a-474e-98b9-8aabd8a6b360","290f1063-eef9-48f9-8f7a-10436cb1528f","07523d3b-2f07-451c-9ef6-c9ed4132c5df"
"76440257-2643-412a-b874-d94783d16db0","150fa34c-83d5-41f6-9a26-0b0987a77673","07097c97-53e3-4f58-afc9-f65c1a18577f"
"76768e9a-87c5-4777-b167-58888502ab76","1e075af6-ddd1-4f48-b678-c41b5c701f53","0ad5f781-efbc-4f04-aacc-4494f17989be"
"76fd7a8b-da96-4308-93c7-b95b48960186","0c570976-a724-40c6-b1b0-fa40f93b30b4","0b359bc2-35bf-4f8e-935b-b9aa9e9731e1"
"770d9004-72ae-4865-80c8-4b1513be62ae","fcae9732-6651-46ef-b7f6-c330f649085b","06192825-618c-4c7f-9a1b-21fd0644fbb4"
"798725ce-1722-40d1-b281-61f747608064","50d7c75c-8201-41ec-9be4-e39881658dae","0226c92f-af88-4228-81c3-2b69d4a5262f"
"7bc50a07-1e20-4daf-8c28-00b169b9e278","e01535d6-0b4c-4627-9b25-334d39e5e504","0b607ef9-67c1-486a-ab26-1c5bfd146b26"
"7c3e9d2e-e63a-4922-9caa-b8cb49abfd22","a532b29b-4774-4efa-8135-10c19e782054","08e3f4c0-1fd7-4a91-8771-e95a302700ee"
"7cacbba1-87a6-4b1d-82a8-643e82481614","ab67f258-3a20-42ec-bdf7-8d5bdcaedb85","028b6dff-9224-43b2-8f57-3c11e6059c10"
"7d143de7-49d2-4e89-936e-71810c1a86f6","59c27e1b-b171-4811-839a-dfdf8f29344a","000d4ecf-0e44-47e3-8b1a-dc47a23ec267"
"7d45a967-bdae-4758-8216-d2fd4659b607","26992fe9-492a-45d3-b24e-869877d7a005","035efd52-286e-41e0-bc02-f41fcd7cc54d"
"7d467553-7301-4164-b407-5e0dc010eb26","cb23c63b-327a-4b50-a57e-75799337a198","088bdbdf-5c39-4358-a349-a7b5fc0e6146"
"7d5ede03-2cff-4635-ac0d-9c858d1aacc1","126e51a2-e878-4174-8834-29e09bd6d825","0512fdbd-26df-4545-89de-84ea8f8032cf"
"7e88d68f-19d6-4798-bb0d-e23fa05514e6","ad320517-58e1-4999-a57f-b88a5876202c","01cf95be-6e0c-41c6-819e-e86f38ab26f1"
"7f0a45e6-ae97-4311-a2f0-150a8a320fed","fc54d38c-b091-42e8-9705-79c260348428","025ed785-6f92-410d-ac86-6c75fb192b18"
"b4a4b55c-1357-4def-9c73-54d629efc525","bfa576ee-52aa-4afe-b24a-68939a0ad20d","04c13ee3-6ebf-4b61-a7ff-47bc95ff6a05"
"94cb9ee8-a375-4611-a164-48267f7937d5","41c0c2fe-04fa-47dc-ab45-3ebc2ddf7125","06691f1b-4794-497a-8ff4-58b4366a60e1"
"95418b7d-7f48-47e4-a009-efb77a243599","38abe600-b740-4ba7-84ef-70e389cff245","039debf5-fadd-4e42-9c2b-bfb5abc94078"
"9645a797-691e-4d1e-81c4-92cd6282a08c","87818753-e0a9-46f2-bf84-75b584cdd88f","05f6eb4c-34f8-49ae-8cdb-df4a5ba8d538"
"96c4e3ed-05e4-45d9-b0c3-5b56375ebe04","7c45cd89-a2f2-4114-a4c5-4a8ae7e38a52","037796a3-eb73-4b89-a12e-feffc5aa1681"
"983a8661-177a-45a6-b6b1-f8bde6562758","1f2bbe1c-04be-4f7a-a111-fe106e3222e6","057983aa-f1c1-4724-81ef-79cd7a0f9738"
"99a54fe6-5702-456d-b54a-c10028acb8b4","e33e0c8d-5946-45bd-af8b-fd3e3af05d40","038a1b91-ea26-499c-a986-d0197f4136e6"
"9c0ca39a-d9d3-4413-b4cd-6a76aac11025","b02fc00c-31e3-41a3-b2e5-98e0f6a0892e","02039049-35ad-4ed3-89f0-6965f8832905"
"9d17ef48-7d54-4656-95ce-72c53188dd61","43550f5f-fcb1-49e6-afdd-6517cfc9e0a4","0379e417-dfab-42b1-afee-8ffffe1bc07d"
"9e2ee2ba-211a-48d6-af80-1326aa5afb47","0222de9b-0d6d-4d2d-bc98-7d4c15ee7ee2","04b4c872-8dba-4af0-acda-d49946b4e936"
"9e5d7987-ea1b-48e0-83e6-64421e1f5039","f6cd0eea-3b3c-4e55-8565-c5dda00c4fd4","02f3e848-8ee4-4368-bed7-3d0e975eaa75"
"9e6be636-1c5e-41d6-ae5b-8a8c289d9e79","4793168f-808d-405e-9e53-f25218d7b998","02f3e848-8ee4-4368-bed7-3d0e975eaa75"
"9e8770b4-138e-4e61-bd19-25742552dd46","61be2973-871e-47e5-b532-5451476702b3","0291e3ce-6cf7-4f7f-888e-18f3946a6e89"
"9fad2260-6d48-4629-aea5-90658ded9e24","f27988cc-1887-43ff-9278-394919e07c03","071e1761-49c4-40e5-9d6a-ac23bf3d67a9"
"a070e9cf-905b-4e2d-904d-99f22576a6c6","a7617128-d348-477b-ac9c-874b23c21484","03aa7383-c9a8-494a-b4fa-e6a4bb79259f"
"a0c0a5a6-2181-4e60-8287-21f33be0828d","86c85d10-5bb3-4989-bfce-afa51a2f7cfa","0489c758-5f9f-4f8e-a1f1-5fe0ecc91070"
"a4b8250b-cfe7-4c41-b623-afc202eea034","937013db-514e-4dd1-9f0d-549ed5f271f1","076a98aa-48c3-4a78-8702-271db2abd3fc"
"a6229eaa-e83e-4925-baf5-6f3627a8d2c6","fec9359e-9b1c-45a6-ad97-cfd5d40e573d","00c26e68-e904-41d9-8879-39c387d4ca5c"
"a77bc753-f11f-4c25-b559-b73ebebd9743","481778e1-f90e-4d38-8f76-ca46a446016e","017b9ac7-70db-41da-b0f5-5bc085ec29a9"
"a8c1226f-46a2-485f-8d37-dc6a1ca19ed1","2f1df77e-8474-40ee-9d2e-c58fe318a073","019e6a50-2529-425e-b634-9047d7967f41"
"b2f6544e-0256-4deb-a8d9-4ddbc2d605fb","5c0d7b5d-9af5-41c1-a0e6-9285720124bd","0684ca26-72a2-4c78-9399-2b6b8ae25abf"
"b3992569-9468-468a-87e6-2189b5f8f263","a1ecc10b-86e8-41e3-9494-122f1d04f67c","07307b41-5dc4-4b7f-b4d4-ed8fe10a4b3f"
"b6aa2a3e-64b5-4f3a-83ca-e12f9caaee4c","c9443ea4-6db8-41a8-83c6-82deaae6cf6a","04557b58-a914-44db-bac8-cfadcac408b5"
"b781b700-b3b3-49a3-a52a-e44c44e5e87c","1f29ca19-8054-46d5-a0c5-cb29f626847a","07452d76-7101-49fa-ba75-eeb33b29e4c6"
"b9332576-231d-48fd-a2d8-2f6271ac2020","b26634cc-93e6-4dde-bd94-d98f2f4803fd","001912c9-c01d-4761-afea-6c9fe17c55f1"
"b9e48ed2-a057-48da-a5f1-fb3205d4451c","d3cd237b-80f8-49b6-b456-1ff1109f6ead","02a931bc-4f5d-40ff-8ef2-983e57d9f6f3"
"bb2e9ddd-4706-4897-89bd-c0a0b43c6dc3","0c5f0343-4694-4353-bdee-82240bcb5018","00e4d62d-ac51-49c3-bea5-8d9130ff46d9"
"bbd10512-8609-4eac-b325-0965ef34630b","a1c00c86-26be-448c-bf86-92deedf06fa3","013164df-5123-496c-aeb4-80d475a9c5aa"
"bc1678ff-6d76-4872-889f-1b26e7cbb2be","3e03399b-ee03-4122-81cd-0414a96720b1","03c39108-7980-449a-b953-24c45e483941"
"bcb26f20-b330-4ff1-9164-e82676863f7a","652f6eb3-5c21-4a11-8cec-e56c8a360ab3","007396d3-35a4-4ecf-96e4-7425bd4b86db"
"c1ad4b98-b2ac-4a6e-85c6-c6a969176872","2400888b-d3be-4f39-a637-c9e5e7b6ca10","060770c6-b449-4b3d-ad41-c1d5954465b5"
"c45b6bab-f7a6-42dc-8f13-803d1c02cf8b","44c2f350-36ce-4801-8bea-ea72beed4bb7","04c4a099-61c2-42f2-94b6-dccbb1fcabcf"
"c496a101-84dd-4df5-ab1e-5344229eae34","8fe29738-8181-404b-8237-6ce14d2ae491","061f2257-e121-4e7a-87dd-aead41f5f3d3"
"c4eab4e8-e25a-4110-b2cb-7f1cb7f1d66b","f0343c74-c721-4901-b5a5-32cb4fe84cbd","07d79aa0-a528-45ca-84f3-29dc618def65"
"c66514f6-285e-4719-b6d8-e5e33eef9b24","eac57ed9-3229-4a73-b5ab-a04e05891592","00a1b79b-8cbb-462d-83a5-d407147830d2"
"c79e737e-6918-4c70-afb0-3061fd5c5529","fbf4bbb6-9f32-4f6f-9688-11350942d13e","0637fa64-4564-4806-b088-17073a04c55e"
"c8faee49-f7b6-4902-8a0e-092efefe6712","e8aec5de-a2c5-4b90-b546-acfa9b05585a","07f56b7c-3591-4bfa-826a-e9d2a191e661"
"c9745bbc-2386-45b2-8f7f-3e1320c192bf","b3e1f989-261d-49ab-ba23-bc781ea23c53","03de7af4-9031-4c4a-8465-8bce0effc054"
"5d9727ce-558e-4c93-a2d4-be7c17c8e18c","3be7680e-f51d-4b1b-a94a-694dc3324180","02babacb-ab4c-445c-9ab1-bd82277e8f09"
"60cf9869-5360-496e-80c0-a382daebd377","ff039f42-84f3-4613-8822-da49504b96be","0030b077-c0ac-4d7d-948e-c87a41c54110"
"60ee5dec-0276-4663-8c11-ca5a49df47db","8d458b6c-6664-4562-9224-870aebb441c3","05875f1e-e033-4cc8-8ddf-23e2af6b620b"
"64fbd198-41a7-4d0d-9ffc-ef1008fcd93f","dd4f1d47-c8e8-461f-9870-1b17704cf078","0586f17a-88c2-4143-a993-8624f65048fb"
"65ca0661-a87e-443d-b935-39fe2d49a474","d2ecf067-5541-467f-a0ac-a820cd2fa4c6","016cb696-9a7d-4cbd-93a0-ef44dad35936"
"673de671-377e-4404-ac58-6eb91c2a1e84","de2245a7-678b-466d-acff-3e8401357937","02964508-19d0-4427-b1ec-393069db4747"
"690ab9f7-dfd5-4755-80d3-2b328f070b43","09b1670b-f245-4b8f-8a26-efbdc658e9ab","0496720e-549d-4bdf-b9f0-e2e34301a210"
"6b6a5578-9c9f-4561-a136-ac85b969e776","ace85e8f-9d15-4164-9db8-240675ec58ca","01ab1a06-6a29-4208-82f1-0c027e432ead"
"6bb9e6f9-4aa2-4515-918d-8f2a08ef36e4","23bbc3b8-b1b7-4cca-9941-996980fe9642","07229733-e8fb-4fed-8dce-dac15b1092c7"
"6fae48be-d458-4741-903d-6ce8b1cf1aa1","ded366aa-7cc6-49d1-9b40-8addedbfc737","0079a05e-f753-47ee-b5bc-9770e8811a2b"
"7363ea4b-596e-477b-9de2-1284dcda2557","efd11bac-2237-4c1d-af17-49658aeafb74","05fcd462-b150-4bad-a928-84d2b8b0fd1e"
"73de97f5-b006-4ca5-92d6-05e1362647d2","da29b4bf-c0a5-4932-ac70-13e753f4dd36","0313894a-7cc9-4d0e-b3dd-cdc600a5934e"
"740cbce6-fcc1-4d7a-9b47-a3720030de45","83e88dfd-2ab7-4cc5-a5ae-b32a2a33e120","020bf0b1-21d7-4f0c-b6ce-85d5fde1ebe0"
"7420921e-446c-480d-8a40-1472f755a508","3d239964-e5b8-431e-ba92-d81f7c7b5731","06931eb0-b1ba-4a20-aa94-31dd8149ad30"
"7485cecc-168d-4fed-a45a-403310664f19","30bcfc14-223a-4310-9769-0942f9c7dcd3","04f5a2c9-251e-4eeb-a248-0b737448dcdb"
"762f260e-9978-41c1-acaa-31f717c8cd76","6a75e8f2-dc98-4307-b7c6-afd2dc877c5a","07eac139-22a4-4b10-938b-77c954efe9f6"
"7773defa-b3e1-4695-a1d6-fd1373c5cac2","a10a6e76-d13d-41e0-bdd1-dbb449978e4e","03656de8-a671-402b-bac9-7e39f78c56af"
"779a8efe-f665-4354-9059-fcbb8d7f127c","018362a7-e951-489a-8d9e-14ca762f6341","0704349f-dfeb-48af-ba88-55663042b0d9"
"7c65e2db-5774-429b-b809-cdb83a4e2f8d","b619edde-b2e2-4d59-9e7f-18dd3b909f9d","05b04df9-efb8-4a47-b9bd-2d25630a96cc"
"7cbaab30-6936-431d-90c1-1e682af5dfba","8004a2e4-a1ef-4d03-81ef-77176be43a09","064a03a5-5b46-43f7-ae46-3be385540083"
"7f5dd6a5-c07c-4053-89f0-1692e9638127","d7b16e49-cf70-4566-a1e6-68d8d62681f6","01fddf7b-be0a-4d58-9552-672deae5266f"
"03bf9a4c-a633-4e66-91ab-7986f701fee3","c015f653-fa9e-48fd-8d3e-6fe227e20a95","07e3a036-49dd-4d94-8f9c-0cd5f481ea99"
"0501ad75-9972-48bc-999c-a122b1fcbee7","3b972c5a-9326-4d62-8f22-d7f2e9e5340b","02fee7c4-5c22-4ab1-bb9d-f60a76ed3046"
"067be2d2-c6ba-417b-9913-8b37bd35b9af","5ee6164c-d454-4745-8965-ca9acb7cb52b","040a7209-4845-450d-8584-c509cd92d710"
"081ee9d8-5cc9-45bf-af95-03064119e0d0","c3876ea0-ce87-4deb-b7a1-f7239765e067","019e1898-bfa9-49ad-9355-10f6726ca031"
"0880c87d-eedc-44cc-9e11-686c3f5d5987","cf7c34fd-5aab-43dc-9023-1c3eb62c6408","05de2c44-8300-43b2-8f60-272469969adc"
"093c11b1-e093-4d68-ae58-f5a8bbb0642a","78fe5e42-aefc-4fd2-b3a1-5076ac22266f","0728f3f3-b043-45e3-aa82-7b998152f82e"
"0ae72627-a0b3-40f2-8f2a-5edd38e493b6","e556ca43-63ae-472d-ab75-b8535639eb66","009e1378-0c00-47b1-96ed-19ac244d344e"
"636bd6a9-0908-4d7e-aa0e-21f5513b7cea","0df31491-07ac-4d0d-8e9c-cde2e038e424","04f995ef-a09d-4098-abc2-3179603d4262"
"65ef4639-f14b-40f1-870e-24d5feaaa64d","9e914616-05fa-414d-a614-04a2ae2d82db","0c9aa655-09fc-4470-849d-fdf10a1864e2"
"6611e609-2b2b-468e-9988-9a37681f3e70","5efc4c78-d0b8-46db-9ae5-2b3d9ba61493","03af4988-e683-43cf-aa18-3acde3a74c1f"
"67cfcc30-5e9e-4636-af18-11e821a93965","a4f5ba36-b233-46f5-8003-768a95cc7c28","06855ba1-2937-4954-b2e6-069e2eed6cd1"
"691439d8-2001-487d-b23f-719e3accbfa8","153f4a8c-d6f6-46d9-8fa4-c06ab9b247d2","0ccfc54b-f8f6-4c54-b5cb-4255d84c5405"
"69396b3a-90a4-4c86-840c-41d60cb5ed17","42bd7659-c78d-49b8-a62a-2aa026a640d8","0024f5a1-3fe7-4b03-b780-619e69f8700a"
"6c1beb12-71c7-4191-9421-f481369f9304","98d95f4f-b5e1-4e3f-be10-c3a15980adc8","063127de-19fb-440b-82de-bc4220ae6026"
"6c5d7c2e-61fc-4452-9a1a-a4dd7ea657f5","fb6e8986-83cc-4a81-b388-0823387d2cf1","01671475-371c-448a-bd82-8fd1f1d1a6b7"
"6ca452db-5f67-4bec-9300-1071bd6d5a43","473aa46f-7328-425c-8d6d-a3c389d6713b","0c7480ef-e0d9-4c41-a830-15b5132c02da"
"6d669594-4b1a-4a16-aec9-fccb71a53fbd","628d1d91-d845-4dd9-8849-a050abdb5cf3","0b0cd987-9f95-4384-aa8b-11b32a59727d"
"6ebe3fa8-f3fb-4774-b1f4-c86ced5a5246","90239608-355d-4a8f-99f0-de1282bb6440","0ab261b6-2f54-4983-9b9d-026bc4768025"
"71325ee1-1f34-4bc4-a301-c8d96d79d89a","96c02b25-6dd8-428f-b22d-8bb7990e2144","03e3c2a3-236a-4e56-8da5-9b373011eee6"
"716bc4f3-0310-47ed-83fe-9fc44ec17584","7abdf1c8-c302-4d11-a988-508878a043e5","04870e0f-aaf6-4f29-a12f-cf22dde2be94"
"7528bbb6-4a23-4bb2-ad82-4c414396ac99","a966e7fd-d212-49a5-8d4f-5070f6440a57","0312bc35-b2b4-4d35-b8da-79bf26446567"
"764a8b70-4e07-4005-b6c3-3eb43613bee6","a429e51c-c7e7-44af-bf84-c4db7d677d17","03524a2b-9a9e-4729-91f3-3e09c9a023d2"
"7a1c83e9-f58c-4f55-8977-e648488836d2","496d46c3-277e-4ca3-ad96-2c9ab5816060","083a0cc7-9b25-4147-ba7a-5c6a6c95fa68"
"7c202dcf-a9fb-42b7-b9eb-5d89421e327b","174596d1-113d-4e91-9045-a8b9f201284c","08fbd5df-f472-4c05-8de0-4b183d7981aa"
"7d017659-9b8f-4732-b3fe-76b3d490ab05","55e29463-9efa-464b-8862-f19d334298e5","08a3c81e-2768-4245-964b-fa9fc9c6290d"
"7d2d883b-fb05-4b35-b320-2c2a692d0a5d","8ae05ddd-edf0-4384-98e0-09ec3383eff6","056ad594-a52d-4270-bcb4-a41c3b07a4c6"
"7ea9fb07-f72e-4a40-84a5-b6eda20b0c7c","4cf84250-8bcd-4e1e-877a-ea95a0ecec4d","0114f8c6-b96d-456c-878c-669427da3dad"
"7ed87b31-4002-4c97-b9f8-154d16dbe2a9","a7b8d5ea-40af-4e5d-8150-708c55679388","01e4397a-0628-4a3e-b5ce-30a54a321341"
"7f7f1e11-c85a-40e2-b8b5-5a79f55f0044","e608c32e-444c-4084-a3d1-95c04a238276","00c7daac-bf5b-4201-9ad9-b20c0af76855"
"b94c5a1f-d022-4faf-9cf8-6724b8cb94e9","a0dcd1d9-497e-482d-b880-6935e477eaec","088d7428-4855-4f96-80b9-3446c71bab57"
"b95320ac-d1d0-4bb2-bea5-a53225c909c7","5af6de0f-9628-468c-883a-b34caa92a280","04e556b2-2d36-40a7-aeee-f0e79df62a37"
"b9885a58-cb76-4af6-aaaa-54bcb6233b25","4e46d172-aa5a-421b-933a-db5b92b82c1f","09866493-b312-444a-a9da-0e426ed6aaf6"
"b9eecc95-1a03-47ab-8fff-5fcb6364407e","373a90f0-1bcd-44e1-90db-eddd3623350a","0ca160e0-03df-4c5d-be48-5928156727c2"
"b9fb9a18-7846-4dd7-9a5b-25f83cfb4ecd","a10156d0-b78c-46a3-adab-c54a1ef46803","00e943fb-f998-47dc-8b23-53e536e6c106"
"bb456b2c-c3ef-4e99-ba1e-2dcdabad92e7","7c538caf-0dc2-4da5-b6aa-622034934062","083a0cc7-9b25-4147-ba7a-5c6a6c95fa68"
"bbdd3872-fbce-45f9-9a21-394eb1f9c4ab","06f45e18-1de6-4c0b-b4bc-a0a24cf3d2fb","083a0cc7-9b25-4147-ba7a-5c6a6c95fa68"
"bc9fa349-ec4b-4bde-aae8-bde622b9942f","9f1aa977-f24a-4119-9daa-599f9944344f","0441b6ed-61a5-4234-8f13-d1132ffe36d2"
"bef7fdb8-4042-4cdf-ad93-4b84b46f6015","7346a2d1-ad58-4da9-befb-b49790ba3643","0b202ca0-5d70-4d3e-89b6-64ffad90205e"
"bfa2c47a-fe83-4eb6-a234-f242da2ee627","0b558263-af8a-4a27-b94c-7933483dfbd6","048bb66d-aacd-4685-ae39-3ada19ba78e2"
"c09ebddb-0f63-4039-affa-d4782813153c","184532b3-2293-4a18-9fb2-dc72d67d77d0","0863c233-facc-4673-8703-2fb368f4fe71"
"c1191804-91aa-4a4e-9450-03cb2e5f0a1c","4861f2d0-5535-42ec-87ae-4eb0a889030e","00b92c90-6960-4b91-bcd7-661e2575ce57"
"c1ac29fd-95cf-4a56-a43c-8b1a42ccd7b0","e46e353b-2919-4510-bb11-fe8b6ee092db","03e0f558-64e0-4963-bf44-7c10be4f4d5e"
"c27966ed-f6ef-4a4d-ac6c-247515502b24","8f7a928e-171e-48fd-8f1e-a5396cde3600","083a0cc7-9b25-4147-ba7a-5c6a6c95fa68"
"c76c60a3-860c-4dec-9697-8ce729d0dae2","ea571653-a999-448e-8c13-ee454ce4a0b6","0801e116-23b1-48d6-a811-0d7a51f41462"
"c775e236-61b5-4c41-82be-f2403313d69a","36cee673-5044-402c-8947-331b714571f5","080b33b8-7391-4acc-b622-1a5494c78505"
"ca7d6ac6-4c41-45f6-a179-495f4f1c0f48","ae8026b3-4c9c-4ce5-beb4-b566f0b297d7","0d100c96-8ba0-4cb8-b40b-78774dade1d0"
"caa27688-df4d-4183-a193-0f04db3323d7","3c085818-0834-48e2-bd41-42cd44264555","0380340e-3d53-4e72-8d65-e25d1075d60f"
"cb182ccc-c0e2-4e50-a34d-e0a1c5064b3f","40b71da0-04c4-4d94-95f5-af7b259f1f7e","083a0cc7-9b25-4147-ba7a-5c6a6c95fa68"
"cb3b265d-6643-4a4b-b8fe-2d055d9b39fc","3b5d40a3-08d8-48c6-b5d2-6bb0515ee94a","09fa46d4-4921-4409-b0ae-1780f90b8b18"
"cbcc8da8-1384-4b43-9ba9-82fca753437a","a6cd60c2-e888-4d8b-9dd6-06eca813ed07","080e6afe-b3a8-4298-948d-dce85477c557"
"cbfa0213-1cf9-44d7-b50c-9a715a5738cc","b9b90b42-8234-4c55-8138-eea15f845a99","0c920f75-0f99-43ff-b4e2-13b0944ba059"
"cc9ec81b-4866-4f71-9977-7e30cb842a25","5d532906-fef7-4d81-a4ad-7cd02fb6952b","04057db8-fd2d-436b-9341-ab5ac7555e02"
"cd1fd16d-ad55-4102-be9d-4466400125c9","377c0a86-68cf-49c9-b679-d793fedefb23","0a8214c2-2212-4159-8cc4-a3563116a46a"
"cdd65523-bea0-4444-96b2-c6e381e6ec9e","221d365a-9dc2-47bf-b4b9-2814f3a90b7a","0a2a792a-795c-466c-b65f-4e608388b014"
"ced78577-4f90-4506-8009-375f0d54f03b","cd2aa8c6-1b7f-48e9-816b-25f8db935f36","05e6e603-62f4-4089-a69f-c0543d8e1ac7"
"d036341d-c668-4bc0-9f6b-8ba860641621","df7c484b-3ca3-4c05-ad78-e4ddd10b95f6","0aa9cf51-3a84-4156-bc2c-26e9f169ed1f"
"d0eb5da7-92df-4fc2-8b2b-6f6c994e3ad4","514625f2-99e9-4167-b789-8cb33639d617","056b6a44-7816-4959-b92e-fd6e185245ca"
"d16d5b62-432d-4d12-b071-0591698d6414","0b9c35de-d122-4978-90d3-034560894d8c","00cf1018-7403-42ae-9d33-ce0c96101cb4"
"d39335eb-2fd8-43f6-b22b-d5f3fc621266","24d9aad1-981b-4411-8d31-d7c7e9f6bf59","00f80867-c8b0-4d9c-87a9-2cd219d482f9"
"d49b81a6-233e-4f45-b801-45ba738f3f4e","873e8d8b-012a-4349-98ce-49c6347162b0","07a5d4a1-bba6-420d-8cca-4f2bf02e5a9a"
"d5c06cb0-712e-4aa2-9d07-b5843ec291ef","359196f9-44d5-41ce-a066-59b1759b75ad","010aaabb-365f-4fe1-b0a9-d8719678c7f0"
"d72af760-1958-468c-82a7-6addcdb16723","c1160ffa-3f27-427b-8da0-bee942339ba5","0736769c-3ae4-46a8-90bb-d5a8d37ca6c3"
"d77223c0-7465-47c4-bbfe-0114d0781406","b2605c2a-24c2-4425-b51e-b843911b36fa","00aa9a48-3e8a-4319-8589-c1ed93865795"
"d772d80d-cac3-4035-a8ed-a8433d1e71e3","104fdc3d-e53d-44af-a01f-00f02b675207","03c052ca-b41d-4bef-ab25-50fdc8f531b6"
"d7b6fb6c-3e67-4f28-bcce-72d748bdf05f","a3d75f8e-5589-4149-9aef-cb997ee34bb9","0051ba11-bf79-4084-a52b-62fb2a0109d0"
"d7b91e4b-1a53-48fc-b3dd-f2bf94566b94","498e04e4-0dd2-44b5-99b0-9d265f628b1c","096a9a11-9d07-4614-a71e-12519d48d2e9"
"d85c80a2-d32d-407c-acf5-24977d778eb1","9c20d3db-bdca-4232-82a0-cf135b2bb641","0c5cad8e-dc92-4dc6-b2ce-af18c049b26a"
"db91bdef-130b-441c-be50-a354bf23a558","c765ad14-2202-4719-8b15-c335b08c1445","0aa0c9d5-7843-482b-82dd-143249e81dc4"
"de920796-981d-4ae6-a771-71245bf823fe","92a8b8f8-3b16-4a52-ac3c-472ccde33aa5","01853dd2-b4d7-45ab-9776-7a76b40e264a"
"e2f9e46f-126a-4b4f-96d1-db008bfea61c","e789ddbf-abb2-4f94-a5af-713b0d55827c","0a61a0c8-f7c2-4318-8519-d536c99d879e"
"e3da77f7-8f3b-4c2f-8db9-410303e8518b","fe0f2770-aff4-45e9-8c7a-0b75b6790c63","09d394b7-8ef4-4e7a-aade-4cdb288df612"
"e47f8cf1-e438-4acb-95e6-f3a11caf6a8f","3fee27fb-ce7c-492a-95d0-90289f023597","0c19243b-2b57-4479-a0b3-91c35c2ae972"
"1f91c5f1-3ee4-4036-b62f-7e71e7cd0d41","be0c2cdd-5b82-45c8-a991-09946ea87004","03bef110-4aa0-4f68-9ebe-7c3b79552b19"
"1f9b1c77-2149-4171-9395-f78a67c03b9d","5409fd7e-c96e-410a-968e-e7c394670a11","060b8126-85af-4b11-abbb-1aa03e5979a0"
"26b5a3c7-de69-4b9a-bc34-516c82d569e3","4ec99302-1f45-487f-a9de-ace3899e7403","06275d99-0f0b-4b49-811a-cc0e65b7e80a"
"2b2004aa-5b55-4f92-87ab-7251bca18d46","752fe7ee-7ba2-470f-87f3-198bac8af15b","054f3804-fb8a-4fc0-bea3-23cf983f23d9"
"2f0d3257-0f8b-4c0b-b533-15ab7df92096","ac63dbff-1faf-4f61-961b-de6fd8eeff6b","06c52138-a756-460b-ae17-3f3deb7ceeb8"
"2f7354d8-fb9b-4dba-8812-2f14e3e4121b","7263d266-ca19-4a62-988f-cf47e41d19dd","00b643a3-27f6-4d25-97bb-6843361e982e"
"31472f93-475b-4736-882b-180e919db117","d0e96d1a-fbe6-4bea-af79-e41e03349d15","0763aca1-28d1-42a3-9b58-ab2edd63acfa"
"3494b6d8-908e-41be-96c9-98f47ec8df71","6e48244a-16cf-4aae-b09d-bfb66d7c0662","04af5ad6-8832-46fe-944f-c177c21edebc"
"36c7d358-cf69-4ff3-8190-764f0cda7004","0a74e693-7bef-48e2-8a00-13b16a2c8338","060b8126-85af-4b11-abbb-1aa03e5979a0"
"371db37b-a87e-4d99-a477-a7790f68ca38","928d0891-8548-4678-bcc6-5aabeb8aa891","063b2c87-8493-43f7-8370-38fabd24c46e"
"3acb0899-1ab4-4470-b6f7-8deefeede1b9","358e2d02-0eb3-4fe3-9989-16ec548b787a","03286e5f-37ac-445e-8ab6-00d9a2f017b0"
"3c1dde23-8fc7-4dad-b890-a02a1e67067a","adc3e148-ae1c-43c7-8513-b210fedf2ac1","0383be86-ccec-4236-9132-ff2c4aea8b32"
"4061077b-2e16-4dca-8efe-fa4365ccc578","19ee98be-5e54-46ff-bd1b-a1bc31d680b8","00e2e22a-044b-4761-a5b9-54a6ca664fcf"
"41368645-50bb-419b-b3ce-da38b6ae2053","ae2d450c-afe7-4341-a650-e693a934f85f","027cfc00-80ef-46dd-b1e3-d3e23edc5e99"
"4160afd5-c20b-407d-bfa1-fe792a598a3a","719fe92d-7d55-4442-a76f-59f78614f1c9","0292ad29-1435-49eb-9105-422ac7d0ea10"
"4397ece2-3c9f-498d-9877-93d4bdc6b791","5db3e2f1-d301-4a15-8b48-de64defeed9b","05f95d77-f9e6-4d9f-9ac9-885781f2028c"
"4790af97-4493-4382-b801-56d7c4443f6b","4bd63c27-aacb-4a23-97c1-f6cf94719e7f","07d06e4d-4556-4c89-98f0-2ef133f3306d"
"4a8f13e9-2fad-4ea4-8b50-d414b731b764","f2b083ca-8d72-49f2-86b5-d41138636cca","0718574c-1444-4c54-aa4a-13f3e825638f"
"50d183e7-70cd-4419-9081-d92d6732ba12","2dbc660a-a129-4ff8-b52b-294809e87dbb","05d4b770-d6ea-45cb-a5d4-d7993c83e81c"
"5106b9aa-b300-4d25-8b24-d03f9c5424e4","97a699ce-c627-48cb-a49f-be012d75a9fe","007d538f-a02b-4c48-80eb-e15cf10616a4"
"52a813dd-d5fc-4b42-ba6b-559849120ab7","1eb85be7-42da-4462-996a-ebb234a09278","00d4c1d2-85bb-4a66-a458-222ed2a26fe9"
"53833836-62ff-432d-adfc-a41ae66b37f8","6a83615d-e5dc-404f-9a07-2e80574e212b","01d6aaaa-1beb-4933-b2b7-06b75709c844"
"53b474d1-d16b-4bd8-b147-aa0403df7369","0827bca2-8805-48bc-908b-525b0b4f2d34","078a7701-c265-48af-abb4-3411c211e921"
"54d42295-9f0d-4e2e-9326-64ab73d38d23","b46fb4ed-733f-4d74-bbd2-0713b8e389ff","03b5c4dd-1f40-4173-89d2-83a2f3f8e98a"
"55773450-d2ae-4adf-b62a-cbbb0b77cd71","67080aa2-a65b-4c87-ad61-92d7c665ed36","03372257-1f50-4a32-aef1-7e68fd22f3f8"
"56f2fbbc-c983-4afe-b1f6-04a0ccd54872","013dcabd-5e78-4346-a354-277586faf0a5","0535ba12-08fb-481d-9522-bb08f10f6ddb"
"5bc5092a-78bc-4540-b3fa-17d7f085170a","5235fcb8-eefc-493b-a5c6-da037d99893e","079e7b89-525d-40f9-a3f0-e192760d2302"
"5d99efbe-96c0-4841-a4f6-51e09641f38b","fee7c4ff-7b9c-446b-9d5a-ee014a817b84","042b5565-2396-4567-a287-470e67c3c37f"
"6066fa23-cd48-449b-8fd5-fd8a8ca4a9bb","e1cfdc32-08df-4282-aa0d-8ba877180ed5","02632a91-a606-4689-b590-ee54ac080d1c"
"656ab902-64f1-4511-a894-ca28ec92f110","4045492f-828f-4446-a704-10b9fcc8f914","015a6b8b-0ed8-4ef2-be89-c0cb64a4ae93"
"65d4e80b-7cda-454b-b04f-ec1c961a4a25","eed060fd-ea31-4051-8264-04c40c93a2c9","05730950-01f2-47ee-b6a4-4c269aa921e9"
"6680adc7-c538-4d0e-96a6-e8364933b659","fa0ad979-a504-4912-ab7a-743cd2ff1d46","0350934c-9570-41b1-898e-37cb60c9157e"
"67e44485-0013-4b51-8e98-aca8f9d7d67e","55f140a8-a374-4eb1-8cda-ad870ddad201","06cb699f-c109-477a-9be9-f0d32bc40dac"
"686f78e8-b7ca-4612-8b72-076aeac95f7b","c84aa981-e332-4eb0-bff2-c4e4f7d6b21e","00983d9b-c5d2-4e06-8090-70282d180e74"
"69770b7e-7721-46e4-82b9-707428a5da31","afe882ff-cc61-4d9e-83c1-cdbeeea7a3df","021b2803-c27e-48f0-8f51-7ca623f83908"
"6a59a0c6-4dae-410b-a14c-367e6ab900b1","74427af9-278c-4e18-880f-7ac412b99330","021176c1-9466-4d82-960f-57d6ceeab409"
"6c27dbc8-e0c7-4f2a-b23e-4f8d90c7e88c","8b8b44e1-67db-4d08-bb46-5435bfa87e15","06c49487-c6ee-4950-b069-42624255601e"
"6fc1911e-abb0-49cc-a1f5-f592b51315a9","af4a7f5c-d86f-409c-8b3d-650adf423de9","07058ea9-6c6c-47b4-a281-4b8266ed4fde"
"6ff5405e-41ca-4085-a027-3a33ff4238e3","9bdbdb7e-f7b6-437a-8586-66514bd0f025","02632a91-a606-4689-b590-ee54ac080d1c"
"7120036f-a646-42ac-b7d7-22fe7b9c046d","c85b047b-a816-413b-82d4-c278feb99897","02cde891-30e1-4d86-88c4-a517cb6bfe8c"
"717092ea-ab2a-4046-b8ae-49a3f83eb875","31973e60-0c90-4698-a062-bb68bfd2f0fc","03dffb35-6ce5-47a0-b775-9e7c39f60e4d"
"7b39d3ea-24b1-4c2c-8b3b-fc85aafa464e","f90484e2-7697-4ab8-8b28-0d714f7882e9","02cbe314-bfe4-4ef5-9a5c-0980d74a6b17"
"7c111b9e-6406-4c88-8944-e65838fd7456","1960e5c5-e601-449f-95d4-f7cb8d14809a","017b8c63-5f17-4b28-bc80-76e4eb90b5d9"
"7ea61c7a-7bf7-441e-887a-5be24e062caa","f5df2031-728d-4827-8ec3-e9d566fbc3c3","037a4288-1863-497a-b9bd-87f215b2d24c"
"7f6617e1-a790-46ae-a3a1-f7e42f5c677d","87d0a509-f130-4f9d-9612-5aa9403bcc63","02e3562c-f7ee-4242-bb5c-6dcbb043291d"
"7160adf1-3b53-4f5a-8d8d-3a2893e58bd2","863693f3-1c7d-42e8-be75-b6aa03e30a7d","02d9b593-ca32-46e7-bc86-71d328c4bab7"
"72028ba8-4d16-46a6-b95a-bd6c52d61734","7a755be7-d4fe-458f-9713-ec2dc5ed1945","049db2c1-5284-4c96-8d35-112e6af10c1d"
"73c6b0fc-dcd2-4adc-885a-57d86b3c76d3","e4bc616c-b522-4e9b-a673-ed26867abbbc","062f6d27-4604-4891-96cf-f69b7d49b76c"
"7432b657-8a65-4007-8538-7d28a6dd85d7","d577d6c5-4e41-44ab-8b0d-469e5c2cd6a4","01e17ac5-813c-4b9c-8776-def9f23d42b9"
"767fda79-dacd-45ad-becb-e06a52d5f794","e10c4a42-c0c2-491c-bd3d-bfcf3601bba3","00fabff6-e36e-4f5a-9c97-bffea43682bc"
"76a533eb-078a-4ba1-8006-9d7cdf101e02","2a608a62-cfa2-41da-82c2-b9bad20617ee","0801199f-619c-4819-8c1d-d223b6809b1d"
"789b480b-a14c-4d19-aa0d-b513839f4909","1c980337-3afc-4318-9e47-1e972eb062f4","07d06e4d-4556-4c89-98f0-2ef133f3306d"
"80482951-8e7c-490f-8c2e-80d4b0733c4a","80f0a0ee-c5d5-41b7-80b8-b7bd68b71f71","0462860f-eb8d-4f65-b17b-d3ad0abdec50"
"8497eb32-0fd9-42b4-aed7-ff0f82c1ae2b","3b7faee8-8490-47eb-9e24-d045be2dca1e","045be6df-9053-4d72-a26d-02acb99cf987"
"885e46cd-a337-4ff9-8359-10d93cde2ee7","19fbbf21-676b-4edc-8d0d-09e089b1535d","01795f20-554c-44a3-9f78-82fa0a8a012c"
"8a8563fd-99ec-4deb-8347-fe9c028f25b8","0806db9f-5f50-4f45-b6dd-70ba70358a97","006a0ab1-3e06-433d-97a0-70e98267d54b"
"8c315bea-54bf-4dcd-8c13-e4a44eaf2f13","78ea5fcc-7f7b-480a-9081-09ffecd35fd7","029b2d0e-0501-4ced-8b6e-3c9ebfe50fda"
"8c635c6f-e4a4-45aa-8b66-70053aafa7f2","4c7156d9-85a7-480e-96b5-3e702af26496","00db3bb4-9d4e-497c-a270-4f7c4f289252"
"8d62311e-3c8a-493a-a3dc-ef2cf6069cbb","bcfc6304-d1ad-4713-9877-7ec72c61858e","0285a442-1e18-4d50-b5ae-86a8efe00b21"
"8e13a8d9-0b25-4367-b179-a2308eeed2e9","dc005771-9e23-4957-9612-c5e41c72f4b2","049ddfc1-2d6f-4e47-9e0c-3e5c1adf3e18"
"8fd83ce7-7df2-4c9c-9c01-f23939df515f","6aa487e3-5079-4bd0-8165-61c956ffb22a","006a0ab1-3e06-433d-97a0-70e98267d54b"
"9164a742-7eb6-485b-90e5-4ab7936f5ce0","8fe0723e-769f-411e-a45a-025585f52e57","01795f20-554c-44a3-9f78-82fa0a8a012c"
"928294b1-d4a2-4f0c-8b2b-f0dc3ce76c17","19dad556-bb56-4040-9e1a-ab68ba632e12","04005826-edde-4332-9ba8-588fda481b3c"
"93357e38-bbcd-4244-8b95-55598b95a9a4","7158c2a5-5a9a-46a3-964f-0fdf5f6ebd6f","06f7b1e8-0fab-46c2-a327-83918fae8188"
"93c09aca-2a77-48c9-aeda-acf4b6b8b05a","6243fac1-47c6-4f23-a733-1cd21d5069b0","072b46d9-fb21-4760-b378-46c5d36c8b2e"
"b67531e5-f515-429e-a4d3-df557ee7caef","aba79de4-a998-42e9-a84a-0953eba87556","035359ac-8998-4e6b-b1c3-2ae0b738a3ca"
"b6a60bc6-039f-4fd1-9c35-e667619bd283","321c4f52-00ee-4bef-b142-5d1ecde6e1bc","09beeaa6-a106-4760-82ba-a44c028fd26d"
"b6ef9c83-240b-4972-9cb1-d3447151b975","efdf9184-6aef-42e1-b3db-9136e62d6c2c","094898f1-abce-4cb4-9381-c67eed414d3f"
"b70abbb2-1332-4c7c-9009-7104b046269b","b7e55ae8-b483-408e-a180-1a7f118a8096","01719ff6-328d-41ec-9b7e-ddc3716a8ff5"
"b827819b-23f9-4456-b6ba-989386461e8c","68e14ac0-4b81-4e9b-9e11-65a51a725ac6","065bc400-f12a-4b57-8221-d4c29614b0a1"
"b9e213a1-51e7-4882-b7b4-9bc78dd44ba7","29c9aa7c-66f4-4402-8e73-26ea4240d7d4","06eacd3b-dcbe-44d5-83c8-dc316c180e21"
"bbf6ebae-8336-4b51-9918-c911440ea4e0","d61d8e12-ca31-436e-b151-a224a5b19e30","09aa173f-37c8-407b-b195-3bed3b3e00cb"
"bcceef0e-04fd-402e-9310-58efe3343600","4bdbacd3-8cca-4ec6-ab3e-1a876c408686","0b0b642d-4c38-4e03-ac98-7713740b1097"
"bd09a43d-1382-4936-afad-1c71c045a493","0a4d63a1-1b25-41e2-9b83-3cc917ed7754","08211df8-b68e-40a9-b49c-864ef5b85244"
"bdbc3496-7ba9-4177-9f83-16b6c759caf4","c78a7277-aa09-42ea-af47-e53c98c4afa7","00cec7ea-ba5d-4eeb-8ad0-aaaae584e907"
"be45f516-33ef-4397-8598-ba6732a4cece","c22bfc9b-0040-44e4-94ae-6eccd0fb8f1c","09e975ef-14fd-4dc9-9a75-b558a30de2e2"
"c3c3dec3-3b29-4c19-8c90-ec4c38d4ca13","4fdf485c-6d2a-4418-8268-f108f4ed22f5","01a1fcdc-81df-4134-bf48-1051aa2a3d20"
"c5dcfb59-d31f-4649-870d-e84f4932bdb6","90d82bab-745a-434a-9b60-6d078a006bae","0967879a-fd70-46cb-8b96-dbba196a214b"
"c5fc7c2a-5f4f-4e79-a425-91fb7236f790","105ce926-00b0-48dd-a3c2-b539fb91a893","003e9065-3eab-4711-92f2-de440615022f"
"c638c59f-bb66-4629-a2cd-35e404470d12","54add346-66f6-4e1c-9fb3-123c790f273f","05637a09-dc51-4704-b618-72e510dc98cc"
"c6d27004-50d4-46cf-9353-e62dd581ca32","b6a067de-6431-4d0d-a839-11eefdaa7960","09603308-848b-44db-8e8e-01b10a529c93"
"c6fbe07a-2437-40d4-b02d-92d0717e7012","53d38156-ae62-4344-b88f-0a329cdc0500","06d157ee-fbd8-42f8-b887-8d2eedb4c777"
"ca14a14a-98b2-43a4-ad75-42e243f07fe5","71a6e037-a085-4a14-a11e-3a68b7840549","054e27a0-dd0e-4d02-bf15-0b3c84e380dc"
"cc63e4f1-df79-4bd8-a283-f867786a4819","a5ed733f-6a0c-4e58-bdab-7d4482408ab6","09e3c29a-6c50-4ecb-86cb-d23da2ddc51a"
"ce0b2da7-b8b0-424b-a72f-9bd4b2a62c3f","85f9ce5c-6664-4a20-8bbc-d959130252e7","01004823-d338-4dd0-bc67-a4c9ad7de0b7"
"ce1aad86-01f0-42c3-9105-34042fef4827","c65e751d-5b67-4983-97f6-cfd8fe561b44","012619d5-1b12-4734-ae4d-364401084733"
"d28f0d10-8f66-4ae7-b3c9-e594116d4707","ef9482c1-51a5-45a4-8a83-3bdde17132ee","01935927-c854-48c8-b77c-97bccce68550"
"d545584e-b086-489c-81fa-b85792e11b7d","af8e98cf-b9a2-407e-83ba-d0534a2e915a","0879d548-de44-4bb4-9f68-b73f8b4b56f7"
"d547d704-c680-4e0e-a90e-37e570879ffb","5106a5eb-d9bb-498c-a490-7f1a95957639","0a698268-f7a6-46fe-ad20-561999a9b47c"
"d70fc9dd-f29d-4282-a51c-6dbceb507139","d82191b3-7391-4f28-b85e-9c914dec0bc9","08fbb547-dc27-40dc-a1ff-d5804271f635"
"d801eaae-27f9-4ef1-90dd-1a11bada2849","3c8af21c-5066-4610-9ce0-5618f1c41358","09d97807-b3bb-445f-860c-607891558a10"
"d8ab7cbd-a8df-4f38-bd38-cf0495eba958","73e4ad2b-e29c-44bb-9fa1-31a269260a44","07ec7863-8caa-4e1c-a849-54217ab20a9d"
"dba67397-843a-4ae7-ad5b-a92f3765543a","32893a5d-7bc3-4b81-ae10-1f89d832e09f","022a3933-11c7-4997-8a7e-01d53e7504d9"
"dbc84bb4-eccc-464a-a6db-644fba87017c","c0296b80-dc46-473b-aabd-1b92c5f34a4f","06946646-706a-485a-9dfb-0d55bcfda294"
"dc86e444-6071-4ecc-9096-eb7042ebe436","ebefc3f4-5a3d-4dbe-8d5d-9db54444a125","03f50ffb-59a5-467f-8520-d8cd209c222f"
"debd198f-14fb-40e2-b6e7-2daed93b6aa1","181fe196-0759-4377-b665-fc54f3c4b0c7","08cd1ece-985b-446f-9f82-3822561639aa"
"df8855ad-df08-4669-8ae7-de78afd3c03e","2c08dad9-067a-4ae9-b00e-0b37b11a142f","08f13219-baae-40df-b8c4-122675441d6b"
"e1040d46-5e31-4899-b583-edb92955d772","faabad3e-a7a0-47e4-bbfc-9d2acb0a7b71","07f413cc-58ec-4f1d-82b7-3b477e125b14"
"e1fe00c0-00ee-48b3-848f-c015a4821683","6046e9f8-6464-404d-9ae6-26f25b5bd899","053158ac-eba7-43e6-a6da-b1b03509f284"
"e435ba6b-1767-4e47-818f-55395421afba","7d5ce850-a10d-4dc3-8a12-7c7a6a737f7f","017f98b7-f197-4abf-ac59-73bed6c2eb44"
"e7d23e5a-77de-425c-92be-439e075a9d60","2f449c98-b0b1-4b2b-abc5-258addc2b32e","019029a7-97a9-4468-9178-9e7f64b5fa6c"
"e7d4963a-60c2-4c91-82ca-1f18810bd2ab","a1c62a61-f780-4f0f-8c7c-74d546436368","05a1d617-88cd-4945-9348-519c8741c399"
"ea4c8774-63cf-4a57-ba46-6e52451b60f2","af032ed3-502a-45cc-a414-c5da94e08014","05ba0ed2-019e-4c8a-8f00-ecf44fda84b3"
"ebef139b-03bc-4a05-8253-dc6f2e508f01","c8ea7794-eb93-48c4-9427-a6e4657eee9b","06dec001-352f-4e89-910a-3b97269021c6"
"ec714a03-5be1-449b-a843-b9bd97ed7817","5ec79bc7-9cba-436c-a2c5-aa7ea059d674","0a83fafb-2099-4023-818c-0bd7856d7b93"
"ec9ff0c7-e2bf-4cb3-9731-aada1ac42583","b88ab08a-90c0-42ed-9bb6-5b1cba279550","09bca41f-d747-4e71-82dd-0d8d4eb8ad89"
"ed86c268-0fc2-432d-9cb5-6993d2b0313b","03c4372e-078d-46ed-9281-418984941fbe","011b088e-e5b2-4741-825e-ff76681c9c90"
"eec2d2aa-7e59-4c49-8979-dcd35635699e","0c480c1c-253c-4920-bd4d-b089c712cd7a","033f2c0c-ebfb-4cdf-8a73-28925b5a58f1"
"f01eadd6-2a74-4a1c-ba7c-744881f3a02a","0a5d3222-0183-4ee7-9a1b-56e9b392d1dd","01f7f0ea-9a50-48a0-8d01-230c67e6d5fa"
"f238b04e-1572-4e3e-b668-64b4b46d3d7d","8b2c8dcf-d976-467e-adc4-baea644f31a9","047af073-dec9-45db-8382-5f9f0cdb1ee5"
"6b8b8e89-cebc-4d52-8d84-cc5ba4670cc7","b5aab5e8-c158-4d31-b38c-0eea924de184","08965d71-ebf9-47f1-8ef7-0bf2f4ff46ae"
"6bde1ff6-5873-4175-a4b2-e70c9902b289","6d7b4702-eb83-47b4-a8cc-f5ee3fe8a816","03e8d0ee-3ffa-4970-a390-e5dfe55d3ec2"
"6be4a09b-1ac0-4c59-b215-83264460b0e5","d7f9f0ba-9c0a-405c-add2-bf0f11520d4c","037d1bad-7bda-4302-b60a-84c0ab5b586a"
"6c384e2e-eb5f-430b-acca-fa2281de8fae","b7f6d0ec-154f-4d9d-9dc3-74f728e0f764","09d5d69a-dc0e-4438-8ca9-45ae13fdc63a"
"6ca75568-5c5f-4499-8d8d-5b95f7f61963","7b151813-ed24-44a4-8074-c9578a10f93b","02ed34de-0d97-43cb-a13b-014031bc28a7"
"6d688b0b-3c2c-4b6f-b021-405b40229608","ddcddb6c-e8a5-4576-8320-15c417fbe3fc","0a1ce796-c57f-490d-ae8f-93b75e536532"
"6dd8dce9-d661-4b61-82ac-fb5434823403","04b1d426-0c18-40ed-b0ea-9f732053f983","094d32de-3e11-47e2-ae10-446f3d9c6861"
"6e5b5ba4-1fcc-4148-bbbf-ab272a915f37","a8d0b66f-42d4-4891-bb6d-6db5c2b89607","0299d2bc-1c01-421b-83a4-cf2efce291d1"
"6e67b923-a599-4321-9fca-ce2d11f9f4c3","03d0d2c3-61c9-434a-a00c-129a5c9886e0","0a4e757d-9092-42e6-94ff-32cbadc13c00"
"6eae6575-d0f1-4a18-b852-20d039a412c8","8ec68090-ae18-4107-92cc-3fd5aab2094a","031b50cc-2494-4365-89dd-0caf7be42022"
"6ec0bf2d-bac8-469c-853e-dec1e91133d6","4b41d77e-983d-4267-bd2a-2c8138a2759a","076a2823-8e45-4ba3-bcce-a5b2c37123b7"
"6ef72eaf-6964-4fbe-b560-40de18daf82d","0bd29cb4-6e5d-4489-be40-879f4d293726","0a363181-54e7-4189-ac4d-34040c62836d"
"6efb7713-c46c-45b5-820d-d19e69021090","5368ed47-3942-4f40-b499-c473fc4551c2","06ef3a00-6ea1-453e-9b80-88e21d7c3b37"
"70addf81-4374-4ff3-9e4a-a011076a15aa","7c112be8-29e8-4b59-a090-e8bc7594accc","04f15f0f-0e9d-4c13-99ce-df7fa7a02d5e"
"72bbc2d3-df6d-4832-a37b-afb75e3e48c5","06ce65cb-c521-4973-af9e-e00c765fdad5","08f13219-baae-40df-b8c4-122675441d6b"
"72ce77c8-cebe-4362-ba7d-406756f7303b","4644daf5-2818-4d59-89d4-b37ce6361411","035359ac-8998-4e6b-b1c3-2ae0b738a3ca"
"745bef8c-9c04-472d-ba49-7259a2648c4d","5a814977-d088-46b4-a07d-bd98d051c5e0","05950dac-f923-4bb5-aada-19c1e6a5ca24"
"7474916b-b5b4-49fe-b667-c66be7f6547e","ca2d382a-8467-4172-85d1-901381af51a7","07b12907-c156-4beb-b25a-dcbb24220a4e"
"773213a0-681e-416f-9b48-e73da6a40d76","3cb2ccfb-d420-4266-a3b9-3f442deda9ca","08e3f4c0-1fd7-4a91-8771-e95a302700ee"
"775c790b-0f6a-48a8-87c2-2bb66bb190ee","f966f6d0-60ef-48f0-930e-fb9da42052da","0a43f6f3-682f-4d7c-9c7e-03d148f5b695"
"49777246-f047-4a92-a516-a9f9df3fe481","711505ab-68d2-48ec-9745-74fcec3e0c21","045379f4-bc60-489a-8f20-12c4dd6bcaf4"
"4beb63e6-8a31-4b85-9cdb-15650e6355e5","56e9f02a-bbd2-47de-8cce-2cc1c91a9fa3","06ed9278-0feb-41e1-92a8-33f433fcaf26"
"4ccfa2df-c4d5-402d-a41d-25e9ef5321fd","46bdf093-9552-479b-b312-782420025a18","0c8100aa-3b21-4f6f-b85d-afc972645c2b"
"4cedf926-f9a6-4c10-a970-6fe4bd71fb00","7fbd4b7a-6f4b-42fd-9945-c1884db99dc1","0b1e31b2-baab-46a7-b52b-7e9147bd612c"
"4e00a0f1-f22a-438c-b06d-81f9a9afbb49","98e06964-0a44-4460-97f3-7118ba6d0c5c","037e8e83-86f7-497d-96f9-8d05eca40273"
"4e6fabd1-e7dc-453f-b366-18a2f5a6764e","b107e5ac-cb7c-4e31-997a-9b0387166801","02c3e71c-1a53-48bd-8aa1-81158d53e360"
"4f49db85-ec11-4b62-8517-5493542b8fb1","42508129-09b4-4784-811c-9689732a5619","0510e4ae-8a14-4bd8-9893-f34bc0fec437"
"4fa134ee-9c33-4bd8-b0f6-dc98d99aa131","0f77645c-8bff-43ef-a229-72459800e4d1","0cced131-182d-4767-856e-b266b4a09e12"
"4fc0ed8c-a8a0-4914-bc6a-10419f56b284","e45ff0f3-9460-48d6-a637-d4a2af610001","09aff598-9bb7-4076-a255-342e9cb0d4da"
"4ffead69-3428-4030-8fe1-169412248922","4d95aa73-7b34-4dc9-ae79-4bb9202e2912","0d785acb-d483-4763-95e6-7c320121bc2a"
"52bad561-1c10-4bb7-b095-149961a99283","28a77742-8629-42ab-8179-146b7c2569a5","0198d134-18b7-451d-8d76-63a3009ab86e"
"55204438-bb82-43b7-9fec-e1ffdf8e51d3","34a6399f-adc9-43d2-bc0f-7e73781274fa","07de7c56-9aca-434a-bef0-8807d2a8dd5c"
"57d28136-30a1-4e60-8f51-38cf25c2ff80","9271d136-a956-4f37-ad6f-c4320815aa1a","0e91ebc6-51fd-41f4-85fb-f081bb4ed7ff"
"58b87fd9-c54d-43d2-bd31-3f7782d7de8a","8402971f-fb40-4bd9-8d5b-f631e5a6a83a","093117d5-8955-42cf-a039-2da0b54c5761"
"5958df47-eab1-4f95-a9b3-f3c7a15195d7","bea09c96-f42e-4474-b0a4-a864e10795d6","0b612310-8f34-4e41-a577-44f64e8eec97"
"5ee2ecc1-c95b-492a-8568-fa13ee153eed","98d85434-afeb-4739-b3db-0115c125a85d","00f9f602-c011-4a12-aca7-88ceb3ea95c3"
"6022185f-17e0-4652-ba17-c43590f4000e","eb1a95b8-ebdb-499b-a77c-e89573a42cb4","0342cdd8-9cde-4644-9937-5af6783b2af7"
"615ce76f-a09c-4a66-9213-ba85256d2b9f","f3260f09-d38c-4b47-af95-7f909a8aa414","03558031-4e31-4a20-8014-61a243b89be6"
"62703798-04fd-453f-93d4-12811c1d114f","a594066d-b308-4a53-bae6-bc9faf3dcbdc","04dee960-6e12-449d-817e-f84082271c81"
"629adb20-bc74-4370-a51e-b401cc0bc982","9c43907e-096b-4184-b58d-35c91eb519fd","0c36bd75-8252-4429-b30f-8b873fffac04"
"63a8cf7d-de1e-444e-a029-fcd97c1a4476","e7eeabe4-b7b0-4896-83eb-642b60904b56","03497e5a-bf78-4149-839b-6da525bf43da"
"65adf8fe-b84d-4999-887d-f9080e3ebd10","87310a62-8195-49ff-9653-7fb7723fd432","0be9e5b1-e5f5-4858-8a83-5d6ee00c36d5"
"66617b42-2a92-40ec-aa5b-c8ce292a57d3","42c5d4f9-0d3e-4e46-9e54-ab40f85c8a5d","0ce95bbc-585a-4539-b958-c0575fe1c9aa"
"67447193-d98e-4231-b53d-9cfaa2126dd1","bf3262c3-841b-465c-a8f9-a107f073c9f9","065d87cd-7962-437b-864d-8ef8ddb87411"
"67866e8e-1254-41a2-8e70-11208bb5efcf","1ca81f7f-9cec-4e28-a282-2a8fbf994a83","0149b2b8-e7d2-450e-b92d-6f70f35afa24"
"67ce9873-c011-4b05-abea-43cf2a8c3512","93e8785d-0ecd-4fab-a5e5-e2c4a52c5ecf","095dd83e-cf7c-4372-a9aa-c65ee3745e4b"
"6ef1fb5d-5e9a-4e9f-aaef-0d5ffa6ead1c","148a7c1b-6ac6-45c1-a1e1-84dd40fb083c","0a1735cb-b338-48c8-971c-27caf6d0e596"
"6f6f327f-89b6-4464-8a78-4d0413da977b","2d0d8119-b907-4fc5-acc0-9944546b3e14","073ee0eb-9397-4f9d-89cf-d33421cc1829"
"6fbcb695-11d7-4256-aadb-55851e7103c6","25f17e4f-14db-4c15-8286-40803452db6e","075f06a3-57aa-4b3e-bd82-57c700cbb554"
"700f320c-ebe0-4f3d-97e3-fbd00689fe28","f1a8e8d8-d527-47b0-8279-c386e30ea789","0c01cd6a-4a7e-4e29-a51a-fb4dfc0aa4d0"
"70732a9b-9edf-4beb-b028-3e34aab77543","a67bfdc8-41c1-4da6-97c7-fe31acd1c2fd","059ccaae-e9f3-4094-b1a2-f93f94cd84f6"
"70a4f4e9-5f9d-4228-9238-5dda3ad3f614","8cea953d-779c-4343-87ca-e4fcc690f940","0c01cd6a-4a7e-4e29-a51a-fb4dfc0aa4d0"
"70fb13d2-7862-45d8-8162-2d92cefba0eb","119423fe-c184-4044-9862-af2931f4a6c9","095d878c-7e89-4fe9-90d0-9e7b900b517b"
"710d12fb-7b32-496d-8a2e-c5880e9bcd82","05e2de02-2c97-433b-ae31-a812d229b5c5","02b6df14-4912-4312-bd6e-1973e1aaf758"
"720887a3-b35e-45fb-95af-5b59690780c9","d479a71a-c8f6-4b50-8f83-ac05943ea566","0e1fd2f2-ff03-4915-9011-55d345f1e463"
"7214791a-7b46-4e8b-ba53-646d9858a43a","4b601895-72f5-455c-a514-c44e650cb6ec","06f17596-f66f-4509-9826-3a14e07f67d1"
"725f5f9a-2f61-4b4a-95f3-50f30cec37c4","0e6b638d-1788-4333-9e8c-2f84ed57a789","09a8aa6c-9119-42b4-a89f-e0f37b9755cb"
"73fb9206-13ff-4888-915e-f2f46d990cef","df2d2741-9036-42fa-b660-113a83155bf3","08f8628b-0ec6-4297-adce-69fa4bf9aa4b"
"74c8e7a9-bb60-44e1-abc4-665a19c42fd6","3333ec10-ca12-4bea-b4fe-b371e5742a0a","0ca380cc-1154-4009-b823-487503d12f54"
"74ddf28e-f0c6-4234-9d6f-8cedd35c50b4","5dac2a0a-180d-44de-8e01-0e015026bad0","0c4f179a-0f04-4ed2-9c1b-992868361d92"
"7554e486-d0cd-4bb7-a4c6-491d17f28b8c","42554f2b-d339-4258-9f38-51d99641c045","04457907-ce24-4043-812a-9e2c698f62c0"
"7772ad1d-329b-4c48-a192-bd23007ee7b8","62c5de10-49a9-43c3-b194-747c92af6d2a","0d4c4ef5-aaab-4fee-b3d3-06be3ef44a7d"
"77fc93cb-51e3-445e-8422-670cf32f0b44","3b6950de-ac97-44b8-a1d0-ef3f8236d796","0340d193-d749-469a-b7eb-b4d25f54f178"
"7922c769-9932-436d-b433-b1d9c777bb25","4363e711-d44f-48aa-b96d-bb1c969d3419","03adbd3f-89b9-4c32-ad27-d64c1db7ef6b"
"7928a103-bf01-4949-a789-caa5e092d2d3","a3b84f5f-bb7f-46c9-9db4-d7b5175dfac7","004e5e6c-bc61-418c-8c1a-0ae0fb580895"
"7958ffb9-4b94-4c64-9352-23dbc9f13709","00e9afe0-72c3-4503-8701-1c6384efbd5f","03dfbb69-2e67-4804-af03-d66526e0877b"
"7befc7d8-9c90-46c8-977a-79210c64db7d","02ca9003-2b41-4ed1-ad9a-9d30a3ffaa55","00624160-eb45-4094-baad-c39889447a04"
"7c97e1db-0c1d-4ac2-a8c5-d4586c9aed64","c1e248d7-0b68-4f35-b9f0-32cac5a6c943","0dc43342-dcda-489c-b93f-1ce89c399952"
"7d581949-9c97-47e8-ae67-d082e14a7bba","beb34ab3-d4b0-400c-8ca0-94329e7c435b","0d27168a-4426-41e1-9f04-9cbb1de51971"
"7d6c2b5f-3a1a-4462-97fc-d585219afb1a","9a645732-70d0-48d1-9f94-5a1297b2dea3","0a47eee5-0118-4f67-a38e-266aa4171e23"
"3f852800-94dd-4dc2-a6af-a6bdf6f3a170","644292d6-bf8f-4602-a4e0-39b6288599b2","004ae334-c018-41b3-94e8-c64bc52e58aa"
"40209a52-ed4f-410f-a18c-af1b953b5e58","8a27895a-085e-4fb2-b31b-adbac0e7386a","01cf4453-de20-4ad9-a899-4c8aed97dd42"
"4069a976-070c-4405-ac4f-ab1b710fbc2c","655b4a79-42d1-489d-aa71-ad14d183ce67","04b20969-12ca-4a95-a368-65ada0ccb7f2"
"40f39a26-f81b-4a80-9fe7-0e831462f2de","945bf852-22ad-4489-8265-cd34d7378d88","00b861ad-f968-491c-946c-f5979c191a16"
"422d166c-e7b2-4224-82a7-b3dd281533c5","260e982a-ede3-4916-9eef-d34be4d075c8","07a6e902-a9ca-49b6-8f3b-7be8cb90a87a"
"434858a4-31c9-450d-b580-bd7f96af2027","cd3a7a76-905f-4618-bab2-8028cedd1138","07b7d7b7-1f1d-46a5-afb9-7b6926edd7d9"
"43dcefe6-01b6-480c-a77d-c95703f38ef1","99bb9fc0-1445-4cd2-866e-9776f12b8e57","084b2f0e-c1da-4434-9100-180fef70ae80"
"454f9c23-1d0e-412c-974c-f2359f2b0e3f","0e392b48-8b1a-4482-b33b-b3467f5701d7","004e5e6c-bc61-418c-8c1a-0ae0fb580895"
"462b208a-be3d-400f-a947-09bd82cbb816","6204ba3a-195a-49d4-a2f1-019795894c51","07d4883a-1166-453b-bb00-cf64b8122df6"
"463b5072-2bbf-4531-984d-b50275f0cdcd","6ef25bd7-4f91-48ce-8a77-41a3a435a4fb","0492bef4-8de1-49e3-9a9a-747bd74aef7c"
"46bcdd37-32db-4d79-8415-e98dd2af25aa","f26082d9-292b-4fec-b8a1-bc7506f32fbd","09769783-3630-4038-9899-1dbfc10e70e5"
"478fc0fa-4dae-4d3f-b0ef-73b1768a22fe","05d1d87e-3398-4234-b95b-7676e896f3c1","0250c42e-42b6-48f3-8544-eac8a935dbfc"
"47903127-626f-4eb9-ba48-5550361a4bd4","f6b30b86-ba4e-48ad-af46-345e1777ed72","0a818c0c-1d67-4f0a-90f4-f18da3c8a1e7"
"4845d92f-cc68-4051-a1cd-a51cee8f4efc","783d433f-7029-423e-9f26-6b2422ac1bd2","04b9fad5-4d2f-48c0-98a2-c90556028e48"
"48adf17e-c0ea-4a3b-8469-04b35e1967da","c0b033af-a28d-492c-bd0e-55b769e22a7e","05ca8c5c-f915-4e24-9305-818c82104525"
"763da185-c836-4d1f-a663-5462be847288","46307a38-5827-4ac2-bde4-32421c37944d","058c52c9-116b-4ee4-acf1-beabc19c7d9d"
"7699570c-ab48-478d-b62f-209c8342a117","65a2d418-c0b3-482a-91eb-846aab645c40","043f2206-324f-488f-a18e-03369a5f083a"
"783679a4-b6b2-4977-a865-40fc3ce16eea","708e6e3c-552b-4935-85ea-3ead8f359f60","01f23e78-2848-461a-a22b-47d924c55f49"
"7921492e-d3fb-4019-b1ea-02b170808ba4","0f7aedcd-fb0f-4115-b09e-d24d8b892532","0c790065-d03c-4c98-b951-55136c4966bc"
"7a0ad8ae-4fb3-426a-a329-54e8199951a0","b2742769-5fb7-4d95-8417-a44db7178172","01731fea-f9e9-4857-bdfd-a05520cb15ea"
"7c334d58-3258-4058-be93-94526610f488","f415a069-0a3a-48c6-a91a-2d41f71f6b93","0b5fa929-7c26-44c0-9344-4dceb021e742"
"7cde417d-171c-4555-a50d-4fa00480827b","387650f9-5a8d-4775-8547-c7cfa63b35c7","0d508827-a86c-4f32-845d-2f203b3ef98c"
"7d5ba490-0af6-4ee7-8274-b588d888ed21","ea727bd3-3682-4dbc-99f8-8df4b1d27982","0e95b098-184a-4e3f-b212-4f25c34c655c"
"7e8ef332-60ac-4da3-920a-c6ef7c94bbb3","2cf9f5e6-16ae-4bee-80cc-2071aac7711b","0b6215d8-d672-404a-ae20-a9a225ac1881"
"7fc4dea7-df0f-4901-95c3-ff77bf62b24a","652c6ee7-38f5-4498-85cc-c32cdd1fdb68","080a481e-da93-4767-aac3-e570b2842c2a"
"4a85dcad-d1a4-49e3-a282-2d206c107055","300d3b41-7595-4468-b3be-e3ec6ecc3ad3","0632b7c1-c7e3-4f6c-921f-4222e78dd7d7"
"4bc866f0-7ebe-4257-8f51-76a4b9cd4c33","100bea5d-452f-4e5e-b4c1-63ea3532c34d","03daef01-b1ad-4df3-be25-88d1b0309bcd"
"4bdc14d4-a47f-44e5-a5f8-f190a2ff93bd","117d44e1-60d7-4455-b9dc-764dcc15bfc9","0654e087-be4e-4c41-a276-aea8a6184cc4"
"4c8bbebd-5f25-4d6c-8bb2-ecf66fd1adc4","2d1baa8c-4159-42ec-bc89-69be96006982","01032e39-512a-469e-b323-c4c10992d0e5"
"4cc1a5d7-cf35-45f5-87fe-c67e5c1698c6","e57714fc-db61-46a5-bee2-0ac1f7141fe9","05453c7c-ed12-424c-912e-67926ffcbaff"
"4cc399bf-6bc5-4aaa-89aa-bc5436425804","f34fbcf1-8dff-40f5-b01c-a39b764a6dfd","04065c04-c842-409b-bc7c-23ff9903a9a7"
"4cf23f98-8c12-420c-83b2-7e5be327d950","8dab690a-eb26-4589-a359-cdcf0eb8f68a","0450de93-aa0a-4c79-a23a-ae6a52cf6752"
"4d93e8cb-e13e-43e5-b394-776dea746a23","302e8658-0a5b-4fcf-8443-314af3b854aa","06f42d55-7d77-4bed-85ac-608a66c740d5"
"4df7981f-9ea1-4bec-ad41-b2f1a43f16b8","d8ff9668-3505-444f-b944-5608acc7bdf7","03a5a7d3-a63b-43b6-b7bf-8f6ebcca5dde"
"50762e0f-f8ca-49a3-904c-76b4ecfa9ba0","adeaa330-5d38-4330-a1f9-0cfd99021c02","01d158da-4ce3-4616-a26e-34e8319c462f"
"52ef77c6-4d5f-4b1f-9583-f3f38a0e9789","860bf5a3-94e5-474e-b7dc-dc893692a93b","0762ee99-b7bb-4681-9f18-660dadcbefe4"
"573845f5-bdb7-4796-b807-85b0210b608b","5a986f4f-5140-465a-83fa-2e63ea450bc4","0d794b85-f36a-40c3-ad28-bd9dfcc1f208"
"580bfa14-e0b4-4e44-8b1e-01ec4a1d2fd6","cf40a1c8-7c69-466f-90b4-d0bc5ddf3a60","08b9b831-1951-4a64-b446-170d2ec0d193"
"5964a5ab-b149-43fc-ae05-4b63145b70e7","e6873066-c49f-49f3-b2b9-77f8163016e4","093838be-5fc7-4b53-afd3-37081cf6a2f0"
"596ed945-ec36-4db8-9eb0-edd58033b616","a119d1b7-d5f7-47b2-814c-f4b81af4043f","030404a8-c22e-47b9-be21-09cf900d287f"
"5c219091-191d-49ed-98e4-fe469ea3d7aa","680be84a-fc7b-412d-be30-bb2cd8a21eeb","09eb24d4-e7c1-446f-a548-56569db7a148"
"5d907719-4595-41cb-b6b9-0d6bdccc5f02","63ebfc47-8748-4663-b8b5-1442909482b5","0e025f5a-b52e-4a08-9766-1dd7a386cbd7"
"5dfccc61-a9ab-400b-99ab-c14e14c38a8a","60c36d14-a035-4e9f-9be8-fe5f349f2b1a","05dda04d-1df4-4e01-bf75-ac168fd03bfe"
"60cc22d6-dc35-414c-9338-f3b295668ad2","22e683e8-d9a8-4c9e-bbaa-299cc336e214","06214226-d1d6-468c-865c-bd800c20dd58"
"6161071c-696a-450e-9055-54964807ee88","9767a3ac-a8ac-4eaa-a41e-6670f7629c5b","010ac88b-4e4a-4c67-8d92-263d78a132d0"
"63086d3f-eb45-408c-a653-984a6a847050","d33064f2-86b4-4080-97e2-9656f0431fec","0bd8a3ac-ba78-4bf0-b453-0a7ba8b7b42d"
"64347a55-cd25-4586-ad71-da4c454a346b","be44344d-02e1-4951-8718-b2ecd7bfd716","023cfca6-77d8-468a-9476-2be205c7de29"
"66012f04-d90c-4898-8fdb-9e8df2834ad8","2e5d581d-64f8-4a01-9da5-9adb9cc494d3","0922ca9f-d54a-4110-828c-020f4535c9ef"
"666091f5-ab9f-4486-9eaf-c9ed5735ee7c","7ec9e79e-c573-413c-960c-4a751a035e5a","0e78d660-0cf2-418c-9895-eb405d5b015b"
"66dd9121-abad-4c89-8051-0add5dd7a8b7","20879768-097f-49db-8e8f-a0753263d026","08686361-1568-43aa-a3be-11ea7a3a976e"
"6966a8fe-0aaa-4f83-acee-f09f4ed4c91e","39b39a6c-1d24-4627-8d97-64b668a37ad6","0d0bc9ec-befa-4e63-b542-65a4bfd9e51f"
"6c78b402-6152-4873-8301-223588d0399d","991e5b40-efb1-46e1-93d1-8454266c355f","0302055f-646f-4f8c-af13-8d0c9eeb5e91"
"6d48a7cd-b1e6-4bf1-be92-564fcdf0e5d3","1a3f9d59-d74a-4b93-8036-0c01bff6406b","0e7856e0-2812-4939-8df7-c9121502e89d"
"6efec014-5d91-41ad-9982-b0d6511da005","b3bbf457-ad4c-4922-9033-8c85e4c536c7","04aec5d6-6030-4a26-a313-67636c89eeef"
"6f1df863-b735-496c-bfba-ff783c54f893","c9f060a9-aa2d-40b8-9e17-5a60344dfe04","01d5136d-64ea-4e70-96ff-6fdc614196d9"
"70489ca2-fd09-4aa6-aba4-2103d1b81724","c23e6fc5-42e0-4cdf-8a13-2cd43675c16f","085736a1-a351-4523-913d-09921b059ee5"
"71f07f5f-1ea1-4b9d-bd9b-7f253ca3e2fb","29b9a789-660a-4160-b5bc-b6aa8c5e624b","0069ad29-5470-46d3-843a-620ce00d6bf8"
"74764df5-63cb-4974-8e5f-e3a3de123762","051cefeb-ac04-4148-8d6d-9c5fcf1d0320","0dd19d19-5771-4092-8072-46b357dbbef4"
"7491605b-354e-4a84-94b9-96b028f2b904","aa46d6bc-2525-4566-badc-af9897a8fd56","0c845ccb-0995-453e-a985-795828cda65f"
"770d949d-82d6-4780-9057-d2fe53b8f4c2","3de6bcac-19e3-495b-9dc9-2cf8a0fab199","0832df42-4cda-49b9-abb6-2845229f72bc"
"770df2ed-9720-4cfe-8cc2-2180c8a52526","b5f43833-d35d-4296-adf3-64c0025c020e","07f3c390-fa64-400d-b0b3-0fef6104f453"
"7cf05042-229c-4e70-ab6d-31f66798c87a","f44e3d60-fa9b-4688-a164-e61ba47abef0","0751dbb6-8388-4660-a41f-bc4a8fc7b749"
"c08a3ab1-d862-426e-953d-4e1340eac18e","9b9ecde6-f6df-40ef-ba74-25fd9a7fc664","0ccc6878-91c7-420e-bd8e-250c45b7bc82"
"c30456f9-a162-4787-8e24-0d543764bbf9","19cd0ddf-66d2-47a8-8ddb-ec2016bbed95","012d0749-9c46-44fb-bcb1-e233711999bf"
"c4256835-b4af-41c0-b322-eab6e6caa280","a94fc1e9-b93f-4452-b67c-2ada81b76e9a","0cf71121-cdba-455e-9300-d685e50ca71a"
"c565f21c-9c57-4f6b-97ac-1c65bdee056c","42059440-ae6b-4a04-87de-72284303deae","05516ee9-ea83-4522-9c37-d720cef8f8a8"
"c5ca69a0-6457-46ef-b290-d2b3c7e654e5","00348472-4188-47df-8a7c-f506559903cc","09e77c97-cf31-483a-bd75-49706d402868"
"c6dab8ca-7d51-4ce3-bb1f-d0d207e74d5f","3c12aee5-a369-4091-b763-4eaf9cdbc45b","0a93d0aa-140a-4b9b-8459-14cffd81461f"
"c8dcf094-3bc4-4a64-9b89-16be88d744e2","e88718b3-7968-4e77-bdbd-8580c43fc962","012ca322-614d-455c-93d0-62d9ab749ad2"
"ca9c213c-72e1-445a-bc0b-794d804f881f","2f9000b2-0d02-4e10-a079-53305c50d675","030e717b-c117-4fac-b289-1672dbc3962a"
"cac68242-b84e-40a3-9135-cbc002b27f9f","08a2527a-ed9f-4bb5-9bcc-589820c57736","09f6be2e-4153-4588-91ff-3b90f432987e"
"cba9b62d-a38a-4f73-9d20-796d5a16a52e","f4a47aca-228c-4540-8b08-c4eb46b4d431","0cc931ca-bb44-415d-a555-a5e92ec496e1"
"cc009685-953d-48d2-aec6-aaa9fcd2b045","c28730b5-fa82-4013-83ca-ba0b69aafa03","02562012-ebf0-4daa-8cd6-2a33af9dd25c"
"cc321958-4c04-4222-a235-51796abb125e","f6ee2308-cc22-471a-89d0-773996d0c8ee","091eac5e-cd39-4d1c-931e-79dafa0c2ca5"
"cd0c6dae-f7f5-483f-a955-808780070c99","ab67f258-3a20-42ec-bdf7-8d5bdcaedb85","0aaba306-0dc6-4e1f-b9fe-33f8acb57ce4"
"cde42341-4913-41dc-9617-98d8ff2f7541","f308e196-9994-4e6b-b20b-8be83f06471b","03af239c-0977-4bef-a0c8-6a2ed7f3238e"
"cf61e502-941b-45d7-bd7b-a29d367bd48f","757ee075-27fb-4589-a492-da0d63ebbfdc","04cdf835-2dd6-4155-90ea-70531127943d"
"cf6940ec-a14b-41bc-9d83-1b35db4dbb46","af5d9127-857a-4d45-aa3a-8b3da92e7ea1","0b60a082-b6a6-4b35-bb83-c609eba40a45"
"d15d8eee-474e-442a-b1aa-9654b9a66d63","65fdd2dd-8890-408b-87cc-56621d46a393","043bd6a5-c691-4b8d-b8ed-3b23bed0e935"
"d1b79cda-f9c5-4bbb-8eb6-16af20227539","e61ef7a4-da83-47c0-86dd-45d871734f82","0e99933d-2ca7-424f-a48b-64c599930375"
"d5dfab1a-b5d4-443c-9f4d-665ed0eb7b01","cb1a95de-c436-4e99-a11a-1a5364ec3676","0bbe1c4c-c357-4944-8d10-e62fa1869ebd"
"d8cabbde-d781-434a-8630-52be2e29e41c","9a163de3-f27c-4010-b8ef-045e409c70b1","0c060ee8-2c9c-487b-b83b-7bae99963356"
"d9020092-e9f5-4355-a9f6-de93ad705a97","fb258f5f-d64c-4693-bb4e-741f33d4a8e5","064ebe13-2f65-4fb2-9ec8-3fa037bee220"
"db47cfa8-8490-492f-a394-908f4b177515","7f8c3a28-bd22-40e9-9ce5-04f5af1ebcba","024621c2-526b-443a-a18a-33d89835fe11"
"dc982feb-66a6-478e-8a38-fc54933edcdc","7923e1a1-c3cb-4d82-99e3-5db991b41460","091f88b1-dbe1-4c25-8b5e-482061df333e"
"dcf463d7-7da2-4d76-8165-07bd2a62f4ad","a48aa003-e1b9-44b6-8c61-04f288e15266","0d4de4cf-f0a8-476f-a04a-337574153eee"
"df5acd82-903d-429e-afe8-eb45e51147f9","bc67a7d2-8470-474c-9ed7-4538dd40a73a","0a0f7c30-595c-4ba6-aa69-7aba771e4de2"
"dfb83eff-7e5e-47d6-a813-97c72460ba70","fae0e545-76c4-4e27-942a-76d4a6217755","0b15fce2-9701-4439-b9a6-a838d431cd96"
"e04872d2-b168-4623-b5d1-50055922be5b","8dfb5425-8ba9-4d0a-96c7-cf2e92a2602e","09926f55-80ef-446b-bf65-0aea90a08ba1"
"e09829ff-19c3-4f3c-97f2-963e6df2412d","4e1c5ad2-f499-4104-980a-093cc26e2ba6","081795d3-d8a1-4e3d-bee1-f579883faed9"
"e1973be3-a688-435d-85bc-a4a6474acfb4","5b4fcb0f-209f-4be2-9d49-b71c77904885","01ced49b-30ed-454c-8c7e-56d870bfb1fa"
"e1fc433f-1b03-4fee-9aab-ebf7714bc395","766fe58b-8bdc-4771-918f-a4fdd289257d","09e77c97-cf31-483a-bd75-49706d402868"
"e1fdf352-171c-4a39-b6fd-5a210c1a9692","1a54f761-de19-4102-98c4-7947ad06e0ec","0b2c5be8-d879-4875-a4d3-aab5993162a8"
"e312f6f1-d769-4b1b-b70b-e35d927ccc19","4f0590bd-fe48-4630-8cae-4927b0ac125f","0eb4a547-41b5-48bd-a0fc-f41e08e50bc4"
"e4067098-6175-416f-b766-e9f56484a7db","3ac28b51-c720-499a-a80c-b72ea6c9b180","0a806348-93bf-4a6d-972b-7cc5b26e0683"
"e4ecfbbc-54d5-4629-9dd9-ecc8497bde85","8e2a4675-3025-46bf-bbc8-0d89d6468f88","07b829ad-72b9-4726-82e8-90c82b984625"
"e52e8724-ea7e-4983-b6c8-2f632a4a9977","b604da00-1ec8-44dd-8046-1d4af7a25db6","00d5246a-04f4-449a-ab5d-d2b1cedeb46d"
"e7112e3a-392a-4503-ae83-6a72b67ccb1c","4bbf0bc8-7eb6-4918-914b-cec05c9e23ac","0e741011-5afc-4d62-bd24-ca33de2e606b"
"e8cf1264-88ce-45a1-b6f8-161f6543d1a5","a6569714-c83b-46b6-88e7-352af7a1d786","043551c6-b05d-4621-8964-b716cfe02031"
"e922b149-5c7b-4771-a514-3e1b266e272f","d35015d8-3af9-4242-8cd1-e1aa5b546d19","0e814aad-7cb4-4274-9d1e-d08b51893416"
"e96b8f0a-a7b1-4f44-a935-49f60ef11dd1","9f832113-e76e-4a31-a822-675bc57184d0","022e349f-72ff-4fbc-acda-6204d80349b0"
"e98954f7-fea1-455d-a4f3-2a5dcd9deb94","419721c9-1630-4029-8135-e74eab72f749","042d39a1-677b-4bfe-8d67-ba957ad0b822"
"eb3e944f-958a-4256-8619-e77b6e23f4d6","c4e76eaa-c2f6-4ba9-a231-60de0c9a30ad","0befbbc1-0052-4677-9911-e3fdeac4c253"
"ec40b894-6128-4acc-b11c-9bdd379c5530","96f1307d-23a0-4376-a588-2e33b79dc802","00c8dc00-927b-492e-8bed-bb50bf9e3995"
"edc9753f-b739-4869-ab53-e240b9e6d5f5","e09aa231-39d2-4645-9634-1147b40d68bb","0a157742-369e-437f-acf3-866017cc3c19"
"eeea6a42-6364-4129-a1cc-7563b7a92992","91668a47-6d01-461c-8da1-132be7c0afa5","0a421364-8d11-4509-969e-695624b4ed61"
"f03861a9-7ca3-46f0-961b-047014e1edc9","947df750-35d2-460c-9eee-5f81f026fb8d","072300b9-30d2-4319-b8d7-aef1d80ba888"
"f190b7d4-308c-4616-88ed-d9a50bd64abb","daccc7fe-457d-4d3a-9995-599372468009","035d9879-cdbc-4aaa-8816-70a89cfb25de"
"f2a32b60-5f88-4eff-92dd-e2ba3bd2f7ee","38ce8bed-64bd-4240-a3c2-2b66cafddcd1","0298b176-84b6-46d2-91c9-ea8aa376f1d7"
"f6eeb217-9036-438d-a79f-f96b64db756e","33869660-d898-4c37-92b6-75a934f379a1","02a5e9b5-860d-41a9-b547-c96b1fb6c166"
"f72fc149-494f-41f7-9d7a-6624db374685","e2bf1bdc-e0ea-415d-a089-f9beab85008a","0df8d8d7-82ec-4ba4-afd5-9cc2d85c3832"
"f8322983-bfdf-4eef-b8c6-9c797ce2c940","6a4f6c45-185d-440c-8998-7d079f02684f","05883c56-5868-4c0c-a28a-f2516911f276"
"f83a1b04-f1bd-4378-83db-7315de3bc686","349b4216-d0c5-4e7a-b2f3-9825aa011744","0c911550-6666-404f-a929-67816d5d9890"
"f937895b-5d9e-4974-a10f-c47b2f746d48","4693036e-d0eb-4ef2-93ea-f0b6fd225647","0d07f0d2-3667-44b6-9d9d-baac82c02d40"
"f9502947-6852-4b96-a562-225941a2f6eb","331be3ec-5898-4d88-9519-885dc79f88f8","04527559-9b5e-4398-b5ff-acaaf0cce565"
"fa9e7b1b-bbcd-4f03-a954-03bceb5c6a3a","c70cd267-90d3-4c28-b592-8b63f21f71af","03af239c-0977-4bef-a0c8-6a2ed7f3238e"
"fba83516-2911-4bb8-aaf5-d3ca8f8973ea","95cb2e1b-515d-4b60-bd26-b18bb05516d2","0d796ee5-b731-4fa3-9280-74078455baaf"
"fbd3f75d-55f1-4ce0-83cb-26e83da12876","a0da50d2-0c8a-4d41-a9e1-678dcc55c80f","015dc303-0682-40ce-930b-4894fa4592ea"
"fc82c166-10e9-4888-8a91-07eaaa3f307b","c06b4a13-7d13-49f8-8909-c027400f3c9f","0e7856e0-2812-4939-8df7-c9121502e89d"
"fd439758-36ff-48ad-966f-ef0348038586","f02cf87b-ac06-4813-a501-dfb4f9276c28","019831df-5713-4d30-861b-9fe7f79ccf01"
"fda1174a-718e-41f2-b719-52053ec4471f","5d17dd69-a9fa-4764-adaf-1f043985d37b","0940b410-b432-4772-b974-419bedfae798"
"fe1061a9-2562-43ab-9eef-041a44bc0985","ed92db7d-f5b4-4002-8a85-b9c06b64e981","076f13a3-a7e8-46d3-b20f-e6effcb62470"
"fedf0199-15ba-4b6c-87fb-b27ec078c755","99c44587-5f27-4985-a2f8-b74993760d94","08e7617a-c0dc-4640-9b11-8157f3674cf6"
"ff349dc7-650c-40b0-a2d7-17289fbf49c8","7ec2dfe4-4b26-4dc5-aa96-79cbd809157e","0e12e445-80c4-4d43-a4c8-6e775aacde90"
"ff597a0b-1cd7-4186-974c-029e4e19a5d6","454037ae-8fd1-48e9-b113-171007086b78","0516bdc3-6f6b-4bd5-8cbe-beaa50af4b8f"
"83f98831-d90b-40f8-9d44-e084e4757b99","d2319b01-7743-4dc9-a051-406f64f3f9ba","06c724ae-aed1-47f5-bef2-64c9f8556c46"
"841c5535-c3e7-4be8-b459-5f77f045d11c","aee6326e-77b3-477e-a8be-f8b51103e083","0a705aee-fea1-478f-9d1d-635159fd4849"
"84d2d475-c376-4eb7-a512-4c2e73e5e3d1","3ecbff77-a5b5-47fd-bbae-722d9bacb7c9","0202a11e-9413-4a9f-b2ff-a31f802ecd79"
"8580a6c4-df53-4848-80f7-096abab56a76","da9ade25-693e-490b-92b5-8ba7cd2e12e1","0eb8db37-247d-4e0f-84bd-f5a630299767"
"859b81d3-a966-4296-856a-e60466d6377d","d20e27d4-4215-48e8-90af-c67c7039dd5c","0422592b-ba03-464f-8a95-674dcc3a9037"
"86b35b30-ebff-49d6-b93c-1b1691831f87","7442d3bc-4253-4f11-9633-68e8cdbeca07","0d180466-4a40-4f85-90c0-08046663e56b"
"86c6ba6b-f6a4-4ec5-8be9-afa8cd12d449","8c508c7b-46fe-4308-af5e-465b810a35c3","089f1188-9b58-4411-818e-bfda94a99a2e"
"87e7481b-52a0-4985-8eb3-0a0ee343114d","9a8c16b9-e4d6-4d49-a01f-8c36e835962c","02a5e9b5-860d-41a9-b547-c96b1fb6c166"
"87f0c903-6b13-4349-9a99-f1d53c502201","6bf04c02-155f-4508-b0c8-8a2c712f41f8","0aa59fe4-3a28-402f-88f8-3b413217fd76"
"88079748-fa36-491b-8008-ebdf05789ecd","40ae209e-bd00-4d9e-8f83-89cdd7a763a2","03d3982c-40ee-4498-aa9e-f99afda485a8"
"8830bf16-4f2b-48ac-96ec-ab4258150644","1ba193d8-6b61-4974-96cb-72105a658f7f","02933cf6-abf6-4464-b34f-56455236503c"
"89041a9c-6031-4da4-8ada-50de4fa11ea6","17527f6e-3537-4b54-aff2-45e057e84b41","0889df97-6f51-4a36-9afc-fe72bb189474"
"89d4c49e-250b-450d-9047-2878412df5ff","d204702e-44d4-4cd9-ad4c-98631876487f","0ae23c70-46af-4327-9039-139d792cef58"
"8a9c28cb-ecca-43d5-a7f2-8926059f34ea","87a80e29-f8bb-4e22-805a-7271bea41162","06f79956-e0f4-4ea6-bd12-9f7ab8c02465"
"8ac12ac4-1b32-4937-9cfc-fe99ed0ca894","17da6e34-fff5-415a-a3b8-743db99b968a","0ca1b54e-4dbe-4ccb-a8d5-990edeee1eaa"
"8c448d7e-7f82-472c-b43f-b1c33ba3d283","af1dbd9c-1d3c-4775-85d1-f80250c4d47e","01d158da-4ce3-4616-a26e-34e8319c462f"
"8e7f17bb-e293-40bb-acb0-a09c08faf22b","e5b44ae3-8944-4680-9453-9a84e26b5e21","004000d5-a301-4b76-bce6-c569d6f0e02a"
"8e8aab7a-4392-4083-aac2-32c02520ff4e","c36098c7-f3e4-4b67-97ec-a616d7948071","06fc1121-8611-467b-8e7b-9a958ddffefe"
"8f1f105b-5afd-489a-ac64-39ad8a661a1d","be7eee84-0ee3-4fe4-a4ab-a74ab3dd3cec","0c8d7952-b307-4151-9136-c293fb72248a"
"8f45fea4-efed-4b6a-9353-5c797aa722a6","c8c0457a-bab4-4e38-b842-8b637f465091","01e0937a-f328-4084-a635-f02a542a5d87"
"5fac024e-17ff-49a1-ba8b-410e5f4d67e6","33025828-2824-4392-8051-acf0b17d4158","0d6bf5ba-4753-4cc1-8f13-1a826c675c59"
"5fd68482-f2c7-4e26-a9eb-734bfff1d8a5","9f70280c-beab-4686-b73a-196fb7f4ee65","076b87e6-64f0-4448-8d1e-767741f18fde"
"5fea34b9-fda3-4379-987c-b5c880a4d0af","7360cdba-5494-4031-b5b7-a29cf4ca76a9","02188050-b5c6-4c2a-94ed-5c4e1f4d885f"
"66be40ff-1d5b-456d-8651-966b19a14d5b","562b55b2-0f72-444c-9056-dfb4bff0d5fe","00fe1e75-1bec-40d4-b8c0-884255aa1107"
"687ca798-4520-4395-85b0-cbe1827525f2","e7fecd9d-8037-40dd-922b-ce6c9a1f2487","08c7ee42-32b7-4125-bfa8-fb1469ebbd6b"
"68dc6a16-11a6-4dc6-a199-c8cc37d7827f","3064683a-3d5a-4ef9-ae70-65cc5820dcf5","07bcadc5-0df4-4805-ad04-870713a8a6c7"
"6b4fc112-acb6-4cc1-8d4d-5e276db3de7d","037dadb3-1abb-482e-bc30-1ab53dcb67cb","08cd29f1-7e6a-43a8-88ca-2b8ae0f9fdda"
"6bed5d65-3448-40fc-b1fd-a2e620026229","4916ad7f-c9f4-4134-8a34-30aa47ebbab9","0c99c869-c45b-4afd-8a2d-52e4a4ffbec2"
"6c295ca5-031a-451d-ba95-fb6d2cf2e5cb","4624f740-d5a4-4bf3-8166-f40ea27e166a","082f6283-2952-4431-b710-e1aecdb1f82e"
"6dad70a6-2832-49b4-b0aa-57fcac10cdb1","7c8b25cd-61c1-46ad-b123-ba272371cd1c","09cf28dc-2b90-4153-91d0-ac0cd890c1fc"
"6f537ef1-0574-4414-b66a-17da630c6091","d6c3741b-3735-4e48-bc89-2583224a98b7","09a007fa-5f24-453e-b08c-78684d54c5b6"
"6fa052a7-4546-4cff-871a-3888a1dc3de6","f3b0bcdd-0234-41d2-ba13-2b16db568ede","06daba3b-3ada-4427-ba94-69316a26e403"
"7289fba2-eba3-445b-9f8a-366563c8882d","89f9e2c8-8632-4c87-a459-a9c606619417","04f41c48-e7eb-4b93-9173-48c1cca4827f"
"735b3da7-6cc7-426b-b799-a9ba35d1fd23","ad81ef01-b874-4cd9-a07e-24b360379359","09b7777b-f0ce-4449-8c35-e8ab5137ecc4"
"760625ed-5350-49a6-afff-385ba883a5e5","375ea4ae-6375-40f6-a784-9528809f49eb","017d2c87-0d87-4dcd-a39a-3988a270a749"
"7642656b-2c50-4137-b688-0adcd1f1ce1d","ae7a3714-87fe-47ba-b305-52000ba8702e","0478509d-705b-43ae-a5b9-bde8707e61b1"
"772b4968-db13-419a-a6df-5c3bd46146b4","d81a0030-6602-4948-91d3-d1ff8961bda2","0caf55f8-d34b-4f93-9690-f87e41721249"
"78a81e86-2a96-4bb1-ab37-1ee92fed0c82","ccf29cf1-ee84-4d19-9f83-d9e6b7a58f3e","03f3a4fc-a824-45ff-80dd-b63e53706ba0"
"79690f10-ee6e-4f05-abf4-883c9ea24835","835d2015-19dd-49eb-a521-62fca1da69fd","06aecc5e-023f-4971-80a4-8628dfe7f492"
"79908bb9-7c48-4024-9c3c-dc719a6ac015","e21904c6-3e51-4084-9cce-a13016e502eb","0748d8ae-cd93-4504-a960-144546ac36d5"
"7bfead7d-cfe3-43d7-9001-e75298f5e527","49071094-8bc2-41d6-887e-ecdcaa0ef2e1","079ca387-bd23-4b07-b134-e008b3a4d59f"
"7d7b4966-3715-43fb-9799-7b9e44e7805d","9cb960fb-fb14-4f12-a5b5-dc333f13ac5e","0696a6bc-2cdd-497f-b46b-d29372eb5159"
"7e3a6ff1-b24a-4a6c-ad71-99e1c86cafc8","fe742c4e-0576-4f1b-a070-e654a695990f","03a39a9b-35d2-45e9-8e76-7817b08c63a0"
"7e8f0c6f-6067-4d4b-aaec-b39c71240ada","0530ea11-95ef-4b93-a802-bde9cc01789b","05e77c38-298b-468e-96f7-48b6fbdcb231"
"484e2f65-1ebf-451c-a9dd-71b65ac350ca","68a3f5d7-9055-4124-a99e-e234db468eff","07eabed5-21db-4963-8f7d-a5f00fb174eb"
"496d67c4-5cbc-4a61-bb2f-c433a50a181a","52d32dad-f817-4b41-9695-999e71b32026","0c90a80d-d3a4-4b77-bbda-97096d052eb8"
"4b3c78d2-06ff-4bb1-a047-8d988ce763a0","bd6aa6c5-056a-4d32-85c4-5eaf55e0b8b4","08ddb57f-1170-4cbb-a40f-5b1288920744"
"4c601000-b5e3-40bb-be98-a43392e6b118","422db5bc-2edd-40b1-92f9-f37ad07dcf2b","0260bf6b-0f83-4348-af59-58016b0afa55"
"4d7dd367-4391-40dd-98b0-e3f4cb5a5a0a","24b426ef-1bec-47a3-9e9d-798c48c33a58","0c723e9d-0491-48a3-a0b4-70d19bdd081b"
"4e819fac-5bc3-4dcd-8c50-6654d08a79b5","e845a36a-8b53-48a1-942c-1a4cefbe5280","0c98a760-b9dc-404d-987c-dc744c8c4b89"
"4ebbce04-1f24-445d-88d8-7137b3ea5f85","9ae832e0-f8a4-4040-b41a-8534af1479d6","01fad003-c8be-4df5-825c-52c2772187cd"
"4f6e2912-707e-43c9-885d-f2c322c78bf5","2eac24b5-a9bc-4ded-82b0-c86f0c8365ca","0939368b-4be3-4586-be03-4b1b0b937e94"
"508605fb-2ffd-4271-a17f-f135d905707b","4914bc3c-21f0-43e9-9b9e-8b424d1ba4c4","00218c14-e82f-4b72-b469-fac5ddf10165"
"535520ef-890b-4583-b4e4-7aec64b821bc","f838244a-4eeb-47ff-bfd8-b650b1a9ad67","08b669c4-3687-4501-b72a-abaaf5600625"
"56f9bdaa-68a7-4685-9daf-5b964dfc194b","379b802b-d542-43d9-b06f-41f760e5365a","01de7eb7-a70f-40ea-bbc1-ffc307e9f166"
"57f71b40-615c-416f-8c72-f9b88301b261","13469ba4-f8e0-4c9f-aa63-8ddd499732f1","05eaaa7a-e0b6-48df-bb2b-70b7f185cf4a"
"59c01572-9e98-4c0b-b717-3544e49c93af","5b70e6d9-b66e-4e4d-a527-0f7c025a55df","0500abb2-a9df-42d0-95ad-b1c0aa0a4c5c"
"59d150c6-207f-4e5c-af84-7becfd660f9f","ea672832-1d1d-4aee-ba1d-f6b3dc264142","0ac7db1f-6906-4dc5-bcea-1deeb71cf0f2"
"5b3566fb-aacc-4d74-9b9b-35c8feb10cbc","1f023a33-f15c-4692-989d-56b5368431b1","0b282a3a-a19f-47cd-b5b7-4f63d01fb9fe"
"5bb861e6-c0ea-440b-a22f-e65b5646a915","3ff98313-c0e6-4671-8762-f573fdd08996","093389d5-aaa1-4c8e-9ef4-a3eb5cd3a43f"
"5ee0d245-448a-4f81-8c7a-e60a1dbc77ae","b063f219-61d2-44e2-8ebb-1ef713cb405b","02870a69-a75f-43d2-b814-aa72cf5d0a65"
"60d87436-4c9f-4cea-9200-6b2ecf296b7a","fe2d687b-c0b1-4b45-affa-83bb015c9be9","0afaa3e1-d432-4dbd-b64a-e09a45f02a4f"
"62624cb9-ed6c-4207-a375-d786275fcea4","94b2c4a3-841b-405e-9264-7d8dbb3f562f","04e6fb21-009d-4668-a8b1-266f6ec79d70"
"62fa941e-783b-447e-aae9-23828455fc77","1abb1f55-9552-41b3-940d-af1d2eb13517","0939368b-4be3-4586-be03-4b1b0b937e94"
"6368a974-3cdd-482c-a4ad-7072d9ee47cd","30065019-1171-49d1-bf91-2b6f28ab8fa3","0053c66e-30aa-442e-b73f-ec827da184eb"
"63a3c7ce-6033-4abe-b37f-32dcd30a64e9","53cebc5b-b338-41c6-8e1e-3f23e1f08289","0081adb9-c3c7-4a32-93b9-aa0368b46e78"
"63ece82a-1c8c-434b-9c10-72761d50029f","2ced246c-bb02-4666-9574-436a46e1b3e5","04e2b06d-571b-4a50-b8e2-7e36f142f9da"
"65712a6b-0253-482b-8144-c3ee4d1c3b78","cdcdbc16-f038-4555-8f85-88f08470aa58","085e25c4-ea42-461e-a5ca-92e2e7a7ca3b"
"6593a92a-1740-4e0a-a1e8-07b6a2ec9050","8fe0f67a-1b8b-4335-a714-b746e116c3a7","097d8a42-d8ac-4cb7-a765-851266a93514"
"65d555ea-bde7-49b2-9d5b-ec60ed20759a","1a57beba-9d86-4c63-9338-615871eead1b","085dcc8c-034f-422e-91a4-b1405040fb6f"
"666270b7-e141-43cf-85a1-a58b380cc6f3","8471d4d1-d2cc-452e-aeb5-2cfac5471d81","0d641c92-b052-4736-9e86-1deb4f399f08"
"66c3d096-6267-4c01-8d6a-922c29cfe467","fb2d54ca-033d-4216-8713-6e543f7386f6","001f55b8-3e89-4a8e-97ac-68d014d0644d"
"670536d3-380c-4dea-a361-3762b8acf9e3","b2b7fe52-dee6-4aad-a8b1-80b6364a7c96","0971ed2e-a8b2-4995-b2c0-ddb605188998"
"67a53397-db60-462d-ad88-cd30a347f2ac","0393caab-23bc-4f33-9c26-d30178333829","071b59bf-b641-4553-be54-b7ed58f91ad7"
"69836b3a-2cc2-471e-b073-814be38efe17","3e01610a-cd95-4900-9a28-074760d4de2d","01c32e56-22c7-49f1-a8ac-deb640f2e985"
"698fa247-7d30-4fa9-90a5-f26a929f3de7","67010ed3-730c-4477-b99a-46682390783e","01935c94-01c8-491e-aa89-937fafff6f4c"
"69acb758-96ed-42da-8337-980b3e2b6472","3d9eed1c-9a77-4a8c-8395-8fa7ad1bbdbc","0aacf68c-c12d-435a-baa8-b75b6f961368"
"69bd0c4a-f2f3-4937-91b8-653915cb8987","30025875-6a3e-4faa-b492-51caf3e8ec06","09700e28-acaa-43a5-8ae7-3b0d6d913eda"
"6a2c23ba-9388-4a5c-b31c-d18e43eb4d5e","6241c61a-609b-4f55-8e42-e4bef69954ed","0980ce76-e76d-4a40-b265-e65884d135b0"
"6a72a578-f92c-477f-a05a-ec23a1eb46bf","81d3ea37-800a-4551-9af5-226af16c421d","0971a5fd-d450-4b9e-bdb7-ead88f31a9fd"
"6aa92d3a-8a59-4eab-bd75-41d8ac1f09e5","bb9560dd-d249-4278-8307-ff2f32fcd090","07c72a69-fe90-4d03-bbf0-5cbe59eab4bd"
"6c443b50-f1c4-46ef-a8ea-9aa32d19e8b5","5ea0b711-77fa-4b75-be66-e7cc654b36cf","06569346-1f69-4352-9e3c-050185425552"
"6c4b6a48-846c-403a-9f27-3bbc364819a0","28960bae-bc01-47ae-aa67-6aca448042d7","039c540c-b6ba-4f77-a58a-7005c77ee55e"
"6c5542f6-657b-4be0-800b-7d35805ed577","5ef0e09e-0c1e-47b4-a2a1-fe0aa8428336","0617dd03-10a2-4cb1-bf60-7f82b401e220"
"6ca9eaa6-1a60-4c24-976e-d20afc9c901a","012c7f3e-40fe-4152-997a-edc600870a94","00421e44-698e-4df8-820d-b1a878712faa"
"0b6850d9-9ca7-48dd-bbf6-1f45d4c4b6be","4ae067fd-a524-4509-a800-bec2f2510c25","00bc5c21-ca48-4e41-851f-18f6f7a1a945"
"155997dc-06ea-4e99-90ca-a24f7caebf27","7e718af1-71a6-4684-b384-e04e37165a27","0240f7a9-4efe-4285-be14-7f6e692d64cd"
"1657009a-5ae5-4bf0-b101-5f35362ec25c","18219370-b095-4ea6-8ef1-f75bbd20ab97","06931eb0-b1ba-4a20-aa94-31dd8149ad30"
"176a83ec-526a-4a6c-a887-c84b3aec2db2","066bed5e-035a-426d-af4c-44911a85b286","062cb5b9-2b1b-4073-9b3b-5da63d9794fd"
"17d56af7-80e4-4280-ac6f-ae89566a6277","b9934155-2a5a-4cae-8c30-7dc8085cbc12","034e984a-76f5-4e86-8e11-ce126e2806a5"
"18402b69-2a7d-4176-b509-b007214fd3c7","c1a69807-a1ac-48e5-a320-c4fe7811fca5","076b56bf-a721-45d1-86aa-c89dcaf7386a"
"1d92ce77-97d8-4318-970d-feb13dba2445","d603186f-c0ed-4d1d-9594-93368ed36b75","057cd66d-d655-4465-a6fe-079ed83b6e7b"
"1eac5f45-155f-4f6b-8fad-c7a4a338d02f","a05019ad-8dfa-4728-a304-88dad51b8ab2","016d53f1-dcd4-4014-b646-9fa7e99b0f5d"
"1ecd44bd-0f03-4adf-bb3f-c574f254d2bd","53b4e8bd-6f2b-42d7-b5ed-48073b61f274","06f4a573-7003-4d25-88f4-620ad4478b32"
"230780f6-78c4-44c4-99fb-390f97b0a5b6","d13a55be-f811-43fe-96ae-dce842f4778c","0347c057-6300-4d59-a954-9e4cc5428677"
"25329c9d-9d0c-49ff-b20b-20b6c42ff3c0","5ebfe4b0-70be-4231-aa3a-655fe0ffb0ab","0379e417-dfab-42b1-afee-8ffffe1bc07d"
"26e7f185-b5ca-4a2c-b624-08579845fb85","fc34c00d-dffd-4532-99f3-b0e89544816d","0629013d-f9e7-43ce-ad3c-5a2f1e457a4a"
"30b53d3d-d85b-4bce-ab9f-4848e8f2b620","60bded21-0445-48b0-b06e-5a1629b6aceb","037796a3-eb73-4b89-a12e-feffc5aa1681"
"3132dffc-4e99-4cfb-a6b9-e5eb00415524","752fe7ee-7ba2-470f-87f3-198bac8af15b","03af218b-10bd-430a-93bc-7a72a57520bd"
"34917451-a37a-4213-8228-0f58265742d7","2db9ff06-e138-470d-8993-aa0c08a9e9d9","06d0b205-9378-4346-a785-9fef7ff1dfec"
"36a4b0a9-f08e-4174-8143-b39a0915d140","4367ef77-4c40-499c-bd04-73baf39918a2","069f3238-c738-4ed3-bf9c-af10ad826859"
"3819d68f-531d-4b77-89cf-dcc2dad61f9e","5e6afe5d-4ff5-435d-b672-ef140be4e3c3","01f83bde-77a3-4dd0-aa91-1ebb8fad1248"
"3eaf71cd-a62a-4faa-a399-9fa0e1c6f85e","5f878a0d-a83b-404a-99ca-c8ded04eac2c","050cedcf-f8c5-4c35-bfe5-da6d3279acd3"
"45e5ff90-6f32-4ed9-8fb3-db46fe21aebc","b5845ab7-7117-4c90-9ba5-925d51d47c8a","0637fa64-4564-4806-b088-17073a04c55e"
"47418e41-fb5b-4a8b-85df-0531faa05396","f4645d2a-5240-4689-b52f-3c731bfb5b6c","01108112-1c1e-4f33-8e9c-d0fc74ce4198"
"4780f62b-4dc0-43fe-a819-5a5b9f6cebfd","d9867806-5d2b-4f29-9b39-209ae31b311f","01f8fae8-31b4-4a70-b9af-5c4f3c240cb4"
"499fa1d7-89e4-4d00-9516-334120d4ad9f","a2b660fd-3aa0-4a6b-9ab5-ad9dc59f3e77","062bd3c8-824e-4c90-a409-c80a355296c6"
"4a0b0c84-7d92-4f01-a796-c25ff930b907","a5bb803d-d00f-44f6-bffd-02788b5832a5","05702577-faeb-4b2c-bbfb-cc886478ace4"
"4b371c9d-98b2-4802-a3d3-d3ed11f066f7","3e10d834-8151-4686-8dde-aee076fdf724","039debf5-fadd-4e42-9c2b-bfb5abc94078"
"4b5a416c-888e-4fbf-8a2a-e52f0bca0920","91a527ca-6620-4d58-b9f1-0ab807a41b08","0326f3e3-017b-482e-bb29-d6caa6178602"
"4bab17a9-f203-4542-9279-e496abfd552c","b678e2bf-1bad-47ef-949b-170cd97cd82d","02c8943e-0b74-4369-9205-5f6fd676c9a2"
"4e205a35-c1be-4f7f-ae87-299e8f1dac30","7c13ce58-24f4-49df-a6c9-a443f98fd073","01902e3c-1539-4b32-9936-0f1228c821d5"
"4fe22ea9-8e88-4e4f-9a54-7bd154ef1013","deb316d4-0dd2-45f2-9030-9950ccacad84","01b697b9-6f2b-4429-a90d-85869f3d3e11"
"50ac242d-c852-4710-bff3-fb9fe09d6cb6","50abfc85-bde4-452c-ba25-31c479ea2cde","07d79aa0-a528-45ca-84f3-29dc618def65"
"5262e4d6-75c4-4359-85f0-8781c6062aa2","be3b2d9b-7a24-472c-9e90-8cb3f0a354fe","066d8a3f-92bb-40af-baa7-a3715890cecb"
"56e19bc7-a231-45d4-afe8-ddf01f86e9ae","f2c77924-67f3-4624-9995-8680aa32ca36","0347c057-6300-4d59-a954-9e4cc5428677"
"5792a970-b162-4dd2-8abc-5fc1ed616ffd","003454d2-fd88-4bb5-9d40-9d715df71c26","024b7b00-c0f1-4af7-984a-83459a2e366a"
"59d16ea9-95f4-402f-8783-4fb8fad29a21","9a6e6313-0577-459b-8156-69554f6a7d3d","015c1496-9975-45d3-bdf0-a0461f59753a"
"5d420ec2-c9da-4458-8c23-354f6272b486","1e0a63ab-0ba1-4146-8298-0b89eda19c8f","07db9b2e-b5ce-4625-a0ff-5dc3c71b8c32"
"5fedbf74-7366-4bda-a79a-860161b17a63","5af3d1d6-6149-436d-b79d-b43f7a76ebe8","0130a39a-3a29-4e12-b079-cd82d8edc739"
"6179e55a-09c2-4243-85a7-777b30910616","0a746e12-5f92-4cc9-a413-cf36766bb8b4","03fb91f1-3f39-46e9-b898-4bfc24206f12"
"61e35cd0-d8e9-41de-89e7-0c708b8b167f","312d7744-a353-4807-a326-a197f0d5d9da","03c280e7-4dcd-4686-8a52-739fdab7b234"
"622b85f7-3203-4289-86ac-900dfd8d7eff","6d99e59d-7da5-49b3-91c0-a91ba15e79d0","06d23855-ada9-46a6-84cd-6df3391e688f"
"645fbd8c-6f8d-4aee-a261-fd4c4ffd3ede","b0d83adf-79a9-4bf0-b764-daeb2a063353","0422c29b-c21f-4622-b6c0-6f30ebc4f707"
"65b28161-b6f2-4b94-ad13-a8032c9ae864","c0eb814d-a0cd-4e0d-968d-cff53bddc901","049ab1d5-8a25-4038-883f-a1637ccae566"
"66dd4363-8d94-4738-9065-71da7d1f8597","e65d7eb4-c620-4598-b1e7-021fa75f3317","0242f442-3275-4e2b-a4ff-0ac42fe8b3b7"
"67bde925-2d4f-40f3-a60b-4d9496cbc596","3da3d329-5a9b-4c48-ba18-d1367b637384","079917e0-a459-4891-9b4e-d1863cf3cd7f"
"6c7c758b-521b-4b41-ad08-51541c2431be","fcda85f4-c2f2-48e4-9ce7-0935dd100245","0591bf59-a57a-42a6-be1c-3c3a09cf2b02"
"70b5ec24-be52-4b4c-bee7-db8ca9794db3","c7f0ab27-a5dd-4484-9d76-df848213151a","035e5c60-35df-4a58-b5a6-43459806fd72"
"7145c0cd-e24f-4fb3-adb6-9bb778f13ece","f849f0a4-d09a-4085-84f6-ff8cc05dce5e","05f37c54-362d-4793-95cd-4e031eb138b7"
"726fcb48-e0ce-4879-9652-b81a1c96e356","42fc8d12-3ebb-49ca-903a-412cc157196b","0328a9e1-d92f-47ce-b9e5-cfb65b6747f9"
"7355b595-b1a6-418c-a802-29bad24848c0","d8bc06f4-a7f4-4d3e-a11a-b9f306577435","037005f0-e99c-4bef-8495-e5ee0506d447"
"776f2f23-22a6-4488-bd52-ed469c62f66b","72f6405e-0990-4abc-88dc-13d1d8f18108","05d371ee-4ec6-40f6-8779-b6e0af72ee8c"
"7a4ac437-01af-4091-855d-48b49d393721","be4a9f8b-05eb-4122-9d98-15ca35baf08e","050cedcf-f8c5-4c35-bfe5-da6d3279acd3"
"7e95e3f3-cdf5-4275-9538-f7d013e5855f","1563dea8-9bcf-44cd-a7db-29cf86401821","018bcf62-cb02-411e-aefb-d64b399779eb"
"7faf8fa8-64b8-4382-b97b-857cb53a1ab1","2fcaae83-e6c2-464b-af0b-9735e30849d9","02ea2ab9-d69a-4b0d-90e7-e69e51d69afa"
"801ead2b-89f8-4f0a-ba27-42bbd0cbf331","89a8465e-0e30-4d3c-959a-2eabc3550260","00444bc5-004d-4694-b6f2-aabc17448992"
"80a28826-efef-45eb-bb71-27610e9e46c5","c1036b6d-c85e-4a83-b6be-9cdadddae7d2","005794dd-5c77-4236-85a9-98ced72a405d"
"82216d92-1f81-4bd8-9f01-ede2cb79e221","170832ee-ec23-4d01-889c-15ff794c34bb","012bfd12-0968-4f8c-a630-d77386c57b49"
"88d21b7e-47d4-4d24-b023-fcc3425a02d5","bc868d10-ec68-4e10-a526-26554173512e","07bccce9-efb6-4103-b074-ffe85159b4a7"
"89c97db5-def3-42cc-9323-652a19debeeb","75e2ceaa-9d44-49fa-92a8-41ef1d082f27","032a812d-8a90-43c7-aa7a-f0a409d14dcc"
"8a1d1dde-3bb6-4359-af28-9a378728b186","8e994b0c-79b3-4da4-b9ea-2f62617e9c9b","075b18dd-f7f8-4ece-b67a-92dd77691470"
"8aaa7419-57be-447e-aa60-fbabe57ee53e","e4cc16d5-480e-4b6d-98d4-d10d21e70e7b","06d0d78f-e3fe-408a-ba7e-07a32eb9e118"
"8b020c37-2536-4e90-a2d4-e44987290c8c","ee8042e9-5a24-4e43-a36d-16a1eb4d276f","01108112-1c1e-4f33-8e9c-d0fc74ce4198"
"8b5cd5d5-48f4-45df-86d1-e863cd21a326","1f222c3e-d03b-412c-b6c4-160b9325aa46","0629eaf9-aae1-4b0f-9f9f-a016686b60bc"
"8c7c7be6-1c34-4a79-81f2-2cfdbd647932","81921f86-df93-400f-9360-0e84558295cc","078cda41-c4a7-4d76-a774-37e90d69bef5"
"8dca337b-5d0b-4a44-9daf-7cc810b3f1d8","c5e114da-1815-413d-84ba-331fb596a48f","016ae2b2-9dff-415e-a63b-2453f32094ce"
"8de0f831-d997-4e19-9141-1540c4faee4e","4d1bccf8-ae2d-419e-a80e-7f8d1ac71294","0740627c-0da0-4f20-ad55-0bd2aca2c4a5"
"943c32fb-bf57-4016-8461-52bc762307dc","ef4b5006-9cf5-4c8b-b577-2029cc398f4c","042fc245-8c80-4045-ad25-90a70b5f0879"
"972e8427-2583-49e4-b3a7-654bb51e3fbe","ca8931df-9b34-4e26-9447-8a963b82ecce","02cba03f-10b0-4de7-9244-88ba213e07a7"
"49ac8eb3-bec7-4652-a211-3c542e98e6b8","50910edd-b648-4e99-bf25-31dcf1812367","01be5147-5945-4e00-b7e7-d435ed4948a3"
"4a6e289c-ed99-425e-9e3f-a20f29fad723","62bac7d0-2292-4d80-9479-c019a7440c9d","02675214-1702-400e-a3f8-36ee696d73e2"
"4d590787-623f-4cfb-8065-fbe230471394","06bb2e04-6d6c-4cec-bbc6-2fd395bfbd2c","0525ed9a-c4a4-40a6-a8a9-fc7f8d709625"
"4df343da-c051-4923-9ab8-5fcdb3b4b745","f56a1edb-0626-431e-b0ee-ed892f444d5f","0e54482b-ecdb-41b2-99bf-ea6c1b882cbc"
"4f91a093-803a-420c-bf0d-76a9482115fc","466f114b-3001-4da0-875b-4a24c1f19dc9","04a2db2e-41dc-40e6-8865-2b797873c968"
"50fd100e-bbb5-448d-a7bd-81a0244edb47","361bd5aa-e5ac-42af-b716-67b0850c545a","0a256ab4-7d26-4e2d-843b-3c606c076a83"
"53339716-4f1b-4104-86a4-37e04bda3647","fe8b1409-21ce-4245-ab3f-d7ade7dd36d2","04237e93-538a-4efb-b92c-fdabda81b146"
"53411a1e-161f-41b0-810a-e6ddf8a7d823","1cb2042f-501f-40fd-bebb-38f3c7f3ae22","07bd1b38-12b8-48b5-b81e-ae7e7b64638e"
"546faf4a-b9a7-4612-870f-978eed4a0272","48883ca3-c120-499e-a6c1-9eb7ca9c051a","0cdab531-f081-44fd-a47c-908680012d56"
"559c2f54-eaa4-410d-9a9b-0f1ee09ece2a","d955d9fe-c771-4c63-adc4-a0df47246187","0918e8fe-065c-4f52-b694-8aff0550bcd5"
"58128c9d-b800-4209-a187-54011f536f50","8a15ee59-93f4-4232-ac3a-9f203afa70d8","076b7523-ffa8-4b6a-a3f1-69d01b62d7d7"
"581510be-ce37-4b2a-a60b-6e18632f8e1c","43e1ad1e-de06-4168-8745-8670b9e63a26","08a26fdc-359f-499f-8bb8-a8860e0fcb82"
"58ebf798-6f7e-4542-b6a8-9b14bfcbeb3f","3b6b0312-5cf9-4a97-8eb8-9f19a46e66b2","087dd82c-9f58-434a-a051-2a200da901b1"
"59d0c4ac-eb54-4ae0-aa71-03d39d0a8dee","ce372e1d-fa8e-4f08-85ef-06d7ef3bc49a","0250c42e-42b6-48f3-8544-eac8a935dbfc"
"5cee3203-3831-4bcd-83a8-505f8c42d3f5","60a045c1-af62-41f9-b9a0-4e37604c7ef5","0290ce23-16e4-43a0-9484-63a1e6e5d2ca"
"5d57986d-7a36-43b9-972d-f6e9f9652cfe","ae16f7c6-af3c-4f97-8ba0-314a3e9b2c34","0e102b30-b69a-4ec4-ba2a-41bfb69b4674"
"5d96dbbd-4b64-44e2-8d89-339dd0903a01","bd89dfc4-8489-4226-9539-1fa07e82b4f2","05febc88-ca0d-462a-9687-da2517189f3e"
"5e04dcd8-be1a-4ae8-b940-0d0cb6d38bab","ec7b2a87-3a07-479b-9a5f-0a97955f59d4","09ece010-8e54-4d12-9e82-ddf00bf111ec"
"5e8f26d0-cda7-4ac3-92af-a6cc850d5c93","ca174aeb-8d16-4ba6-9faf-234455f89487","028f5863-89ff-4247-a268-a326ad5b952b"
"609fff97-d3d9-47eb-aa89-222d31d55bd8","046c5791-ce43-443c-80ff-21f6128c161e","04285fdd-a692-48f9-a168-c8e30e70b63c"
"62668823-b8b0-4043-81e7-126102dd4385","cda04b06-b546-40bb-846b-a0b787cb6ac3","04bb9472-b579-428e-84da-a8a9a6ec0db5"
"63aab7b9-fde3-4bcf-a704-ce97617b426c","eb374d9f-2c59-47a4-95e4-f38092f48d4a","0d1899cf-3151-431b-8624-5a047e15b8fc"
"6576a723-30dd-4ff6-a37e-072690533977","42bd74cf-8d85-4eb5-be65-76322ae7f315","012a3b2a-19b5-4c6d-829e-debf8fbf2bf7"
"67653eb3-be98-4504-8c64-a4d46f86be71","8e9d8e3a-03b3-4b38-869f-88a3c779c255","03a30839-905a-497f-8b62-32791fcf2c7e"
"69202534-8f61-4cae-8655-bf115038c00f","2b078b79-de18-4c4c-b5da-85c8828c87f1","04cd9a1c-9372-4923-862c-8508a61b98df"
"6d08e8dd-f4bf-4ebb-b0bb-61bd52fc6d3a","a5cf0c6c-a4e8-4224-bce6-49428d9348f4","096abc1f-cd02-4d84-aa03-9f63de182776"
"6e0ed91f-887d-4481-91ef-629e9832f794","ac62d951-a0c8-4d91-bdef-a421327a2d3b","037af6b8-02d8-4813-ab5b-fe3cd475df31"
"7227138d-0522-48d1-aae8-270ca8d686cd","a983fde4-5ca3-4e01-9ab6-7e7ff89a577d","0b9979b6-a60e-4cd6-b328-73a1606a5af3"
"73528571-1b3f-4123-8233-57b6eea4a085","9a90b8d9-69ac-41e0-9aec-e0350b13c240","07ff2ce7-c3a5-4373-b72d-fa618c4d8407"
"738fcf33-6117-43ed-9a9a-0a3fb1ae019b","2b924006-81ca-40f1-9d7e-6170a3acbc4f","09769783-3630-4038-9899-1dbfc10e70e5"
"7471bae2-5292-4279-960e-5b30087c06e1","1b4563bd-7f0e-459c-ae5b-aed1448e8ec7","0c643f3e-73ad-491d-a338-1dda55ee384d"
"74776d8c-870c-41a9-bb60-78af6d656a88","ef09d5a2-6962-4470-808f-0a56223a3085","079054cb-ec9b-4a0c-bafe-5fc3b28ef81b"
"74799453-5e44-4513-920b-0da43cf42e4a","ec482116-9716-4177-b62c-3b43ecc9f7af","0b06bf53-4ac8-4052-89d6-560c6b0de8ff"
"750596a6-95b9-4d92-a182-d44d0e7f0094","d35ddc11-1992-4837-b535-b76df44b9961","0614f6ef-998f-4b2f-9e73-1db2cf7dacf1"
"751701e4-9fdb-4b4c-8c9b-c6f6fbf6187b","b00665d0-6688-4ec7-917d-de4686c85c40","0c811ee6-6c64-4fcc-93be-29869bb6a342"
"7629ce97-8c5f-4195-ae55-3495ad55245f","7b67fac4-4a97-43ea-8266-bd398ccab42f","09be3b78-3744-4b41-8eda-b593b97e54c7"
"76301dc5-5ef6-4a6d-8b94-1202b140ed18","2aeb92fb-c088-48ab-a735-9283e5b89316","07be076d-d9f3-4001-b460-b830d6aff308"
"77c9eff9-03c7-4375-b053-8785e37ee0ae","60179ba6-640f-40c1-8198-5ab2129b5568","0048a7cc-c52c-4867-8adb-227f67584bc3"
"786bed1c-b7ff-4d90-b2ea-87c672b9e2a6","e7811431-b82a-45d1-96c6-db1f30165545","01a3a00c-06e2-450c-96e1-979d55738a41"
"7aeb1712-f50c-4692-8d92-8e6cf1cdf633","d40a7ef9-3050-4715-b25e-fb83c47e387c","01c558b8-edae-4146-aec1-29c5bc0816e1"
"7aecf4e6-8a64-460b-bbd4-5244785745e7","40e69f5c-7599-4ca8-9978-ed454b5b3dc4","054e2d22-7573-4464-8130-b314212e65a1"
"7b3ffc6c-e1e5-4229-9e9d-24352b681bb2","e8e52763-9f43-4315-994a-c91d024d6959","09541a82-d55f-4e50-8540-d867019b7bb5"
"7c6cbd75-8db8-4e9c-99d3-139b82dc03cf","4982ef76-5344-4cbc-bc42-cdd1d3ea9bcb","0dc95910-4371-4570-b1e4-38f19c4f65cf"
"7c74da46-ad00-4190-8a80-170d37843f7b","c1b1bdb7-7587-4c10-a012-fd43a0174853","044fe976-0fab-4d54-9cff-13be0979a5e5"
"7d1c93fa-f60c-4998-ac99-8e5a450c9227","bd063410-816b-4cd4-aa9c-41567e4ca2a3","0861f6cd-95a0-42f9-b3ac-5c244b5a425d"
"7dd444f2-7b11-499f-8958-1baeac824ae0","db2ef49f-4620-4108-8b4b-b691fdf22ec0","0c8fe9ab-bcd5-4e4e-aa2d-c32b1cf65d3e"
"7e8f2f0f-7ec7-4f83-9909-1ecdad9d53c9","b45f831d-a3ed-419e-80c1-fe183107f6d4","0186969a-a8ab-4fb4-af55-3a5c4be972d6"
"7fb73f64-1bd6-4495-9ffa-681b731dd3b0","c7694c3e-a02f-425c-9d91-834f0a4ccff9","03f0bf8a-a01d-4429-b015-2d23758dfc66"
"cd1a6202-d8cf-47b2-aee7-5e41db53d26e","5872ab4d-6de4-4e80-b0a5-37da7aea6909","0b275696-1bde-4888-be4b-735464fa0f6d"
"cd9a5a67-3d3e-4d7e-9f2f-966277436d69","1b17eff8-37ac-4a6c-923a-9b7f7f418166","09eb2e47-3707-44dc-a264-6191d29cbd0a"
"cea3e60a-d255-477a-a410-f938332f2ca2","e7d38d28-1296-407f-9c07-c4c0092032e7","018c270f-8cf2-4049-b131-bf7e95b9e429"
"cf01f400-926c-4977-a6de-b4a2708b52a2","75b1d78a-461a-4f46-8594-cf7dd2dc8abf","031942cd-b920-45b0-a8c0-a17b286571fc"
"cf26e4c1-943b-4024-a309-c0b28411976e","6e66c396-84f0-4d23-998f-478b52591eb8","0e102b30-b69a-4ec4-ba2a-41bfb69b4674"
"cf63a9be-1d67-4ffc-bcf5-c70d9fc9c283","9c449d1b-974e-46f4-8c0f-d3ba3fb04a8a","0c8fe9ab-bcd5-4e4e-aa2d-c32b1cf65d3e"
"cf69ea55-0ba7-417b-bf2c-fdd51ce52e4c","fc85fae6-5621-4ceb-83b4-647596f437a9","082202e7-b08e-4746-b9dd-014be3b09c90"
"d1d487e9-e13d-4580-9fce-e037a3e15efe","c04d398b-c615-4b51-95b7-eecc66e785db","07bd1b38-12b8-48b5-b81e-ae7e7b64638e"
"d207e0d5-906b-4bd8-925d-b14569fdea2a","2a63862b-4f77-47b3-9590-4b6b7a2684cf","0d60c568-d26e-4674-895b-f560c87499cf"
"d3aac79d-708c-42e4-a76e-712ae7867a81","bb3cfa13-0cb4-4ce5-b1f2-e50cf7f840bf","0b69b0d0-f9bd-447f-be79-c59a8b4f333b"
"d3d6b096-1455-45cd-bf1c-b489ed443fb9","358b628f-eac4-42ef-aeaf-e6394895d50f","017d96fa-947b-4a7c-accd-899f1fdcc8d0"
"d41050a7-a92c-499d-9af9-1b8a3dcf6363","4fe6a717-0a9f-4e02-a636-7ced596f3b84","05febc88-ca0d-462a-9687-da2517189f3e"
"dadbe975-1f65-4b03-a831-dc4fc612364c","c8682213-e298-4049-a999-c5bbfff3e940","07785fdc-749a-4aae-beea-1efc03df79d8"
"db6912ad-8826-4066-9fdf-5722242fda1e","ddff7c24-a99e-4240-82b6-a6d7027fdda6","0b358448-bf7b-4eb6-86f4-cccabfc23f92"
"dbf4e9c6-dca8-47db-b82f-5d6658acdfca","87f25c81-dbc5-4e75-b154-b1936572f519","07c521d2-ce27-4cb2-b363-ae005a04286c"
"dd8f05bf-6b56-4f6c-a2be-91be64bbf42c","c371d749-fb65-427d-bf4d-a8cc93a7d178","02808e06-91f1-43f0-844f-bf0c58f080ef"
"ddb4f039-202e-4ff3-b548-66991712d43d","e4b7d121-9e33-42a8-8e16-e51a455da3f3","0924adf7-ae3f-4766-a1de-b9dc49069485"
"973debeb-372b-4a7e-a63e-8df8dc956864","8f55eda2-7c42-4123-81f0-b9ad634081f2","03210137-89d2-4e17-8144-00c0db1a3731"
"97cbcb9e-c840-4460-a482-ffc434f1b11a","32e6df6a-26c1-457c-9436-9f9b48d3749f","0325f3e2-e6e1-40f1-b6b0-8b699a6ebdfb"
"9c2ab1eb-e936-4f3a-84c8-95a1e00740fe","c4066364-a4e2-40dc-9271-53e9bbded36d","02dfa4aa-1403-4b24-bb6d-8a23565a5cc9"
"9e46fc6c-ec53-41e4-bab7-5e573b44cf4a","2317bf97-822f-42e7-9651-8890b6727b1a","03d876cd-e9fa-4c22-8da0-2d40070fe8a7"
"9ea410f9-8dd2-438d-86d0-2fec029f0138","a7935cd2-1e59-40d0-b2b4-050fbf519f46","0723b309-4950-4d80-9505-b4ebbe373e95"
"9f3f0ed8-1abb-48a0-8e42-89a4f52d1f44","cb738792-db45-46cb-934a-6af99a967b0b","07c7c90a-2330-4d40-afe9-eb80971a0fb7"
"9fbe2cc6-dd51-4aa7-a7aa-bb7f6a5bcf61","07ca0b78-796e-4311-9786-ae7926a6b231","00d18f73-f61b-4c28-b09c-13b51cc399c0"
"a206bd48-aa65-4299-8cc2-c4155f26e4d3","25630c54-6947-418c-827b-382184dbbfee","010998f4-f7dd-4c00-a268-24fcab983765"
"a3c8c122-b985-4e72-8d0b-d3c2b74529f2","70f2eaef-6a73-4af6-86fd-19615a2c860b","0298f83f-3ed7-4618-b486-74180afc14ab"
"a50decec-507b-43c8-a39c-7706f78552b8","c4379bd9-9d1e-43cb-9234-fb391336e273","0768a284-7000-47b5-9e38-9db63e1d9bcc"
"a77e80f2-cd6e-4c5b-b2e8-34c1e51e837b","42192d2f-3496-42c3-9957-d46af66bd703","013b8c74-18bd-437f-b8d9-2389bf7e865d"
"a9e34d1c-2565-4c97-ad47-fbfbd5dc4819","cd64b1ff-40fb-495f-8797-5b45d64f69cc","07c35475-de36-4390-a844-24284f42a4c3"
"ab6e82d4-6d36-48dc-a145-3465c7cd0cf2","fc74fbf8-c64d-4cb3-b43f-c0c9ad57a650","0768a284-7000-47b5-9e38-9db63e1d9bcc"
"acd25bfc-e35f-40b1-b614-bc0994777651","47dbf70b-38c0-4dd1-b539-90d3adc42c47","00d2cdf7-fc83-409c-b5f7-130080406a20"
"afb59a5e-6f69-4fa2-a04e-11a48f336062","515bead0-2dca-4beb-9de6-373920a20063","0292ad29-1435-49eb-9105-422ac7d0ea10"
"b2c93784-d001-42fc-b690-a0c011e36435","09fe61a0-9044-4310-bbda-9216dfbc661d","03ad4e75-0a72-4fea-9b68-9755daa3f968"
"b5c24440-f529-44dd-a7c3-ebd75a3f034a","1c66a2f3-c563-4dc4-9506-529009cda015","00fd312c-0801-42df-8375-0b9d8bebfa8e"
"b6bf1031-2ec4-4755-8b93-623873bc1dd8","c5cf1486-438a-4842-83d5-bcf2db145c86","071e8f35-421e-4789-a152-8afacf6370fe"
"bfc5519d-9cc9-4508-9e8d-4af6eb24af9d","f9ab627f-1080-4182-9993-5dcae48d2612","06c49487-c6ee-4950-b069-42624255601e"
"bff14f94-2589-40ac-b376-8ef5b85138e7","19824bf1-728d-42b1-b3ae-9b83abd8fc22","064f4c44-9fc3-4f7e-b864-0cb779cf42e4"
"c4939c12-28bf-441c-b803-093ff19da854","b36360e7-d043-43ac-b265-13ac1df682f1","0681899a-4500-4ce8-a7fe-e600c3a7c79a"
"c5652ec0-f526-4ac6-93f8-ab10fe151599","829c4e8b-322e-4e35-b12f-32eee4f5aed0","02be5396-0d69-4b21-ad7f-7f22a9b7ea39"
"c908488e-df3a-4f6e-9a7b-31f933b62311","5f7d5e38-5873-4106-b051-b5367279b8de","00ace18a-c960-4df0-a1b3-02028d594c21"
"cadbc602-ae16-4d86-860e-ad050ac382a0","96efc3aa-736a-4a42-8a31-d537563da13c","036f7f81-5870-4995-bd45-cdcfc87fe677"
"cc093ab6-c195-43e3-a051-2f01f143f88c","de9d0d45-0f88-41f7-bba8-5d72427d1692","024d967a-3dec-4514-9e2f-47cf72d237a0"
"ce001df4-44fc-4a9d-8705-9bfe1cdd39fd","8a49a7bc-dd91-4e95-a945-9d1288594098","0616ebc1-fe13-4821-a9c8-7adb3031969d"
"ce2d22b0-bcde-4ecc-86cd-b0b32e907ce2","d054a449-4894-4c21-846d-c0bb91221711","0264c5a3-5bd6-4a87-90ea-982ae9132d1e"
"cf11efdf-19e5-447f-be5d-f699dbcfce78","6d61f267-c0b5-4439-a08c-9d599b9afabf","01716f90-69ec-4fd1-8279-16a29bb2d969"
"cf918182-b3ef-4ee0-ab03-8f9710474eee","37d3f3eb-e8f2-4ba7-99cc-348b892eebfb","04ed8517-016b-4c14-bb51-b2844e945de2"
"d0a665d2-e2c8-483b-ab11-3a99739d081f","7428da5b-215c-4baf-a9d8-866e12fcfe82","049bc83f-3b9a-4e80-9d56-85588c0397ac"
"d3c77498-dc3c-4dce-b5ce-3d8f90a5d680","7b10ca08-5836-416e-b085-a9c3a61d57b0","0062062e-b73d-4cfa-8287-d760b8550917"
"d51ffa1f-31ee-4e45-8a41-406550b339f3","182bde47-9ea8-44dc-adc6-6402b3fd8b4b","05fa44b8-6398-4b82-9621-76d71825db46"
"d53d168b-4367-4b46-b1b1-8bb7678102b5","6b42cf04-f895-462c-a942-f8a9a5ec3b42","065df522-e66f-4c32-8173-115076a9f523"
"d960a4c2-07a2-49e3-90d4-41a1460e2353","b7c33c3f-bb9f-41c4-9adb-dd3d34b29501","0060991e-7437-4283-b9d5-1c0a8bb5ab5d"
"d98e31b6-1b0c-458f-ba08-008fb421a467","0329d1e5-ad43-4255-89ba-d958d9047f6c","074263d8-791b-4156-8361-d7ce50174e6f"
"da706785-a40f-45c6-a113-8de519090629","44be4b9c-226b-4a0e-b8f3-06c25300e12a","024d967a-3dec-4514-9e2f-47cf72d237a0"
"db4bfd46-7f69-4ecd-bde4-0d9a3a2cf842","b81899ae-0ce2-4136-99d2-5ebe3abf4d8b","018da494-b3af-4788-a97f-474f5a72f551"
"deb75448-322c-4d18-93e3-95f4e75087c4","98f3ba42-d558-4f65-bfaa-908abb103914","002fe921-bb99-452a-a5eb-3ea9b4b9c020"
"e3921768-c61e-40d1-8573-d9949b55692d","536d47c2-0c78-4a03-9da0-6fa55263fdaa","002a5a3d-3743-49d0-9fea-c0bbdf5be92c"
"e4758a60-43ec-446a-9098-236fc3acb481","7d368bd9-3f4a-4cd2-a689-eb3f838369a0","04e5ca7f-ec96-4990-8fc9-cdf4c5a57327"
"e5e49a92-8eca-44a9-8467-39d6354d7223","e84d38cf-b86e-4629-9b84-3ae309d4e60a","07e632a5-dc07-4d27-9802-099bc74741ad"
"e6200323-5d67-40db-8e84-691694845a2c","a13cf7a1-da10-45e3-9947-5d368a1fab0e","065f89a9-d069-427b-b854-3ebbaeac882b"
"e79949e5-41b2-4fe3-b481-fecd29450cdb","3fe8fa81-7727-464d-8d62-3ee1d259248b","0788ef3b-183b-4763-b639-3aaf432582de"
"eb2c075f-b7bd-4318-94fe-6cee8fc6aca7","db5beaea-bcf6-4a52-b248-dd00fe1dc4ea","0770cce0-a52d-426a-89aa-6b9f74d42e9d"
"ec66969b-b84f-4175-b077-7a2bbd48b63c","c23990e5-17f3-4687-9d9a-6f50b075e72e","05c2e8f1-556d-473e-9a5e-a06781672eed"
"ed2eec92-b2cb-465a-9e0a-7c3f6555d7d3","d8d319ee-23fd-4695-83d9-9af32d731a06","051c40c1-8dd8-405d-8c38-329d29bce095"
"f3defd08-b1d7-4643-9bd1-7d7d5b85b94a","c97ff9c9-5777-43ce-9f96-7ade9b993e6a","037ff9ff-620e-4b93-a554-27dd6e91c42c"
"f45ab7d5-f109-458f-a13b-6136c3dac140","bacae69e-b4e2-416a-bf0e-cc814dbdeed6","02f8ac44-46d4-44aa-8444-b12e70f04e5d"
"f4c5fc0f-7299-4c28-a8c7-1877c0c7f961","d670ba0a-996a-49ab-a2fb-4718fc098658","0788ef3b-183b-4763-b639-3aaf432582de"
"f80fadcd-c999-4201-b667-f6c51b0340da","710b3325-1db5-4b19-8431-20e48d42d1cf","07abb28a-d7e2-46a1-b4f0-8785c1315dcc"
"f836af37-1dea-4302-822a-c62909513773","4d5bc827-f4b7-4e30-9290-cd0ba84e03ee","057b0663-3daf-43c9-adbb-c0e0fd0e163c"
"f8a358e0-b058-4a6b-b699-11100448fc4a","14fd1d2e-d5dd-4ee0-ba3b-fb63e632a354","0117ca0e-0aea-46d6-8dba-6cfd160aa9ac"
"fbcc277e-88b3-4abf-9ddc-c965c5d61fed","10cf2188-255a-4b41-9fe1-e0a3fb095e20","073bb557-da0a-4128-886c-20eb4a2a2b48"
"fc09ddc0-d549-4365-9ba5-23f2804a3673","9bfc459c-0252-44ee-a12b-fbdfff43915f","05fa06e9-36a1-4bec-b884-130fdd8a5f78"
"fd004901-f8fa-4646-847f-059720b142e6","2ca9e835-81de-4996-9153-7b09068351ae","0382f720-cb9a-4c29-87ce-d3403b65a1d2"
"fef88106-df5a-4d60-a591-de502e4510c0","711c89e5-0df6-4170-8f79-b26eef850758","021176c1-9466-4d82-960f-57d6ceeab409"
"ff3e2ea9-58e7-40a5-a2f5-e9182b1980d0","985c5143-9c8a-4eb2-af73-bf30d022a26b","072e63f4-a563-4f5a-9a98-e72a6321bc1b"
"8173533b-f64b-4a77-9cb4-5439d5696a78","6d558c65-0635-4976-a1e8-7d5a762c0b6a","038f2efa-4bc0-4504-9f80-5626e3d2713a"
"81faac78-cbae-452d-867c-af42c30386be","2aa706a6-6771-455a-8398-ef191e41a399","0014d38f-c84d-4316-82c7-d9f8dbf1b51c"
"84fdb88b-2ee3-483f-b00e-e099e047d548","3b6e9dc5-d764-4a65-8750-8d2f034459f2","049d5055-a584-4c36-8ea5-ba8855bc25b5"
"88cee479-a61f-4996-b779-bfdb6462abe2","55d18b1a-d1f7-429a-a7ee-dc68bd261e80","07bc4395-a588-433b-a5bb-8d2c88f8d1c8"
"8a42e2bf-2908-42a2-b147-a1a315633c2d","8753695c-d313-4569-a239-77f1c559bd1a","070c93c1-d7fa-4805-b985-9d444d3adf41"
"8dedb8e9-6c88-4497-acc2-80eea25599c2","269bf242-1754-4cb8-8db5-24283411a17f","0265a832-e88e-44fd-b0b6-52f40bdcf03c"
"8f44814f-36dd-43be-ab49-c7262738ee3c","0a1c6b36-39f4-4df0-88c4-37566e18e4bf","04f9e68f-ac7f-46d4-8d04-3bbfc4a5e8d9"
"92f8b4eb-0cc9-43f6-9fa1-37e3288d2471","d878720c-7d43-47f3-9202-c72628b0c317","0583a071-a4f4-43bf-a7d2-be21ccb7e036"
"796b8507-75f3-4548-902d-da7264eb65bc","5d7ef26d-02db-4ccd-8b04-e5dcdd219c8a","00f7b8c5-64ba-451b-a29d-99c7f055e34b"
"7a4a8bca-462c-4660-bd10-6c625e3706f0","17a10d69-16ba-497e-9326-d12e70169b67","0339ff2b-94bf-48ed-b598-8f06f930561f"
"7ccebfad-3fa4-4797-80b5-54ec377fe2ef","fcf600b8-60cb-4290-b794-119520c8d704","0649aff0-a798-419b-990f-af2812960ee7"
"7ffe1e22-ce25-4c89-a5da-e1c10f4a9319","7e6a3d83-82a4-463b-8509-7c84fdb84c9f","0119be95-85d0-49b4-b3d3-49e82ec5eb2d"
"af9684e3-731f-4e1a-95ad-0e9954f9636d","83be222d-bcbe-4c5c-a4b5-e61362aa2787","035f5e61-a1e9-4925-91f6-c03e3e07add9"
"afded716-3859-412d-8676-eb08cfc81ddc","cefa665b-fc57-45dc-8bf5-213503d777ab","043b5e8a-384e-46e3-b755-a67ad37322ba"
"b0b6bf55-4973-4632-98ea-2f52bcfd4fa6","4d74395a-b4b2-4a96-8f17-aa80e1e316a9","0af5eaea-3b52-40bd-860a-fed53404f5fb"
"b0fc2c3f-39b8-434b-ad7e-c3a3452826df","9a752936-2210-45fe-82c6-8502b63a7825","07882089-feb4-46e0-9dbd-6ce49ecdbd22"
"b1076869-0a64-494f-b294-3f9caf657d0d","c6a466b6-13f2-4f0d-8064-b9049f98c3cd","033f74d5-99de-4191-a86d-af8f059850af"
"b18f2fe4-18ca-4692-a9a2-b44497798772","c5174ed9-b8d5-4abe-ae40-a7b6229186aa","046e33ba-ae0c-463d-bbe7-4406f5705a79"
"b4a300f2-cc9a-4c2b-85a6-4f87e04594e2","4a8f052c-9015-4727-a324-005663b67b59","03a9d460-99be-486c-8790-c72de8917913"
"b52e3dd9-1dc8-45df-b403-f526e5f96339","68f2ed08-8b9e-4bfd-be75-a0e73287807c","0509ef57-20c9-477e-b4e6-f2c98cdb1366"
"b655e90b-f190-4a48-8fc0-5afbd01b5479","6c0e2917-b8ed-4877-9bb6-f3d94cd9bc00","043b5e8a-384e-46e3-b755-a67ad37322ba"
"b7f49e5c-1eba-4e24-9947-b5850986e558","62f47274-62e3-453d-9f32-0cd2078a29af","093ffa25-b070-4fe9-893d-4ecddcefefd1"
"b965728d-2b07-49f9-aaef-1956615be35f","5772062b-1839-4e06-82ba-40e41c9ddc17","0b6d7537-6ca4-49c4-9461-cd8b1d825e49"
"bb3ee380-fbcf-4bb4-a658-058f7b876eb0","6cd5305c-4115-4b69-98e1-41038a492979","07f06525-5532-4f86-a6ad-7490ef8fb1c6"
"bc87831f-2664-43c1-91b8-9cf8ea9b08e2","a455d136-1649-4b7e-acb4-925c587c505c","01f684b5-04ec-4b62-89d6-1667ffb209c2"
"bed2586b-617a-4fbf-bd8f-c15b97b47cc6","ba621db3-5997-4df7-879d-29e8d1ccad25","015886d3-5ef6-4c37-ad78-8ea295f1b19f"
"c26bc4fb-cade-435c-bb57-33ff8191ca34","6f5db576-2dbe-49c9-845c-5e14eaf809cc","01ae3b7d-f237-45dd-a3c6-54867514c682"
"c428b902-5f70-4de0-a145-78994dbc4413","ffb34fc1-6645-48b3-b1fd-430a41ff4678","03b2d57b-be4a-483e-8698-e51597098935"
"c6b1dbb5-de12-4046-bb55-8867a51076f6","ea0e2cb6-b51b-4f4b-a3a0-0e9a622d1f78","08ab020b-ebbb-4c99-973a-2698e18f1162"
"c7279893-defb-4d68-a0a5-8a362e82de9c","e12efece-d25a-48b7-8fe7-9e4d8b4933fc","038c5e31-fa30-4896-9a2e-f3f294277618"
"c7f753c9-0c63-4a4b-b3c4-a9f8553404f4","a9bbc846-2d35-4569-ae63-5987ba42eb15","0925e3dd-1fc5-40b6-84d5-edd55c523caf"
"cae67f8f-cde5-4193-b74b-d7d3cd7bd759","3b3f4d62-8fb6-48a8-9686-64a7c057be9d","090208fe-a428-439a-971c-d61845704603"
"cb210c38-9307-43f5-b8ee-350fc10d4741","2f18b554-2844-4535-92cc-58a4eb87ebda","09690b4c-982e-41d0-90c2-c1bc6d44c3d5"
"cd081d6e-fcb1-41af-ab97-0eb3bf05cfad","0a8121e0-7405-4b7c-b50e-9e36cc97a54e","070537a4-e2c7-465a-b879-b122ce25f458"
"cd8d80cb-d645-4a88-ad3f-b0d343952528","9ace212b-9a8c-42fa-8229-a0c710825d55","04abc8aa-2238-4af0-8300-622407af2aaa"
"d28a3a0e-d74b-4771-8b0e-9d1e888a6670","48025464-3013-4656-b55f-f34e82e8c37d","01eec4eb-6ad5-4625-9410-f3ee51b2a09a"
"d551d5e4-c165-4c54-9644-bde71fb843f3","f68ad14a-0726-441d-b4a2-57e3ebd0b86e","045bd16f-c74b-4bbb-838b-59698bba511f"
"d6ea4ff1-09df-4e3d-8bca-48843668e072","a46c6396-32fb-4b4a-80f1-81426b02b4c4","09547c5a-cb9a-4615-aa88-f878608a272f"
"d7aa5782-f1c4-4994-b255-f1a767db0f58","96cbc0be-39cd-4a17-b4b4-116e03b531fd","0af6b093-0c78-47dd-b3c9-b59d4beec854"
"d895938b-0e92-40c3-be65-8c81417746bd","b1e08ca3-a2aa-4d68-86f5-3a832c80c3b7","07f413cc-58ec-4f1d-82b7-3b477e125b14"
"de4f5bd3-7d9a-4faf-a731-32fdddd91064","0beb7220-b410-4baf-8948-aa7bcd9fbe38","0b82e617-5e32-44b6-9193-3cc4609e6cef"
"e0a83dc4-b68e-4b08-b7a5-4e935cf8273b","0a5f8d1c-185f-4cec-86cc-cdf002ed782a","01634eb3-d8a0-4d48-b502-452339a47608"
"e2f0afc2-14c8-409e-9204-4a43c970bfa6","93a44195-9772-4de8-b724-053c8b415803","033f74d5-99de-4191-a86d-af8f059850af"
"e43c3754-7815-400d-a4f8-5237b4a6cea1","925c6c91-c0a4-4e7d-8142-c81ceca68a9f","0b6dcaee-bd56-4e36-b3ab-4b3a7faa304a"
"e456fc47-110f-474c-beff-57f4526fdde8","9c6bf413-b310-466b-87d7-db7844145422","06daa269-3e49-43e1-ac20-9a9ce4ccbb63"
"e49613d8-1868-4ff1-ac5b-53d0e9b18593","50eb9f05-0e9d-496b-ac92-7e92081b2f6f","075840ac-e230-4225-93eb-d6fdb4706c78"
"e50e9129-d857-41b9-97cc-6b89c346601c","fdb533f7-c9e5-4341-a307-8039f9b02f12","01a5ddd5-40f9-4bca-af7c-df26e003dd49"
"e6147284-76ec-45d8-adff-7ac8118e8e90","a7e6921b-4e99-4dde-a945-fa15f3bec793","077ae598-bf3a-42d7-b991-2f012966c104"
"f5c8fc0e-de8a-4910-baa9-5b82ee1b14bf","5f2acf41-3198-4b28-9719-99900fc5b557","0a2d1deb-8fe8-4533-aebd-c5762ef856e3"
"f627be7e-12ed-42eb-8f6e-ae21c882e5f7","832116a2-b8d3-4aa5-a19d-b6ca4cd5da25","0215b73f-2ac8-43be-82d6-41a782800616"
"f6c2b8fe-04bf-4ffc-be76-27f0fed4f042","7c893f8c-6457-4b01-a5bb-33d0ba1fd1df","07fd55fb-985e-439a-aeae-9d3446f353f2"
"f743f3f5-b9de-44ad-9517-84af8dfc879f","1843a3b8-8b06-4dd9-b8eb-e5ba4c1c6eb2","07ccbd82-2bcd-44e9-aa97-fdfd87bedb6f"
"f87a92af-e2d0-4256-93f4-e2184e008057","77a03b27-43ce-495b-982e-a2b1a4d2a7ec","091dda71-8272-40f9-ac2a-815adfd348c3"
"f90159e7-6ab1-487b-97f7-57d3c9c66c18","0c84d800-5608-43f1-ac3d-cfb357f873cb","02a22c69-5557-49d5-8efa-a25d1ba2e51c"
"fa3dff66-a3df-455f-8ba2-bb596da8edb1","025458b5-a37f-4c68-becd-87cddd993ff7","02b44323-53ad-45cb-8014-a87ef15828c3"
"ff51df33-f79e-4509-834b-c7ed81e81590","a36e4bd6-0a39-42ce-b42c-bf6415af00ca","06fa6558-3c15-414f-b203-629c33f4b99a"
"83836f4c-1b36-4bd0-a9df-2a32efae11a7","d6f494da-6bed-409a-aeb4-fef9fa1dfeb9","04bb5aa8-d6e5-4e85-b879-ac6ef291a1ca"
"842cc303-6d2a-43f7-afeb-55b1b2a9dc1b","38684f73-c93f-4e0d-af8e-a8a812679c38","00f7b8c5-64ba-451b-a29d-99c7f055e34b"
"843eecd4-f998-467c-8285-a66e101ccde7","fc51708f-cf8e-4b5b-866a-48e2320dda3a","0b0acd41-b61c-4ff6-94a4-c7114e8222ff"
"851aac4e-8b06-4476-9e05-6abb33905b93","0cafe15f-ddb8-41bf-afc3-fe3da7ae2e60","073580c0-b799-4003-8918-b18766eb4e7a"
"852f8255-3051-48c4-b03b-087aecf74b80","c9fa69d7-4dcd-48f3-b7df-34e27682448d","0534f58b-3361-4e7c-89d9-9ff78b46b451"
"87984698-f6a3-4337-8ff8-32304b4942ac","46369d40-85dc-40e2-9da3-6385bbbac347","07f1f87f-3153-401e-adf7-a7ce2bab2529"
"87b0a9f9-8d84-44cb-977c-d4c844b1173b","2e966c8e-8173-464c-8628-11b70a95ddb6","0b3caa64-b91f-44cb-8706-57f681905745"
"89985e64-9c43-4bd9-aa20-0b2c6760828a","5fdbcdd2-0a57-4043-8a21-1a8ec3bb6189","084440cf-3ddf-475b-87c4-2cd4f4d3b78a"
"8a5eb9a0-fa52-4bc4-8180-ef4b6733890a","61ee46a7-e3bf-4db5-953e-470d62a234bb","06c78515-2179-409f-8509-d4666ce0a076"
"8b3e6940-b6b7-4826-8fa7-17b509d60aed","75aaf9e9-308a-434a-b084-179458b7024c","0599707c-9d2f-4b45-8049-d1bb4d72eeb5"
"8ca17a39-e8a2-49c0-b8d4-9a6fdeb90f30","8613d2dd-20ba-4f48-bd40-43c2b9326e3b","03352311-1c49-4867-91f2-b6737737595c"
"8d3d9a27-819c-4271-b2f1-b1a309825d0a","dbb1cab3-aa4c-44b0-ae8a-6b66e73c23fd","09814c35-927b-47ce-9adc-1fe8fa8710a1"
"8e6f51b5-2294-481a-90bc-d77e4c523bde","fdce891b-b2bc-416b-8260-63007de18ba7","01a9db8d-5259-45cd-95fd-2bf9681d2512"
"8e7cb0d5-4bf9-41c3-86a7-178d9c39ee23","204f3e53-6345-46ab-99a6-c9bd80d4f45a","0077ccde-7c95-4ca6-867d-5fb97f3bb82e"
"8febb93a-8d13-4d3a-9a16-196b5c3bd2c9","790f0876-6a2e-42ff-a6d4-272432c2f205","0aa56414-3e43-480b-93d1-e85203c72b38"
"9037f4e4-ad00-4fed-82af-1c75ee8ab947","310a18b9-d21a-4f62-9190-6654e9d805f0","093d5284-92d2-4e76-911a-a66732d33b41"
"92dc09f6-a323-4f87-9914-8131aaf13ef7","153db63d-f1aa-46bb-a9e0-75bb8e8ed429","05dcee57-d8ab-4e97-8f44-a2ff9b5bd980"
"902f756a-6f00-4e99-b0e0-c4cac53128a7","992be4bb-23cd-4b75-acb0-b638a063bdcc","08aaa0e6-eedb-43b1-9e86-041af1d48f0b"
"9089fce2-94ef-4d36-a7ef-d17937275da9","065e900e-45ba-4faf-a8a5-fa570d7718aa","0c338a98-9fbe-46d1-809c-5da807c76c8b"
"91b2cd67-354e-400a-93ba-84645a5f5f35","db1e6b4f-fdca-41c0-8537-3cc618dae7b9","0d9ce8ad-e679-4a9d-8658-494b6c87b769"
"93cb61ab-cf16-4404-8a6f-eda6200af994","8b99325d-ba0e-44b0-94fa-e7f9f4b4eed2","049f23d1-07f2-42b8-b5ec-1d0b927b1faa"
"940a6a4c-ab8c-4eb9-97b0-ccbf8b9add31","23f37047-0eae-41a4-8b88-1bd94fca3804","018e8de0-e8b3-47ca-baab-2f4477416eae"
"94b67ffa-af31-441e-95f3-129ce74feeb8","0ff39570-f6db-4e50-b741-abf3112c9b0f","0c604e5b-ca9d-4241-9e21-577e20a3480c"
"9504977a-26ff-4487-953e-f8d3107bc7fe","c099e470-4a52-4b79-8402-be91cccf5680","072300b9-30d2-4319-b8d7-aef1d80ba888"
"960741f7-5e27-4d85-8510-ea4348fc1cd3","b71c7ee4-315f-476b-8868-b726c2f6557d","098cb6b3-5ee8-423a-b664-3668c977627d"
"96b1cc2e-bbb6-4945-ada1-b0cf43fa34d9","82100553-b588-436e-8c00-5dfd08be7027","0bbe3256-7cba-41d3-b17a-805d03007752"
"97f6a930-c5ae-451a-84ae-566c51c36136","57764319-e9e6-4968-98ea-15143c1f30db","01a5d40e-d247-4560-a168-7eee9f9cca7a"
"9b3d8110-48ec-4976-9b2d-f74a0662aa08","be95fc1e-fd73-4de8-be2e-4fd4ec887afa","0e9d91bd-e11f-4e2e-8f93-37d1e1092a0d"
"9bd7b9b6-a338-47c6-b7f8-70a52c6611dd","af4a7f5c-d86f-409c-8b3d-650adf423de9","01a5d40e-d247-4560-a168-7eee9f9cca7a"
"9bf9d249-030b-429a-9adf-a8ef073b16f1","8c4251e9-3c1f-4731-b602-bb0f0f7ed74a","0cca4176-1c1b-4eb1-8298-a640bde212e4"
"9c330ea5-85f3-457b-ba0e-b3e5700c58e8","3adbd359-451a-4a1e-84c9-e41caab338a9","0837fead-e1c8-48c9-8af5-6844269d1f05"
"a018e6e6-c4a0-467f-a4b5-862ff40f96cd","1b0aa7ad-3407-4a34-a36c-84e8e9104e7a","05cb4293-b5cd-48e7-8299-8d43fb9c1dec"
"a0b7cb73-d762-4986-bad2-0afb83dd0525","6db5644f-5e6d-4bc2-88f6-196f6d3f33fb","0306e50d-82d4-4caf-af3c-97f0393d895b"
"a17f663a-f894-4076-be44-593dd322d28d","40664f71-d7fa-4aa3-956f-de8f52edefd7","06603fe8-f809-4b8d-aecc-6407cc396e2b"
"a1a68c37-38bb-48c5-ac5d-76d1dc803156","77506bc8-be48-4ba5-b0d8-51190657a124","08384894-dbf3-4a8f-97a3-ebe0f13beae4"
"a1afc287-b512-4fd4-956a-29f36df73bee","9a2dd215-f103-4213-a8ff-e2ef7c8b2f8d","0b49832c-f432-45c9-9bd5-fd99b77b3a93"
"a225c0c2-a3e7-4cdc-8893-cb7d7f177e58","ece737e9-0ae4-4b4d-834d-9da437ddb9e3","07f3c390-fa64-400d-b0b3-0fef6104f453"
"a2ff8b02-c615-4cac-b7c3-542e35d22704","b8cafee2-19f1-4b3d-8ab3-4229f32342dd","030143c6-85f9-4798-8442-221c98c6edf5"
"a36052e9-5ca1-45ef-81ca-3832df7aa70c","be78b846-038d-45b0-be4b-5b5e1d48a768","0c1cb1a2-e996-448e-ba1f-d205fd30e230"
"a4bdd10a-2460-4ef4-adb2-19f43f45836d","4caef182-b66b-4ecc-8531-dc8a5aca4259","0967f62e-1956-4f26-b900-34eb713fd9a2"
"a5259a06-f7a1-45e4-b76d-f703ec06b96b","2330f264-c129-4c56-804f-ca503f81fb14","02768348-5a26-420b-9c2b-0314245eafd7"
"a5f04c19-a286-4fcb-b75a-e067ff318f27","283f602b-b1e1-492e-b6e2-3f38ca083b86","0af4e84e-7c17-47ef-bf33-ce46709a0a12"
"a60d5d4f-1be4-4453-adbb-2f0f2f572b58","e588859e-2e68-4150-ae74-e625debbe56b","07b4d8b9-09c5-453c-8de5-f76d9a1d9426"
"a68ac3a9-0511-48ad-b911-2ceb886abfa8","61d51f6a-5e59-41d4-a819-e713c0901224","08101950-3850-4b13-8a9f-550edff8d8ab"
"a73885f1-1fd5-401b-80ac-9917fa7d587c","60896a7f-4199-4a6c-8151-651be199a80b","0eb6a47a-cae8-41fb-961a-ec7bf09970f0"
"a81a5b33-c5a9-4e27-aec6-8a1b3712868b","bd53f950-d83e-4216-9541-28f9139e595f","0c64e137-5d1b-46b4-9659-ab6695e1788d"
"a8d8a911-25f2-4b85-9050-c21582211365","30f1ed34-6004-4857-88e7-ddea0a043ab3","0b8995ea-a551-4a4b-8e68-b20abb049579"
"aa90795d-002c-4a00-a184-3b4adaa9ad28","0c8cf66c-6af0-47c9-a0f3-bf9ab81c2cf1","0af90ebb-6afa-419c-83a3-09f0c0e8b950"
"acb721ee-0715-446b-864c-5983259657d5","f721e7b6-7a04-47da-86d1-3e8dfca8275e","09c01023-2d6c-4509-8ef8-fe87428f1f3f"
"acf9845e-5a0d-4d33-9a0d-dc06b1a8a2ed","3adbd359-451a-4a1e-84c9-e41caab338a9","0771624a-6e5c-4cd8-b153-7fe1226fc486"
"ad1e6b81-3b6b-4df1-92b7-0d22515226ff","43393d03-f672-4041-a084-18606fc1b3f3","0a8fbe93-7fd3-4734-ae56-d8f783bc4ef4"
"af338a4c-9345-46f9-9bc4-043660e45ad6","7fdc93ad-844c-4c79-8bdd-f38201392e62","0a7eae8b-d66d-4213-a586-17c87e0114ef"
"b0af1cd8-f031-4446-9df7-9b1ca190d221","b115f3cb-4ebf-43d5-9982-115c64582dba","03e5cad0-5186-4c30-a4c0-7b46999b279d"
"b21af6cc-6c08-42d6-9c99-e676b581bb31","4776cd9b-c31d-4109-9a96-a68a77895fe6","00fa7892-aa58-4ed0-83fb-8497849688c8"
"b30e4483-43e1-4022-986d-54451a251f3d","62e8d6ee-03de-4a05-ae6e-77c34572028e","0450de93-aa0a-4c79-a23a-ae6a52cf6752"
"b322de44-c4fa-4b0c-858f-60384276d909","41841033-d03a-4a3b-a651-2b0315ad9e4b","0543225e-c586-4d2e-9d43-b585687c4949"
"b3e56baa-c5b1-4758-85aa-31f1b7c9b4cc","db66f103-339d-43c6-bd6a-0b77310dfa09","06ae9eb9-65b2-45bb-95b0-11d1e5f11dd6"
"b4f974bd-831e-4e18-95c5-d52e2a52dbb9","2cf5477d-606a-4829-a1ed-a87d60cdf074","00a1007b-7cde-45fc-afb8-101619c8d4f7"
"b5e24fb0-69e1-4db5-8457-836e1eac5d98","21f9a5d1-c629-44e3-b88e-ddf3795d9bd2","0664b321-1897-4a22-8178-2e9aca90adb2"
"b5e30763-830d-4e17-bf9e-a08c9094c748","30193bee-6890-40ce-ab44-c59bb3cb0330","0298b176-84b6-46d2-91c9-ea8aa376f1d7"
"b7d1bf7c-1b31-467d-9a6f-73c20684e180","e8f60baf-405b-4983-b655-391f7290bd6d","0bf16865-161b-4e2f-a3e9-b4fc7b7e4a44"
"b87ef0ef-796d-4b53-8054-3114542d8d5f","a98c26ae-b6b7-403d-95a1-e9515867932e","034ab51e-7939-4be5-b583-ca92130d5251"
"b893c1de-176f-4f4e-9354-36cc01db2b5f","54159193-a9cc-4e33-a8d5-0d86eef7223e","04cc6437-4751-4df6-9ddd-dc8aa174d979"
"b9319c04-4ec5-4ef1-a598-6f473305fdc1","d1f0b430-8064-4765-af1f-cd5b7149b642","017e7280-c6eb-4126-94d4-52d4a2cac785"
"b952ad7e-47a2-49ee-93c4-58c9f2c0f584","ea95afc2-bff1-4159-974e-8d6c3523bbee","036d5c44-289d-4456-9f65-063efd5cecda"
"ba096e18-003b-477b-94b5-65ac53ab6889","d4a90764-10c0-401b-af94-0409d823081b","0c17535d-7fdc-4ba3-896f-fa1b0ba3ce81"
"bbc9b4d5-862e-4b9c-b917-48b2032ff52b","66eb7101-c344-4974-bbbb-f70c9043e085","059d59b7-0d46-40e6-846d-ee919112e844"
"bdace08c-4c14-4a41-85a9-ab33b4eeca2c","03d8549c-ef56-416d-b441-bb00db458c6e","02933cf6-abf6-4464-b34f-56455236503c"
"bdcf813d-e0e0-4aa0-aeb9-86d85dac82d8","5b3a0c1c-92a6-439a-8284-ea71296cfc78","01025223-fbe2-498e-9b37-a11d99147ab5"
"bdd8eb54-5c0e-4cff-aef4-26a72fc1401b","a555dc02-0633-46d7-9330-a425c361c6f7","023cfca6-77d8-468a-9476-2be205c7de29"
"be53b31e-a0ad-4d5a-aabc-232e093a2b2d","3f71952c-e6ec-4557-b3b4-7438310946a0","04cc6437-4751-4df6-9ddd-dc8aa174d979"
"bf6becde-a7c2-4b69-b791-1b0c11ddd44f","ee8f69c6-d3ae-46ec-bc42-ff0425f0c3d2","011742a2-d838-4c52-98ee-1aae389ff226"
"bf8854de-2470-43f8-a24d-43c16b0a4402","087cccc2-935d-44ea-8214-0eb1e0ceeec5","07a3003d-450d-4cda-99b6-4932aaf3df60"
"c4c5efb8-cf28-4d31-bbed-7aa74de6c08c","60d22268-178d-486d-9ee8-59194d80445d","061dac70-d6f7-4e19-bc9c-7464e913902a"
"c763e576-f71e-475f-b02e-dea33d898068","648d4636-f790-4ce7-a722-dfae0eb3aa0f","06076123-547e-40ff-ae17-610219c6569e"
"c76733f7-3d3d-42a6-877b-c69a906a4ca0","18f8f238-7283-4055-867d-79fdd0bf3f18","0c264af7-3965-40b9-a9f4-0a62fc9f527c"
"c8fbb52d-a055-4156-b472-d91619b7b926","54cbf5bf-bf66-4b97-b8ff-f815bd2c228a","0def09be-9188-4d2d-8625-b1dc2034feca"
"c960322c-910c-4c76-b159-743bef19cba9","3c4b78c5-3b55-4e40-8d3d-482e4b4357d3","00f46bc9-86d3-492b-8707-b5e98a633ca3"
"caa1e8b7-53a4-451c-8fa9-7ec417f67524","5eb07711-2583-4140-b08b-ce0e1dbaa497","096af97c-a58e-4fa7-a958-0ff20042998b"
"cbf97815-c97f-4a6d-90ac-7166656ee67f","ca8d5508-8362-4abf-9863-f3d2fff4460b","0202908f-f739-4667-864d-ea5b913ea626"
"cc7820bb-91af-4a79-97d4-76c1a3bd4c98","e4fa31ea-2b45-4741-a346-bab679c8c453","0922ca9f-d54a-4110-828c-020f4535c9ef"
"ce8fa261-a07a-4c29-9cb5-8bfe62b2f74d","79ec3ad2-8ace-4d28-aef8-619276382c36","0cbc2cb2-028b-4b7b-b8c1-bc8435e820ba"
"9943b85f-1919-4116-a180-2e926b6f7579","aac62ab9-c75e-4bcc-9750-0b36d27e4683","00edc89a-419d-41cc-a724-70af059d87cb"
"99c8b985-d65e-4358-a6fe-7f545915a378","cfcc24a8-ae3d-4145-a5d7-cfdaec9e5f8a","091a8d62-1d81-411c-8fff-a0bdc730ed8b"
"9a074cb7-1757-4896-8b3c-334c534e8558","acda05cd-adec-4317-bb65-afc1119a5b5e","0756aca2-9211-4594-9f7c-15e1b819def2"
"9b2472ee-67ec-4b7b-8f1c-31915acaa494","2c2234e1-c304-4dab-91d8-f3b69bac6d74","00142c18-38c1-4986-8e87-23e68b609b0f"
"9bc638e4-320e-4230-b84b-a8ad062e9a10","98135d59-f284-4ac7-b19a-8e7df92a900c","04435727-f6df-48b6-a9d7-2115e799b28b"
"a3c06c90-a45a-4ea3-808c-82b94ef1b13a","f85fb8a9-44aa-46f6-843c-1059d334bd06","022a7589-3649-4362-9fe0-cf43449c2bd9"
"a665f13c-dd7a-4529-8792-410f43538dec","238e0812-19dd-49cf-a52d-13e942023b2a","0453825c-dded-4dac-a63e-dc7641680533"
"a6966eb0-0988-44de-adcb-a428fe0ed09d","641d91fa-a40e-425c-b189-677181b3f8e7","07c8cd69-1da0-469c-97c6-96e9778d4a57"
"a69c52cd-140b-4e6b-ae69-f61c8e6768e4","2c0b431e-b7ee-4b39-a196-4076e256e779","05998bff-db5d-4d50-b521-e6f15dea2cc8"
"a7e9fc9e-9a4b-4d98-9b3e-b3afe866e490","d09957bb-0196-4c88-8920-55e4520fdd26","06e1240a-5e55-42ae-b15d-b43ce2c0d449"
"a80dceb3-6acf-413c-800d-13ead99caea7","3592d558-5b90-4c06-a691-ec64c25d08e4","09ef34cb-d060-45a8-9179-74f6497f9b4f"
"a9d3cb44-30d9-4128-9da0-cceaa7c8e720","e88c07d6-31f0-45df-b088-8cf8b3fec4ac","07b1b864-c375-47bd-bd5e-e39d24ee7d8f"
"77797d07-6acc-489e-acfa-d42a70d142db","8122f4a4-b47b-4ca4-8344-76153bd34c20","0a326c3f-ccc4-45fa-97ec-c24eaac32688"
"782248f3-d346-41e1-93fc-f9191f7755ad","a8affefd-aacf-480d-b4e2-c8584a96f193","08ef9956-58cd-472c-8872-5dd2cf45a149"
"7827c75f-9c03-400b-bbcd-7be62a85719f","0f56154e-bead-4702-bd74-33e76de09216","0779b727-3bc8-4228-9eca-f860c3934a01"
"78afe11c-0e21-4ade-a751-6a643ba99eb8","971a214b-982e-4989-b027-1f94361f8934","06e04023-9b81-403b-a37c-34763447012f"
"79ea7497-fb57-461c-9dbc-4fb6f72cf38d","455b0fe4-1b52-4b26-a377-19fffd387362","0114acc9-2192-460a-af7b-34d3a0b5f485"
"7b235158-79f0-4352-baf4-ef925c485e44","f073dae7-419a-4514-b3b9-107760f1e532","058741cc-78d1-4b57-bd94-4f20d6d4307a"
"7b52a749-d3fa-41ed-8f1c-b388aa286c88","ac6ab6ad-e4b1-4106-ad23-9aa0cc883e2a","054e46c6-f559-4793-8909-8e747e7dfeaf"
"7be5474c-2c63-4eee-8c6b-085817f05b1e","2411785f-dd46-43f4-8e4e-e4f0fe951881","041ae678-9d1d-4e02-bad0-12e502871e6d"
"7c625a0c-b814-4d9b-8d62-0de2cfa98764","29d0cd5e-e7f9-4253-9cb7-f53941ec5d0c","0b0f923a-083d-45e6-8282-cf98e9a55358"
"7d4193e2-89db-4444-9798-567f2ebd29d7","2ed283b2-9bdf-4fda-95b4-518c7b519105","0534cee2-ee25-4298-ac6e-df8e302b1d60"
"7d8fcdd3-74ac-42e5-90d6-f36df8ff4ee1","eb7ef3d0-34ab-43df-92b2-9d9f6b23cf73","0250f2ee-3aea-481f-9378-bb5c708d82cc"
"7dc95de1-65a2-4f25-aa6a-ef5fa7f39283","bb61f375-0f9d-40af-b32d-5dba5d45db1a","0857a48f-47ec-4d98-8efc-ac2573328b7e"
"7f781cfd-10ca-457e-9a48-6675ecfb2bd3","86120bf6-867e-439e-b689-e3fb683356ae","0a298b08-ab51-4e1e-b0bb-b3b7730374cd"
"d5039e10-ceec-473a-bc92-46c56972e33e","d8be32b0-7249-462f-9dcd-909a2cf0db3b","07233db7-d34d-42c4-aaa3-e3da91131729"
"d568dc06-7786-4cfc-93c1-49830f78425f","6f0bbc43-6220-49f2-8a3f-e912c9bb30ef","09b05a58-3689-483d-b6bf-357d6b7b88d8"
"d5ab83df-e59f-410b-8be8-4390f4b1fad6","d29f2b00-22c8-400e-a698-c7b5d94cf8b5","046afbc5-828d-426c-9cf2-59ee727871df"
"d70168ad-f2bc-41aa-b966-c37f48ff69e7","640fd3b7-a94e-40e4-9e3b-d45968e00c0a","071132aa-0038-41ec-9893-baf0549e2a87"
"d80249d6-e645-4e89-9eea-e2d807679c66","6d64652a-f1f7-4d7a-81ca-8288acb83239","0ad708ee-a200-48ef-bafc-028bf67e1ebe"
"d806ea37-8336-474e-b93e-b99fdb94bf30","8877907d-df28-48f5-b044-92a398588c22","0b6306a6-423c-4860-a4bc-84f48c1beaf3"
"d96f4f2b-899c-4378-9d96-14da11770aef","f70bbb92-a783-42b0-871c-7fcc85655184","0a9a4d62-dd75-472a-908b-6362631013cb"
"da7af185-44c4-411e-be28-54bd3defbb75","144f4cc6-3a03-4f9f-a828-fd4f54224a22","0955f2ab-b1bf-4434-8f46-fc4a8ae02a13"
"db8152b7-d36c-4850-9cde-7c3ad6b5e1fa","5144cd07-922a-42d8-8fc6-5232f950bf19","015727cf-15f1-4c6c-9ffa-534c00cc33a1"
"db819761-8199-4d87-981e-6d255a32ac97","723c9bcb-7b0a-4580-b2b0-23fb4582e080","01a751ae-401c-4b5f-b806-8064557d030e"
"dbc1c8b7-54e7-486f-b0ae-999f45216fcf","7e31c162-2912-4e55-a7f3-006546db3df8","0721ccfc-492f-441c-b8c4-fd399039dfb3"
"dd464e2d-f9ae-44f8-b2ab-68d999751b9d","657c0372-240a-4a43-aa9e-7bb1bfdd034c","080eda5a-2d88-4553-b86f-daf92886035e"
"dd8e9c0f-e776-4fee-a052-e3a5402eb261","f309b517-8656-41cd-8780-0aac20c86fed","075de934-a070-4b89-b1cb-dfd790ce0be6"
"de4a7486-0043-4d0a-9f74-4277cebcda25","374052e1-611c-4a84-acc6-5b4dfc07f3b7","04f888d3-e63b-42e0-ab6e-5965082af79e"
"df45f687-9f1d-4980-837a-e0056b64f665","8ca395d0-88d0-4787-90b6-ab07a45c8109","0353c39a-62b0-4267-9d4b-79124d132f19"
"e05e53dd-20c3-4e7d-81c8-2b00da9f43b7","3918772b-06ba-4a98-8271-c4623d028f18","09c0fde2-ce37-4e0a-b965-020cfde22af9"
"e10551b4-76b1-45b5-8ffa-6a27e9d43c51","a17c4fa6-aba0-490e-9e4c-7ee2382c01da","0660e81e-be93-44c1-91f5-ae7aa66ba797"
"e3dd9f6c-fddc-4ede-8c21-f7e3f8ad8752","3e12ef83-4a29-4c71-8444-e0d0dfa07f16","083e3c8b-c001-4266-a838-43255a15fe42"
"e5b20fc4-3bcc-428f-8281-475e8c95fd1a","3848cc24-4935-43ad-a466-43201414ae0b","045ff1a9-bf06-433c-9890-1cf3d3157462"
"e602ef24-86e9-40ea-97fe-c1f923b653e3","83027501-8cb3-4abf-aec2-29bc74dc2b99","02337a8d-6d48-44f2-8264-1426982ea316"
"e6e875bc-ab43-4631-a3b6-dafb25f8564c","f08b124c-3258-477a-8d7f-013322127761","0353c39a-62b0-4267-9d4b-79124d132f19"
"e7e95a31-48cd-4872-8782-a7e60ecb3e8e","7d7c211c-d97a-4da6-bc76-cafd134edd2c","037f7eed-7d98-4bc4-b1d8-43c1e906ff21"
"eaa2e543-90d5-400a-9715-e2419ab8b701","a798cd65-bb77-475c-9f8d-fcf33aa2b11c","030e5bff-5c3c-417d-b9e5-fed6b4ed528c"
"ec81d80e-3638-4937-bc4b-b0a8ab8c4b2a","d70ca745-4cb4-4f23-a59b-e1279b3e28a4","0b6370b0-ddc0-4600-9a45-534475a07344"
"ef2ac410-5013-4b1f-a52f-0fca604ba731","61816f55-1340-4ce8-a757-534d09c58522","0afcb224-817b-47e2-8308-1fd4897e4a1e"
"ef4ad487-bea7-4fa5-b922-ed49af23d199","e6aa8609-99dc-4e9c-9310-1e6bd3d891c0","01c9bfec-dc9f-4fb0-b1ad-a3d0d0f5058a"
"f19622e8-5c45-4c2f-883a-df25dcc31279","7a4c9224-3f2d-4ad5-acc0-6139bc5ecbbb","04059a8a-ff87-457c-9a7e-23d22f351690"
"f1df64d8-2427-4ee0-b974-f115f69710c2","d155dad0-3f74-404c-9619-4342829df4a7","01126045-f2df-439f-9b09-0c546cbbac6b"
"f210435d-79f6-44cd-9faa-e056c4aa3962","7f52ea59-c993-480a-a7ee-944e963da424","00d92c47-3b6e-44cc-bd60-3d238ce993ff"
"f241baa4-8624-4023-ad31-f341714dda73","df7e23f1-1a43-4ad5-9419-d9947caed55f","08a1bd08-6660-4b24-9591-086c91ce0674"
"f26d4f34-d643-4dd4-82bb-6b27b40bdaad","1dac82bf-a032-488b-bbb2-318f99eda3db","0427a3ca-57fe-4024-9b45-9885dd169e63"
"f3b77605-217e-4c26-af4b-b897aa2d7702","5a8fa5ae-9fb7-487b-a853-363cc5b95989","07ed2a16-a739-4cbd-96cd-e3bd8fb30923"
"f3c14f1e-827f-413e-8290-8aa127131d3e","d09556cf-0870-4b57-866e-f0ba0a6d6b3b","0256730e-0df8-4d8d-884f-a4e349e21519"
"f432b34b-44f3-426f-9d57-ee03a0c36f11","400702e5-74dd-4a0a-b0e6-641259f5c905","04595b2a-7903-42ee-861e-1e31776ea8fe"
"f5558a4e-e4aa-4fe7-b44b-0d3db2661c64","167a3c0e-f0fe-44ba-98c0-0a57c653c179","0a7e4f42-a8c5-4057-8e6d-04ed6fbd85f3"
"f64c0849-dbdd-40aa-b98d-21ee5d8ab7e6","9ea1d69b-8277-4509-8e54-d05fa631915a","0b6370b0-ddc0-4600-9a45-534475a07344"
"f6977e28-8162-444d-a2bd-5d333a8bbbad","053f46d3-cfbd-4705-b7f0-7fb441a36775","0a412896-020b-4892-b8c9-384e9967dd82"
"f800a08e-5482-4406-a0dd-1fd70cb45094","c79d2d95-9276-463a-b2df-b3f016d2a1ea","0b33a7dd-e523-4fa8-9697-979ec3cd5b2b"
"f9ee906c-893e-44ef-9a9c-0819fcca963f","bcbac714-25a7-4374-a9ad-4dc1f2ab8854","07c8cd69-1da0-469c-97c6-96e9778d4a57"
"fc33fe8f-9a07-49a6-81da-a2896ab09e42","67a13eec-6f16-4f34-a4f4-c0320a070bef","01e524c7-e5ab-48bd-9264-12f4e3a07fbe"
"ddcc0144-1f3d-449c-9e9a-aa6a62edf5ca","d409d994-f097-4aba-8c57-438dfa612659","088638bb-8fa8-4616-85cf-ae808c19f417"
"de3e0dab-1c24-4e9f-8142-c90243bb2264","00c69233-b674-4f25-9f3b-bd53df976107","02e6c7c9-4a3c-4151-9c0a-fdf339b1a55e"
"e1b77a49-dafb-4df5-8671-6fc6730c264d","d54eba71-3e0e-4575-95ff-b3ca465be2fd","021f177f-204c-421d-98de-ed4ff94b57c5"
"e2049afb-53c5-4e49-93e3-b77b90f34695","e97c99fd-9cff-4cff-b51f-e8ab4fdd0c2e","051d050c-f6f7-4bf4-aec9-a3fc67a41632"
"e49223a0-52d0-445d-bcda-fd2e87ab444c","bcad9068-11c3-4ce0-bbe1-34581f513aab","03fbd1c6-db14-48f3-bd6c-4512bfb3352b"
"e4fa7426-928e-4e01-a14c-7b690d59f1dc","3ece1c68-a539-47aa-a911-42fbd805b31f","011881c1-1fea-4d4a-96d3-b98ed3aeef8a"
"e80bbfc1-3597-43a6-bb19-2b1e9bf34a3f","a469aabb-6fb8-4fe5-84b9-5820e653549c","095bc203-31a8-4242-941e-b68cf84ac834"
"e85621d4-2f45-42da-907f-f90bacaa4982","14f86874-61c7-4147-ad82-9cf8ad8a5667","09a7d1d2-afe6-49f4-914e-2ef55a8b3b79"
"e9127d76-c9d0-423d-9a7e-e4cf26417b6b","528a75ba-8fac-4ccf-a231-c22670f87551","0918e8fe-065c-4f52-b694-8aff0550bcd5"
"e91658f4-2089-461e-9fd0-5b0412ad4a1a","067c1d60-9f65-4fd2-9f5e-de94f6ddef88","050e3b94-54f3-407f-9a80-330d4a5a46e7"
"ea58a355-3156-4ce6-a0d4-486e7bb87d6d","f411e928-c5d6-4396-b20a-216517bd5a1a","079cd75a-1b16-48b3-afc9-2f6696e5ea9d"
"ea8fa6c9-519d-486b-973a-396fdc8e786a","fbae7640-a193-4496-bbdf-7e399f00548a","04e727be-92a5-4925-b821-a643dc3dfac1"
"eb9401a9-6c0d-40e2-9457-2ae3a7efdfe4","d671cb6d-5841-4c04-85f9-33934c44dff9","0661b710-fa1e-43b3-b83d-0f6852edaf53"
"ec02c7ed-2036-4481-829d-73fde5b5c6e6","b952971e-5006-4b45-82d4-1eb22e90f655","06b61294-d20f-4a42-859c-1ce759c60ac8"
"ed15e35e-1e1b-4094-9d1e-899f34f77da7","55b68e63-67ed-4067-99b9-80d70a99ddb6","0b353e01-6260-436b-8d46-3d2405818618"
"edc66be4-cc27-4318-bc05-4553c5a077bc","b8d5cec1-11e9-4a27-8bfc-9c1edc06f04e","00be1964-295f-4daf-9c8f-e70cb206b097"
"ee5e9f1a-2916-4a9c-99f1-a3021bc6b338","caceebbb-c40d-4727-828f-1878f2e2707c","04895219-caad-4488-88e9-40a8a1513f91"
"ee78bd2c-ae2b-4cd4-87dd-6c70049db74b","5ec14c8d-2edd-40f3-98e9-9919e0cd693a","04c9f1d9-6680-40c8-8667-d245f719c41f"
"ee95c179-2363-49a6-9669-86db82fb42d8","ace0702d-8b58-40dc-b5fe-0358f25d902c","04557aa6-0d4a-4656-8aa8-827183154c8a"
"f3439949-99d5-4c67-823f-91efdbf3fb0a","b4c12cc2-e85f-427d-986f-a8e794dbdc71","0683112e-fb9f-402f-9320-b1bff61480cf"
"f3c5bb7d-e49d-4237-aafa-b3d1565e1e16","0f976664-e542-4150-a585-b1e8bf7c582b","045379f4-bc60-489a-8f20-12c4dd6bcaf4"
"f3e3b8c3-53b1-41f0-a84a-99c59718a2ef","6a33a2c9-a155-4918-8c30-79765b8730d9","0ab88e91-6148-4590-856b-23ca9c63ad84"
"f4c24a77-c6ae-4244-bad7-d7103bb990e1","edcb47dd-688f-40df-b03e-7528c9a2f949","0032d03e-8642-4498-b596-71f2f03083d6"
"f550280e-9fae-48f4-b443-a856ea6e2f65","9cc827c0-b1ba-4eed-9225-8ecc24d7fe4b","0495fa8c-33f9-41d9-ad8c-3015ca44a054"
"f59d45cc-f7b7-4661-ae9a-9fd6c51288d9","324ce026-b2cb-4a38-8e9b-0882cfdca185","0c500803-b6fc-4d86-98b4-7f7db4370204"
"f5d02597-6c95-4a03-afc6-943402cc87d1","3f148278-f86b-4dc3-a385-9c3bb239bff9","0600a632-760e-492c-a2c8-5a89c4b965fe"
"f692004b-8b36-46b9-9c29-c69f60481b9b","e852fcb2-93e8-4446-8030-a686507b3f24","05bdf00b-b6c4-4060-b432-ed15153a6408"
"f6b46acf-a6db-42c9-9746-8188910ffc01","e9b78296-51c3-445c-a7d2-666b62995bd7","060dae90-2c1a-4a4f-9b07-7286f546ae56"
"f7976f8a-dfc0-40e5-a359-7569c677e44d","b529d3eb-c402-45dc-949b-befbeb524d8f","0e1fd2f2-ff03-4915-9011-55d345f1e463"
"f81c9a4f-2ced-4130-be56-0d3ca8a32191","ff1d4a1e-7e73-4c9f-a3db-91f7a45223ba","02822667-5b50-447c-b64a-e5a6aaeeeb52"
"f834cfe7-212e-4f1d-9816-e9c1b6bb8c2d","2003159e-39b6-4ba2-a0e9-4cb6d7a2727b","0dc95910-4371-4570-b1e4-38f19c4f65cf"
"f8513d44-2b8d-4be4-b39c-7f6cb853701e","071cbb2a-6098-48d1-ad7d-2cf375235af3","05941b17-14a9-43a7-b25f-c65eb6312ffd"
"f865e84b-dde2-403c-a46d-1aa8fc05ec0b","ed9f5eaf-39b5-4b74-9e42-c23b124dd279","0644d1ad-3add-4edc-9275-10d9451f9b44"
"fa6d16e0-0145-43fb-b2a6-fdd15e3a0676","469d0f17-6fb1-4c9e-aef2-89e84ffd3850","0428fd58-9ece-4fda-8f4b-85a5e8c45e0a"
"fb6ec68e-f099-44a1-9c92-647283958c4a","77e1dadd-669f-46d2-bb4f-54a2aad672db","0d75e4cd-454e-4ea3-aabe-889ce96d2fa2"
"fc0e6420-4b28-4089-9243-510bf6edad6c","ba19fd48-1573-411f-ad69-654e6f6d9be9","019fa628-0794-4ee2-991b-81ecb2072ec5"
"fc5fcaa7-3e1c-433f-815b-09fa777df6af","93959c4d-7621-48ce-9531-23a37dd579ac","08f61a2b-fa33-4fb1-b408-790eaf718231"
"fc8fa70b-162d-4c87-9c62-1131cffb8efb","6a8d2722-5095-4368-9468-a7229e17be67","00031f61-e2a1-4b23-bf7d-cc8f0602b776"
"fd0402d9-42ab-4156-b67f-da6a17111695","82e79722-033b-4955-ac57-1550ed1f4f98","02505749-1f50-47a7-ac8e-6d8217a80332"
"fd6eaf3f-368f-4c2a-9d9c-64e0b73cee06","f58a3e51-d7c7-476f-b6c2-3eaa54eb95a6","00dd4e17-3507-4d9f-8d93-59227588261d"
"83865db2-2e12-408f-b479-6b6c6d7f65d8","b68364e7-e269-4580-a86e-59607142cdf7","0924adf7-ae3f-4766-a1de-b9dc49069485"
"846f637d-5418-469b-a645-d15810a25fcb","66da82a3-6c1f-46f3-bf42-40c3dcfccde6","055b9d52-c4eb-44b6-a4ef-037e6f5a7452"
"87d92ca6-9564-4193-9785-e00488597796","e2607487-102d-48c9-9bb7-005f38e0689e","0ab42c8f-18cb-419e-bffa-8a89a04c7900"
"888bef6c-467b-4e46-8664-3adb484ab470","2cc0d70d-7dd7-4cee-a3cd-5dc673c45f88","01d65bb2-1766-4bf2-8719-df2d7132d40f"
"88991823-793a-4ad8-8cdb-ffa310344e0d","6c3d8db8-530a-4fa5-b812-90c07b079b6f","0aa10817-99de-4795-a182-f9692ee9027d"
"8938051d-c724-418f-8758-9cdaa35e6170","1fabf7ab-45e5-4890-a7d6-1a43830c54a7","0e3b62c0-5f41-49ea-ae74-b7f9bf8fb403"
"8962041f-65ff-4a3f-9f4f-08be3b00b4b2","7b27b33d-0bb6-4114-9797-a18641d8dd24","0116e02f-6d92-4894-9ede-bf6940c9e86e"
"8a60e024-0557-4b4f-9725-ddcba473e96d","eea59f3a-9a89-4966-a305-1fb0b99d6210","09eb2e47-3707-44dc-a264-6191d29cbd0a"
"8b25b632-ff96-405b-9045-33b8b84e70c7","1562afe8-b2a6-46e7-9318-4f9c7c82620d","067af6cb-a415-4a7d-b61e-5319e05a4d24"
"8cd5a763-f27c-46fc-9530-a09ee174fa81","b5101623-0e43-44ec-8297-dbaa51807521","04b1f133-afdd-4d3e-9ec1-5b84eac11334"
"8d0da56e-d420-42d7-903e-fad67a300af8","4be8d460-509a-47d7-8a72-06b4735670b6","04c8095f-f0d5-4a66-af16-c2762d1425ae"
"8f54f21b-7604-4cfa-8b28-41b65246b347","fab479c8-d0b0-452e-a5a0-c8c028f54b69","0ab56a82-ab03-467c-aaa4-f8d5e4c3aee2"
"8f819016-9be5-48d9-bffe-f7b84e45a59b","5610fda8-6d00-468f-b0ab-379a2fc17840","02563662-57f8-4814-ac7c-0a2d16f8db2c"
"9004147d-1226-4ce2-94cc-fa31f46aaf9b","df7192b1-79f9-4f25-b69b-724463cc9f65","0e04d637-a6ac-47d6-b929-cadcedee6715"
"916feef2-92b4-4210-864e-3ebef2b063c4","c40f9b79-eb3b-4b88-ba99-e99eb62ce860","0c5ce1bd-be7f-45ef-985f-7f0356ea1814"
"944bb605-93ab-423a-a89d-750b90146ebe","32b650fe-eeec-4917-ae8d-4af5db5bbe27","0c64dad3-136e-48c9-bed7-f05f32224b1f"
"952e70ea-4001-4496-a35e-38804fae0ce3","db1e57cf-f36e-4f24-bea1-145bb34dc0bc","0985ab09-f2b5-487a-85f4-1ae6d9579df6"
"95c175ff-c6ba-4bd0-b150-13e5d70d9fbc","1d2057ef-dfa0-4ab2-8d51-e1a47228ec8c","045a2115-644b-4596-a4ae-18caa0c68f76"
"96119c90-786f-4b4d-b255-fe3a5ceeccd1","8aefe3bf-c083-48b5-8f5a-a75c0aa58ae4","050e3b94-54f3-407f-9a80-330d4a5a46e7"
"97dd7fb0-0c5c-4994-8c56-fc60547b482b","d89dac48-2047-431f-b408-f364e9be22a7","08b22422-5241-446b-b85c-4a265ea96040"
"99cd00fa-258b-4e7c-8bde-f7766263216e","6c56ae5e-85c3-435d-81a1-73a35d42d983","0df5a7bd-5f98-4dad-9ed7-f24535796dba"
"9aced3a2-1be3-456b-8aeb-e3bac8c41dfd","df3a6c98-d81d-48a4-8dfb-68ee1458f283","0ab43ada-d551-46ff-a637-d82bf58efe5c"
"9b8b9881-3d4b-476d-9323-3fba5a49d9b9","d4788961-2273-448e-9117-deca6fd6435f","0c0310d8-b056-424c-906b-c9160eda51da"
"9c71deab-005f-4488-9d64-7a2163498f13","4eb0ba75-089d-435a-871a-61fceaaea50f","06b61294-d20f-4a42-859c-1ce759c60ac8"
"9c9c6529-175d-4d33-acb6-f50ae5c298c7","28f0b3ed-d2bc-42a8-9c6c-e91f563b0ef8","07b140c7-968d-4558-addb-319317c471c4"
"9d2cc3b4-ba5b-425c-9e91-39787249b3ed","3315a103-3189-4e8d-9ead-1006671317c6","0441e1ed-ee65-4e89-aa83-5fc5f973473c"
"9d44a29a-03cd-484b-af61-f75c6f21d908","f3ab5446-9fb8-4c4a-b587-49c68db98c61","0d4bfdad-3198-4e75-acec-b87454d4ff37"
"9e0dba3d-a99d-415d-b992-d8b7ff308b8e","7ebdcb29-5da2-4562-9f63-8b25391221dc","0217c1b4-2dcb-4a99-a1aa-eff379ceb7c3"
"9e4cad12-41ff-41bd-a532-d01948844f0b","a82eab50-6ccf-4394-8d24-e4d918017fd3","04557aa6-0d4a-4656-8aa8-827183154c8a"
"a04ff05f-36a2-4288-8898-ba66e6c9123d","c4668fe9-039d-4bb3-8fa8-978c7eaffe6a","0d673871-2f8f-4720-af86-54994c752bda"
"a0947411-1c26-4839-a8ac-fd513c74c56d","2b2b236c-30e5-4baa-8fef-03ff805da9ee","01da054a-d46e-4c9f-b50b-59dd70dae01d"
"a1594746-c96d-496e-9b1d-524218bb9503","b5590443-af4f-45a7-9b0e-1b0e814d01a4","045a2115-644b-4596-a4ae-18caa0c68f76"
"a15b61c3-95ee-4794-99b6-94eae796622b","27c6cf18-3a63-4be4-bda9-a1da9c80ccc9","035ab1b4-b4c5-496f-8389-79f31fe50fdc"
"a2403880-72b8-4137-bd59-2f0624902bf1","3dfc51f5-97b1-4dcf-8706-e5db267cb751","0c4db8e4-6a31-486f-93ab-93fe3424da41"
"a24fc215-625b-4360-b337-51be210cb326","235bc442-69a9-41ac-8ff7-c0d55aee1763","04b20969-12ca-4a95-a368-65ada0ccb7f2"
"a353b5e1-31d5-4710-84d4-e3d36c370788","1dc28ca5-64ef-41e8-b12f-08bdb401bbba","02172485-daa1-4d01-bcc2-c4a1a60079cf"
"a58739ab-efdc-43dc-84b9-c6673f50d6f7","68aef20c-c831-4ada-a980-4c6110960b54","004b84e0-4983-464e-ba54-e3532420f525"
"a5ac414e-14d4-4752-a386-ea6aedd342e8","3310483a-fc70-4ccb-8cb6-41f92d6d2be6","0589f7fa-9d84-48d9-9133-ba55995bc42b"
"a5ecf720-8654-4e9d-b9a1-59b1c0fee352","4a04dcbb-d280-40c6-a6b0-0da458e1096d","0a617798-78a3-47ec-8bda-f432cdb01f3d"
"a764cc1e-db28-4efa-9796-f4d93818d203","e36ea1e1-3c38-4afb-97ac-f362a1a432a8","09d230f0-1de2-4294-a381-f9b8bca9f0b1"
"a78f3271-e9b7-42b2-8588-5cd0b06ffc96","78ecf99c-810a-4d27-9508-b812d85cbc27","0cf7ad88-856e-4c32-8260-eaafb2a0a6d3"
"aa043934-9807-472b-9640-98fe69e66d2e","9d60d598-2497-484f-8a64-b77fa88cffc5","0242fe45-b979-4416-871c-e86f0037acb4"
"aaaa7df8-0622-417e-84ba-e0d80531f59b","b1330547-5593-4a87-9265-704c9e898586","0318c93d-4357-4fae-85be-4af7286f49d1"
"ab118bf7-f1c5-45ff-8a2a-aae44d1040ce","8a40346c-49a1-4ce9-b418-15cc1cdcf5a6","06b37286-3d9b-4972-8cba-4ea02b67d6ea"
"ab59fe5b-43e7-4eae-b29d-bfbf47c63eb8","0fe66abf-5e03-48b6-ad45-78657a0f966c","0600a632-760e-492c-a2c8-5a89c4b965fe"
"ac490121-0749-4e3d-b277-440628719cd4","d3846b43-ba4e-4f6d-8643-d7b1741b11c9","0b1e31b2-baab-46a7-b52b-7e9147bd612c"
"acb12a85-a0a1-4399-9637-8b5f3af427d9","49013836-c7f1-451f-a112-a0acfd954fd2","05ca8c5c-f915-4e24-9305-818c82104525"
"adbd25f1-b6e1-4692-ba35-d60bbbfa5692","8670bcc4-e922-4707-bfc2-666ecd69a9ee","08f61a2b-fa33-4fb1-b408-790eaf718231"
"ade5917f-372b-4f3d-98a8-27fe617b9687","4db0e817-fc90-48d1-8aa4-ba73caa7b27e","04bb9472-b579-428e-84da-a8a9a6ec0db5"
"ae630f5f-311d-4e00-9276-10cbfb8df5d5","f26a05dd-8ae2-4e0c-860d-29968cf0740b","0030cb0b-13d2-49e1-9d86-efe55d559799"
"af11a3ae-0856-453b-9f6a-63f87a1caa67","19fda2a8-732a-4d77-af2a-f2ba735ef6d2","0099fe7e-4dd7-4c12-b80b-0a6e51507f4e"
"b09e3f26-6d0c-4137-9a4e-58f37cec82fc","b3055088-a32e-4558-afd2-3defb477f535","05a82657-4dc8-4071-996c-ab1a8c46c85e"
"b1056065-addb-4c22-96ee-c6e8cd59692f","56688786-1cef-4b69-94b3-f8f9d16ed9d3","01b0309f-e1ba-4467-8742-51de1b74e502"
"b1114bee-7bd7-4948-b18b-0bae3f1546bf","1f04f5bb-f9e6-434d-b927-f266f7b71328","0eb96a15-336b-40ab-ae6e-801673183886"
"b39771d7-cf94-484b-85bd-77636e8c364a","ada2b394-1476-44ab-9320-fa57de542de6","06f4428c-1f40-4782-a288-f3977f3cfbaf"
"b3ba9391-8046-4682-bf8e-36d2eb74f190","a9cdfe24-62e9-4d6c-92ed-526418cd88b2","02cde5f8-1488-4f69-8e3e-624601dff3ee"
"b4cc53b9-f7e3-4884-86e7-9ebbbafab8a4","e0c3a57a-5f59-45b6-a5c2-16544fc2171d","014a6b21-98a0-4af3-b14b-53cc31988356"
"b55f5626-0247-47b0-ae46-69bd7a49960f","f6bfe2bd-653c-4048-9dee-607a1df17c4b","0c78acc4-e462-4839-a03d-50d6ebbf6c27"
"b60b5141-94b2-470c-ab81-e2b87b4acdb0","6b4a3233-4e2f-46e7-9f81-46d1af12b685","0be12d75-bb22-49c7-b18b-ffdecf58bea1"
"b75acad1-131b-462f-bb97-cbfa906b6731","2552cc9a-6411-4c58-a441-f799669de878","01c6e3b5-d77d-4555-819a-f80c3dc88ede"
"b7af5a97-da61-4c4a-9431-c94de3b39435","08985aa6-9d6f-4b2b-bc2b-2e61db83f716","0e41e9c8-bcfd-4f00-ae5a-587a1a4e5fe5"
"bc08f98c-bca2-442c-bf60-caec27f927d2","8fe64d14-cd51-423b-9609-e56fc0e30dd2","0b0e9a56-3ac2-4825-8001-3c46decece10"
"bcc6c03e-d6b1-487f-8577-654b092657fa","e827053a-44ec-456c-a439-b9b3e4898f73","0be9e5b1-e5f5-4858-8a83-5d6ee00c36d5"
"bd91987f-c035-492e-babc-69b58e364fa3","994e6e25-1a3e-4cc2-b1fd-09fc692c866e","0984376a-bf86-4a78-b1e8-578999cf4fad"
"bde556c2-cc5e-40e4-8b8c-4cad68837dd1","52e0ae7e-b453-4dc2-99cd-771b646b4c5e","008ebc12-b1e5-4151-a9d3-a53a29de1b1f"
"c331c48a-a9cf-4171-a8cc-585d28d9f007","01da1b19-9b36-4420-8a73-308f54aa595d","0c7ac8d3-80be-4a31-8cc7-c668eb9a5f16"
"c3397ec1-754a-4c1e-a303-b594cd0ade4c","e2841bce-222a-4bcd-9759-f3bb511be190","00638926-5154-48a8-b41b-5768eecfe929"
"c43e74af-f85d-48e9-b226-61b93a068e79","6466024d-4e6b-4a4a-991a-36c07d8716cc","0c7deda8-ac46-4279-949a-ee4f00475299"
"c7f9c285-026d-4870-8d4e-5f0363f6040f","bc3e02fa-5a70-4e5c-93eb-d358bddceae7","0bec3311-2114-46a1-9271-d1338f635889"
"c8a99c51-8579-4163-91e0-c34d89ded44b","ba824e45-4954-44eb-a792-be9ad623d761","0dc43342-dcda-489c-b93f-1ce89c399952"
"c90e20ca-edee-452c-b2e8-708d5a6ff2e3","bf0ba6a8-8776-4b5b-b9b8-1b76406412e0","047d56ec-1dcd-4faf-aab3-d04be32dc923"
"c9216ff4-a508-41d7-b741-386310db4507","02a63e9c-d8ad-4ce8-97ce-af657b5fc144","004c28e1-4053-4e1f-bbee-205a7c5dd421"
"c9e6d94a-d328-47ca-8343-aedd581e062a","16428260-a69b-4741-9820-d99ba77690d2","089747b4-6497-409b-a13c-9d5d4308f936"
"ca54317a-d068-43ea-b6cb-9fac861786c7","bbd0ca03-7345-4f50-8940-c0a8f77da037","01b2274f-e057-433f-851c-6b2cd4d935fb"
"cacd4ccb-0c0a-42ca-b41a-4fa725602502","5a2ab39e-313a-4b12-b209-cc5f5129eeef","08e3d0c7-604e-4b1d-affc-3bc8322cddd9"
"cb90de51-3cbb-4bdc-8ac4-bdddcb82b292","40118b15-3a74-415d-aa9b-8df1250d3fa4","078e28bd-3346-4f6f-964d-b150b5a3a2b6"
"cf5e3699-68e7-4172-8417-f2333177be4a","981a7d6b-76e6-442a-9c31-78953daa7794","0afa14c2-cc53-4c27-ba32-a630ed43b83a"
"d25d89eb-3c90-450c-830d-e63702690b85","ebaff071-7276-43b2-9cc0-8bd0ba9d605b","06675729-623e-41bf-bb57-8f5d2867acd4"
"d47901f8-f59c-4604-afc6-fbfb58e85dd5","c102eed5-36b8-4fc7-84a3-318e4b30c77d","05f76b4e-775f-4e31-9682-997511df23e3"
"d4c17882-2a89-4b0b-a832-fe4a8fc8cea7","7fd09efd-c698-4937-873f-17bf9ca40b32","051442b8-ca0b-4706-a46e-830e47071087"
"d643c16b-ff73-4f64-b380-0d76ac17b2f9","72648c6b-5821-4b7e-8fb9-15ce171d7095","04d352ae-ef41-4c4b-8429-67dc7b2f1a68"
"d7135e22-0070-47a2-85be-bb40609e08e7","10999506-a94b-4cec-b2d8-250e068e5ccf","09915796-ca0e-45d6-b487-94af9866ebce"
"d727440b-ad00-463d-b40c-aab2ba095c60","3136abf3-99aa-45dc-8275-2574e7ea5584","044631be-be76-4795-a7b6-670905dd47c7"
"d7c68469-e6d6-452e-80d0-911f9aa9de87","1dcae6b8-3d10-4e21-aacb-900d24ed6f59","05baf2f0-492b-46f7-ba8a-a7c3b783396c"
"da378469-756d-45fa-98e9-4770bc60daad","ee231584-2c5c-4365-87f8-81913d9d0889","056fd1c8-8f2e-4b8b-b582-d9c54387a53f"
"da395e07-8a5f-4d9a-8438-8cba4d90cff6","44db4250-7c4f-4c90-a0db-663f6267a1f6","09dde87e-b73b-427b-955d-3fd2ad09452e"
"da75e44c-1d82-43ad-827a-cd339719d632","60286884-8a45-4647-8264-86a5f482ba15","014a157d-db0f-4761-91b9-00aaa08db782"
"db1f8638-b17c-4fa1-8bb8-c81618f5d4a0","cb835e3e-d8ff-4714-a09c-180cee051269","0b949729-119f-4675-bf8b-059923385196"
"dce9f362-20ca-4971-abf3-5e408b1ac821","494b1a64-69af-4d71-9ea1-bab2602efa4c","02b1f48f-00c4-47e3-b104-f2d844fbb699"
"dd0fa7ef-ccb9-4f6f-8863-27b66552a250","53e776c5-d3d2-4497-b698-abe6b850b7a1","02877256-2a59-442f-91a5-333c0f56b03e"
"6ce1940d-0f8a-4b47-bb05-7b8367801123","c4dd3869-12eb-4952-9761-2c0f1831d30c","0400213a-ff4c-40d9-bde8-2dead25031e8"
"6cf01cac-07e8-44ce-b52c-05afc89169f3","3bfd5de3-adab-459b-a92e-b2ea72b0d2c1","069612cb-e4c1-4c47-ae80-593e7e21d2f3"
"6d046530-1fa1-404a-8e6e-8df22ff675bf","9b30a1af-3a38-46b2-b9d5-6aa9a3b3aa58","028aa539-cb1b-42c4-860a-2081edfb6f08"
"6d68b202-e303-480e-a38e-d90fa6709cb5","f322eaeb-f479-442e-af3f-ccda208dcb8a","02a3ca0f-16e6-4ef8-8151-3321adf5fc9b"
"6eedac04-ec28-49cd-b6b9-f1d1a09987f7","6ed4b441-433f-4e8e-b911-9229da4abeb3","03a018ac-892b-46c7-9e8b-1a24d4b640a7"
"711bea70-7e88-4dbd-b6ce-de6e8c112819","433d4db7-4108-4029-a2da-f8e91359726a","0c67e6e8-6ddc-453a-9beb-9caac73deb03"
"714705aa-d469-4ae5-ab56-09e03242c7c8","2b6cb361-cc07-4135-b98c-5ad692e8b957","056eafb2-1377-4c91-9839-883c79cefc9f"
"731c74e2-f0a4-4f25-8fea-e7670559f837","6e52d196-c3c2-4d3b-9271-aed700950be3","07b489fc-a7d6-4c67-bb78-5ae649f60e24"
"746ad88e-d5d8-4de2-9973-f7f404aecab3","d0d7a876-f349-45d2-9922-4e7f9e0bfa79","064f9df5-fabd-4008-a0dc-ec8975d94577"
"756d167c-fbec-4969-b4f6-1901c1de2599","30573601-195b-4493-8252-3c92456a7366","0ac62547-66f7-4f0f-8d11-cafff428dfa6"
"75d6bc7b-b4ef-4f30-8534-56522ba7b3fc","6aafbd62-00b9-40c9-9aed-8344fcb88f38","0d64a13d-aef5-4a6d-8ca5-c4a907791f1e"
"7611f449-20b0-4729-a12f-c17cf39f957a","28f7de63-5fce-4c30-9310-7aabc758cac3","03f390dc-4893-4e6b-90d7-da0ca1deee17"
"77a856a5-2b4a-4aba-bf4a-00f9cd6ace24","2d3be22e-5799-478c-8f5a-361ed9e579fa","0b20077c-7aa8-4cc5-a53c-222eabdc07a6"
"77f42ebc-7eb2-45a4-bb34-25c2ccc5a49c","2c7ebe19-3bd5-450b-beca-27c59fb3e13b","00a7f227-b6f7-4543-a357-f16405c176da"
"7820862a-097a-4d4a-9aa7-1c8f7fa8bc7c","b9b151e8-11f9-40b1-96fd-e2fd66d8a8b0","01d6e778-3435-4de4-b136-9e1f4f934ef3"
"78975f1d-5e1d-4fd9-834a-06ca03b7acb9","1a73500f-48ed-445b-b66d-d4a2493ca66f","0cf3f15c-3892-40ce-9a92-3a7b08687473"
"79921782-7ea2-47df-aa1c-d81a0d69fc4b","23f05909-275e-4501-a7c6-4e8fe8213c22","081e76c8-e12d-4dd8-8763-7e5358c5cdd6"
"7b6b7135-dcf8-45a8-8076-11e7ee608876","849eb0f5-7e67-4547-9b99-68b79e1afde5","04e7a072-b40c-488f-a503-4aa83241a610"
"7bec9e1c-3c39-4e28-8d4c-703728a34563","c6b48fd2-85f9-4839-9eaa-6547e6775d32","0676aa32-6721-46f5-a1e6-b439e2c694f4"
"7d3fe615-f555-4264-bb99-b514caa4fb97","6a13cf40-5d8a-44e8-9539-d67d791d7823","059a8217-fe37-4314-bc4c-9765e4dca90f"
"7e453f01-70e1-46f6-8895-99b09353b78e","c0f6ca9a-e4d7-4835-bc4c-9efbdfc8c0b0","089300dc-0722-489c-9be9-a3a335c3ff3c"
"7efc5496-86f6-4706-b806-c22e8dc81580","13aaa0cc-96a5-4f77-b6cc-ec9ec33fa8f3","012bef77-595c-4643-b7b4-62a6ce0fe009"
"7f1db50c-60de-453b-bf32-680d752add40","13edaa75-85f1-49dd-9b52-4a66fc3a611c","0660832a-9c85-4cdc-8ae9-2c256bc9e32b"
"d55d4668-ef2d-4f3d-9ef3-090de2e10374","8f8031d9-894c-4160-b97b-e7b21e5b87d8","09b7c1b0-8140-4a9e-b0e3-6bbf956a6f53"
"d57a3b28-59e3-45a4-bde9-addb092a5221","de7b59a3-20ca-4512-b485-8e5d75b03329","0b7b136d-94a8-48e5-a081-35d3b7a6c49c"
"d5ce2945-e472-4137-a45f-bf52a5d8d5af","a98c26ae-b6b7-403d-95a1-e9515867932e","0d09ff92-3cbd-4016-ace1-0c9606f14429"
"d713dad5-2f22-4b58-997f-6a20c1be8b02","c95e29ae-ee02-47f6-aa34-3998744a9d5a","0ab0f62a-32d4-4e8e-8749-0f51f14495b5"
"d744ff5d-cc47-4e61-8a4a-2bf35afc13d1","d5fe4d89-d973-48fc-94d7-c46bcc8ef033","0528f7f9-ae0c-441f-b98a-42bbe5884d50"
"d82eff42-339a-4d6e-b615-cc644f7cf2b0","41d46b93-d956-4b7b-bc3f-99e1e5148201","09778796-e5a9-4b22-9e7f-ce25e3921aef"
"d885d763-5c6c-4820-9237-fa20a7afe85e","0e1c8046-1130-4e4a-9bcb-7ced9cfe374c","000c14c1-96e3-4cf6-9274-e85f756064be"
"d8ab615b-c5e2-42ad-ba15-cd88081600d1","11ef3804-911a-455e-80b9-daa16cac689e","067d828d-c951-417c-95b1-fe3ed8a5de03"
"d99193d2-e033-4aba-83ad-ab9714b42bd1","c1e1ef7e-1084-463f-8606-e0ff5c438473","02997cd8-f077-46b7-baab-b414b47429a7"
"dc1615a3-cc65-456d-9fc4-d3624776a248","e36e1e8a-147a-4769-b0b5-e9c3e26231eb","03c10a2c-8ca7-4f55-89a8-885622419c0a"
"dd00d5f8-2323-4db4-9dc9-43353a001084","66c22e0a-bb78-4413-8f63-e753a305184b","0450fe55-9596-49c2-b97c-9fb0c11e2322"
"de0c683a-c05d-4f98-897e-2abf53e353dd","2819a18b-6548-4a6c-aef1-0e0cedd871e5","0b570e89-b7f6-4773-82b7-de28124a3d15"
"df0b2c51-c098-4126-acbe-428a0ace6942","60333308-1d2e-452a-bb54-0488569f2f96","084b4b22-795d-466f-a02f-cf09d2039867"
"dffec557-e980-47ff-8ba6-f255ba160d1b","16b0dabd-09bc-4343-bd92-583e86a3d80f","08e69b7c-983b-4189-b633-fd5abf3d6c22"
"e024150a-3116-4fe9-bd2d-5019e96f4bc3","6754fb2c-aa3a-45de-b610-38ba9b26ed92","03f3faae-6f05-489e-9ea0-a4800934bd71"
"e3a78dcc-12f1-497b-a3dd-9797eb7de62b","b7135f8c-31ec-4049-8ad0-c95dc8d6935d","025bc231-a123-4e64-b509-6ceddd49693a"
"e6dd072e-a598-4e48-ab27-cb6e0d8f0eb2","fcb27a2d-cdeb-4a06-9e55-6faf20bfb139","0b0aeb33-4a6a-4015-828f-237145c1aa6d"
"e80f93b8-1826-48ff-beaf-819935776c6d","4716009f-d984-41a4-85fa-4e6c64804889","0b461c16-6e9c-4b1e-a192-96ea2b42e268"
"e8161c5c-2a39-4ae0-a5cd-9343c559107d","548b6119-8be4-454f-b77d-6c4983436135","03d90a65-a0b1-4e11-bfbc-be41142f9e6f"
"eafa8dec-1676-45dc-8bca-ea0cbab6f956","0fa87862-fa8f-45e5-baa5-d29297080209","0c5cf71d-9a74-4588-8f15-afeea70bdd2d"
"ecc68e9c-4bd1-4b8e-bfe3-b74db9fbcfb4","711f4831-b9a2-442f-b93a-8bd24b70cad8","085d75e7-54c6-4940-a271-430cd159b280"
"efbe498b-1240-44db-b137-24717543a5de","43ab6423-daf1-4747-ba66-d3957b208005","0b4fe1b2-11cc-482d-ab3c-b95693947723"
"f261ce68-6679-4ad7-b5a8-2cde8e943a1d","ba909c1a-6c29-4af7-9f91-94e6b4c63cfe","023e1852-605f-4ed4-8ca4-ee5d83296700"
"f4b0da80-b59a-4676-b830-d20f31f7be4b","7d0e0b97-76c8-4129-ad46-25a8428c7bd6","082f6283-2952-4431-b710-e1aecdb1f82e"
"f5ed8dda-60d3-4579-bae3-f7be625b5a0b","f379cdd6-4305-401d-b64c-9a54bc21e6af","0222f85a-7680-4c1e-b334-2c6709f25293"
"f76eaeda-a97e-412c-bf0e-90c08ba8e026","37a9d4ad-bf6b-4625-8a5d-4c19aa7bba6d","000c14c1-96e3-4cf6-9274-e85f756064be"
"f7a5b4d9-6e2c-4aef-bdb5-a3374c57e8c3","24a6dd43-de8d-403c-a867-d49c78b5666d","0bba0c86-0a1a-4e1f-b5d5-3b4bf13d2d17"
"f9e0447f-a56b-486a-a5b4-eec142a881b0","81919020-7c41-4d0b-9b84-4b88b29f1076","0cac5601-ed59-4296-824d-49b664759e6c"
"f9e15c26-5455-41ea-ac51-301cc9f0e54a","364a86e3-3159-4c14-a46b-265e2954b7e8","00d0e5c0-3666-4653-96cb-d6f93bf430e2"
"fa495c8b-fe98-4098-b124-481cccdf0aed","eddc8a2c-8e1c-4545-860e-1e8b84600cc5","02edbf6f-9a9a-4adf-ad06-c6e2bdaaeba7"
"facd6598-b9ba-4ccc-a531-2e910a61ccbb","0b59d6fa-1b42-47cd-b29f-19671344efdb","071b59bf-b641-4553-be54-b7ed58f91ad7"
"fb865fc5-5992-4cdc-a0c6-11e9fdceedd5","4a73c718-9629-4bce-a323-bbb9e0d2346a","0afd8446-bf36-4aaf-a3a0-0ba210d4c5fb"
"fba2e156-4a83-45dd-8007-dc29059304bc","bd85b4c4-fc44-4509-ac85-4ebb471ae639","08e5c2b8-4a5b-4983-9404-45be97333585"
"fbd89ae9-2da9-43ba-9fed-a68dd6509b4b","5db009ae-b6cb-43fa-9bd4-147225197bd0","02a3ca0f-16e6-4ef8-8151-3321adf5fc9b"
"fc1ec495-422e-4f82-b922-291cba325dcd","ca97a3b5-fe3c-433d-8d61-9be3e7ef13bc","0b40271a-72a8-4607-8c58-acd2bd78d793"
"fc9066e9-8117-4b63-b5f5-c516e9b03aab","126884c2-a864-484a-b502-5c6cbf528bf1","08b669c4-3687-4501-b72a-abaaf5600625"
"fe4238d3-0b76-4df2-b30c-01afb3bbebeb","917d7027-0529-46cf-97bb-a62d0b97322d","04bb04cc-fa40-4708-98d7-09e79b1e81cd"
"fed0e922-6a03-4802-b09c-f9052f99ef89","d7e5a861-024e-45cf-a061-e7edf5164d88","017f707d-59fe-4f70-8cb7-72037d5a7ac2"
"ff75bfb5-c65d-444b-ad55-8f19346555ce","8da0fa5e-fb27-4830-abe1-ad87fb8efc93","04ee9a0e-ad15-41d0-b45b-ffef74a8c58b"
"ff8aedd7-6ca1-4fcb-8a72-c58ea8c9fa34","8535b51f-b434-4bf7-87a2-8d3af7f6732d","056b770a-ef96-4211-befe-78f579d07849"
"82fb9232-3a62-496a-80bf-57dae4bd5387","741317ee-2b8d-4148-8d4a-7478601bf6fa","03e84796-4137-46a5-9d78-041e4ef38d16"
"836426b4-341f-4d31-af7b-698c51d86c4a","f682243b-7d5d-4ff0-9695-d5fb96cda2c3","016a6c3f-1adb-436f-8adf-1896fdb39447"
"e4a3541d-9afe-4b12-8a0e-fa7e9cff5360","c9284cce-dbb5-48d3-9854-0fc00e16fec1","000f653c-51a9-4014-9486-53fe095b37b8"
"e5c063a4-fa72-460e-b41d-b884f0e6010f","72e6442f-1777-4a76-b524-67bd2b4352e8","0b3c2433-2a8e-4812-a9b5-271982bbfa6a"
"e5e6427b-ed8d-4b93-ae1d-a711196fa99d","5d141a72-c552-4ef5-a1ea-883a469ee1e7","01aea9a2-3b90-4658-aa93-8b8e946c8e04"
"e6597a5e-f692-4305-ad10-88b73354c74a","1fc58e5f-2ddc-4e0c-ac6b-2fc951185732","09c90320-4e68-4d78-aed9-a92773bce634"
"e65f045a-f0df-453c-b5af-9c4334b0dcb2","460a8a73-0bb8-4978-9491-28d30235bd1f","03808a06-6fd3-4b20-b361-e74aeffb6f67"
"e69f6c35-808d-4e1b-94ef-d39156ce4614","7d358f4a-0ae9-4412-a7df-dbc0f9fe1f4b","083a0cc7-9b25-4147-ba7a-5c6a6c95fa68"
"e6d27a48-fe97-4e13-9d78-e4ebb3d6fb44","e2253c7f-3825-4409-a5ce-8010180a497f","01c02873-46b0-4444-b4cc-046ca854fec1"
"e8e9113f-d091-4b2c-9501-d32bac3d3d5a","be3a72b5-e6b1-485f-926e-d0cb2657806f","0249746d-4be9-4302-86e2-51a2642824d8"
"eab89bf1-382d-4932-8c00-89a4a3f77a4d","fbce2657-3d36-4708-933f-551e885f16b8","066faed6-392b-47d3-8b3e-f1018b4f863d"
"ead434d4-ee83-47d7-8c13-4ba263dcb8cc","c29d3e7c-57be-4820-8c35-4418b0c954e3","07b9b75f-f2a6-429e-95ab-6d0bc8f0eeb6"
"eaf8edf0-0955-4e22-ad38-f7f58c0e3776","97110b08-6a65-408c-88c8-5c58653a790b","0619e3f8-39be-4bac-88cd-9baa7e212888"
"eb179363-f468-4b71-a503-5c0311b61fe5","2d4d9533-311d-40ab-a3d3-39d385781f7e","00be8770-c0a9-4535-9c9a-d0a38a1580ba"
"ecda7607-32df-4aa4-9956-1012e5efa800","0d9ef182-e159-45da-8bb4-b4f663d65f9c","021eb691-1d57-4047-9067-e4f6fc532a38"
"ed4281d2-0c93-479e-9893-9b14624ca21e","74a4a007-0dbd-4751-8d42-d8ee52e48d8a","09f336f7-d30c-4a40-a433-fddb6c56d1a0"
"ed9ce30b-1098-4f48-ad9d-962cd41184e3","18a8aec4-7c22-4e06-b281-5f1ea5df44cc","079c7e21-0dd2-4fe9-8693-3d0c79ef471b"
"eefc4071-bebc-4fff-b2fc-b430e7ac9585","107fa75b-bee9-490a-9d15-743e10fed61a","08bdd120-f83d-4629-bb3c-c8decc112570"
"ef00453f-a6f2-4a1c-aca7-fa22a1e440c8","b82b1ccc-7cfe-4a84-b282-51d8a9b69213","03d774f5-0582-426b-a3a5-e6e01150a38f"
"f0192d9a-a8b2-4def-91da-26cdb14a98ad","bb6f4435-a75a-443f-9e62-5698afa40ca3","09f9e3f2-fa18-490e-83eb-3ba81c7efef1"
"f0645a7b-63d2-4f12-9b22-a783869df182","b476f5db-e2d9-4c4b-8041-3cf0f87f0360","01dea2fc-aea3-4b3a-8e07-9de784cba337"
"f1d6ae73-bc95-40fd-ba0a-96c0ebd09e79","4fce35fe-309e-45fa-8188-59187e4e6e65","0cfc9528-0156-47a3-8fb9-abfabe4be9c9"
"f21ca4bf-7535-46b4-b41a-cf13df0c68a2","d5523916-f5b7-4639-9bc3-7e8350a0cd3b","05dbbc0b-666f-47ee-b16d-ec2c7cefbb8b"
"775b42f8-e9ba-4732-921c-07b851e8be11","9097604d-783e-48bf-b65c-56d986009c1f","0c28757b-40d9-406e-8c92-b98bd51389fa"
"787572a3-da49-493f-a660-748ce83718e7","e89618ae-dc2a-490f-a5d5-3c8d56caa3b4","067eaeca-c344-4b13-a23c-9cd3c747c107"
"78766eb5-8962-40f4-8c83-63551a57c6b7","10579c6b-187b-4b5a-afef-19d40ac1ba9c","08c7f789-908a-447a-8d26-01d9000da089"
"7975db55-2a16-48f1-ad0c-c4918b838d8a","6c25d3c3-e134-43b5-bae4-64ff4c959d8e","0c01d263-a200-4568-a33b-cdb31fbcb028"
"7c0de27b-9c1b-4acd-973c-53e4a1c7c8c7","75652cf1-051b-48b8-bef9-84124cadb8d3","056b6a44-7816-4959-b92e-fd6e185245ca"
"7ce1664d-e34b-4575-9d32-02e3717980fe","09180d3d-871f-420d-835b-1200e0f88176","0241062b-89ad-4c27-ac33-55b52c16e5b2"
"7e86f990-5c9e-4897-917b-9d3393e92658","4f8e350e-a4c4-4860-a960-9fa0faea0a47","07f350a2-3186-4be3-b3a0-ab0598df3fce"
"7e8fbe6f-95cf-4ffb-a05a-de4c4494608c","a018507b-991c-40cc-859e-78a405a03c21","0ce52083-63ba-40a7-9195-1628a1eb3378"
"7f5072b8-e1d3-4f95-89f3-4996b6337e9c","67a291b8-a3a6-47ff-83a3-4212374803fe","083c0f01-abc4-4008-b80b-682415fb4b14"
"f23a48d2-5e11-4d0b-92fb-2ddd7ec4fb5a","e35bdbc2-03c6-4579-b354-0c88f67961d0","036abfdd-7bd9-4144-a02a-37b07ae6cd6d"
"f3e88d57-41a5-4b1c-8cc1-91de86e0e7a5","0b062f58-ab91-43bc-aade-05d16e3e26f9","05915d5b-8ff2-433d-98e6-cfd11ad4ad14"
"f3f75ca2-182a-4149-a05b-46fe7b78e263","bcddd037-342a-4ae1-bfe7-acad7ad23837","07050ecf-2fce-4552-803c-6e3bfe2ebe67"
"f47a1903-ad86-4dbc-a15f-843540657788","d6123d5b-5c58-4cea-a3bc-9b4f4eb54e5f","07a21255-2c71-445e-a74a-a3b5ceeb30f9"
"f4b473a7-c675-4063-8b0c-06b044f8bae0","f5de68c1-1b3c-40a3-849d-166e0c8249bb","03e0f558-64e0-4963-bf44-7c10be4f4d5e"
"f4d31cb9-ade8-40f4-af50-6f63ed87a9e3","d4ac20d9-e80d-4ccb-a786-bc2bc608fb91","0cdae864-cd10-45d0-9c40-62874b0302d1"
"f59fc9e2-92b4-4a4a-a2aa-17d28f760042","b334cc64-e1a6-4f3a-8ecf-d1343aa2e2ac","0695de1e-be97-4157-b304-5f1b801ed751"
"f7daf51d-e3f4-49a3-991a-c63c65cf6396","c22acaf4-52cf-4081-8551-ed172e429a46","00476308-0730-448f-81e3-6cae6c386452"
"f8849dcb-c1d3-4ee9-b58b-cbb1b80b06d5","b0213115-3b3d-4d64-a309-28696acfa235","06fb68c2-52e9-4d9d-ab43-02442fc3fc16"
"f93e6375-08f7-4b58-bd86-380b86a2b513","b9777edb-f38a-4d16-b44b-bd92ad886d55","0526244e-7be4-44c3-8022-29c4fa9f4f90"
"f9516c23-7dc5-402e-bf12-7f0160870446","8512acbe-964c-442b-9c4c-df18ee37e7dd","08c5d68d-097c-4094-b1ca-63c63be6dcf5"
"fa1b5a7e-802e-4c60-8c9c-57ad084ebec8","b7c65ad6-1d8e-43f5-a441-a5c965d0ee93","0a2a792a-795c-466c-b65f-4e608388b014"
"fa6b1dc0-1c8d-4884-ae39-6fce51f80505","87af51d9-be89-4f8b-9051-b84afbd28ae8","01f70de3-70f4-484c-bc8c-b7473e2a5057"
"fb571eae-42da-4ff8-a068-9fafecaa9bd5","b0780a1c-23f2-44f7-8857-a21909255609","031b75a9-6063-4b26-9b1b-666949c82e05"
"fc2f8386-2603-4f60-b1e4-3effd15f0e97","483c8956-ef31-495d-b578-1c3b28ac6968","017652a2-a957-4c8b-aef1-e759c22f0b31"
"ff76b459-bc05-49db-8e4b-7e576f67d95f","13b61e84-f6ac-4b3f-b1f6-6f35cbbcc8cc","0437f3b9-a85b-4e68-aeeb-4fdf19b21947"
"ff776131-f5c9-4260-8f95-8ff577cdbc7d","43df8cff-ee04-49b4-871d-52fd06542930","033d4dc9-49ac-4050-842d-6c31f99354f0"
"ffe7295a-055e-4c2d-898f-35490a53ba76","4f48d878-b359-41e9-9364-8aabf8e5d677","083a0cc7-9b25-4147-ba7a-5c6a6c95fa68"
"c6928ce6-e023-4c7e-bfaa-7c82b60c4d31","ce7a2003-404b-4bee-bc11-b024043b557e","0cdae864-cd10-45d0-9c40-62874b0302d1"
"c81d5f18-4d78-4412-a5e4-183d793bc8f6","a1714df9-f798-4838-8971-ce991c904002","06fb68c2-52e9-4d9d-ab43-02442fc3fc16"
"c8c07a15-1235-489a-9a79-4ea73f75732d","09205267-8498-4b13-803f-6760fcf3985e","0526244e-7be4-44c3-8022-29c4fa9f4f90"
"ca2794a2-54e7-4649-a526-736214d38cf5","430b29fc-a5da-4995-b25c-2781f054db7d","0309df23-1f3c-4ea1-a0d2-b09b2a12de99"
"cb8233d1-3e67-4d6b-9364-94a195d5c427","58d10eab-63cc-4950-811c-b769ed4ae3fa","076718d2-76b0-4f25-922b-1fa4a4a8aab5"
"cbcb1b1b-b1a2-4ac2-83e2-8b8e710b416f","ba736348-1305-493a-9f4c-61a1639e7b25","0864c71a-7b99-4d27-91b1-67b874372620"
"cd141580-5b4a-4332-80e2-d4fb4755a053","2c874a12-805e-4649-9af6-85246d62b644","09decf9c-1f70-4f20-9b3f-7f629b498f58"
"cd1424ce-0093-4447-93a0-433e0c425070","84e186a9-8208-496b-873f-efd66d95ac96","06236143-5bba-4a7a-af1c-d80923ae4a24"
"cd53a6d5-6dac-4933-bde4-f472437f8539","de36d2ef-1e90-422d-b2ae-5cb8bbb086e5","0bccb1a5-8562-4629-a325-2bccbcd19a81"
"cfe3af3b-9312-43ff-a502-ff69a4fe9113","f5de68c1-1b3c-40a3-849d-166e0c8249bb","0354017f-be63-4196-8326-55e06af85bf5"
"d0eb6a33-f8dd-4c2a-ae34-365d1140ca4d","f7a3007d-cf49-499c-8cdb-4e4c93d92152","0aaa91e9-c9bc-4191-a4bb-28d944915472"
"d246e50a-164e-41d0-8587-83e5b6b3ddcb","48e10340-52a6-4343-8a68-f8dda9b58b4a","0b6a348f-6654-4c61-9cb4-f39c7e82b6b5"
"d29c65d9-c331-42a1-b79e-f7376097610c","71782eb2-73f1-412f-89fb-0e852c8f547c","0bf79a0d-6336-401f-a1fb-adb0cea04c50"
"d350db2a-52ac-4f47-abb7-ee4d831db7d8","3abf9dfa-eaa8-4954-9ed9-c8e5bd87591f","083a0cc7-9b25-4147-ba7a-5c6a6c95fa68"
"d5a3291a-aa88-43b8-80ba-6e8b4bc53a00","e4e99779-83e2-4bf4-bce8-5fb874240446","00ea4cee-0d56-41e0-8d90-b887e9d3c3af"
"d5adb86f-a2a1-48f8-a12b-83008c35d8f6","0228bce5-8777-4c02-8efa-87789e0aef2b","08960ee9-bf70-4c84-bfea-e18d5fe0b127"
"d69722e2-ab0b-4cdc-a524-3437ccaba25b","d051d4e7-2958-4492-ba1b-cd32f6a131d0","0c3f105c-a409-49f5-b76d-04342fde2c77"
"8394721c-3a7a-426b-a7fa-33b6397560d7","4b5416b1-ad51-4a59-ad3d-6f9d68d74108","065774ff-f833-4044-9bd9-54c7736e323d"
"86415596-968c-4c42-99bc-78fc4b85267f","2356f2c3-7f79-465d-b6d1-569537307e40","02f97f03-4d91-42e0-8f9e-30519c3361ff"
"87c3f0f9-fadb-478c-9ce8-4702e109a036","70684bc9-04b8-444c-9a74-0532d863c32f","0cd0f8f6-31aa-408d-97de-069df82b9201"
"87d6bb21-93a7-4dc3-a7f7-7ab07e30a5e4","505ff8c4-6b8b-4369-bade-dbe684a7385c","0b152994-d63c-4416-95d4-738f2ef8a634"
"8857b705-2b9f-4e50-a174-dcba70671a58","5c4f1bb3-edc4-4850-8c5c-2767df53c50f","05eaaa7a-e0b6-48df-bb2b-70b7f185cf4a"
"8a2952c1-4e2c-463d-994c-51d70ffa2235","de79e28b-3057-4df5-b945-9430b01e3aa9","0a80cada-99e7-48c3-8298-e7aad94b3d83"
"8b94f3be-9dc3-4d24-b663-a824be20f9af","c5f7d13d-9d57-4a37-b665-fb04514775b7","08bb7101-521d-4f84-843c-6f657c8360df"
"8c33dcf8-baf5-4b6e-8b33-e3538e948e3c","6af194cc-d35e-4205-8787-610e0b55ffca","0383534a-7e83-4b69-9a53-25d6acadc2fd"
"8d1a20ad-6b0b-437f-aecd-e18a8168618c","a53788be-9523-45b0-829e-ed890087c5fa","01063b39-1611-4b2a-893e-edf0337a950c"
"8d511423-2ddc-470a-90a9-10b016ab3093","4860b0be-ff61-4817-afb6-4788fc399105","05b2d77b-4178-470a-af4b-c25b6437f724"
"8d5dd02a-3221-475f-aeab-d649b714751a","3515de02-870c-4608-9147-542bb65c15a6","0c0602a3-d764-425e-b948-0464d03c4b5c"
"8d609d25-c2e5-47d2-8d8b-a20a251489f4","11d65295-3525-49ad-91f0-af00eeb94e95","0d4d06f3-b2e3-4583-94a9-8e85984f146f"
"8e78ced9-fc0c-4d52-a51e-e718f67a9955","41f76359-61c9-4abc-81ba-e5f01df49087","092cd38e-1001-497b-ba43-0786495525c9"
"9094a4e3-9bef-4218-a66c-9ad58982131b","31054eab-9075-41ca-8885-44f4047bd00c","030b3aa9-a74b-4176-a362-11fe7a9eb7be"
"90c01a78-5b94-4839-817e-47b74ff8f48a","7dd5ad82-872c-4e05-b109-d6131470e2cc","03f3faae-6f05-489e-9ea0-a4800934bd71"
"90c2f9f6-7b77-468f-9a80-e9b283191ee7","78480929-f8c5-4bf6-a33c-b99f164dacc5","022058be-ae72-45ee-a075-d31c8ecd691c"
"9147d88a-3c85-4d9b-bc8f-106e9e93189b","f11aea50-322e-4c5a-9940-fcd5f500fb35","091f0a47-c27e-4e1e-ad87-e614a67d0c56"
"93657bdd-a59b-4141-987e-33bff90945fc","16947e49-c832-49a3-8d9d-7cdaac921436","0099bb9f-1070-46e5-b755-45bc15f4288b"
"93d4559f-b03b-44f2-b698-95a115ce5183","770f9f68-8e40-4e7c-97cd-82fa8a718a95","0578abd9-fa7e-427f-b74c-9a803d2e1adb"
"95152937-fbf8-476c-ae9a-c3be2c42bdd8","fa10edc2-2c59-449c-b754-0a56743b7433","0cb259ac-912e-4c95-aa3b-b804e7e3daa1"
"95477ebd-294a-4dea-93e0-4cbe615a59a7","80e75439-bce4-4137-9a00-a3bcbc51b4f1","038388b0-d321-4d55-852b-5cb45ce8dac8"
"960b386f-cc8b-414e-8f4e-90de84c10893","8f717ef1-452e-4d4c-96f2-3b0a0c6b51f0","0ba0c8e4-1145-4200-b108-1300c158ed69"
"98a0b75a-f128-4169-9d29-355282a88f13","21895255-140a-4f4b-8a8d-6af1cc48530d","045d6216-8aa4-4dfd-8114-2134fb515e51"
"98a94b59-4d57-461e-8706-d844e9a33db8","19520204-7c34-42ef-b8c3-42c561e0af5e","07b489fc-a7d6-4c67-bb78-5ae649f60e24"
"98bbd869-c5f1-4ff7-926b-ced4fcedc014","04fc18e1-9207-479d-b7d8-5232a32fa26f","057b3652-4c26-4b66-a899-52c9dde06d02"
"9a03859d-b6b6-4288-8e69-7b75b4398ce8","2617e4b1-be36-498f-bc79-75a1dd2e64ba","05110e5f-923b-45ce-96a5-44d002a40d5d"
"9d1c2fdc-866b-40aa-a3a3-602e7f2332c6","47ed14f5-267e-4fed-818d-9e70445e1a0c","08c7ee42-32b7-4125-bfa8-fb1469ebbd6b"
"9d32c0d9-b338-46fe-82f8-1b04b505677e","08094825-816f-4e36-9e34-c1f6c6f3ecaa","03cfac8f-3ffb-4236-83e5-ed1b713045d9"
"9d58e278-68d6-42c3-8c85-3ff2b1442d5b","81498c03-5128-4a33-878c-8cce65bbf5a8","072decdb-b026-42d1-8dd4-f344cdb57268"
"9dd59e1a-f1b2-4899-bc9f-b571a039e49a","365e9b4c-8972-4998-84c9-48fd0f544262","061bbd09-c954-4801-9fca-3f2c0051865a"
"9ee9b371-2f9b-4129-9d1c-ba174d9829a7","57f2ae85-56be-4c08-b3b6-33497c72f5d0","0ac5b041-9f84-4851-9051-3cdd85979b73"
"9f550d8a-751d-4343-a3c2-eeca2ead833e","3f85a0a4-7efe-42f6-81a1-d4cc8f7c9a68","08192714-ba0d-44a4-a7ef-3fad458ad47c"
"9fcf6f96-f301-4ec4-8d17-08372682324f","3c8e184c-5c45-4b88-a23d-c7194e424c3c","0ce9041e-a5ca-4e54-9e4e-d34cfa517ae8"
"a36aa87d-119f-4314-b35f-7c40d2fa2784","3cd84cf5-1404-4d91-b3cb-fc721a9779c6","0d4d06f3-b2e3-4583-94a9-8e85984f146f"
"a378480f-f482-444d-a8c4-cdf61ba10244","c9a96eb3-ad0a-4228-bebd-8c38dc054f40","02e5ab91-0d22-4e81-b4f3-1460e83bd9ca"
"a531a777-7b76-4deb-9c71-59b4a9ddfe9c","71f5a8d2-398d-46ef-991f-40b362f30c9e","060a9934-034f-4063-ab18-c49f8ce477da"
"a54959d4-9f40-4e2e-b5cf-45ada52f1cf9","a75063c3-337b-4616-8fd9-897f75a2fb1f","0d59d222-7aeb-4bbd-99bb-c353d4f5182b"
"a5e3097b-87ba-495c-a372-e37fae6099ba","f75a9132-a9ca-402a-81f8-667aa7dfb911","088a524e-552a-437b-abd5-9936cb713c3f"
"a62336d7-f64b-47b4-bb7b-6bbe4d45e367","4aee2aca-1f09-4b03-8bca-f15ca33f6db5","0703004d-2a00-4d68-bcdd-74f97dcea511"
"a692af1f-0393-4b0f-bc0e-ddbbbef5a984","bb04f9a9-e5ec-4dae-abc6-decae03ade27","0a6c891f-49b1-4b6b-bf73-ecadbff121f9"
"aa22721e-cc6f-4f2c-baec-73df7fa49a05","a282cc8e-dd0e-4b32-bb70-c1e4a1ce6fb6","03a018ac-892b-46c7-9e8b-1a24d4b640a7"
"aa9cbd7b-b0b2-4ad4-853e-c36af54deb4c","31c694a3-6c00-4bda-a990-b4215450ac7f","02f80821-180c-478c-8824-dec593ef6313"
"abd69a2a-a8f8-419d-86f4-439ac76c7a59","f6f174fa-b4a9-4f21-93d8-7b79fc3a095f","0ac76422-140b-4564-a1b7-39e8516bf31e"
"ad66a799-8aa8-4234-8f72-6052726146af","8494c813-eb31-4681-8f52-3a9d95081b0a","0cfe7cb1-dbd9-44ce-8ef4-d70e8ed76f95"
"aef29bdb-7bd5-48e6-8c8b-8c0d00fffdcb","cf7bdc4d-1aca-452b-9b36-20c191b936c9","0633dda4-a4ab-4ffa-a2ac-015009856610"
"b1c7a5c9-1222-4bc4-9217-81aa0276c676","4180e1f1-d095-46a8-b557-9a98dc12eb6d","0ce0a57c-ba8d-4ea7-985d-61cbdc839b95"
"b25d5507-cbaa-439d-952e-8f262c7de5c0","d94959fa-8e4a-4996-adf4-8d364422ae0b","0585b430-f0de-4568-b26b-90c96094655b"
"b327c98d-275e-416f-8c55-33dc24166d30","08ce464b-f53c-4617-9c2d-0d2cb7c76634","081cc56a-af64-433a-bfdd-7c8850d8c89a"
"b408cf02-9989-44d4-a372-d7f3e0918ed9","ac63eaa0-2804-4fb0-a4b6-c88670feff59","09db6394-2977-4931-81fa-b7014c676275"
"b510e51a-b175-41df-a1bf-c02c6ba5d371","7f02ffcc-5615-460f-945c-7e0a41d3e803","0595dfb6-b3a7-4fc0-bceb-036a482fe43b"
"b76ed39a-c177-4153-a262-eed72eef3744","e12e7b62-5a47-475c-8e38-1b562c8fbb56","0c8ab908-1f63-4b28-88fc-637c2a30c46d"
"b77fcac4-ee7a-4c1a-ad4e-f25162f919db","97c7b1ff-3d58-49e3-8ee7-d9bf1bcf0237","064386c0-d589-4ce2-b7bb-5d874c3ed16c"
"b832cd8b-5943-49d5-8bda-eb3b5f371124","02f8afe7-14d0-4be5-a610-b892e176744b","031a1666-0cc5-4c33-8664-db55cf235b33"
"b9311d83-6410-4f22-a4e3-f0f29f4b51c5","f8515cb5-a20d-4f65-b8b5-4bf424d1e284","0bb93e04-8748-4025-9c4c-15bd4c2d8349"
"b936b5a5-5241-40ea-81eb-90e8081712ec","ad027cd3-2d86-44b3-971e-dc66974f696c","0981c51d-5da2-4ce7-b2a1-e5336e303949"
"b9962cdb-a474-4458-9edc-1dbf4b509fdc","6f861d1e-643c-41d7-8c98-0f1f6079ea41","0ac76422-140b-4564-a1b7-39e8516bf31e"
"ba6465ba-cfaa-4c93-8db9-0f7c43a128d3","232e9458-6f46-4db0-896c-523dee2b5664","09f8313d-f12e-4b35-bcb2-cc073af3ffdf"
"bb1cbf66-49b8-47fe-9bf3-cbe279c5237b","ef1cd1f2-9173-4fe1-86e4-65eedaaa53b5","0a0809f1-805f-44c2-b2d7-737bc8070908"
"bb3f914e-b8e3-4981-91cf-b5a57a6dafab","da0f500f-18ad-40f7-90d8-64631bb8fcb5","0b045bda-9ae9-4c8a-b679-1d95712a1a8d"
"bbdc9a88-00e1-47f1-b0c1-fbea9b2637c1","5be2deb3-2ccb-41e9-84a6-102fae76437c","0453f9e3-0350-4e5f-9767-d2bc9fbdd3ec"
"bc772801-0c3f-42da-80e3-53efeaf59d4b","9fc35065-162a-49ba-890a-57d652e2289f","09eb9998-528a-4ee3-902a-fe2bb2669e30"
"bed2600a-4e01-4963-a605-a513a9d374e2","4de90c32-6024-4306-af42-2994dced2013","00816c6e-f785-4439-a84c-75af9e2f23f6"
"c7b7deaa-c3b8-4159-9a1e-bc835478d24f","2dd8bdfa-bf21-4f3d-88d2-c48823264ca3","04d866b5-b359-4544-bc89-66aba1ef63e4"
"ca216c18-3ed6-474a-97da-bae2f7667d8c","fd6d611a-7884-451d-b05e-c8b2442b7524","0a133db2-da8c-4475-95e5-3e58cd79d2ee"
"cb95c68d-77c4-4d02-862e-1e0cf4ca0eac","a57b38b9-8928-436e-b78c-c457e741f1bd","068056f2-dd8d-40be-982f-38907697aa73"
"98176107-8f52-4c37-9593-49931359e3ac","a26077ed-6600-4480-bd1a-abd469f64081","01a46347-5dfc-47bd-a2f0-374ceef5757a"
"9bb19b76-0384-4395-a26d-e836576cdb52","ded14bd6-071c-4076-aa85-000ec4bf7027","045cdd47-32de-4154-b2ca-434e37b82928"
"9bc8593e-dd52-4b61-b329-d2fde3fbb105","059a5a1f-3a8f-466a-b0a7-35750ceb07f7","0617c7b3-a3ae-412a-8dbf-a84f5ff79a40"
"9c594ca8-730e-4c41-aeb1-80e1114ee8da","e562a85f-49ed-42d9-a55d-ed7bd68c2373","07229733-e8fb-4fed-8dce-dac15b1092c7"
"9d480c3f-6bca-4e39-848e-f9a742ab9534","cf904d7d-8edb-4ca3-8925-9cd784cba500","03d9fa82-26f3-4f1c-92e8-180d8638034b"
"9e23a7e3-7564-4863-8ad2-d11ab7dc95ec","b2308c79-5509-4ba7-8a08-134c6318f655","051f2a1e-d9d2-4019-a778-968c9b406fab"
"9fb662e5-a338-47f4-b7ac-3cfc8c5bfb73","292cc2a9-3ca2-445f-8a16-7f761bcb736c","0617e806-cb6c-42f2-b670-d69271749d49"
"a2e38c39-8b19-47b5-89aa-a5640376bdaa","292124bf-8c3f-4418-ae81-4ea95f74179c","03461c38-4d61-4a86-a0a2-919662083138"
"a3d1fa90-c7e7-4f54-8ea6-2ff83a13c08a","7eb08e12-efaf-4779-8404-59b47f82b531","036cb783-a1c2-4c6b-beb1-46b4be2dc87a"
"a516705b-2204-45bc-9a10-70144c803de2","d577d6c5-4e41-44ab-8b0d-469e5c2cd6a4","004bcf90-17f5-4b4f-a52e-2e990e197ab2"
"a6b711a8-429f-4348-a7d3-770b935aefd8","b520d1fc-5914-48ba-b7f8-52d91555c0f2","02964508-19d0-4427-b1ec-393069db4747"
"a887b6e5-f905-4c8b-9a0b-c21502e48eee","540c847d-f435-4d08-81a1-a2688114fda1","02b85613-2dd8-4c12-a399-91125defe4f9"
"a918241f-25b7-4098-a04f-ebb05336686a","b3bbde88-8360-474f-a182-16cf1e62c184","01114fa0-2e0f-416e-9f9f-af3c2ee0b907"
"aa3f2e19-11c8-4bd8-8a23-33dec5fbcbcb","fbe8f392-4c6a-4bf6-9d5b-a68d47afce41","07307b41-5dc4-4b7f-b4d4-ed8fe10a4b3f"
"ab0eae7b-6d9c-4f8e-8db5-7c33ac1400d5","e25693af-1da4-409f-90ff-4cf015fdd9cb","058bf3ad-f132-4182-8db3-6fa5587e9605"
"acbbd1ab-1071-4bb0-8b54-89c468818e70","db126b63-7696-4a8d-9adc-f396660ed5ab","03644266-16a3-4362-ba3d-cdac17e360d6"
"ad9f89ab-db5f-4847-843b-d53e6f0541c2","4423a30d-5233-4270-bc0f-6537e1310d60","01539d5c-07fd-42ca-8b2a-ff1d6e658d44"
"b10825b2-2279-45fc-8e1e-5269e8ef9b46","953b166c-173d-4f79-816b-7285df9b209a","036cb783-a1c2-4c6b-beb1-46b4be2dc87a"
"b276e693-ccdc-417e-a277-4219ec5f7283","73da6cfd-3ed3-40a7-a7f4-769ea8c83956","023cf7e8-3824-475e-8781-8030eae6b302"
"b2fbfc65-380e-4668-9585-e9a039c6cd14","648bd3aa-b288-45ac-a0bf-f513b82fad5e","03a1ce3b-3192-4c3d-99be-14b542f26761"
"b64dec1f-8cee-4192-8de1-945a54d7cbe9","3adbd359-451a-4a1e-84c9-e41caab338a9","039416f8-11dd-4558-8b44-bfede77acbc9"
"b68a3a1e-5ea8-4735-8e7b-f25c2549ca4c","03fced6d-871f-4662-9d51-1893311b8863","03488e21-7c55-464d-9819-6f30133ca91c"
"b8a4fed3-1471-4417-bcc7-10a757df9b87","84672293-5f66-4b5a-8dce-5b8908dfe411","00bc5c21-ca48-4e41-851f-18f6f7a1a945"
"bc2bdc8d-47bb-47c2-993c-873a256b6635","dacef249-ae74-4708-8218-49ccf1e00a4b","006fbdd1-0b6e-44a0-8550-10ddb44de17a"
"c3486829-320d-41b1-948a-e1bc10a101c3","41a48bca-275f-4fc0-8cd8-3ca1f553ba56","07bccce9-efb6-4103-b074-ffe85159b4a7"
"c4314249-2c40-4948-a244-8ddc637361c8","ea68a871-9d8c-4393-b131-f2ccf9bbb7f1","0027da48-a2d6-4790-8893-fe5611819e6e"
"c5cb9890-e452-444a-942b-7925374c62b7","6fed2435-c169-4d16-a78e-9783048e5a8e","006fbdd1-0b6e-44a0-8550-10ddb44de17a"
"c7b91d5b-9c61-4360-aa49-47bd5c101ceb","40457a15-480e-4c40-be5c-55bb4272cffc","063b7512-803c-4e5d-96db-0d2a511415f2"
"d5a63ace-cf09-41e3-a660-4ee129d354b1","e639b6f2-d663-4cc6-adfa-e14745c65aa1","039416f8-11dd-4558-8b44-bfede77acbc9"
"d6b5e689-2ff0-4279-8020-0ecc934f425e","cae9632c-c0b8-48ca-a3ce-6519c3dc5c92","013bcc34-bac4-438a-84d5-41cd9e863505"
"d8568ae2-b4be-46b7-88dc-10e514e66a52","a928bc4e-df1a-4357-9349-25fb23399f4d","022d7c05-2186-4156-8c79-9b01d8bd67ca"
"da18ae9e-9a1f-4f2a-a12e-2570823d7f2e","9cab00f4-4e9d-4556-a152-d32619fbc35f","016cb696-9a7d-4cbd-93a0-ef44dad35936"
"dc4b693d-a508-42ea-b65d-f9ea4f1c20fe","3a717a06-e257-4269-8c05-439c5cf6ba5a","0158dcaa-44ee-43aa-b99d-82009d6085cb"
"dcae5e5f-2330-44b2-89a8-c205e383224a","71575906-83b9-44e3-a1dc-5493037b97b8","01be2afd-c038-4366-a7c5-a395c1d4068b"
"e1852fee-5f24-414b-838b-ff9d80236838","4ffeeade-38ab-410a-a6fe-a7356975a793","05eb3205-5653-4169-a765-d931c94e7f90"
"e1e6f5d0-7769-452b-9cd9-31c6c031e889","d5c27332-1789-4dcf-b09d-43428820688c","06067acb-547e-4f5e-bc2f-1d5a0e947282"
"e2eacb9b-f2dd-4fd7-bce1-f6c1a61e8947","6beccc64-5ed6-42bc-b3e7-2354c8c70f0d","00645ec3-44b4-43ad-bb87-d058118af442"
"e3e88275-4970-405a-8100-13f4bc8b1b81","956e79f9-2198-4acb-aca1-eea2f3298554","012a223f-6cd2-406d-ab67-5af98218d41c"
"e44e3a4d-8616-420b-8a9d-a7cf365019ee","0fc89263-54a5-4a13-949a-2e5146f39897","0791257b-6385-4dac-a600-1bcaf21f5ec4"
"e47e34e1-d244-496e-8bd2-b08ed2a66712","def77157-8096-44fa-917c-d6091c3854f3","07f4c9d9-6a94-4986-90c6-fee14d1adcb1"
"e4b4aca3-5d9c-42af-b8ce-0d2bc4b12fbe","ef3725a1-f138-4f39-bcbd-089dcb4742fb","004857f6-cb3c-4471-a630-a8d6c19cabca"
"e70ca418-8361-4607-a02f-f501cc1c2737","85be7042-cd6d-448f-bc79-99ad98c80f3b","04a20eb5-5960-4091-bf18-4c6cea9cb0b3"
"e14654bc-8d2f-4213-a7bd-4ad6b6238116","91908450-3bda-4edc-9716-3e6046aede0e","0740627c-0da0-4f20-ad55-0bd2aca2c4a5"
"e195d2d4-e2d7-4d98-ab76-515a1bd8cdf6","b6afcaff-6a63-4b66-b3db-8716f4131b3d","05428fd9-ffd8-4149-a38c-eb1ed9ffe8a4"
"e2980034-cbcf-4ff5-9c23-c91a41dc9c86","e90942ff-2ac7-4555-921a-f03cf59f47a4","0190e56d-36b9-4ad9-b5e6-0c41c83f7268"
"e5a7bf51-bf8c-4990-9e54-9864367b17e8","f64e4479-3b93-4f68-ab53-fddbb3077c78","047bc037-f282-4881-8e85-8db2f9058f8f"
"e5e56e7d-832e-46d7-8884-ec97d267816d","0bd006fc-0825-4f88-88ec-005dd19dee74","05a2df99-0e6d-4ff0-a546-a081c10fb3a6"
"e67b9886-ae8b-4db0-abd1-4a84d55d2c87","f9b114d7-fb04-4165-8f16-6644a26a0b6e","054b343d-2f6d-45e9-b012-afb5bffea6a1"
"e893682c-1a9c-466c-ab12-b026e93e1819","243d6b3b-47b9-4d5d-9525-4312a9338524","0750618b-9afd-4493-b204-cd1ad753cbbc"
"eb639f20-d245-429e-81a0-c8899ba3cc01","ede3bb54-86f5-471b-8641-724f3fc0c853","073d7d4f-27d9-4917-9cc8-c5f78c3317e1"
"ed2e8a8e-a30f-44b9-b298-ca10fb569f21","abfe402c-26a1-4173-b4e5-ee56d8df252c","072c2e6e-3a01-447e-a95a-84335f4c101c"
"f04d42c1-6ac4-433c-9caa-f18b93053860","faf1aa33-6684-430f-b62b-e5286ff9f0d8","0022a45f-4e8c-405a-9828-cc06b6473f4e"
"f4ba2200-da6c-4395-b106-96809b43fa8a","aeba2af6-4605-4038-bafc-c7502456b6d6","00327f87-d7ac-465d-97cf-ae55c6f644f2"
"f661ee63-51eb-42ef-81aa-fd9d04f4ca1c","ab93c3be-f888-4d8e-9397-f9af4cfe4227","06e80827-ad1d-4c8f-9424-38fda39b3fa8"
"f7ed2c87-14f0-4dee-a78c-2cc145de2619","d0446f7d-c37d-4236-909a-2ffa0426f6b0","036df364-1ba8-4056-8d1e-9831471b95d8"
"f96cd6a7-25d2-4cb1-b707-518c9b037034","5360a1e9-c329-417e-90e6-dc87133530dd","007396d3-35a4-4ecf-96e4-7425bd4b86db"
"fa6d1f2c-50f5-48a7-a0da-577a09096a78","5bef3f59-a9b0-410b-85a4-a6e682bbe89c","0534fbb3-2484-4742-b225-b53e74fb1920"
"fba3ebf8-c93c-49fc-ace7-47aaf6bb602d","e0c82ed5-827d-4466-8d3e-fef47990c56e","0216dabc-73b6-4024-89f8-f2233b8fbba2"
"fc61406d-36a0-4dc0-b21d-271a5adede36","35aa6e14-f39b-4767-8a46-3bb79f037b43","0564c51a-c72a-421d-8db4-77ba710c2618"
"fcdefdca-d93e-4fa1-a144-0b7c93a016a5","5cd7c2de-1745-4728-a81a-a83c76636a51","041eea8c-145b-4cb0-82a6-4b2412883a06"
"fe182ee8-de43-4dd9-851f-3cca4f2a80d5","0a3a6f25-4ea3-4f00-93fb-98bc77181aed","024c8cfa-707f-4bfd-bba2-865a0116c42c"
"feaf666d-448a-4d8e-9484-679561a2238a","ab575b52-42df-40d3-a558-0cccb14bd092","012a223f-6cd2-406d-ab67-5af98218d41c"
"d50f9fe9-0c29-4fe4-8b8c-731435cfedb0","18bf1cbb-dbd1-421c-9dc6-03f6c14e3efd","05e55b5f-8b20-4e6d-b6bc-073fccb571f3"
"d7d809e1-10cd-4a9e-acf2-c0e8f876b8a3","a6a530c9-ed88-47c7-a092-b9bc5ac360e1","069afe4d-da56-432b-96e4-228ec2bef481"
"d9d904ae-b7dc-4a5e-a2b6-2d8b46d5617d","a428ae6d-dac0-4c08-ad08-76f18b7e45f6","05953b95-a29c-4aed-bdbb-c36349056232"
"dd666a07-5aa9-48dd-93b8-92191dce47a3","12921c31-6989-4a1f-be20-50500b5f25b0","0617c7b3-a3ae-412a-8dbf-a84f5ff79a40"
"df32216b-f532-4216-8694-06a1875f6b15","3d8b3e5f-6bf6-42aa-a982-2755d12b4743","035b2140-07de-4294-aecc-4f0538af470d"
"dfa2eb82-cec6-4f19-bfd2-cd3e0ee3d299","15664e7a-cfb1-4b58-a2d6-a1a9e06e3e7e","07c252b6-d4c0-46ed-86aa-e0156ee00eff"
"e2fc4378-6116-4b1e-beac-f98ca1a91220","5d5e21f1-9771-4560-afe0-ca7f9c1594f0","01366f04-0be9-4d57-a2f7-9a282afd5ffc"
"e3db0c35-06e9-488d-985d-f4ab75028713","80bea236-aabc-448b-974e-f2fcc10da700","013ec136-8a8e-444d-8e3f-ff910abddf4a"
"e3dc147a-d7b8-4c4a-8808-ce1a4a002015","b4ab1139-34c8-411a-a276-d65b45d1f99a","04e4a944-6b6d-445c-9f6d-cdf93ab8cb0d"
"e7a2aae4-8a40-4d0d-8b4c-d886d5b3d5ad","c5123566-87d7-4fdb-a08c-81589194236a","037c80c4-8fd7-4d13-a8b7-5ccfddb42fa1"
"e8691030-04f9-4bdd-b382-3ff01be282f3","73480634-de04-49c8-9048-9d05295262ac","04f5a2c9-251e-4eeb-a248-0b737448dcdb"
"eba9bfac-3b75-4d6a-8599-34b26626edd4","de03a8a2-c0b8-4ec3-adfe-8e5041249ca5","0242f442-3275-4e2b-a4ff-0ac42fe8b3b7"
"eda1c11d-75fe-4c01-b876-943e29fef490","ec04a2f7-4766-415e-acc2-db6940abfca6","071fac79-b203-4c64-bd13-4c7702b6fc9f"
"ee76fa56-305a-43da-b7d3-c88cc604774c","0ee9bf7c-cce3-45e8-9fd5-6c461775eb23","05f9cf84-ca48-45da-a577-64d34fb1234a"
"efd3620c-35df-49d0-82c3-6422af0dad4a","b58efa6c-624b-4b3d-a9bb-9112503055d6","0027da48-a2d6-4790-8893-fe5611819e6e"
"f112ba64-f8e6-4506-9af5-c9781fa566c5","f9943aed-e792-43aa-acac-0aff8ed7471c","07f4c9d9-6a94-4986-90c6-fee14d1adcb1"
"f2d5536d-2baf-4827-9aca-6e9a82d017d8","a0209223-37a5-468c-9bf8-58f04f347aac","041eea8c-145b-4cb0-82a6-4b2412883a06"
"f48e2ea0-3d5c-40fa-953e-167be836d660","b79d2368-0e58-40ef-a303-79080d08587b","067a222d-b3af-4be9-b19d-d9539275f983"
"f65e37ff-4f3d-4610-8aa0-ccd431ca00bf","8b063fdd-a3a7-418a-a409-28ca3ba28609","019dedbc-b20f-4988-a10b-50181c132a49"
"f82ba02d-a195-48d4-b1fd-820ee21364fc","ac9e108f-d371-4a08-b0fb-a87de745adf6","063eb505-a24d-40e4-a04d-418a8bf6b380"
"f8b52f62-d577-4693-ad11-26f23d0dc643","1463a66d-8b9e-4cc3-ad2b-01821a6ac459","06d23855-ada9-46a6-84cd-6df3391e688f"
"f918c9f7-fe0f-4f3a-9c38-3142e8ba4d3b","7eb790bd-3cb9-41f5-8964-55997606cac2","01b69a0b-420c-4754-a782-5f62b0e2f0ac"
"f9f641e5-8325-4ee2-a78c-cea72a7a3b15","741b482b-0332-4fa7-bb13-a3a824382f86","070ccc82-ed21-4e90-aefb-018a8dd4964d"
"fb9d226c-4bf1-429e-b348-947bcf098188","dab57501-5fcb-402d-8701-7cd1599a709e","01445d46-b052-4547-9c0d-4bcd5512f925"
"fe2357b2-523c-40ef-88e2-f1e25cae5383","abe76315-fbe4-4e3a-84f6-31f5afd73b9c","00bedf6f-72c8-48fa-9790-a0c725966562"
"8205a6d6-6bc3-4c46-ab45-1d630387dceb","fa66e96f-dd3b-413c-81b7-3a7604d68f90","03afde3d-125d-40cd-825b-96e2dac31cf5"
"84b24f10-0dc8-40d6-8777-891769f9bff3","a94ab121-d355-447b-aa5c-84f9b731b2d5","03afde3d-125d-40cd-825b-96e2dac31cf5"
"869f3d3c-c18e-4012-858c-c5e3cc089b5b","f7a8a2f6-227c-4543-bbf3-dd10b6b796ef","02723703-a6b6-4ae2-a938-d057667da5f6"
"8778e54d-902e-461a-8256-884959e3732b","a7b43d88-b241-434d-844d-1c9ef41d17e4","05dca0b7-bbd0-4452-ad0e-e15877823d04"
"8def92ea-dc83-4017-9c43-20f723a610bf","526fdb6d-4e92-4d2f-8834-13136baae94e","005794dd-5c77-4236-85a9-98ced72a405d"
"91ed8850-82f3-46b6-bc68-2b4030981e82","125f103e-d760-4e85-8f54-742ca06d418c","062cb5b9-2b1b-4073-9b3b-5da63d9794fd"
"9266c93b-334e-452d-b819-85d5a39b0583","3715fb6f-26c0-492a-9beb-74c736e50996","06003e80-19ce-4a5d-973a-8dfe6efcc87d"
"95f5cd91-227e-44fb-9678-cffbc9b8800c","9c7503d1-3cb2-4de5-9b38-c0854c7df24b","025eb800-a8b5-45f8-a59f-982c4a9483fc"
"97a2b765-0bb9-4c1c-887f-dfe55285e0f2","360775cb-44ed-4e07-bd31-42aca04af156","030ab64e-041f-48fa-90fa-9713d2a65258"
"9bf856e8-2c42-43cb-90cf-d45eba2e0eed","a729d8b4-a03f-4dcf-bb3f-ba56c76093e2","05080707-b140-4005-98a9-49dee82e57b2"
"a03fd9da-f94d-4797-854c-f0e8ce0375f4","1999589f-fb81-4caa-bce3-d7559542861c","0729e5f9-18a5-40e0-9ce5-c091bf07031f"
"a1d8564e-0fb0-4b96-a989-a48dbdc4f984","3e5ba409-ccec-4333-8054-8e84bbf52156","067a222d-b3af-4be9-b19d-d9539275f983"
"a1dd6f03-e7fd-4439-84ed-fa07ee2d2e00","e045a99d-c419-4242-99ec-31cc145207c9","06f1d809-0660-49ff-8fca-2edfe49ee794"
"a3241949-8bd4-4b09-b1db-3df0a04c8b38","b27da89c-9f90-4899-a888-14a5fc1c9701","079c2930-a6c9-4002-95d2-f7cba5d3f221"
"a48fca82-3739-4d8b-b169-375b21c8c64b","9c1d685e-5033-4bf7-a147-f241fb1c2b63","0572d745-629b-4448-97af-e0ee86238677"
"a554ae85-b29e-409e-9aaf-9a5f5e85a400","3a43ef70-e296-45d8-b34c-a2ce6b0f2e16","038d3fc7-2db4-4577-98fe-d830ecd0e290"
"a5bff3a2-3e49-4165-839c-30fae6ed99d7","2cd1b8ee-b82b-4c30-b503-fa79158b57ed","00cc2f3e-b969-48bc-bddd-89989adf10a5"
"a7546f62-c064-4a61-986f-f9ca0db7e559","7a98b470-5b4e-4b1e-90e0-896e8fbc9a10","057983aa-f1c1-4724-81ef-79cd7a0f9738"
"a83428d3-1fb4-4fab-b6f3-8f14b0ee0be8","04327bf1-c522-4806-bba4-66c492456848","00327f87-d7ac-465d-97cf-ae55c6f644f2"
"a86fd650-3c6a-4131-ad69-a031772b97f6","ea4f4418-5ffe-437c-9389-e2a37089153e","02039049-35ad-4ed3-89f0-6965f8832905"
"a919387d-56f9-4c4b-9837-3851daccebb6","7ff176da-2027-4eff-901a-f2c2b21133b1","06b597ad-3a53-42dc-8b75-f561abccea84"
"a92d7532-bd7e-4108-831e-652b8a63d85e","9a23eb78-10ac-4126-b03b-b324797daf1e","07f2b0fb-a56d-4183-b866-a833346ddf94"
"ae3a1f48-b59e-4d82-9ced-50144de6d8d0","305a7792-cc3d-4a35-b673-b57d993d978e","06e80827-ad1d-4c8f-9424-38fda39b3fa8"
"aeaecafd-e75e-4bcf-86ed-4f5da5d9312a","fdd1117d-6a31-4d3b-9aa9-aad27f7352af","03656de8-a671-402b-bac9-7e39f78c56af"
"af533587-b957-41ce-9566-af70ced1eb1b","0d96450a-e2fc-4503-b9b8-dd92959e8689","064a03a5-5b46-43f7-ae46-3be385540083"
"afcc392a-6e4d-4ebb-95f3-784c487d02a1","6bdcd198-d861-4f2a-9173-bb3ca833728f","0391dd12-4318-4acb-b0fb-d37f8ec19f53"
"b1260ed0-a402-4b5b-8d25-4262047ed669","91b16909-5697-499b-8dde-4d0e66dd1d64","03fb91f1-3f39-46e9-b898-4bfc24206f12"
"b435884c-a5c9-46c1-bb19-675d30568a5d","40e871a5-a175-44b9-8ffe-1be3adf55b60","05401b19-60a1-4d8a-91e6-450ba8b2f04c"
"b4992715-ee8d-4965-85ac-b0640fbdc5a9","add93608-0b7c-422f-871e-1c03f1762e12","0448bf0b-e36e-43bc-87e1-23deecdf5066"
"b6b8031a-0912-4279-8e4e-e2689b70ab13","2388c907-6d60-4c1c-a13c-1bc08e319c15","073d7d4f-27d9-4917-9cc8-c5f78c3317e1"
"b7fa1699-e95c-4ffa-b8bb-9934844aa617","9bd8f9ef-2afb-4d5c-afc1-226ab3bf4f00","0388c054-a821-4fa5-8409-a1d903d44d00"
"b841feb7-c171-4dc5-ba24-81ecbcadd5d2","8b493ca3-655e-4e4d-bfe4-b3d890de6ab1","05a65b83-2bb2-4a63-8655-df7aa50dcfbb"
"b9835b38-9e13-4f2f-b2c1-ec21f760a1e1","762e177d-58f3-48cd-9559-a0c647f86f68","057cd66d-d655-4465-a6fe-079ed83b6e7b"
"ba9add85-2104-4290-8464-b24a0eaa7230","cac0879a-80f0-41ad-a69b-efd4ec430655","01917b43-e31b-40fc-b336-67d3cdf42371"
"bddcfd10-b8be-412c-a876-3e5cffaa2fae","1ff09b7d-f393-4baa-b3f8-378f2295459f","01f5ae41-44bc-4d68-8baa-cbe34a7d1866"
"beef1eab-1461-4f21-819f-8a8bf78d0d0f","0798c6ab-f059-4750-aa67-fa5ba4c7f67e","032bc657-8746-458f-988f-3c5248033777"
"bfcf3ef8-9d8c-4985-8754-dde2c4278dfa","219743cd-3f65-4cce-8a22-a50bcc851d4d","05f9cf84-ca48-45da-a577-64d34fb1234a"
"c2b1ee96-f379-441e-9ccf-55f379e6aa9f","13842b51-e280-43b2-ba7d-6ff81d49138b","013164df-5123-496c-aeb4-80d475a9c5aa"
"c347c470-19ca-414b-b4f5-66262b6af21f","d08a99e9-d6c5-4179-be99-ae9d8ca98ad4","04a20eb5-5960-4091-bf18-4c6cea9cb0b3"
"c375cc6e-24e6-4e3f-b8e9-85d36fa2d9b0","af4a7f5c-d86f-409c-8b3d-650adf423de9","03849348-8001-4d7d-a175-5bbdf8efa6eb"
"c38cecf0-46b1-4dcf-acf1-e5ea1e66370a","ead01e6e-aa79-4bc8-bfb6-fb25fd0ee915","05de2c44-8300-43b2-8f60-272469969adc"
"c3d23b49-b58e-4611-9a08-357a242a4520","6ee3bc1b-2f23-4cb9-a21e-f1bb272dfbd9","034820a8-5363-42eb-ba14-fcda586a1b53"
"c76c9847-4a12-4a37-9a1a-3fb52654effb","5a6c2240-08fc-42c3-b456-fe6428540ce6","024c8cfa-707f-4bfd-bba2-865a0116c42c"
"cfebf288-a3c7-4dfb-9ccc-c6c33723ecdb","1dbe5ee6-dfa8-493b-9c7e-d70397ea91da","08ec6b01-129e-4fb0-996b-6ea61f6ebf69"
"d05167a8-9757-4c8a-a8df-d97dcd0a03d4","fd6a581e-d89f-457c-b7c2-92b98f7189df","0afc6fbd-88bc-4f06-aaed-1692cef8e034"
"d0f9d3f4-88a0-4f11-866e-55b07ba7bf07","29cdbf30-d996-4d8f-a54b-1f86e877a3c8","0cb88b6c-e3ad-49e8-84e8-2809137297e8"
"d19f4c1d-2f90-4b4a-b417-0c820756ce10","af2e02cf-e2bc-41ed-bf78-e6930d87b26a","042ffe36-fd4e-4db2-9385-01324db2f9fe"
"d1dcc4e7-a602-4e13-97de-1a8165985f08","1a61121d-5ab2-48c1-ba8c-227bc631d250","0a81cc00-5eb9-4392-89fc-08b8306db8b1"
"d2c2d0e3-269e-498c-8f92-6ce82e3e4e24","f559cee2-405f-4cc1-886c-7f68bfb81505","0e798025-636e-43e9-a561-8be9e58fe23c"
"d4750a3f-3698-4a66-beab-20229803181e","cc65bab5-b664-4be1-b481-8eabe643149e","00545b84-38b8-44c1-9e13-26567589f51c"
"d6f2e084-2cc8-4889-81b0-571ce6eb0701","7fa934a3-243a-4068-85e9-62350560694b","054355ce-330e-4a72-88b0-748d8128ecda"
"d6f95acb-eeda-4e5f-976a-777f2af0f3a3","4019957f-6b13-4f11-84e4-f6eeea26e3b8","08ecc8ca-8eba-45b3-8238-fa31f94400fc"
"d870f53b-7c80-4f43-862c-19eb19f0aa61","74a11465-7dae-4acd-8f13-0b150009aae3","0bc31a79-1651-4bf7-a7a7-7eeb72cf9c1c"
"d905eaac-fb15-4871-831c-38765cfc9df3","5d97e251-1348-44b7-8d97-c9b5389a28c5","075c111e-c7e1-43b6-8449-fddea06ca9a4"
"d95e2074-2fc1-41ac-8403-71d978ef42ef","c5e7cd92-f02b-4954-9232-796954e3021e","0da8ccb7-2029-4861-8e68-68821523e65b"
"da253e22-4b9d-4881-a244-3fccb79205a3","6aa42a75-7344-45e5-aac6-ef63f08a656f","05970b14-22ce-4b29-96f7-2d24da42fc0e"
"da5f2790-6447-42a8-9f65-716f31867800","79df1892-b70e-4410-8188-ca96a85de23c","081795d3-d8a1-4e3d-bee1-f579883faed9"
"dc4b7156-0c07-42da-90dc-3a638275335e","bd4c1a33-2fe9-4a18-a294-d43280555c5c","0bebf994-dca3-4fa2-9410-539ac08e83ef"
"dc507ba3-d96f-4e12-aa0e-11a0a9966e88","0af72baa-c1a7-43d6-84dd-cab007776e03","0d134a2a-fd9f-4554-997b-665fa098a459"
"de8927e3-fa88-46f6-bc1e-9b52c03b5a4f","a9dd2c9c-31d5-43da-9459-6a1353b55b32","065a4498-5a47-41f2-8e15-8aec2822ad9e"
"dec5469e-a693-47fc-9712-b8cb93b7ad3e","f06fde49-e513-44b8-b768-463ad10918a2","06d30a08-77cf-4600-9425-d2a33d7aaad1"
"df7be117-fffd-4994-a960-90dc35292d49","f13f492c-b31e-4c1c-bd2b-927d34534be4","0ad0d95a-54a9-4250-a456-bdd62f2572bd"
"e037eddd-6c57-439b-88eb-26d51d9853ea","f693cf0f-8c89-4ec4-a5e1-70eaa93deb14","078b3172-f821-4c4c-a49a-3b8f8f428e7d"
"e1879435-f27e-44ad-8fac-518c97cb932b","9b5d4995-4458-4256-9dc7-161a4c5f2020","08b9b831-1951-4a64-b446-170d2ec0d193"
"e223b71a-7263-4709-8c55-092b0f32207e","48883ca3-c120-499e-a6c1-9eb7ca9c051a","0d12a47b-2e8e-4f45-ba6f-4c7cb623bd94"
"e23b1c0c-67f6-4e94-9928-3a2ef9dc9b13","75c7e596-a484-481a-add5-28dc4742841d","0aee4f28-ac1c-40f2-bcaf-b7bffca4ab55"
"e2ed7f70-6b84-45db-9e64-d24c94190452","93756136-3c56-4db5-aa6d-d0cd3fee8449","08629ee5-8838-42d0-bc91-66ba0cc8b85f"
"e4110838-62a7-476c-ae26-b3778e176dbb","1b2f0582-0e1d-4142-87c8-e9bd6fd04825","0d0627c5-870b-4068-b49e-a4e4a321f7b9"
"e6f78ba9-f3a1-4ca8-9d2f-09e78e2210f0","4f6cbc69-1d8d-4ece-ad88-9a54fe45692a","057ef6be-6254-4e8a-9d4e-3e2fbdfcc5af"
"e8460c42-365f-4d80-8bf9-c93c3ae3d070","0c324ed5-c1d7-4d31-90c7-3fa7029b148f","07fa1d32-b005-4f51-acfc-1d77635d53e1"
"e87b73d9-de54-4c08-98a7-4d853bea3339","f51051d3-6d9a-4ce1-84f5-2740ee85b7dd","0e51bbeb-410e-4a77-b3ec-1b87f2bf5a5f"
"e88755a9-7814-4e1e-b5b4-470bec8e88c5","41fd5b28-d1cf-4087-95b6-0495fcbbd91c","071d8f5f-73d6-4b02-b3a2-693427cb7722"
"e8c61750-d2d4-46c5-a975-575b65d0d769","ce7e0f81-53ed-4531-a3e0-8f9f991160d3","0269ddea-c3c1-4194-ad34-68fc96aae4e0"
"e9f7bcd7-47eb-4b90-9225-3f922a5f04ad","b88374cb-5576-49bb-9c3c-a25a1b2fbec0","0b526b4f-c749-4f7a-ada4-b560eea5c5d4"
"ea64b8ca-260e-4df7-ba64-7821cb14a5c0","df709d05-cf15-4caf-bcfe-6af6bfb03b40","063b4195-ca09-4230-97aa-ac894a0c16ad"
"eae8f80c-7eb9-4382-8cd9-0a2513f8296a","9f13c4d3-e944-43a4-8b93-3ac99a342b7f","0a313716-c618-469e-90f5-73a86c019b58"
"eb14216f-de3c-4d29-aa02-3f11d04327fa","0f39d404-cda6-4f14-8130-36189e15a1d9","0c9f2d63-7eec-422b-8c24-37ae305bd3ad"
"eba5dbd4-15b3-4552-a425-62694ce27089","94696888-0def-411e-ac55-11ed33356848","05c9831e-47e8-4f34-904b-8e60200df5f4"
"ec6855c9-08c0-4246-bb7f-4165210b6741","2a740503-cbef-4780-9ba7-cc9210148d72","0b8730b9-1f7e-4475-b1f6-7ac6177728d2"
"ec8d2eda-c80b-4522-940c-60ede4b86740","de5c4f97-5093-4c1e-9878-c1579e4c1ab5","01cbd021-e971-4b62-bf88-a7fc125d19f5"
"edd82708-3a6d-44dd-96bc-63e34a10faa4","a33dd532-ae9a-4c30-8a92-aa54d94baceb","0ad0d95a-54a9-4250-a456-bdd62f2572bd"
"f070f8c4-1720-4237-8f45-2fd8a560f289","348e4981-006d-4d91-b58f-4eb665e8a63a","03749b40-42aa-4e77-8bdc-464414fde86a"
"f07a1a48-7b8b-4b04-82ac-6b223b114742","e4cbab89-5826-4e3a-a5ed-097dd2ccfc32","01dabb24-cfdc-4bc9-91f9-65084bc742ea"
"f1b49a1f-0c93-4216-895c-1bb679318ff1","ab057b44-0d44-41e0-af9d-a2a8c591dbb8","035c3aad-ea3b-41c3-a782-18ef67c286f0"
"f57a084c-7563-4e74-9aa1-c545aaab8f05","0466c9e7-6469-494b-955c-e7b953efa569","09104a5b-3581-4201-86f3-d0e83d11c73a"
"f5a64ff1-a5b5-49a2-ab4c-ec7ed0985828","e8861936-edb0-4718-b352-2e83a37c4889","01dabb24-cfdc-4bc9-91f9-65084bc742ea"
"f7663827-6abe-4124-bafa-fca5e858097f","e6c7a08a-24a4-44db-8f53-8500ee8c1802","018dbf0d-5aac-4a3b-8386-49d17fea82f8"
"f84e4b61-09a9-41a7-9fee-847d6fc33818","c74ec982-8967-44fa-8e05-3f378a23328a","065c09bc-2740-4907-9ff5-a63162d1d6a5"
"f8569108-f742-49f1-baae-6078b345ddee","a75362cd-54e2-4a85-a04f-5765b2696c14","04e1b366-eade-4b46-affd-0edf01be95de"
"fa63115e-d3a1-4e28-b46d-6bc7b3ac9c34","6489b39a-a001-4305-8101-e5cbe9de6bfd","07a97bde-ed93-4186-a598-2593d7a41137"
"fb5301c8-a957-4249-bdcb-c6691a1cd9b9","f6b7fe81-254a-4a68-960d-84f0027b7083","023e0134-fc55-4df4-a9a8-6145b86d28ad"
"fe416a4a-b983-418c-923e-d1f514d70ffb","2fad780d-7d2b-4e48-a590-62449fd89021","0d532f27-207b-4365-9687-fddcbed90fcc"
"fe7857ff-82d6-4ea5-a822-082fc51b63ff","5e897fad-3a65-4f72-a68a-0c21c26df029","073f9079-bc1e-48bc-8e80-352a354c38cc"
"fea62250-925a-4d93-b098-9c3fc2841073","2463844e-11d7-4cfa-9be5-fe166896d9b9","03577ad0-7f40-4c5a-a7db-b5a6d5f5f099"
"ba9e1356-0098-424d-b2a0-a7b80523dbab","c2d08816-c3a5-4231-90d9-371c95a510a8","0c5bdbd5-9deb-4a15-b5ce-b60d8afae0e7"
"bb106c29-6a35-4a3d-b6a1-7027b4b4adb3","13061483-1789-4a4d-9607-9717bb2ad830","0c84ae94-1f23-4523-97b3-f6960d14c79a"
"bc205698-9b02-4701-b2f8-1f1a26861e35","08ecfb07-9bfb-42dc-a332-e428899c053c","00173b56-b916-4e38-9067-8d82941777c3"
"bc2098b5-cf5d-4c97-8a6f-ee914f67e73c","de5e77fb-53dd-4b25-b9eb-88ec3e553f01","0d2fac3d-0f7b-4910-9b77-a8283ba3c017"
"bd6877ee-499f-4cf5-b2d0-875f630214a2","964bcc86-0db0-4b1d-b772-084d9814dcf9","073f9079-bc1e-48bc-8e80-352a354c38cc"
"bf473c38-0524-4d3b-ae5f-d27803e89a20","68654519-6a49-4950-8fcd-dc9d9510dd9a","0981d1d7-3247-4cd8-a459-2e872c3ed43d"
"c04fcf34-5e69-4218-bb90-28f283db4040","1e6e7c61-144c-4239-9398-523b20e6ee5a","030e7d4d-73f3-451f-830a-4e0ac646cbd1"
"c1aad17a-6224-48f0-a61b-a919e6a210fd","294d61f2-f93f-43f6-b814-cd6bcfb03fee","0d3e476f-ab38-4661-b62e-425b8d6c4132"
"c200bf5e-3df7-420f-84fa-d14848764ac5","0b412600-ec78-433d-8ba2-18a65617d2a3","078b3b86-5434-4c85-9261-f461effe758a"
"c2cd690d-eabf-424a-9449-1ff356d80590","c1642113-06d2-4573-a1ab-0d7356cccd30","075c6e84-8f99-4ba1-96c9-6cbd9933ecdf"
"c2f8d82f-6d8f-49fe-8c8b-5900f1f546b1","3d7431fe-26bb-4922-8078-7d3d51fc17f4","05c9831e-47e8-4f34-904b-8e60200df5f4"
"c38db254-76bd-4d2a-a7b9-99c03ac5f5db","631f09a4-20d4-4a66-9737-eb0810ed13dc","0c1cb1a2-e996-448e-ba1f-d205fd30e230"
"c43dcd10-86db-42e9-b90e-805d10484acf","9597d6b5-a229-4ae2-bbcb-5ae4ea5e6731","004ad92e-9414-45db-8850-cfe1f4da769f"
"c46ace17-4b48-4e8c-a856-e72c79f56745","02304c6e-9016-45d7-b47e-d62cb24c3a5d","0aee4f28-ac1c-40f2-bcaf-b7bffca4ab55"
"932ad106-9253-4480-b281-2351bfcf189b","c8f5ead2-d0d4-4311-a407-f052167100e0","06ead398-fb54-4522-abdb-dd5e424f828c"
"93412cb2-ddf4-4667-bf31-032f4572c309","708e8b4f-ed49-4582-81c8-b9900408d07d","01a9db8d-5259-45cd-95fd-2bf9681d2512"
"93bd89c1-1ad9-4554-9616-7c7b66702abb","47b943fd-2a32-49b2-9bed-0430c0fbabb3","069bffa9-0b09-4991-863c-f47b889dfe7f"
"9542fbb7-ecab-4117-a822-651c073b2f4e","7558e179-27e6-482a-8fea-72b4393ef278","06b4bf62-c71b-4379-9226-7bbdc76814be"
"98603c71-0753-4354-8c81-e83adc298c97","9b1f17f0-4d90-4389-ae68-6fd9b269429c","0005125f-9d59-487d-a247-9a2c6703a592"
"99ae1344-50fe-4662-bd96-88aaf71bd547","d910f9da-3ffb-415d-ad5e-553c14c844b4","0b69afc1-9720-4347-b094-7d7cef2c05b2"
"99b25cd4-0dba-4c54-a66d-c17feaff2a46","41ac7214-d694-49d6-8cda-6f6e27f03ff8","0336a8b9-ac70-430f-a770-8d29406830f5"
"9b7cc773-47d4-4b87-8472-c31a9f317528","48413222-a7ae-49ab-bd83-73a752ad98ce","09ab3ebe-2f77-44e2-840b-423ef054a3ce"
"a0d3ce86-70ac-45a1-8ea0-8b87f10bfbd2","4cf66018-a89f-450c-b1b9-90fb561114f8","07d625c5-f727-4bab-8f49-ba5f3671c84c"
"a4a0cdec-df4a-4618-aa8c-43289fd2549c","9342d9c6-1adf-4328-b78d-1fe8fd3eb59b","094bc13f-fd87-4dbe-a6c1-26b376912180"
"a4be993d-f322-4a6c-ac7f-b8293e3ed10a","8f181bbf-8709-4f36-b75f-b9bf3917a095","0a51877e-81c0-484b-9ecc-549e62fd414f"
"a58cd1fe-955b-490f-87a6-ba429f9bff6d","62864fd4-04f4-4e57-9a58-eb0a601082b9","06fb9a61-0bd5-41fd-b0d3-7e71af183795"
"a5a7b396-64d2-4b1a-9568-204c7aad2ecc","513231ef-00cf-42af-aaf8-972793a4e020","0162a33a-b525-4d66-a42b-a86d374caa7e"
"a6ae9f89-0940-4544-97f0-6953add49cc6","3ca63785-b0a5-4af4-a40f-34ee4300792b","0aa261d4-f8bf-4a3a-9614-e91db4dcb2f4"
"a6b31dca-35cf-48b2-9f91-645b78e53b22","efb770d8-4fed-4d28-9e54-7805445a0585","075840ac-e230-4225-93eb-d6fdb4706c78"
"a89ac06e-354a-49ea-8170-2932eaac8d02","53e1fac1-dc62-4563-81ed-06433a42eee8","05be98f7-712a-4bec-9f8b-4013bbfbd783"
"abc1c21d-24dd-4341-a7a8-2dd77cfb5561","e9f7e8a3-ab07-4fce-9f45-789f0ee3d535","086cd02d-d615-40f6-b4f6-07bd8b345950"
"ac55f50b-b591-448a-a711-4adde16a6b45","c229dc2a-33d8-487c-851d-9f7e3305ce92","00f05ceb-af04-4849-8108-65cc9ea8caae"
"b34cc6db-cbb7-4f4d-aab6-652ff0530b40","cfdcb396-1ab3-45d1-b9ac-dbd2a9152031","027078f7-bff1-40e1-ae91-1cd874555a86"
"b78df01a-8df0-4db8-bdf9-4f136d62e2ea","9846a3f1-fc2a-4d17-b21d-e3f4f711cc7c","095a908e-acb9-48cc-859d-3b72ac8fba46"
"b9041f8d-0939-49cf-bf0b-ff1c2ec3b3a2","e644c688-68dd-4f8d-872b-28404a5e3d7f","07711b01-d31f-484b-be1f-7a0e7ed2c639"
"bb19edbd-92fa-4e46-a4cd-dc0eb86310cf","1e57111b-d629-4274-ba89-0b2e9309f893","009a0401-7067-418a-aa05-cf6a4b544c73"
"bb6406fb-6639-47fb-93a7-4fdd7dd7019d","7d705aa0-b23a-452c-8d43-ed28d0b6cbed","09892f05-884a-4523-963e-b2878eb01d28"
"bde6054b-1c30-4401-93fb-b918e0b4f065","5149f162-ea33-4893-a39f-769e91cf426f","0997eaa6-e6f0-4d0f-9d05-3066d934348d"
"be3f7af8-94fc-4b69-8ef8-c4ceedbf57a3","01a252eb-10e9-4cae-9df7-969a5ead88e7","00ee9053-c3bf-40f8-9c57-8529a8100789"
"bff10c03-9cd4-4ce4-880a-61d9d084cc86","ef33adac-df99-49db-a83c-8a22f5f1b468","05bfbcf4-ff04-4157-b803-4510abeb1d42"
"c005ee7d-7236-4ee6-866d-c35e5f09ee3a","c02f5b13-a56b-41b0-83ed-40808a6dfd4a","093d5284-92d2-4e76-911a-a66732d33b41"
"e9400a0c-5a34-48cf-8428-e425f099f3ef","a5bdf592-723f-44c6-9834-cc7f7ebf8b17","0554b859-35e7-4737-bd86-94c663e03865"
"e98c2a54-0871-4adf-8699-d4a42bc99284","d666ae4b-3eda-42ca-a9ec-dc02596fc938","08914449-32df-4e0c-8a5a-f4f2213ea467"
"e9fbcf0b-d866-4e20-a89a-50fae14afe26","4cdc77c2-a8c2-4996-be0f-95c25ae5f280","013d7085-0d53-4d97-89b6-1ca1c0d1519f"
"eacc6389-e46c-4785-8ca0-0777df0cfaec","beb34ab3-d4b0-400c-8ca0-94329e7c435b","0aca7ca4-88e9-4fc7-9c1b-62ab5a92b457"
"ede45978-986f-4f29-ae97-030a26b64eb2","f634dbdf-2e2a-4fb8-8a49-4d9cc470e623","08d980f3-fad4-4d74-b009-263f733e263d"
"ee86a58d-7751-4201-9cd0-f98303b87464","8bd6cb73-463f-41d9-8891-a73b4329ee62","00e79ea7-573f-4037-a3e1-ab7017cf7bed"
"f009986a-3c5f-4f99-b154-cf7f9941811b","3137fe2b-846b-407f-b522-22266862e981","0a51877e-81c0-484b-9ecc-549e62fd414f"
"f1a4880b-c13f-4753-b481-ebfea6b3355e","38f9d71b-12bf-4183-93ac-6c95c711635c","0b25cf66-2b2a-43ac-90c1-ec8d76761edc"
"f34b9692-27fe-4cc5-84a2-80e5b36d574e","71afeca9-54df-475c-8a37-f4dcc26b2866","0599707c-9d2f-4b45-8049-d1bb4d72eeb5"
"f36de5ad-9678-4825-9afe-4abc894755de","874c2b60-6fcc-484f-8c84-8ef1420ceb76","0b6dcaee-bd56-4e36-b3ab-4b3a7faa304a"
"faaef03e-098a-461c-84bc-a4f26f25c4db","de4df50a-5c43-4b5c-add8-c901832fc5d4","07f1f87f-3153-401e-adf7-a7ce2bab2529"
"fc253c3f-972a-46dc-9b86-28503c526fd3","6d8cb3c2-a091-4ff3-8fae-9cbbc07c369a","02433e12-f9a4-4220-a4a0-b8d4f2ca8667"
"fc7ee753-9b25-4897-a851-d1218cb72cf1","6d89defe-598b-4bac-ba9b-2c95523444a5","044ae07f-f4cf-4c4f-b9c9-84f4173671ef"
"fee3a272-a053-4d0f-870f-a34537430e59","de4a7fe7-bb2e-4dba-b68b-0008e500f991","06dd4277-5f3d-4996-9e21-94afbedea552"
"ff0cc65e-7142-4681-b03b-3f7356265ec7","1054fdef-3edd-456d-b4db-8da4bc60e31d","03e19c97-dbb4-4241-b09a-c4848031d582"
"c1215929-977b-462d-948d-f7df32aac194","a1a6eeaa-f8d1-43ef-9419-0ad7ff086251","0a4aa8a0-1d50-4dbb-8c74-f1f38634642b"
"c29df887-8d0e-4f28-9861-e381f41eea42","c3d63d30-b5a4-4881-917c-da4bbe77cb97","01cf95be-6e0c-41c6-819e-e86f38ab26f1"
"c2a5fe84-49d8-439a-a8cd-12176db44fe0","db17883e-08ed-4252-9490-366a7fab32de","01935927-c854-48c8-b77c-97bccce68550"
"c447a1b2-efd4-4679-848f-4dee94af4e62","f3ad665e-591c-4a3c-94ff-e3884b44a478","091ddaac-1495-446d-ae00-1154e228b74c"
"c5119c96-9d00-4dae-bf5d-ca23cac1cb8e","effdc038-5381-4617-9c33-adc9d8526910","048823bd-9028-4306-84e7-43a8a5d6c619"
"c60e6a1a-d421-4249-94e1-2bbe08f80b05","cd5f51ea-ba23-4bc7-be8e-eae6ad03c04f","02f5d97e-dbc6-4545-ac67-ec8f655d991b"
"c72d39d6-be6b-4c37-ad7b-4cfe8ba1f508","9309774d-a9de-4748-8935-967c5f8677cd","01ab148a-9d6c-4d44-b6f9-50d0e4467423"
"c792b779-f345-4541-986e-ba4a9c03743e","11aa6aca-0f50-4edc-b0f5-7d0e941906f3","082f56c5-9832-4aeb-9412-392f97bf6ff5"
"cb706940-6be0-4437-9172-3fed59f8f0ec","601a4eeb-8de3-4381-a656-30ea316407fc","06b53a96-7fe0-40f4-acbb-7e7dfd26c305"
"cd602236-fcfb-4911-a3dc-45e6d4bd623c","100bc8de-a7c8-4212-b7ce-629260a46535","051c1257-3422-47b9-bbee-105900b65924"
"cec240c7-1918-4944-8b96-c6c50f07e023","bc1045e7-2a48-4a20-be2c-c9d458d58679","09fcc153-38a4-436a-b2f1-05c66501eb35"
"cf6fb68a-9587-4fdb-92c6-bae9848f1f25","dbef02f4-6c1c-486c-a534-ea9b4f1d3674","0604c3d8-20b5-4ddd-8dca-c3127a52a3cc"
"cf8e4c98-a9e5-4cb3-a5fa-c4d5c8086fcb","b3e3fc52-6bf1-48f5-ad59-722b7aee1878","02433e12-f9a4-4220-a4a0-b8d4f2ca8667"
"cfaba45a-d473-4024-ac63-83d2bdfc68f3","57fabad2-e187-4d75-b14f-3054a905cb02","0a51877e-81c0-484b-9ecc-549e62fd414f"
"d1255b2d-4304-490b-a0e2-e03341fe553c","cfeaa31d-f385-4c45-a757-e8b505a54b10","0604c3d8-20b5-4ddd-8dca-c3127a52a3cc"
"d1792454-3eca-48bb-b5a2-50e482f0f240","7ed09dd3-aa36-442f-9272-c81ce862442f","095c1f0f-5d5f-441f-b063-f463fbd7b34d"
"d1b21e61-2f24-40a8-ae07-46caf584cae5","3906aaad-2587-4025-bde7-8844327baf40","007f770f-51c3-46c3-8f52-2664d0b9988c"
"d33a1ac3-c1ba-498f-ad64-b963099814d3","a75b387d-7715-497a-8069-ccdc548cf234","0a51877e-81c0-484b-9ecc-549e62fd414f"
"d387310a-19f5-489d-9511-b51257b23860","f8dbd3fb-b6d7-4035-a5ed-52f3b6adc0f4","0235b7c1-39b9-4d6f-ad8e-0166a258fdb8"
"d3c87c7b-95ef-4d3d-8d53-57c68caf465d","7441a0d3-a434-4c4c-b765-7e3a0b279c49","09ed4ed9-aa2c-467f-b09c-6c8900c5a446"
"d4526cb4-86a0-4c9e-86f8-571d88d6bfa5","1b2d3647-c8e0-46df-a360-4ce8c0ee1bbc","0084021e-b9c1-4ca9-bc68-2f25a0aab310"
"d67f686e-7273-4546-9e60-b92d52bcd51d","cdc89cf0-b944-4bfe-830b-2b99e144458c","015886d3-5ef6-4c37-ad78-8ea295f1b19f"
"d7d5f984-ab91-45e2-a930-c66efe237935","24f179ad-48a4-4c94-998e-8c18c2630800","0ad5f781-efbc-4f04-aacc-4494f17989be"
"94f34c1d-4410-4655-bd9c-c1941e52dd93","ec7ba7f4-c355-4bb0-98cf-3618baf6fbce","023463f7-80a0-4404-8d11-14ff0480620d"
"98bc6f5f-4f42-49e4-8b99-17d1fc5a066c","35a74ef3-7c09-4245-8e3f-876f0179d914","06f222a5-629c-4525-a427-a6804ca7febf"
"98d3db5e-d39f-4ad2-a7d2-6d66bad35334","70683e97-1838-41c1-8f35-68b3952198f3","043bcffd-c9c8-4740-aada-1252fc109d04"
"9a9b4a91-edc6-428b-9e23-a2e75beadca9","481793c9-3363-4196-8ced-55a52e43db9a","079e7b89-525d-40f9-a3f0-e192760d2302"
"9bc0f02a-212e-47b8-9ee9-785b15974af0","7f012026-384b-4ddf-9027-a35763513f4c","06e1464a-f67d-4f86-a4f9-15da06d80b25"
"9bf71f43-72c5-4c3f-8ac2-7c14f0120745","8f3aa17d-db58-4e9b-8c93-aa707a9d6879","06fbb109-c7bb-4189-8dd5-0450dcb4cda9"
"a34fdee0-c70a-4709-988b-fbaaa1865b81","7eb790bd-3cb9-41f5-8964-55997606cac2","04ce053e-08aa-4440-acd0-2180edae4192"
"a45f27ac-e4e8-415b-9801-791872944194","2217edda-4f31-4f32-8e79-8f542a1294d8","003475ba-247d-4ca1-a970-4d4215232e4e"
"a5334eac-5eab-4628-9831-20850809ec3b","a3325d70-4655-42c5-a828-c2ef338a3a43","046630f7-5c0c-41a4-a5cb-a5369083f091"
"ae8af862-b96c-4583-8900-2157d0c5b400","ef6b0585-6346-42af-990f-31b20946e115","00f7737e-ef6a-4009-997c-aa190c5e017e"
"aeb6dc5b-b4d0-4648-8dc1-89e9262d18e3","277c4ce8-784a-40b1-9841-48a20161ee48","078ce49c-c940-4109-b4c2-411bd6f5052d"
"b4d15773-9fd3-4f46-ab81-7bdec64badab","e7df9945-1cc5-4965-b208-b6b1ff2f8fad","0082208b-bb8a-4173-b4ab-09c8bf2c9f22"
"b6d29077-6cd9-490c-a769-d61973e0d859","3b049751-ab04-40a7-bdfc-a1f555ec3177","05ece1ed-b8ba-4b93-a949-466c9256fb1d"
"b79a6f5d-c3cb-4bfc-bbd0-4149e5999619","7fe6636f-228b-4815-af24-65a901e3a732","018a5451-f0a7-4e4e-9d03-8f62ed53aac5"
"b88ebd2a-aca1-46b1-ab70-f8f7d8a723a1","972bd476-80c1-4cf2-9a2f-e463fcb129a1","0090e341-ee82-4cba-8468-977f353b39f7"
"b8c0139c-2bb6-425b-be47-163db5017bae","c9cf8bad-c5b7-409b-99bb-1eaf8749afd2","07cbc3d5-c5bc-4df7-b18f-44e2f1ccedaf"
"b8ea6e99-7c86-400f-a1f2-601ed3287f46","a7cdf7d2-463c-453d-bb7c-03afa247ff34","0770cce0-a52d-426a-89aa-6b9f74d42e9d"
"bb0e0052-e1ed-484c-9f7c-aa976bac669a","d91141b5-398a-4630-9969-7e46da70463e","04658ea0-440e-4dcc-8e69-9e8a3f01e62d"
"bb2739fb-af41-4056-ba1c-2111a87b1a73","109a0311-ab0a-41c9-9d7c-44c64c1d66ba","02fc9123-fcf6-4436-9cab-9947c604cac6"
"bbdbfa13-b663-4538-8b79-c2df89ccd8e3","63ba32e8-0901-4ab3-804c-94de4415eb82","05730950-01f2-47ee-b6a4-4c269aa921e9"
"bf1e0241-68bd-4074-ab35-f8555db256b1","66286b23-56e7-44b0-a8aa-0259d620e6c1","07dc1922-fb34-4d12-ba29-163a4b20a71f"
"c0a881bd-a486-4fd3-aa47-c06c9ff0deb4","182cb1b6-3c16-4a0e-bb1a-c7e732d01277","043bcffd-c9c8-4740-aada-1252fc109d04"
"c0cef4ae-9d4c-487f-9d95-5c397d35eaa2","2755e0ec-6a14-41ed-af94-4c9c49e89b43","04101a3c-9b65-4839-ad67-bddf0a9d5a61"
"c0f978c8-7a0b-476b-a93b-6be7402254fc","5737637f-2d90-48be-b58e-8e39171aae1f","01313fde-78b5-4075-85b6-c6444569f7f8"
"c1be9580-00fe-4e30-93bf-ce844c88696b","c7305f38-7fe5-4633-9bae-4886749be6b8","023d0c54-0a1e-4381-9a44-bc41d74530b1"
"c2095b8f-6376-4786-87f5-22bb94736e46","cd8874ac-b72b-4dd9-8f59-6ab4f3d991cf","06c52138-a756-460b-ae17-3f3deb7ceeb8"
"c2ce4580-d1b6-438a-9c38-2ff2f67aaccd","8bd3ed42-7aa4-46f8-9fa4-4ad310adfda1","070d0589-db26-4ebb-8a87-09c4e6d63116"
"c600c6f1-419e-4ec1-9e0a-d08b039c2a96","27d9eb95-3f4c-46a6-a9b9-26a2ab201549","05adb233-77f4-4817-8cd9-c8e3befc4483"
"c60b4541-5030-496d-b1a8-09c54bccdbe6","e2cbb81a-cf79-4ba5-9627-f5b5f39062a2","00b1b294-c53e-4dae-a8c6-686c4e93f28b"
"c7200351-c90d-4f49-8dbe-d6443626caae","55184be5-9ac8-46ee-9cce-e227aa7a06b7","050268e9-9940-40be-848c-57e337e703e1"
"c82238f8-7be2-4eca-8d24-7f1990ee3090","604afdda-fd72-4243-afd6-93e42e3eaf57","04338e79-579b-4fa7-a335-95735986b039"
"c89fabfe-6fd1-4875-8e40-a0418626bb4e","3ad3ac4f-33bc-49db-97ec-aea96468317e","02dcf12a-7278-46c2-8842-e6ab0b391e5f"
"c9bbd340-e47e-4a19-89d6-213c94be8613","b2229bce-6b55-4ba7-9c7b-ffe4f91ac7bd","042b29ab-2256-4e87-b51f-309f9fb6a9dd"
"cd37fcfa-6fb7-4813-8200-f9c1b71c88d0","14f27f57-fc18-4794-9241-e9c0b8477e60","069633ac-4576-46bc-88f8-149130d8f02f"
"cd4c1b4c-db0f-4184-a068-7cc7c996b407","2d6a1d84-93d2-400a-9690-db69cd97dc70","01544c89-9333-42e3-b758-b7cc4b8d2897"
"cf4bfd73-2b7b-452b-bfd8-2ca6c34fedb7","06425c0f-e713-4fb0-94c9-3735eff4f199","01a4901c-8cb4-45ef-9ab9-94992d408585"
"d22216db-c911-4329-aa56-170a61b3763a","ac8ed832-2830-4ddd-909a-01bc3b77de9d","03b4593a-7b50-4dd2-8348-2da0ab7fb3d4"
"d45e42b2-343a-4089-aa0c-f611800a4ccc","853c5a82-5ece-4722-9329-2cc25a156566","07d253cc-e34e-4cfc-bd7e-952f7a265eda"
"d64501f2-f7c7-4246-b83d-c2422b2f777b","324c2b7a-6966-4f08-a512-a285fbcb4caa","0290dcae-9c13-4115-94e7-13034cb3c1c4"
"d9e803a7-44c0-410c-8eb8-168df85b5c32","fea61006-c09b-4943-88d4-09919676fe23","045fbfeb-fd6d-41b1-b378-bbe6fbc01735"
"dbac36e4-bd7b-4865-8eae-91d6125daa87","5d3f616c-f574-405d-8a68-5b85e4b1020d","074263d8-791b-4156-8361-d7ce50174e6f"
"e19c8b9b-0c4f-49ad-b83a-3c276d40ff42","136fbab8-9d68-464a-a0fb-1faceea5eba2","049bc83f-3b9a-4e80-9d56-85588c0397ac"
"e1c1443e-d316-49f7-abde-6efa890f6412","8f3d4595-d299-4a79-8bbd-256149ed777d","03fe436f-881a-4e0e-8dcc-14c515a79381"
"e2eb71eb-6a3c-4f17-ace9-217b882772fa","9dab214e-6bbc-4eef-bee9-791b359c08fb","073b5f54-7536-4787-aad9-1a5160d04dd3"
"e46ac9de-0622-4a2a-a7c6-e467f34ad4f5","35fbb7de-4fde-4e24-a3e3-5e0cef4eee4e","004361d2-449f-4fa2-a6f1-df736cd16d87"
"e47d6391-4e06-492f-adb6-1e24fb4124b1","c1bc9137-3a08-4791-9277-7f6f58fa393f","037c739d-adfa-4767-9d91-7ab35cfac1bf"
"e9cae585-9341-4ecf-a2c6-d83b7a2e7a09","4baee20d-b4f6-43c6-b394-15f6b345d12a","025de1ed-91e1-4d50-aec8-70b22fd22f9b"
"ea52b06c-25bf-48a8-a46e-a615dc2b3c14","c17e2eab-809c-484c-914c-d2a0db69f705","01a4901c-8cb4-45ef-9ab9-94992d408585"
"eab7618a-a79e-456d-8205-4c6103a42b8e","82b87f8d-c0fc-4151-b175-9bafbbc15e56","07c35475-de36-4390-a844-24284f42a4c3"
"eb7b6cc5-0b5c-4aaf-be0d-e948fdb60825","195be053-1270-4a5b-98ed-0eb1372dfbf0","044a3af6-655c-4929-9073-4da3a50afe47"
"eb8b00ad-3ad7-494f-aa2b-059957ca51aa","ca8f11ff-bb35-47cc-8817-143af24935cf","071e8f35-421e-4789-a152-8afacf6370fe"
"ef766ac5-1d5b-44f5-a1a0-2405490cc12e","4c47497c-c162-41fc-9422-a3b27cab00bf","0507748a-baf7-428d-891d-ef8aa2ce5ac2"
"efd55ee9-4f07-4864-9cc2-f866e8781497","e01d9d11-f476-453f-a612-31fafb2b8403","037e58b0-e80c-4535-b97c-7c016b15620c"
"f07eefa7-6ea5-455c-a941-e23ed855c5b3","58939c35-0cb9-46a6-852f-83085e3773df","001b527a-f235-4152-89a8-3babed68d8c1"
"fc1cabc7-4286-47a7-a2a2-c7313014f899","e72e73f6-2246-4b1c-871e-6547eb01638b","01b4b8c6-62df-4173-a51a-00e33a972284"
"ff967c26-9dac-44f4-ac0b-68bd880d7291","4c402d66-95c2-4496-9798-64087b87fde0","06b80ef5-0f3b-4635-933a-c591d1c26fb3"
"fff21bbd-106c-4f74-a138-afdb10b5e309","28fc385a-37e8-41d2-a694-b3014ace8036","0686bd5f-65f2-4db4-81fd-6ba06a8c2f34"
"8118a932-8695-4843-a445-92751b74c946","20c299aa-e4fe-44c8-a76a-e6dc6057c4a6","043bf4f4-0f88-46bf-ba30-bca5ba9cf84f"
"827a749d-f03b-4613-be7b-1840efa719b6","f1c85897-4179-4d6b-a169-3b66cd9a747d","04e38271-67c5-4a4e-9bf9-99e8221f9d9f"
"839cbc87-98c8-4ae6-aa21-b54668767f01","abe8e88f-5620-45c5-936c-ba2b1d433781","038f2efa-4bc0-4504-9f80-5626e3d2713a"
"870948c8-5864-4ed9-b8d2-b034f2b0937e","c76946b0-4e71-4ba5-83bd-83350e9b27f0","002cbff0-9bbd-4550-bde8-59aa5f71b0f5"
"949745a6-79b8-4734-87d8-c92dd0f3cdda","ab8347d0-ac7a-46e6-87ad-32b7bea4198c","03bab8cf-519d-497b-9e64-2286e05efa6c"
"95cf357c-658f-43ea-88c6-3b1d9c42287e","fe11c25e-af7c-42fe-85b8-7aef4947c288","04e5876f-6dc0-46b8-b927-dfefd475a6bb"
"95e7d748-a8f4-4a63-946a-cb2fc81f3863","d979831e-ddd8-4020-92dd-9cee09b7676f","00260ca9-ad8d-4581-840a-4237beeed958"
"97c89d82-e6a9-4133-8b8c-e53236f25c4e","6e3bc488-ca67-4db1-888f-f1de3b3e563e","0769ce47-1d5e-431f-a36b-d6937bc24c06"
"ffb740c1-e9ee-4a7c-a84c-774f009f64ed","503773e2-835e-42da-8c32-77d922669891","06e3e2d7-d614-4398-b276-887e7b67e330"
"ffed41e4-4b4d-4c79-ab5e-06b1d0cda0a2","230a5637-e84b-4a94-8355-bef042d66ce7","01349ded-6b1b-432c-b1f3-574d6f7572c2"
"a9deffa6-f1d2-49e7-84b6-53c96827ae07","77c652d4-daef-47f4-b547-250f080f1642","046592c9-ec3d-4ba0-b864-2647787217c0"
"aa53dcde-329b-4679-92e3-e740fccf7ef7","2a1a813e-dd63-44f4-b2f3-b3a1bd32d2df","021939e2-2fca-4dac-9170-f847f7852f27"
"ab3bfabd-1008-4515-9f5a-4462ef252845","71bc3fbb-7b2e-4dd6-b649-5f7663cab2e8","069090e3-3cbf-44f2-98cf-ef0696acaa93"
"aba0f7f9-e797-43c1-867b-e8a55991607a","d4a2b6b5-1497-4450-96dd-b9c9d51663d5","0256730e-0df8-4d8d-884f-a4e349e21519"
"ac209670-3d37-46a0-9d03-321a624846ec","8f8031d9-894c-4160-b97b-e7b21e5b87d8","075663a9-c60d-451f-8c98-3ff2babd9715"
"ade06dc0-977f-4b5b-923a-6ac21232d621","e380108c-4aba-44f4-b243-44ac46953206","0955f2ab-b1bf-4434-8f46-fc4a8ae02a13"
"b00b8394-9983-40e3-aef7-ad90801bd2a7","3c4cbe48-4ae8-429a-bf4f-f3964e38c274","0aaeaf06-960a-4980-9f9c-b5ab88b18016"
"b0fe7c03-7226-4373-885e-7bbbf4abe855","e21da064-a7da-460c-bf7c-9a3f23e0c559","0226df26-7b26-4235-86b1-b77a7168a073"
"b1094055-47cc-47df-8e77-242d144f3695","1428b165-ce16-4c89-9708-79b2b9ff03a9","00e67754-0a13-4ebc-9cd3-3211d52d75bb"
"b16445d9-2cfd-4095-9061-429befe219b2","543180ac-df45-479e-a3f7-2e78b3a5c03e","05bb90ce-be4d-471b-857e-8a8a6ec93b27"
"b2338a4f-df85-4642-b8a6-142dc9ef2fa5","cc6a2316-4300-487e-8d4d-a3f7bbf740ac","08ac62fb-d4ff-4046-866d-24b913999b0c"
"b2ae240f-30e2-4e3a-ba23-6da492da28ad","5765993c-825c-47c2-bd50-f87cebbf3b64","0b0b527b-145c-405c-ba03-893dbf25f7e2"
"b39515a0-2505-4c6d-8295-ab30d4852c85","03f4e673-3af6-4ec7-bb48-179f42aacb6a","01f6df87-b6f4-4b8e-8d2d-3a375dfec914"
"b502f0d2-ecd3-4f11-a7e3-223db87b48b6","12801ff7-b1bd-458d-83be-cc1781e6ec3a","0a100086-bffc-4615-a2f7-db758ace974f"
"b5804bf2-d970-4258-86a4-2ebf6fd79867","cb8d907c-210f-4c38-abfa-abd51731ced0","026958f3-d56a-4b7b-ad31-60e087fe5da3"
"b5adc0a8-354e-410d-9019-bad88ed7dea5","877114e2-db27-45de-8b01-7968fbbf50b1","05a5e635-a420-43b6-8ee2-383d18a7564f"
"b5f1c253-ed11-43ae-86e4-baff3d43e282","ba5e11dc-5645-4b5d-81d5-e0d50dd3655d","0790e027-c519-4505-831c-aacef52cd9fd"
"b7f6dbc0-a271-4f22-9e4f-bf7042be84a7","321d56d6-befc-492c-9b9e-f0fc0d13da4c","025ea5f7-4786-47ed-8e39-b073201d5c85"
"b7fc5cab-01e3-46bd-ac33-04a72a5d5b0b","5bdcd153-04d8-4743-9daa-03618a441cea","060f82a2-8967-4535-bc38-6b7f0d8d318f"
"b8e9ac63-80ba-4d6a-96d8-b55f665a813d","b1d050d6-9053-4d6a-8ef4-b570361e4491","0948d8f2-c4a1-4803-80ae-344f0862731f"
"bb1c3a62-a2a0-46e4-96e5-8df3d587460f","140d8f08-488a-4148-b0a5-e1f0aa0ede44","0551cb24-eaf7-4435-83f7-383053953aaf"
"bb289be4-f967-4350-89a6-5cc25b83c6cb","2177f7e9-cec3-42af-90fe-850459db1c89","00edc89a-419d-41cc-a724-70af059d87cb"
"bca6949c-ec91-42de-8296-5f2524c434cd","8f3329e8-4aae-471a-a5c2-2c15d6e1a86b","03b154bf-5242-442b-af88-d4bd53906abf"
"be501444-ab2e-4eba-9a5f-61ec975263f5","86484b78-9df0-4c6f-84cd-ac796c2a870d","07e45316-32d0-444f-b768-833fad167bf2"
"c235263a-e7d9-42a7-b59a-1c971f958b4c","b6a75226-3e80-4bcf-88e1-094e4f08ea07","06ff8ee8-debc-42ba-ab89-ba8d14d83325"
"c362bb42-f346-4d48-b2ef-60031a39b3b7","3f8a9035-3d64-45f8-8e12-b81e0ac2ff2f","05b54ffb-bb65-4878-96fc-a89bb0e65bd4"
"c546f79a-c878-45ab-8bca-180e97c14387","09b263e6-dc43-4646-9a73-4b3f08d3a926","0a6d46ac-9986-4d00-948c-b290867fa790"
"c65634d8-04a7-4f08-803c-693899deb688","901f7b2f-fa2d-4465-8cf3-e32e10b54a15","03ded2f3-f983-4e59-9924-73f64edc5307"
"c724732f-fd3a-4e73-9c2b-82f27e967f3a","f54eab14-7864-486d-a2e0-3a19b14c4483","054e46c6-f559-4793-8909-8e747e7dfeaf"
"c7e20416-dcfc-41a2-9140-f26a16a3e685","0a338e0a-2b49-4c66-b2ce-c1cc88070bb8","06c5d0df-c2ea-4f87-a73a-031c7f005d5f"
"c8b26439-0b07-41dc-adb7-81c8c1155613","e7cc102d-13c8-488a-a0f3-84fa9b96dcfd","03d52b9f-8202-4755-9865-f5eca8a433b8"
"d3569d8c-d42c-42dd-9ec0-e733081a69d3","33600945-8ea8-416f-afb7-2952c0c4690b","0841ec16-678d-4aa8-92b1-f2c20f87d2e5"
"d485b21c-0bd5-4cb1-a2bb-90a4edb2ff85","1a183889-4f94-4608-8fd3-36fb26c15b29","03777154-23e6-4268-966b-4954702aec11"
"d6343ecb-5f4b-4138-94cf-1e55367a26f3","bae2b671-76c8-4a01-a428-51b9fd097229","0019a68b-26f0-4c77-a7d1-11e68ba6b7df"
"d77d101c-19b6-4314-b12a-5cf5bc496b6f","7869b73b-1c7a-4ee6-b2ab-9b46f0fd1135","07c53a49-d259-4d99-9222-4ec9b50a2316"
"d8896866-6d6b-4258-945c-3e6ec0a29830","f919fbab-0176-4d50-a1e8-d981e3cb26c8","011efa76-0ce7-49b6-b531-aa26881fc8a6"
"d91cbade-d673-43e4-b06a-c6e6bf2437da","d0fa64c9-9e81-4711-b8be-eacfc2644aa2","0453825c-dded-4dac-a63e-dc7641680533"
"dafcb224-97b0-48a9-92c2-4eb7cea4eeb4","2d2ed0df-7449-41e3-ad83-ac383c732245","0670b739-9e6b-4a0a-bf49-ecc5a2429752"
"db1fc617-c041-4fc1-bc5d-17df8f994caf","25d50e67-eca8-41aa-9fd7-c7a60cff74b5","0671ee92-59a9-4006-8501-4aad31d86a1b"
"dc540836-e8e0-4956-983f-1d0e53a151a1","9c2ec0d1-1995-478c-8623-657715df9d86","0732cb7a-3b7c-45fc-bbf4-43dc43c0ea2a"
"dcffbf89-f88d-436e-9b98-9c76cc2f89f6","bfcad238-6ece-42c5-8f11-643d7be897c1","04e2fb35-42c5-4d5b-bb70-d9fa14c0baf2"
"df298093-061b-426a-a5d4-5190bab62113","e67d9162-e470-49dd-a02c-01f5c16e9250","093d8845-68ab-44d2-8818-77fc01036aba"
"df307a17-0672-4386-be89-a82f2a8af4ea","fff07e26-82f3-4dd2-8b78-bdbd18904971","037f7eed-7d98-4bc4-b1d8-43c1e906ff21"
"e0525820-ace5-4d30-93a2-cdd938b867a6","e648330d-d611-4194-b533-6264b8036d39","07ed2a16-a739-4cbd-96cd-e3bd8fb30923"
"e0df0562-a001-4eab-8bbb-c9e558fcbefe","20a2b030-2158-4561-b3e4-617a45124708","0a23b4f1-db07-4cdf-9b2f-32dfee40d056"
"e1c7bcbc-421f-42f1-882e-777f75e41a64","6a210d6a-ab14-41a3-a9b3-fae0cf114414","0857a48f-47ec-4d98-8efc-ac2573328b7e"
"e2e11ad4-96ce-45c7-97b5-29fd3726c0a6","3c14fa2c-3dc4-4396-b743-2274ca2836db","0a173872-c4cf-4153-b71b-da567c12d46e"
"e45da17d-81eb-4727-9fd8-014c5143e87d","82637d53-dcdd-43eb-ad7d-c689b3a3708d","029ff2b2-088c-4432-9e1e-c63502eaea9f"
"e73e09ed-9a42-4e05-95f3-32dd46a3b0d6","343135cc-d07a-4e37-8aba-9272a0460537","0031a051-a852-41dd-915c-2bd7dc60351d"
"e79676cf-aadf-451d-b62d-feac54a2295b","9080140d-677b-44b4-9217-81d16530d197","043289d5-6848-45c0-a9d8-d7cdbebd57d2"
"e86df0d3-3ccb-435b-bdce-d075418cf760","90427a1c-6c96-426f-9d06-c778583ad734","089d0be8-7c91-4625-9bea-aac6737eadbf"
"e99c46bb-4e94-4115-9a89-76390553e687","3e7bdb04-acb7-4be4-8e0c-34e5d11f4904","0a100086-bffc-4615-a2f7-db758ace974f"
"e9ee6067-be70-4473-a805-450ac07830a1","593f5c62-abdb-4357-b02a-536d618e19de","05de5536-471f-421a-ae40-d399c9d3f732"
"f41f5460-d0bf-4764-8f2e-0eff6558f71a","508784d9-6be9-467f-ae1c-793ae1ff1d08","03264a71-91fa-4916-972a-5d9555897b8f"
"f4256914-c405-4870-8533-68ecf1825061","aafc3f04-2565-434d-8501-7d46dfb8d96f","0525e49d-e752-4a69-83a7-04e6eddb1f4d"
"f45300a2-64cf-4e94-a495-8da8cf08d569","711f4831-b9a2-442f-b93a-8bd24b70cad8","0198c856-8fde-44ad-8aa6-6a2999fe8c8d"
"f9bc2908-04b8-4167-aeb6-0b628013421f","12efd25c-b484-4bcc-a238-940cf5af03af","09e2844e-511b-47b1-b92a-1f838664bc5e"
"fd5036c1-1b0c-43df-a9ac-fb8b66d2a295","1e16d9a6-bb87-4877-8afd-aee1c582486a","0766041f-cada-427d-a83b-b491d0543cd6"
"fd53cede-b213-481f-b575-6194d33439a7","0524ce86-0a0d-408a-94f3-71839a99b8a7","09f7f1a1-a622-446c-beb2-d8a6dfdfd67e"
"fd66e6a0-d9d7-42b2-8fbc-bf6d41cc4d8b","ee5cd976-33ef-4b30-bdc4-948ec412824a","033e4833-8899-4854-b016-7899bcf40da1"
"ff96a98a-75dc-4618-aab8-a84226f7bc64","9c26c96a-f22b-4b63-abb9-c0dab24081d9","04a36711-c368-48bc-995f-1184597054ec"
"cdfe11d5-7bde-456b-abf1-49ae9d495871","98674f98-35a8-46de-87ff-b42b3c21c3e1","089d0be8-7c91-4625-9bea-aac6737eadbf"
"cfebdf03-a4ac-4666-b2a2-8a7696edd76f","641fd723-b86f-48c4-b425-71823611af3d","030e5bff-5c3c-417d-b9e5-fed6b4ed528c"
"de99fe15-85d2-4623-9d64-4a4a947ee8c4","6dbf03af-9ba6-475c-8a02-6749b01d0d93","03a9a1d5-0c09-4837-ae81-b3dbadc6aef7"
"dfeb7f03-bf70-4e66-b87c-3c27a21f257f","3614a8bd-24df-4dd0-8d04-276208dc33b6","07d4883a-1166-453b-bb00-cf64b8122df6"
"e0c96b03-04cc-4c5b-bc8d-eae95df2becd","daa18da4-55eb-41a1-8b13-49576f2c2f23","02eb256e-8dac-4dce-86d4-ac4c8ac1f568"
"e1223ad9-8929-4d11-91c3-6c6884d210ce","ab45a82d-42e2-41e4-b23e-2080015e84d2","0c4f179a-0f04-4ed2-9c1b-992868361d92"
"e2bba9fc-e934-4d27-a84d-17d9762c4d32","9882a1ec-4038-4d24-acfc-7ea3f96558bc","0be66ce7-1722-4454-a361-605dab996af0"
"e3b04ebc-5a85-4acb-a30f-a844b668a2a6","1db2bf26-92f7-4952-94b8-44bb2e277a06","052e914f-17e9-4794-a499-63ea2d55d5a3"
"e46f0c04-dcdc-4627-92cd-b90442a0b78a","f0cdb3c6-0ee8-4054-b9c5-edde42f96075","00439a97-c91f-4189-b800-c3e8e802d379"
"e4af2edb-2834-4e49-b2a5-0f0857c12eb1","f6d2e146-7841-4726-a9c9-979eaa01ed17","0950111f-1115-437c-8fe9-70efac0da5ea"
"e5557ad5-6f1e-4019-a001-86b95503c779","e40e160c-de83-44df-93c9-6fc9490e79ea","0cadc5f0-6ceb-4be9-b82d-604fcd5b7b17"
"e6556ad2-0ff0-437a-ad56-23d81bb2f0a4","a4290d80-10ca-4d10-9981-366bf8a771ad","097ad514-6b3c-4f64-829b-a3d443d29cac"
"e715a705-e717-4ddc-9621-031a13cb07f3","fc6983d1-33eb-4d0e-9340-2ddc2fe3ac1b","0708c853-b1b3-4fa5-ac77-f4fcd3c2b0e2"
"e844f085-170f-44b1-9030-c263020f5f74","08b12306-1f23-4f61-968f-255f0007a31a","0a0282ad-17bf-45e9-9849-854caef2e59d"
"e8e2375d-0430-402e-a7dc-50261b824147","790aa87c-182d-479a-ab50-ae52dc41ad43","02eb256e-8dac-4dce-86d4-ac4c8ac1f568"
"e90fb6ed-76fc-43a2-9b14-d836cd0b8e95","a44e007f-8f7f-45f1-a5a3-005f1d4ed72b","04d91af0-448f-4a40-9409-f3628de09e52"
"ea3484b5-598f-4e0a-aad0-d889e0f063af","6b64c6eb-99ca-4da0-a61c-24d444e99d3a","07edd36b-c9d5-451a-a36b-644334910af4"
"ea47e240-8d50-4ef9-ba7d-46aff4399671","3e558e0a-6f0b-4889-95d8-3b64bb92f801","0b275696-1bde-4888-be4b-735464fa0f6d"
"ebc86893-6b64-4067-8105-583772267932","756740dd-5b7d-41c3-b1a4-a27c01b949cc","0064af96-9471-4cff-822f-943ca703b46d"
"ebdea850-72be-419d-9448-1404104f2dd1","6864ed36-b49c-41f5-a6cb-212a436ff49c","06d244f1-64c6-49ba-bf2d-98ae039dab59"
"ebeb6f9f-9b17-4085-a7c6-e5632349eeb1","2113c211-720b-4120-b6c6-396537e8aa4a","0ab54e19-c2aa-43f9-8d6c-48ee0e98ef97"
"ed9214ab-dbb4-4649-8fd7-bab98113c717","3e3a1e2b-c0d1-4e04-8833-27b461483f86","04e7f7e9-3387-41c2-9adf-8a1cafce1462"
"ed939c4a-9436-4565-a114-74d05fbc36c7","80a5c8ac-fd82-446b-9460-ec1d250c3a65","03ef2566-d263-435b-8e33-e3b58798c2e4"
"eee72e1b-36cb-437b-96b3-d93840116299","270a8082-8744-4525-b173-c6dbe961c7cc","0dd3aff8-6aa1-4357-944d-ef8d3b0029b4"
"ef3e3445-70b6-4473-9d4d-a8df6b323359","e69c9eb3-978a-4acf-8188-89ccac903cf4","01d65bb2-1766-4bf2-8719-df2d7132d40f"
"ef62beeb-c0fa-4301-ad96-b3d7e5b91081","17fd0fe5-04a7-400d-ab5a-01f26a2756b8","00cfc863-6f6f-44ba-aceb-ae65888353ee"
"efa3dca4-2573-485e-b58c-c3a93f8a7791","415691de-999d-4a5b-9c1e-7b4686bd6822","0cdbcf56-28ab-44ea-b12a-9e2bca19a5d0"
"efe1ddb7-544d-43bf-94d2-f4977c89cce7","e050d0b8-4828-4424-8f84-d00d7fb1b36c","0d1b930e-39fc-4e8c-9aa3-d2cb9d64ef02"
"efefa737-94d3-4302-ab64-8be9a9da708e","f63f8717-40e9-441f-8af8-0511d0f8c02a","0ba02e82-8a56-4fd8-8b5e-1370cb41f82a"
"f1a34198-25e2-400c-b3f5-c3bb5ce1aa3c","6e4edb22-440e-41c8-9ea5-aa90bb991d27","037ec9bd-51fb-47be-8e6b-633f706eaee6"
"f264ecc1-8a7c-452e-b987-86848bad548d","16a1cb32-5816-4e77-965f-10c0461f06a3","03aefbbd-6a74-42e5-bc0d-d0c1ac41994c"
"f3737dcd-42a1-40da-9e9d-726d0a19358d","18c7f813-851c-4629-aae2-2aea70114ab2","04d352ae-ef41-4c4b-8429-67dc7b2f1a68"
"f6cd197a-0316-4291-a35a-08f5f89ddc80","a2f2c4b7-4f27-497e-89ab-a7a75a9ce05b","01dcfc36-71a1-414b-9874-76e2989584ac"
"f835494e-64b3-4781-b57e-ff522253ebce","9d7a155a-c41f-405e-b826-2e6c1a2c6dd8","097123cc-93ad-4541-b595-8a7ce492da8f"
"f9d81dab-3225-440d-8e22-634110988f19","2fef25f5-e828-43e0-91b9-5fd5262da2b2","0d0494e7-339c-41a1-a3f4-4de140c6f8d0"
"fa80271b-2d34-4e3f-bda6-e62ae0f87f3c","190b42c9-ff32-422d-9dc5-f279e4fd035b","0e8512b2-202a-44ad-9830-791348a71655"
"fb6a291c-7961-40eb-bb4a-0575e1a3dcdc","70e1ba87-8201-4172-bee0-80484fe75d6a","067af6cb-a415-4a7d-b61e-5319e05a4d24"
"fb6d2f54-e67b-4cfe-a8a2-ca21ea20130d","744bd2c1-4be0-4647-92be-7f68c33232a6","0b8f5338-9b25-49d6-aaa7-f7b044be1ec7"
"fbb32a9a-1001-4604-916b-d6b2ca20f5b2","92f6cfdf-8b80-47b7-a338-1cf76ad44ec5","0318c93d-4357-4fae-85be-4af7286f49d1"
"fbcb60f9-bbcf-4399-8b91-0086ee91d385","cdb0e586-8da8-4488-a898-1167d7749710","0d1bafe2-e9aa-4be2-9126-6bd482372f39"
"fd39308d-c036-4fc7-9cbf-f421bee20ba4","9e389366-182d-445f-ba00-bc283d7a82cd","05bdf00b-b6c4-4060-b432-ed15153a6408"
"fda848d6-f199-43fc-bee9-74ae7ecc0aa8","95f7cadd-28ee-49f3-b595-3fa7b5dda3c3","0de0a4ab-a17d-4d91-b587-5e7e21856187"
"fe210537-712b-4435-9cb2-85418d46ab9a","8e9e9554-d72e-4dce-bfa3-6f69bed9c772","09ad361a-a00a-4228-a8fb-ec6d62cd84dd"
"fe3babd5-2996-4d05-ab58-5c619032d834","7aeea52c-a285-4211-a556-aa06240a282d","0e839e0c-8705-4a93-a5b1-23a347d97ce5"
"be31d5a7-6a11-441e-9b5f-ec767da2adff","0764eb89-d84f-41c9-9d13-c66d371b6d1e","0054fbc7-2ebd-4d7e-8cc7-a110166bb57d"
"bed0839c-4829-4c10-964e-5c35171b91db","a254004d-c5be-444d-9ba3-3b264754e485","03fb797c-6e17-4173-a8a4-666b7000f9b8"
"bfb97e7e-702d-4d37-a833-c50aeab34517","e1f4a7b8-1f4a-4dce-9737-df9623aecdba","02e4913b-8abc-45ca-b737-7166447e3c94"
"bffb43d4-989e-4a21-8036-d598624f7cbf","3d3bbf56-1b44-41fe-bcbd-074c3d0f7b7b","07865c35-0e70-46d1-b160-a83f65ede959"
"c1d94142-787d-40dc-ac17-91c6fee063eb","153cb234-6ff6-476f-8624-84f095b5c4a6","0a6097f3-968b-4675-8050-0d3dbf61bf3b"
"c402d485-8dcd-41f0-8ea4-022bdef14a4e","b4cd6194-4f7c-4832-ab2d-51d7f8432e1a","01dcfc36-71a1-414b-9874-76e2989584ac"
"c4298537-f821-45fb-8823-c6173ed93dfa","08474854-f7ed-407e-a680-bc82d8403d5c","098af2c5-fd6c-4a1d-9d1e-03ef5ca841ce"
"c4907c4d-6905-491d-b6d7-8e6c4a911e25","b5e5235e-7307-41e1-966e-0e2f70d36304","0a375854-0a45-43e3-a2d6-5a3250cca475"
"c5395609-fa48-40c1-b232-81d41940687e","cf7118f5-2bbe-4885-ac1a-92df19d37387","01da1392-15f9-486d-be05-41ffba8c4075"
"c640d487-4608-4230-9af8-a6e765fdc412","8c6f3c72-47ad-4679-a79b-c02762102731","0addb8f0-693e-428e-b739-12f7294d3d99"
"c67fa877-cc83-4195-9f72-beef0772141a","61735d11-252e-496c-926b-e403544bf0d2","06bee72c-6c13-4a0d-b30e-edbe50892f2e"
"c95e6d80-2b94-46a5-bda8-124cc5bfc47c","09e65e8e-595e-49a4-a5b7-d76bec4169be","0d081368-1858-40c5-81c1-50d8c18fff1c"
"c9fdf8be-9168-4db2-b7c0-f5d8a97f4a30","cf405c11-dc2a-48ba-8104-0504e8741b3b","0e4eee47-efda-442f-b0b9-dde3dfc85115"
"ce0cb225-d413-4a14-b14d-e95bda73be96","75896053-df3f-4044-b4e9-fc2624730efb","07d78ac0-4ce3-45f0-9ec9-4ad20cae383d"
"cea4e334-cac2-40b2-99b9-488d71935665","a813eb5f-4a14-466b-b1c9-458b40dfd661","00c984c7-7288-4286-bea0-84d79fc7551e"
"ced2c07a-dbfc-4983-8172-74f4ae6187a6","b413e854-7f14-4468-9e14-e50068ab8451","012a42e0-e970-4cd8-8eca-7bcbdd2688a9"
"cede0690-1445-4ec4-82ac-4fe446b238b7","d7f025c1-b854-4efa-848b-fdbbebf656e2","0a66e1bc-6dbc-4ff9-9c12-30c45c25e376"
"cf5d51a5-c3ce-4863-a831-dc3dae3e27fe","973c3ce5-05f5-4322-901b-0d0af5e522ab","068c477b-5383-4fac-9010-b7bc34af3009"
"d0dedae6-e0bb-4d40-8803-db5767dd2592","42192afe-d771-47ee-9e80-6933c3bebed3","0d4ef1d0-3ce7-4247-a979-1dd5dade09c1"
"d12e8bfa-e70e-4b01-9ce7-81747df61c9c","f3beb670-fb6e-4a70-b1a2-67fefd4ef166","08d30fe0-4a12-491f-90bd-13abd1c67852"
"d1bc57ad-506e-4a88-b27f-44c09325f0f2","04041fd5-9be2-4cf5-9e59-9cb4d9bca86a","04db7bbf-60f5-4937-95a6-a7306ebb4bad"
"d50c6b11-3299-489b-b077-6dfe46aaaf8c","8484a785-d0cb-4f02-9777-d1e76820b860","0d219846-fd06-4fe0-8347-fbc4515e7cb2"
"d55cb0e3-2d6b-4482-b3c3-e0dcac773e0b","981f9f1b-638e-4ec2-9258-ad937a85ef27","0cc44795-4dbb-4c4d-ac4b-41f08200aaf6"
"d7c7a683-5667-48e5-860d-79f3d15d9bba","67dde47d-2dc2-483e-b87e-aee625f851d0","04a4c038-e5fd-47d0-a9bb-2007421ac4d2"
"d7fd600b-fda6-45a8-ae9c-a490f372f833","3d9c1dba-1888-487b-8f96-1f777659d511","00304c3c-d57d-4ed9-9b10-3f0912510c92"
"d8dcc1b5-9072-4c38-97a0-eb1452527443","c2af6a0a-1fe2-496e-8e5d-80ad1fcdd3e0","0d0211e9-f811-4b41-99f4-37c526ce9ed2"
"d9f76ae8-5ab8-49eb-ba39-2ab863427be4","ca937057-a1a6-4984-a89a-c6d0a2b3032c","09f336f7-d30c-4a40-a433-fddb6c56d1a0"
"db4c8fa5-9359-4045-8f9a-4035cc0c94ca","a9a12780-249d-4ce1-8905-dd53ac808ecb","04050939-40ce-4821-9378-6bf2e4e36449"
"dc0092b1-de8e-4213-8755-8fce0af0817f","7b7f0240-5a11-4a13-8613-52395e743e3f","03477dc3-0d81-4365-ba9c-8065eb62bf8d"
"de61a60f-600d-4035-ad57-d72d381cd6ce","0d8fe1a7-8744-47a1-bfaa-16b4bd875dec","0c06f0a7-392a-45b6-b741-0d4580018ec3"
"df8cfdf2-4b4e-47a5-a9af-c17dcbd498b8","79fd01a8-de27-4daf-9f7d-0be918f50fac","0a47c375-7736-4fbf-ba70-57d36d985fd4"
"e0e23bbf-3d4d-456d-89a5-351488a1b242","76f3fa27-f699-485e-a383-5527632083c3","03e413d2-f7fe-4352-93e8-31ba6864eb6c"
"e140fb1a-f7a2-4690-9552-ed8872a0b7cc","b9346790-7e30-4ef9-a881-7e4dce4d7f69","0147014c-395d-418d-889c-7c1e2bbf2868"
"e2450c4e-e52a-4bfd-96c3-1991e23954cb","58a1dc22-3fc2-47e6-9a90-c70ced9ab067","0734f7c2-a383-4a4c-b80d-24307c10338a"
"e29aefdf-e37e-43b2-b7cc-d3f4c66b9d1c","c4b33afe-1bd1-4daf-95d8-07fa4a29424e","03808a06-6fd3-4b20-b361-e74aeffb6f67"
"e341a725-08f3-4080-b086-487c62020b29","e9f5fb4c-e4b5-414f-96fe-d26a2efc66c2","0260c535-9368-4619-9e7c-986ca09de6a9"
"e55a8106-ede7-4532-925b-3513144cffde","87d0a509-f130-4f9d-9612-5aa9403bcc63","0a0a9651-ea3a-43cc-8989-dfb298d60b82"
"e56ce4df-7a43-4c05-ac3e-b939c065c45c","4084e679-2c98-43ad-be73-da99a70cfe11","08cda203-4d82-4f11-ad24-5690cb2856f1"
"e5a59d4c-3d02-406b-ac33-c1630f50cb15","113b2ee9-3818-40d8-ae64-648de938fe8a","01a05054-e22b-4c46-8b56-94afa17bf1c7"
"e62df00a-eb56-4d85-adbc-8ba3191d7a79","7c47bf25-b357-436a-964b-fc8454df2803","0706f726-fef7-45f3-9ab6-9df02fbc6c57"
"e803012a-9274-4077-906f-6be4f6f83ff6","d0fc19be-e56a-4d63-a2e8-f45e0f171756","0c8a4a4a-9c47-4c85-9719-8efe6f041b86"
"e90ce104-4a84-40fc-8395-eecbdab455b5","ae42a069-8aab-4f7d-ae18-1fbb8c21620d","093433e9-883a-4bd1-8360-2c838931ebfe"
"ea3ee5d6-df1b-492c-83b2-111666a170c0","6f0cef32-edd0-467b-bab8-ecc3bcaa120a","03c43a7e-1fb8-4d44-b078-e091f6fd0019"
"eb6dee2c-346a-4376-a372-054b0c4012e6","b3d734c0-cc4b-4a43-88c1-95ffbf07ef2f","0aa1880d-0e16-42d6-9c3d-cec7efb4eb85"
"ebf7ad03-9678-402b-a146-c861f0bfb019","5a9e9ffc-5f59-4e33-93a3-fa7ea3f4d252","02bf4815-180b-463c-a75b-d111181be2c4"
"ed5ea58f-3ebb-4134-acdc-ebb8512b12bc","0c97606b-ca46-4e08-b31f-144617e3a476","0badcddd-e072-4f3a-b79f-6dc14a768e52"
"eeb8f32f-3377-4a4a-8751-15998b543f15","76649a12-eb0a-4820-82ab-9477ff6c6b5d","0a40258e-b124-4132-88f7-d6cdea00992b"
"f06457f2-d6e0-4e9c-9839-8654ebe379ee","bb2d63ca-4906-4b56-bd84-b73c14c4104f","0591f97b-0ee8-41f5-9c42-cdf7c097ba67"
"f0bdd8e5-4802-4dab-a7cd-bc4a7f37af15","e1cac164-d8cb-4ab4-9fd3-cc083340cb98","02f7c27a-d045-459d-8852-2404e582a5f6"
"f0df3660-a167-44dc-a79d-4e8b2ffc7234","f46ae3bb-5f00-4a2d-8e00-f3ecf21b30ca","00355a4e-9883-435c-9c17-7e5108510a3d"
"f1b562c8-1cb8-4d3d-879e-6e22b24456b3","4bdbacd3-8cca-4ec6-ab3e-1a876c408686","01e4397a-0628-4a3e-b5ce-30a54a321341"
"f3f278ce-c5ee-4773-84c0-2f79dfaaf33a","747f7874-6d84-45f0-8a93-d8df77c3e279","046294a7-9268-4131-aeb4-3a691a002086"
"f4433792-1cf7-46c8-8db8-7ee9953b42d5","2b5d43d9-ffd1-4cba-9420-f01aa49fc1fc","0801e116-23b1-48d6-a811-0d7a51f41462"
"f8930ddd-af9a-4f2b-af7b-c7d4a5db87cf","545eaf1b-8714-48a5-9da4-407f76310575","057175ca-0dcc-4983-beff-d9bd471743a5"
"f916648a-23f9-4aa8-8b6d-738b28b836cd","862194c3-6d49-441a-a84d-6a18d69166ad","03524a2b-9a9e-4729-91f3-3e09c9a023d2"
"faf80ffb-3ffd-4750-abae-5ca317c61bf6","7a689606-a036-4714-94d5-9cf6f11c708d","00355a4e-9883-435c-9c17-7e5108510a3d"
"fd182156-ee69-49b6-bf4c-0e3709105ffa","196fce83-711b-4134-b5b9-19948db14624","01145cc9-1bdf-4ee5-8066-c1769de71d82"
"ff8c7cb6-fdb4-4c9b-b20f-875e05ae66a9","1dcfa56a-ab34-4d89-a372-932d96f98906","05fe1221-6dc4-4608-86d8-80482b0f8a5d"
"818a505c-727c-488e-9bf9-b7e772809234","07385ee8-fc8d-4104-80ba-493bf463eded","07d3a957-9660-4915-b612-ed81fd69f78b"
"821730d2-dd13-4d94-8c67-33f827a732bc","15cd4bca-945b-417c-8bab-829201928b64","08ae6473-4ebe-471a-9591-144f1a39dafa"
"82657ea3-2532-4220-83ef-d816e861671f","f58659b3-9bab-4c83-a64d-6744d1c3ad7b","0286e443-a788-4c74-9b99-fc747ded37f7"
"858fb510-be1f-408a-90bc-20a9586a0670","e623eb1e-0a86-431d-86cf-a7cbaa1e64b3","083a0cc7-9b25-4147-ba7a-5c6a6c95fa68"
"87541e4b-4d53-43b8-b015-32030629df55","328f1784-b8dd-41ec-bb75-e629dbe9d6dc","0d7c04b6-8275-4f6b-ac94-c21c7e165927"
"87d18d4e-c5ba-4df0-93d7-1fe5150a05df","0884dce4-e87a-4d01-b90e-c9e4d69f2dee","0ab5c766-1c14-40b3-b168-50384fa4af55"
"8896fb99-6fe7-43ff-b00b-c8785ba77784","99f3eb88-6b63-4686-b71a-afb94e1b5867","031b75a9-6063-4b26-9b1b-666949c82e05"
"88e92b73-3f11-4296-bc6e-db20f30956a7","61d71a0d-633f-4c4e-9ed0-945824992936","04c8a9ae-0d70-4622-844d-1c7dd294efb6"
"8916da85-9269-4c0e-9052-bc66cf4e240f","76e9d1c5-ec94-4c79-91f0-817a2de5dc87","09fa46d4-4921-4409-b0ae-1780f90b8b18"
"8929e2ae-9a53-4089-ace3-ce580380093f","00ef994e-78fa-4623-8887-0b9f8155ee54","0d5bfd10-8e12-4689-810b-7f4bb7dc06ac"
"8d4f3061-272b-45b7-a50b-e47455ef5a36","23da5fd2-23dd-410b-96e7-eda5b86fe741","0c8a4a4a-9c47-4c85-9719-8efe6f041b86"
"8db1ecf4-a817-4ddd-8ec0-3b652fb51f75","b1d3076f-4d69-4d61-9beb-076aed0b6bc1","0d8228db-43e2-44df-be71-3973c42924fd"
"8f9c9fa5-cce3-4eb5-987a-0f2c7f317855","33bb7ced-89e0-4346-96bd-5754cc8aa181","020e6296-2309-49ee-8823-dbe0c0599044"
"8fa8b91a-1892-48ca-85ab-b3fa4a6ea9ca","cdb292b4-9689-4daa-bc49-af07982003e7","05d41c94-cc5b-4a3c-9dc8-fce5e5fe9958"
"91358c1d-3098-4439-92af-bddcae66b84d","8fa5e4bf-b2e5-4173-8363-ceb5911e5e36","061fb489-6481-4cb7-9eab-bc0e5fb0ad26"
"91761880-4442-4a1c-9f4a-42e21a2a1e8d","bb4d0212-944c-4585-b5a8-cf73dc206a33","08653851-c462-4401-a51e-ac68ee4ffe96"
"92015031-9332-4e2b-8903-b8d1cc1e8472","3cccfb8b-7588-4312-8192-40b4eba2b0da","08d5dc10-7f18-41a7-b191-76b2fc3f8ec4"
"923911c0-8464-4c27-a672-eb3afe241fcd","80646eaf-5ade-4cdd-9810-de5166234c57","0b2a6c03-6fb4-4b77-a169-35a5b699c56f"
"92daf790-804d-450c-b198-6d37024d74b3","504b496f-3573-4411-ad11-95d44f0ec91c","0498712b-af95-4e87-9143-86add7ab21bc"
"9342e3c9-46ab-4978-bceb-8efcd2e31c76","30275eea-9088-466e-8a3f-c02a16bbfe9c","0ae911b0-642d-4483-9cd2-60b493f4fa22"
"949e0d9c-600b-4db7-a386-2594fd9d6507","89c9c333-8b48-4a9a-a8f2-fb1696e1960f","065c9cb3-6ee4-4050-8b0a-3b7a3e34e8eb"
"94d91377-9205-4fca-86ba-96d2a9322037","4400f352-8e86-4de2-8187-e24e0db4d448","062f7a38-22f9-4378-a2ad-16ca9de84309"
"95b36cd0-af74-4ac0-8a52-123980f4e014","3cafd5a5-a6c3-4c69-a279-c1c243588c04","0d17df86-e1a4-4dca-b16e-6f0f14f0ba27"
"98808fa4-86a5-48c9-8315-71ae2a0a3cca","0581596c-2ce8-411c-a098-3c1b67129b30","07999291-fc10-4d1c-8409-a3fec90f4dc2"
"9a977a81-d99d-4d7e-93b6-ce90d9587329","46d844ea-c78d-482b-8a9b-97450c5cd179","0c9eee56-9b02-4b35-ba05-7004d9b06bc0"
"9bbdff28-49e3-471c-ba39-aab5879b5331","ad081c07-50b5-4da7-bc5c-79c51e88f56e","09b1e753-9ecd-4a56-8d18-30bf1a92eb93"
"9e47dad2-d234-455e-93f8-e4ab61f291a9","f4f97230-3785-480b-a6c3-7dba5635bfc2","0cfc9528-0156-47a3-8fb9-abfabe4be9c9"
"9f04f59d-2c9d-45e3-9b60-43536f5d0364","adbb2d43-6825-4c84-b90f-517230b78470","081b7a7f-30b3-43db-8c17-7a9b0679542d"
"9fb8fc08-5d76-4636-9f92-ef1710eacb07","d00be0ed-ca75-4f71-8345-1a67c89e1b89","0d4ea075-012b-48bd-b849-106a00bfa78d"
"a06224ab-ab1d-4d79-a9c5-5e8779506fb9","cebb6c4e-b590-4b95-9cec-20eaa6240ba6","0a6ea902-a208-4eed-bc13-aee6cf7a927a"
"a1116926-bac8-40dc-a814-05b6fd8d70ba","3f18c6c8-6602-4fc8-9f60-06c486d8fdc6","0afe34e2-ecd3-4df6-adcc-6b380badecf5"
"a235afa6-856c-4b94-991a-a934b3cf8e70","4931d628-79ea-491c-9649-4ff5bc49eaf4","01012874-17f5-4fe0-9721-0eadaf4a545c"
"a606b458-ff41-4f68-ad33-0e28de8c03a3","ef135e0d-1a31-4663-b672-3265e7ce4e30","025e85ff-8ed0-4769-8acf-cdd9d3084dc9"
"a6573c3b-6c2d-447f-a44c-608c3f6c0018","72f6edbb-0b10-43cd-ac3e-68eb630c8e4b","04ec18d5-a97f-4b4c-8b44-627c74cf2dc2"
"a6cac3d3-55b8-4c44-8284-e2645ee6eea1","0d553c99-e000-45e0-be30-e2ad20d705ad","0b8f1989-6b18-4e03-9203-87cc878a4ad4"
"a93d3d8e-6fe8-417d-bb1a-b0ed71d28bcc","8cb65501-2d2e-47cd-8272-e85bc2a30a43","059bcfc3-4fa9-42cd-bc34-483a65c71f9b"
"ac09e341-5e1d-43e9-b801-e055db28bb52","2ee71c22-497d-4178-96b9-e15f26b78b5e","0112bee7-8255-4414-923c-93e8042a50e7"
"af79df97-0025-4db3-960a-27a8978f924d","7acfa3dc-c729-4b75-9710-b7176601b0b2","0a17c26c-bfb5-4d3b-baa2-2a8d1024b0ba"
"b05b0c1c-0e18-4dd0-811c-c292bad25b1a","9a9d2e45-2cd3-483a-8425-3134aac4570b","00b92c90-6960-4b91-bcd7-661e2575ce57"
"b10249cd-d17d-4be0-b552-42f50aaa79dd","d49b3587-4cd3-432f-bf69-3049e31e09f7","0099ba94-3cee-4e48-b060-6ed1c7f524e6"
"b245de84-2d8d-4553-8220-1a259d4266f9","e94230c3-8736-4149-8474-12288284221f","08d5dc10-7f18-41a7-b191-76b2fc3f8ec4"
"b2520479-1b30-4716-8c1f-d67382e15ecf","5fa44c86-e2c6-4b98-bebe-20df60e23c77","02bb36a7-9915-4936-a31a-cadbe47a7eeb"
"b4ad02a9-071d-410d-bbf6-64c9a147c1e9","7ed4451a-a7cd-4e47-80a9-6ba4d39ae5c1","0d17df86-e1a4-4dca-b16e-6f0f14f0ba27"
"b50970d1-57df-4da0-acf0-6d28b42cc402","20814df3-a70f-47a4-854c-4e5e2fc657e3","07e70d5a-331b-4b0d-b878-ff9d15568977"
"b5bde1e5-3195-4233-a7ab-1b0693a46e33","a8f5f706-30ac-4886-9cf7-3f7a2f8d05a3","05f9484b-8ca3-4205-96d9-dde143cbb0c2"
"b659789b-d94d-4c2b-8805-3799e3d29d1a","a57e366e-c1f0-4ff5-a29a-581131893398","081b7a7f-30b3-43db-8c17-7a9b0679542d"
"b66ba46b-77d2-41bb-8b33-bf0262d46365","ef735dd1-23ed-4b8b-a3cc-1578ad638bc3","01769fda-601f-4347-9120-2c768d330f27"
"b8e3ecca-d949-45a8-9d7c-0bb86091ef7b","f4d27ec4-7a4b-4f84-b73a-16eeca7d09a1","098f1548-65e8-4dd2-abfe-8ce9ad0048ce"
"be3919e6-aaf5-41b8-9220-3ed0ab0283b2","c206852f-30b7-49e7-a76b-f73d4092d215","017652a2-a957-4c8b-aef1-e759c22f0b31"
"bf28101a-aaf8-493d-88c5-8fda9f4356d4","921ef757-c193-4081-95e2-71b3b152d902","04185416-f4f6-45ce-b337-268a4a97d343"
"c2c4b343-358b-4e2d-8077-c1ee5118d991","d420c071-ee0f-460b-9e64-7dd822f42547","0706f726-fef7-45f3-9ab6-9df02fbc6c57"
"c48b6172-7cb9-4ef7-986e-24709adec9cd","b245ccce-11bf-43d3-850c-e3630328d850","0358a521-76aa-417f-9bfd-f1f1b16fba8c"
"c4be6622-f59c-486d-8925-433d8e454add","01dbad3f-e5fd-4b85-9366-475f4bc43ab0","006c047b-2980-49f8-a475-0fc552a73ef1"
"ca608520-36df-4cf3-a856-c6a2725649ed","221778a6-002f-4da1-883a-600bcab52c6c","01769fda-601f-4347-9120-2c768d330f27"
"ca851e7a-5cb4-43da-99ee-51c45ed35207","19889405-8e67-4f12-8adf-5884193217c6","03c43a7e-1fb8-4d44-b078-e091f6fd0019"
"cae70b5d-42b3-4162-a92e-2428f4ea591f","160eb575-b95d-414c-832f-383048bc4f4c","01c157ee-b134-4125-bd60-2a35d9443ed5"
"cb812de6-05c5-49b6-9df3-725751192610","d8d5c15f-bd91-48a4-8fd5-078dcf1bdd15","0247c4de-dece-4910-97f4-2deb48467ab4"
"cc0b6e2a-a7f1-482f-b003-66d2f3ba39c3","139a4ade-2656-4ae7-be22-4894424380e4","08e1fc3b-8a85-4513-a047-d661f42f86db"
"cca226f8-3f2c-405f-9873-4fdcbcf4c60f","129ffa6b-6a55-4518-ac62-155e899dab3d","081f703c-7a7e-4e97-b1b7-f4330919deed"
"ccccafda-ed0a-4de4-acec-4666d6e389de","95c94fb0-7b4b-4d15-a500-39f027c86769","05c22cd5-e71f-4e8e-b7cd-63dde0ff9b21"
"cd2878df-37e9-427a-b2c6-14d9faa2a2a9","95dcec51-1ff9-4cb1-8e3b-939ba178701b","076adfc1-582a-4515-b032-0c4c08af4654"
"cf083747-fd15-4eab-9bbe-96c9e80aef80","ddacd342-51f5-44ee-9a46-1b54bea1dfc3","01bd5d85-1b07-471b-9399-edff38213b9b"
"d041264e-a47d-47cd-95c9-d7bcc84f393b","05bc8417-c4f9-4325-8021-cca11e9043ef","00aa9a48-3e8a-4319-8589-c1ed93865795"
"d0a5c4ea-1ce9-402e-a941-205af357f8b8","7d4fa224-038b-4b30-89c9-00f077b5f2b1","017bfa19-42a9-42bc-8cff-c71fc49feab5"
"d18473fb-d41e-4705-af80-eac8bae2bb83","7f1d0371-25ba-4d12-b6ad-68b21e2d8358","03b32987-1d3b-45a8-b20c-254552e4fb10"
"d21ebc04-4049-4a6b-a3c0-416ffae0ffd1","5c9c9c42-35ea-4cfa-984d-9d623e0aa034","0a40258e-b124-4132-88f7-d6cdea00992b"
"d26da85e-23d3-4e70-9123-f5da62b2f025","4ebd4321-b4b4-4d73-93b4-35ab130b921e","0afa9056-0162-470b-82a5-ac4618bc96e7"
"d50a6013-9398-4f00-a7f5-6676648269fb","4c414e9f-75e4-4401-9115-ce669ab7b34d","07f350a2-3186-4be3-b3a0-ab0598df3fce"
"d5211869-f96e-4be9-a61b-8d088f711a33","35f23e7c-8e52-434f-8ca0-4bce5124a8ff","0b16f553-773c-4ec8-b800-8195deb68f8f"
"d5b368bf-44c7-438c-89a9-bccd66800ab5","6eba324a-4b9f-4e86-8931-9580308e3334","003583c6-f99b-41e0-afd0-c908c77712d3"
"d5b4da37-586f-473b-ba32-73395c5351f9","5e421627-844e-4549-8f5a-eb8f32f0ec1a","089d2596-20fd-495b-ad6d-0e35c2e4caa9"
"d65d758f-e864-4bab-8577-b1eb2b5a6212","2cc4e9ba-e4c3-4cef-b188-2db119bad2af","00fbc449-f43d-408a-a568-c3227fe1444c"
"d72ada93-de9b-49f6-af2a-ca4afe5d8839","a031ddea-0980-449b-99dd-cb23b2273204","01a05054-e22b-4c46-8b56-94afa17bf1c7"
"d91639cc-80f6-4503-a22b-f7e1ca584fa4","841c5df9-d177-4dc3-9ced-816490a27c25","06034bdc-5455-4ae0-89ea-d016cbe6a34e"
"dd87a724-e13a-4f59-bba5-ada6fec2a00e","84aace60-8ffc-4706-a81b-fa36ec005047","08239c4e-3e62-47b4-8dd2-3f8ea7eaa33f"
"de535bf6-3041-4014-8658-c5b400aaa821","1abcd30c-022c-43cf-be69-afcd5b7c3e71","017eae83-1b8b-46c5-a46e-5b730165b9c6"
"dfea7e04-03a4-481a-b46a-1674cba53786","6f155b8e-ebad-480e-8b97-5f9d6de3ee2e","00b12d25-e78d-42de-9891-36c4980fcc45"
"e1381d8a-d0fd-4eb4-93b3-2db3767fb9d7","90b3a479-ca5a-4a49-b8b8-9a56500104d8","0bede1d7-f062-4ff8-92eb-3ed826ac609e"
"e2860502-6621-487c-9bcc-d30f8e2c452d","a0337644-cf56-4508-9107-4824ae00004d","05c44a59-7f3a-4b02-98f5-d95614e5c0a3"
"e2cafd57-1daa-427d-bebd-383cbfcf1f1d","53187f7d-9659-432b-9162-9928dcb6ec30","073f4380-e394-4ba2-aad7-62ac1644244b"
"e2ddafa6-37b0-4655-a1bd-04187ee62b5e","be4be627-83ab-4b04-8904-2391afc02cd0","09875a21-901f-4c07-88b4-be7da63a1248"
"e3983072-47b5-444e-b5f1-413c58a3bab5","9372518a-792a-4f1c-bc16-80008e7afa30","0826c6e5-ebc4-4d7a-8fe5-aa20713d71ab"
"e46181ab-838b-4c27-8a47-c40b29cb20cf","46dc9dfc-dc35-44f7-bdc3-71b03f20c3c4","05af5c71-a448-4923-96d2-288454b17156"
"e722a92c-320f-420c-984a-469239966d8c","6a9626de-3ba7-441d-922a-75bc8d4732e0","0a60f2ae-b861-4ed5-947a-c7ed24ddae7f"
"e73dfab8-ffd6-4545-816f-e5041eecf4c0","ade40f95-de97-4ca9-af03-a4a806602100","045997fa-08de-4b75-bc2c-9a8a07c9ca8f"
"e7939978-4484-4698-8801-a5b4bb00c15a","dca5387c-552e-49ba-b471-cab36801fe13","0baa23ef-4b74-412b-8147-731fd217f494"
"e8b0d125-2304-475b-8418-33a0c5dba42d","0ecfc197-6713-42c9-95de-a02962e1f4bf","0ca756ca-e1df-4805-9b98-e8936c3134b7"
"e94b0119-056c-4073-9162-39230dc05fa7","c797d664-b9d4-4640-a392-519ccee4e97b","02f2ab06-7d2e-4380-afcf-b17cd077ec1e"
"eb1c5137-987c-496f-a450-9c4d5a61c908","97d5858c-df2c-4063-9232-b8ba16bc4071","0885b746-f232-4e4a-aca3-967caabd8bb2"
"eb6eae14-3e53-4f93-af8e-6e1cb2d3595c","70150d0a-8959-4bff-9e06-24ae6a7133a3","045997fa-08de-4b75-bc2c-9a8a07c9ca8f"
"ed2fe821-bdb2-4633-b218-38316ce65d42","b0ee742c-4d3f-43d3-a4f7-5a74aa8790af","06401459-9b21-4f20-8361-bebc2937a510"
"efd08725-7c51-49b4-a8b3-9ae80c357298","a057aabe-35e0-47f5-bfa9-0e32093def27","03607a90-5d9d-4c0a-ad1b-704529b710d2"
"f17132bd-1458-4e8f-8cf5-c36919222b91","32b4a1e9-aa30-47e8-b4a2-70b6d4421391","017b43bc-aeb1-4341-8986-8cdbda0ecd03"
"f1e0c116-debe-4f18-bf02-c35da0d4ac70","6fad4825-3d9d-413e-8d0a-5028aa6b3c55","0c6f08f9-cb53-4b03-8373-c668ab8f802a"
"f2c47160-478c-4d81-8eb8-dea4d53ff7f1","7abfd40f-1e6d-47f0-ae4f-4956c2c236f8","0d4ffe91-d7d0-48ac-8bbc-4916b60b3e4b"
"ce020b23-2f71-45e7-b9da-67f0f3ae73e1","1b0b3222-bedd-4acd-8cd4-874cd5e3955b","01aa99d7-c3dd-44e0-9090-8d066d1128e7"
"ce7087b2-62e1-4ce2-8fa0-4284a6ed29e4","e2584f2e-ab20-4766-a075-aecc8b112b58","099ddce6-1f36-4552-a2a8-0b40595ff0de"
"d10b9e6c-ef8c-4218-9de1-3c049428edc2","6d298464-5125-4aa4-9991-9427de73a043","05952595-6cfb-4779-910b-a767530ab461"
"d1b92849-65b7-44b2-91c8-0a3a34901a81","619e1e2e-89ba-4c9b-82a2-fd6e4d7b9a1e","05e0770e-0540-4d9e-a719-d0a483370336"
"d2d28360-584c-41a0-8f1c-288c1a95e4b6","eb835639-b271-45ee-8944-9896f497e789","07c72a69-fe90-4d03-bbf0-5cbe59eab4bd"
"d3f3b54d-2e9e-4dbf-b58b-af9aee8f43d0","8ef325a9-6f1b-4721-b5f3-defbe7c87e18","0b400e1b-9563-4418-a00a-1dcc640bcaf3"
"d5bb494d-891f-4ef1-a8d0-51f573e8ea1a","0f330983-ce5f-4caf-831f-5885ce04b1a0","03e84796-4137-46a5-9d78-041e4ef38d16"
"d71c1715-4483-4de9-b1ec-53ad6ceb56f5","bd538f65-6fc6-4d69-bc08-9242827c5f2e","01e835e8-809d-4c8a-953b-67976d97f5f0"
"d9a7d139-9232-41df-a333-81698e0718a3","03028d2d-6f8f-44bc-83b7-e2d691808a5c","0685eed1-c244-410d-adbc-c9f75abaf5ae"
"dae6b9bc-0cac-4b6c-a585-c9e0caba9320","56d9cd5e-f872-48aa-90b7-ebcd154c7dfd","0a6c891f-49b1-4b6b-bf73-ecadbff121f9"
"db6ddad7-713b-4e42-bcf2-322091bd5465","26722c61-26ee-4752-bf62-8251e447e578","05fefd2e-5cd7-4da6-b7fe-538dd257fb72"
"e367aa1d-5201-4523-95af-e7ca02cb7874","5e821606-ce87-4e9a-919d-e36d1c61cc72","006c920f-e0f3-43f6-9cec-f1138b504fcf"
"e37fc812-e827-4126-ac93-1417ddc3d60f","693ab77e-cf36-4cd4-91a1-0bee1d0977d6","02761e28-e46a-48ae-8874-03c60b44f5ee"
"e5319ab7-be7e-454f-aef9-36cdf14020b8","1f700463-9c7f-4da6-a021-9a8c41856a80","0448377e-4c62-4342-96af-f7f676d2db41"
"e534d704-132c-4d57-9c09-9461fdb9d1be","b35820a7-3318-44ae-96d2-29dd5cbc5421","0d243f03-7624-45d0-afef-11fd8225d827"
"e583787f-2998-4c5f-8c47-1033820a0662","a1640561-bbaf-4e97-85be-dca9514390c4","0223deec-5f06-4e3a-8263-a0e93148c3af"
"e8aff16e-3a76-4530-b97a-8a5c39a6fcda","3610a45a-d822-4b6e-8a1d-23d47c77c16b","00c4bb8a-5f4c-4d97-abdb-6b5570233f1f"
"e8c9d2eb-b79d-4b8f-b26b-38b75022ab89","eaa96592-017f-4695-ab7e-e8c7d8b5a06c","08e00767-ab71-430b-8b3d-fe231950b9a4"
"e91c9439-fd3a-407c-bb79-71c092d5fc55","1df5eb14-5f74-439a-9296-a33f6d670742","09b09c5a-29c9-404d-b9e7-17d5a86e2738"
"ea61d5b5-2bf1-4c0e-8f84-2add5ef32477","3c668df5-6aa7-4a06-bc53-403a69417b9d","04f41c48-e7eb-4b93-9173-48c1cca4827f"
"ee115b8d-8fd6-478f-a60f-6c8a3a0bbf43","1a0ed7c3-ead6-4f47-97c2-708d62a90533","080f61dd-cbc9-4097-b1c4-a8a7760aab88"
"efda09ea-0daf-4a22-9b99-170c3044a84d","246ad1d3-fcc1-4f89-b90b-14d852774314","05311b1e-54ee-4ffa-912d-7e5c5b3a6c97"
"f02f5258-23b0-4039-990c-242de43e6ecf","f16f8708-4eea-4406-aec2-bc3599a89232","021f170e-5b57-48d2-9876-19cbab276ba0"
"f0472c9c-ed62-4c07-a257-33be8a423db4","e23bfd11-f8bf-4e65-b788-728fc599b0bf","05e77c38-298b-468e-96f7-48b6fbdcb231"
"f19a3f98-cff4-4155-89cc-2a592fb4e192","0b205896-9881-45f6-ac60-e8ec5f37c451","00b55a7d-8c2b-448f-9bb5-dd6998e4f5dc"
"f19b2185-adcf-45a6-80f8-a4206abdbc4f","2d0a792a-8c24-4dfc-a089-1a08d2fe7177","036cafbe-c09c-4aae-999e-959053e63ae7"
"f28ae8d8-9e29-4226-8a8a-d7508fa6e12e","1a0a1f54-aa30-4631-b21d-a147aa229f3c","01a53f28-1ee1-4b10-99ef-7f14922cd789"
"f5e56999-89ea-4423-baf9-a4e290b0c739","3aeeb338-53f8-4e5e-8d2a-25579379279e","0c00ab3e-c9ec-4384-8c55-d63f5041d66a"
"f8ce6592-ff11-46b2-b91c-569737f8e247","60781e51-aa97-496e-8285-2b109a0a5afa","0cc01c42-9bfd-4d40-9c83-c997ff31aefb"
"f8f412d2-fcd6-4478-943f-a35e11912b73","0e58c1c7-5223-4988-9076-5d881ccb30bf","095ae3e6-2bfa-403b-b589-3faa10845e69"
"fad35287-57c4-41db-b7b8-b7bc30333503","87e9fb44-9628-4780-8015-dd289452653b","07fb7ecb-3f76-4b3f-977f-1bfbcb547125"
"fb39ea97-f37d-44db-a8f2-fa4a57ef1c94","3aa9265c-c94b-403e-813a-208fef36a55b","07667874-0992-4695-8fd1-969cdfb8063a"
"fc600ecf-d235-453c-b082-dc39863a9820","3209e557-8d06-4b59-b7da-189fc67fcc76","099467ab-d0b4-4835-872d-06d1032305d7"
"fd6c1da8-3c3c-454c-ad55-4ae3a9b45a54","4c1a30be-62ef-4f5c-9630-1758eac36cf4","092cd38e-1001-497b-ba43-0786495525c9"
"fdce34b0-67e3-47ee-aeb4-f3dfb5f07448","e3620f27-8173-4936-9499-f0dab3fbec77","0c99c869-c45b-4afd-8a2d-52e4a4ffbec2"
"fe4732a7-7f56-4974-866e-26da213f7b77","2b10125a-8f1b-47ed-ab2b-22066d6ac065","09c290fb-4c43-4b89-b77f-fd2ded995c03"
"bef2222e-4385-4db7-93dc-306c69126dc4","bd9a3889-c295-4a7c-9395-b5a0da6c47eb","00701fc5-15cf-478c-8cfa-c1adf8d00d63"
"bfdf71a2-a3b9-4904-a21b-78a5e38857f6","b88a930e-dd9b-4aa2-8a98-d29dcc09d488","072bfc54-1789-47bf-9b7c-14df6d129110"
"c06965fd-4c75-40b7-af27-129b8908a7c1","ecc098d9-17db-4281-a2ee-aac2aa0aafdc","0099bb9f-1070-46e5-b755-45bc15f4288b"
"c1125c3b-2521-4703-8b27-7befab69600a","867b1383-a667-408a-a829-45835deaa636","0bf49ceb-d399-40fe-8ab5-2b7104ddb68b"
"c1b348ff-84e6-4e44-9ac8-933d74316709","8736ddf5-0c12-43fc-a75d-1dd58f18545d","025d72ca-89a2-4a03-9d46-34dab797551e"
"c2ddd642-ead7-49b6-916c-5d69797a2285","4aa7c75f-62c6-48d0-aea1-27ebeedeb30f","07a41779-41a6-486a-9ece-69fd3431e3ce"
"c4773ae9-6fc9-4e91-b0d8-9b45389c9ece","0091be5e-d376-4f63-a0c6-dfda0f81cd6f","0c8f52ed-df23-45e3-9646-7f9308999679"
"c57f04bf-0e77-4b67-a09c-6b919140b636","9d9b9a6f-d5da-4e87-9af4-eb452c972891","0c6f6efd-efe6-47c3-b5e1-46aa931781c8"
"c6828a17-3fff-4343-bcbc-eccdd4f4afce","9ce841f3-37dc-4211-b690-212e57fba8b2","0d340250-a7e1-433b-aabf-89ab7409cb7e"
"c849d1fa-6d9f-4c18-88c4-0f67670e96fb","29254a45-8830-4e72-b851-9215043fdc44","0abef879-9919-4149-94c4-349b7e51ee66"
"c8fdb427-21d8-4eb7-b8c3-cc8de2cdecb7","f225c415-921e-4c2a-9525-0853a5caab0e","041a2106-a6de-4566-b0c3-dc7d8146cc76"
"c91238e9-ae5e-4918-9029-a9d9616e18ce","96b04a89-8837-4df3-bce7-ddf9e0ec49c8","048467ba-caaa-44d0-9a19-9cbabf7f4eb8"
"c98f2a3e-567b-485e-bedd-4ffe06bfaf01","5c93c26e-d3f9-4cac-bcd7-74339e3d4b6c","06fd4eac-a47f-4b72-9286-1453df9220fc"
"c9dd2adf-ed8d-46e7-b15c-f20cefb7a4a8","a5e5616f-f7ca-4ca5-90af-c26a9188a56c","0b461698-a6f3-419f-b749-d740b12814ed"
"ca31e425-a17f-43df-ac4d-69d803298b74","d08d49d9-674a-484b-b03d-e24e9281f763","00421e44-698e-4df8-820d-b1a878712faa"
"cc664394-7361-4aa2-ac41-aec9ae17eb1b","ceaa680e-199f-4df6-b9bc-c3873c1cf85e","050e6de6-6a53-4590-aae8-53db2ac7ac56"
"cf003730-bda1-4ad6-9e42-34215e9ee066","35e3ca48-81bd-4201-86c8-9eabe18c6554","06558015-f533-408b-8be7-40912598b412"
"cf6089bd-40cb-4f1b-ba90-df2e89d0a1e1","641c881a-ff29-4512-85ff-21596950a968","05dd7801-87c4-40fa-88bd-f525348cbd86"
"cfe4d995-e005-45bd-bbba-6ef2d483ff2a","97c10962-1977-4ed0-a9b0-a79f6c7b3afb","0a48d8f6-af50-4c25-8bc8-c166bdef4eab"
"d03b4ba9-8302-40e2-a042-437145a51f3b","17c46a95-198e-4661-9ed1-a3d19f82eaa1","0984ec74-71f2-4c6f-a8d2-63c076705c44"
"d0b87c79-92f9-4f58-a4e9-ddf73e6d1747","30d871e4-e272-4584-b0b6-14a747791d82","02655009-7632-407c-a5ea-4903ee8ea7c8"
"d227e298-b68d-4312-922c-6d29a71ebcb8","1ea4024f-d67a-4078-b172-4b89cf539b72","0867d6ab-f1d2-4be5-86e4-0736a7e9f19d"
"d293db73-1193-4af8-bfd4-a9346f847a47","761cc480-27b8-40f6-b6d3-d68707fc8ec6","076f8692-6481-43d3-ac44-865ddb307d86"
"d30b463c-71b3-48d4-b6a4-e46f66345b66","fa69a2ba-2eeb-44a3-b5ba-920fb68fd10f","03c10a2c-8ca7-4f55-89a8-885622419c0a"
"d61b1896-1d0d-46d3-b574-903d380bc476","012aa396-b99b-43c8-bf31-5700b98ffa81","0bd6e598-2400-4b6a-80f3-4402cbbfc5e0"
"db21d183-84f4-43d5-a541-6963ee7aeafb","1cc5af1c-c9c7-450e-ac72-a2f091097811","02294977-5715-4ab0-88d8-141de3730f66"
"db9dd056-a416-4c02-9a96-771c643394ed","719fe92d-7d55-4442-a76f-59f78614f1c9","048e23a4-f166-4d79-abfc-a8ef0577444d"
"df994bce-4a18-4684-b7d1-ff8485330733","e4d5a5d9-bd51-43cb-8c7b-1a4482cdda07","098d62de-351b-4757-904d-99686109dabe"
"e0130a36-2a06-43eb-8810-77424ba2a316","abcb6f87-be0a-4173-a303-22bf6bd04cc4","09b3c6f1-f31e-4bd0-b25c-8d237d0efa27"
"c4980f1d-49a2-45a4-9bec-f86a0392c57b","4576d435-1844-42fa-8a37-928442cf5ae9","043551c6-b05d-4621-8964-b716cfe02031"
"c52e5e45-b43d-4182-a00c-057cd56f5d02","75ba406f-d8f8-4946-b711-0fe89d65e8fe","06d75ed9-0fc4-4a8d-b65b-c4b7e98fb787"
"c59821be-9cab-49ef-9bf9-2ee2ea38923c","ae3756c4-333c-4d0f-a5fb-0c38ac2fa085","0958d445-e947-4ae3-98d7-57b44f2286d2"
"c5f0083b-609d-4317-92b8-4df4f10592b3","d502b8dc-040e-4ef6-8091-64105f19195e","053686ce-5d1e-437f-9004-48dfb4340db3"
"c6c05091-08ed-42eb-8436-aa2385008b62","b23b856d-3399-4cf0-a023-58d22be034f0","067c8d75-3af4-4689-97a8-a16fbd01dc2d"
"c6efb834-8117-4f4a-8e7e-114e2ddb6fe9","e639b6f2-d663-4cc6-adfa-e14745c65aa1","0837fead-e1c8-48c9-8af5-6844269d1f05"
"c7712520-6764-4ebc-92c4-ff9812e80769","d96457d5-fa84-4e51-9779-0e281af7bf5e","08c88213-b319-40ec-9c04-fab6d4d6c63d"
"c7d1e474-8ecb-4447-a8f0-5dda3efe1e6c","889bc473-0ad6-4734-b6f9-5d4c1e6b0d98","0958566b-1d60-4a46-b931-6633b50256e8"
"cbfb9b81-4a26-40a3-8c7a-94f72f0edf63","24e9cbc6-a422-47aa-b97c-bf353a3e3753","032a4350-0871-4127-a622-d41ee99a2d74"
"cd706025-dda2-4742-b16a-a83e1b8a68bd","a336cd4c-e97f-4931-a8fe-a142a262342a","04e1b366-eade-4b46-affd-0edf01be95de"
"ce87261f-ba5a-4d8e-b7fd-3d1d77ccf70b","97788b0a-4936-4298-be0c-b5cda67ea45e","03001056-2d58-41f3-9382-2ff1234d7373"
"ce950c3b-9766-406d-9337-f2ac538c6768","1bbc4381-cab4-4426-a9ef-752da8f36f3e","042a0a7c-459a-451f-9f45-0cb3a9423e99"
"cf37ebc2-5c67-4821-b957-4aa5530cda7e","e9ee0d20-2acf-4ff3-aa54-4dcd49352193","0492284c-3f94-4b3c-a8a9-982d34c2fe5b"
"cf7ec2b1-7b0e-4f0d-9907-edc0bfa0d7d9","c1ad6fae-ac7a-4e22-a35a-1054bc48e403","075c111e-c7e1-43b6-8449-fddea06ca9a4"
"cfc552f8-77ce-4ca4-bff6-7d4491196d5b","d41dbc9c-c968-484d-8a8b-f0fe552c65df","0036d3f8-7a10-4ea0-9e38-e1dca0f559c8"
"d14ba069-a4c7-49ac-9ddd-eef41be71e34","f53f41ce-7c05-41f3-a6f9-b6a82c3fcda1","0bccf94a-583d-4e2c-a5b9-f292e5181238"
"d23aebe5-8c3d-4f00-bf54-204bc362cee4","84dd16e7-80ca-49e5-b72c-c48bd7bbe616","04d867cf-c104-471b-addc-5cc3af2614a6"
"d287f9f4-9cee-47ec-be1c-39ad85a74203","f5ec0434-2315-447a-b075-f19ec6d898e1","04fcd582-9df2-418a-abb5-15b4bca1eebf"
"d30bfb62-1f6f-4033-9d56-1b4f0e278ac2","f1edf350-2c1a-4ca2-9a4d-ec676363a9ec","0befbbc1-0052-4677-9911-e3fdeac4c253"
"d51bbf95-ca73-4404-95b1-9acf96970380","0c68d5bb-6a60-48d5-a042-b26df6f0451d","02b80de5-41f8-4203-a8a5-5f6004634bce"
"d525a6a7-0343-4f1e-83f0-23276614aeb7","0787ad50-86d0-47cd-8063-9ce05e55a138","0ace5774-9662-4fb0-a08b-549896ce835e"
"d55696e1-7017-4d31-a460-202583b5b1df","6322bf6d-cea6-4184-9286-3abb5e50a35f","02186ecd-d4c5-4d5c-ac95-c66562aa09e0"
"d9b2cd07-8046-4c7b-b352-d59f8f80e41f","c5b8e537-84fb-4dbc-82a3-44191ceb6057","06214226-d1d6-468c-865c-bd800c20dd58"
"da494561-eafd-4b30-b12d-de0f083641ae","4d9e8050-49b3-43ae-9bf4-e80098713ab2","02f90297-dedb-4006-9489-994223c219ba"
"da666186-5709-430b-8244-9ca59187708d","c3a2f4e9-53cf-446a-9712-77638900ea42","007fd478-d81a-41e9-80a1-9945e79aa68a"
"dad26ceb-cc9a-4b3e-8e69-945c8c5bf14e","6923d4b0-d4ac-4c66-9b66-3fee6401ed69","0de331f1-4a08-42e6-9058-afa60693ed80"
"dae0eec8-05e7-4737-9840-0cf2de8121ba","933565aa-4b1b-4148-b208-74c1cac7d8ec","0b985ca9-57ac-4357-848c-fc535afd37ad"
"dc425298-5a43-4e0d-a862-6b4ba9bf49b7","3fc5a27b-de38-4273-b2c8-513e9953ade5","02143b17-fbc0-49a5-b057-19732df301b1"
"dd0b4e6c-c29a-4514-8b92-9a18ae0c6839","e7645c54-fedd-4572-a7a4-060b6b0d8c78","0654e087-be4e-4c41-a276-aea8a6184cc4"
"dd168239-fafb-4455-b0dc-f06e4c0ea2c0","78810acc-d703-49e3-9f69-d1a6f803ec70","02cfb6bb-48c5-4a4f-8897-2bfda5853893"
"de5fff2b-da48-4198-9272-a071a890e442","ba2bc28d-809b-4e86-ab8d-7ea54c55ee90","0836d2bd-8b71-40f0-99c5-b52009f37bae"
"de6c16e6-6539-46a7-90a9-9fae963f86e2","0bd12e5c-3c21-4cc4-80be-6ea20193e132","04d95794-63ef-4ee0-8070-b5eaa4decc19"
"de9f761b-5d83-4bc3-84c7-4bde067a6fba","4b32b983-10d0-4cde-a334-caf0c8525e67","09a773c9-b2e4-4e78-be58-8de1c32db404"
"df15560e-fd0d-4044-be7d-2bbf7273e3d2","f63f8717-40e9-441f-8af8-0511d0f8c02a","054355ce-330e-4a72-88b0-748d8128ecda"
"e069016a-6f5e-4291-b4c4-d82ff4f771a5","394b5153-a9a9-4c01-8b1f-35bbe27c2ed0","043f2206-324f-488f-a18e-03369a5f083a"
"e079fe62-e0e8-478a-a94b-a95b4f3c80c7","fbe0e7ae-63c8-404c-aab7-65429a77036d","0df7d8a8-fe0e-4e35-9904-e9e909457e2b"
"e07b1668-fea2-408a-9466-6768f9d941dd","41cc2b36-bb8f-4534-b2d5-13491da0a58e","0c338a98-9fbe-46d1-809c-5da807c76c8b"
"e0f6bd28-070b-4ff4-9f92-b6a8754b658c","0714799a-841d-4a0e-b732-eb28f2a3126f","04b5f202-5e86-4558-a97c-1d4746680a2e"
"e1871618-88cb-42ca-a790-898ac8d7880e","94b56ba5-e63d-48ab-971d-afb1d562f867","09f6be2e-4153-4588-91ff-3b90f432987e"
"e2287571-3174-4798-8fb9-7b9a210c8698","e079a01d-d099-4640-b40b-2b7cb0b145e7","05a296bd-7de8-4b08-b86c-fd9450f7df80"
"e23a4d84-7dcc-47f0-9f57-d285e1c23966","6fca3ba9-f4ff-44e8-af0f-1eda26489b98","048bcbfe-9d91-4568-93e3-05e684543b76"
"e3f78c98-b8e4-4cdd-a17c-98e7d7c4f0d2","09958496-6c06-47b8-b431-ea0b38b6bb5d","091eac5e-cd39-4d1c-931e-79dafa0c2ca5"
"e4835a78-3532-4e83-b8e4-5c0af8c0dee0","737d6841-3b80-447d-9bc1-7cd7f8328aa0","00fa7892-aa58-4ed0-83fb-8497849688c8"
"e4c61763-9f51-4e5d-aee4-d8df5d633525","28046804-1c5d-4cc3-b6f6-9639f0d1ef6a","0538ab1f-3f60-468e-a63d-a1af7f6dd730"
"e58ce02c-b300-4243-8a0f-afc05e25320a","00dae784-f821-48cc-aed0-a62836ee5646","02143b17-fbc0-49a5-b057-19732df301b1"
"e63d6bff-811a-4aa9-ac0a-3e1910525a1d","9a53ad8b-5d96-468e-9147-04f1432beb7d","09a773c9-b2e4-4e78-be58-8de1c32db404"
"e70886a8-65c5-4a49-b339-a32ea7519c92","810d9f4a-a032-498c-8285-76ea7ef12840","004b5fd4-e555-4ec7-b3ce-709978adda71"
"e75ae271-2035-4ae5-b5c6-b1b26641417a","b00e1863-19d9-4631-a063-5ca385741e69","064a58bc-cf76-4ae1-bd08-a2ef2354af6b"
"e86e3c64-32dc-4378-a8ed-70722e7b9594","168eb24f-3d29-44bb-9539-6e72497fef33","0393ba47-98b8-41cc-b57e-0b68911609c3"
"ea124aa5-9b2c-4926-88a1-bc7693c98e80","3db70d6e-4ed8-4fc8-a2f0-aed1f7b37b6a","0de03627-ddab-4343-aa46-372466f5f542"
"eca8761a-5362-4662-9dc3-3eebef849b39","a6753868-05a0-4cea-96f9-6e4f0fa5c70c","026fe2c5-d746-4665-b8ea-8a328f97b498"
"ef45451a-2058-4d8b-8093-07cab0f0cc38","b00c8581-6959-467d-b087-e684639f5653","09761764-46d7-470d-a1a4-7ea33fe70b92"
"f0ae0e57-47ac-4459-84a1-e1e7f2a85039","c1b3518a-999f-4a0f-a8a8-f9d18f7e84cc","07316ac1-922f-49ae-aeed-0a8a83f29026"
"f1a259d1-9c9b-4343-9461-03c14c25aea0","09b715b2-129d-40b0-be54-b6c1d7e59991","057433f1-7439-47c1-9deb-ff6c01aae81f"
"f20e5708-80c3-4975-a05e-e9112ccda6b4","10af54ac-bb75-4a2b-98ac-49389d12bb80","012ead78-917a-4fe9-944e-794751599c61"
"f2bc2f53-57fc-4706-a4cf-7c8a5e366e2d","96e005ad-b533-4e42-9e87-cf19fe478236","08101950-3850-4b13-8a9f-550edff8d8ab"
"f4562972-9f52-430b-9a37-eb6bcc2eaa5c","4865b27e-0e00-466c-94f2-bce20b381cb0","0dd370b5-b1f1-481b-acea-3e416cda039c"
"f54c7cb8-0c93-4537-8b0a-c6546f025e27","b5d3b133-770f-4b6d-a6f6-1043eccd1ce3","0aae06ae-70a9-4dd9-a24b-e7901b3cd0be"
"f7a974b1-80d2-46f5-83eb-47a8bde2d34d","28ccb2cc-d6d2-42a4-895b-cbc2d298f643","004fb39d-db91-431d-af85-94317adbb295"
"f7e488de-395f-436d-8c50-fee49c037136","ac06722e-8e69-4da3-8c70-19f9ed6ae329","021dc3bd-d3a5-4ff9-8161-c4b7b6ac959b"
"f8261e88-5760-4c51-83b4-e805c81503e1","11f0d00d-1424-498d-8e8f-85fdf4350f7d","01ab7bfc-973d-4b91-874a-964ee6472eee"
"f8db0b92-4e0f-46a1-8898-7a93fd90c9f2","0fbd574e-1a83-486b-8387-cc778f6272f5","09bde34a-bc7f-432f-b0f7-59bcadd81adc"
"f9a3ce46-a150-41dc-a161-a8a6140b6277","da4c2513-8ec7-46b0-8b59-6670631ba41a","0542871c-3be4-44c9-9270-ce68b32c9ec6"
"fbaa03ed-5a32-4f92-bd1c-65a5d0766173","2aedc360-1def-4f65-8761-e78d74c02d34","02fe8572-0b75-4d91-821e-1aba47ceeec3"
"fc2fe3e2-1a75-42ee-ad50-9400af4a1eba","f2f2d263-7608-4c41-933b-7a8664e5ad13","0ea79948-25d1-40dd-a907-a71c0f81835a"
"fd0e675e-721c-4ee7-9992-1cfcdcdbcba9","c98dab9b-3b87-4623-b76e-38a99d447f9e","0a804712-c34d-41b8-9c03-e784e6ac6320"
"fd18f26f-0fee-4773-9ec0-5f5c79b2d3cc","b86ccf9a-926f-496f-bf6a-3c130b04b507","0376103d-915a-4411-8090-9c82f5caa7b7"
"fec8db8c-3b8a-4cac-ace5-a12dd60c5004","325a9136-7948-4957-9d62-8dc0f786553c","05baf7ae-e65d-432d-b8e4-39d1c561dbad"
"ff4bffc7-0b5a-455d-8ede-b626d96d5dc1","253c61e6-9738-46d7-9354-05d6aeb763de","0d885734-7faa-4d66-9138-ccd6eea0e3d6"
"ff93a836-9a75-4181-a0c3-ab91a28201a1","3378c291-c5e4-46ef-8fa9-0e7f0582a13e","0980b5ad-350b-4242-bcc2-f5bb3ef425bc"
"b3979d0e-4165-413b-85be-629a0b728d44","72afae52-8404-47ef-8f2f-7afecbf9192d","0e12e445-80c4-4d43-a4c8-6e775aacde90"
"b491a04f-f71c-4bbc-9991-ef42232cc80d","a247d8bb-0591-4d89-a7ba-4a56beea4e3b","07a73b8b-80ab-4d33-a82e-acf6c9785dba"
"b4e6c503-24a5-45f7-a8b5-8958d8f638a5","b1996f86-28ac-4272-85fd-94449f289d76","0e249f7e-b3fc-48c4-b687-e09d2f0573d0"
"b60f6d89-f32a-44dd-9ae1-4049a52e7f3c","fae2a0ec-03fc-4f97-973b-66e3aba9a10f","098c924a-4acf-4778-8352-b9febc3b9c39"
"b7122019-614d-4a3a-bead-d91816af9820","2b3174fe-0cce-4df9-bbc0-7088da0a6033","0b8b8db9-75f5-48d8-9d8a-9b9a5b2df323"
"b9737ea6-7658-4058-99bc-54ea5f1bc444","494174bb-2788-4b82-aa97-2b47a171af8d","05516ee9-ea83-4522-9c37-d720cef8f8a8"
"bb13ab07-04b6-447d-b691-70fd3d1dbf60","7ec71a84-1a91-4a76-aedf-c326079a12ab","0def09be-9188-4d2d-8625-b1dc2034feca"
"bb1f2b72-034c-4e31-97b8-a88f8f7bcabc","22678a48-502d-4981-b82a-dde91579de43","0dd282ca-11cd-40a5-8b04-242f9b70f21d"
"bc6e5831-0fe0-45bf-b366-d3744d8d3e6c","5e80c6bb-e452-436e-b7f2-aa104ac5e3fb","08d13112-fc9f-4c98-a30f-f9453df5ca3b"
"bc9b46e5-c43a-45c8-b4c9-a59c619df140","5d40d32c-8f51-41e7-976f-a0f1e6542217","0130824c-951c-480b-b0ae-09a45f6fe65e"
"bcdb2d84-6b87-466f-8935-3a2aea90874a","6049fc08-53da-47cb-a647-e2aa507bdcff","038d0167-3164-4493-805c-5af83e89b250"
"bd9d28ec-e537-4bff-9009-9bd3d49c759b","625196c2-8fe9-413b-9484-0aa1bf51fc16","0d9ddd1a-aec0-456d-a1ce-a7cafb437943"
"be6b5a4d-2a4b-4231-a352-99864e5487d5","e824a3f5-3f3e-495b-abc6-4855e57e5404","0a8d4700-7f2d-4bbe-99ce-0b3afc54eb55"
"beeacbf3-822c-45e8-b2b1-e821dfd1ecfd","6c24becd-937b-4037-9f8a-7b825e9f2784","0b6215d8-d672-404a-ae20-a9a225ac1881"
"c0ca8ef9-1e8c-4c35-91c4-08fcd53d649b","5e014e18-531d-4021-96ea-8a4b619e04bc","043d31c4-7cd4-473e-bef7-c6975e724085"
"c10c91f8-b820-45d5-b6ad-c3c5403c5021","b16bdd5c-d19c-40fb-b436-b032306b9968","0a2323ac-89d4-4679-b2a4-1d1f0c80d48e"
"c3748c0f-5a3d-415e-8f10-90d85e4e1cf6","e639b6f2-d663-4cc6-adfa-e14745c65aa1","0771624a-6e5c-4cd8-b153-7fe1226fc486"
"c4b7b54a-daac-432a-8c60-d45be6b42e4a","6fe5fa47-a76c-4e4c-b175-d84bb3081e40","0cea10a7-fcb5-457d-930f-8e2a04df633d"
"c4e393af-6c22-414d-8a95-0b7dc74812fb","4bfcfca9-1712-4417-92d7-0d34f848948c","0801376b-3250-409d-a685-13a8c8a5098a"
"c50dc8cf-2bc7-4134-b981-6079a3a6c92c","eb09ad2f-aec5-46c9-96f7-08a1d9fa9df1","09e82025-f8d2-47f0-ae0c-ed6023201e2a"
"c552bd21-2f4d-461f-92ea-35fc880723e8","a4acaab6-c66b-43bc-bae9-326bd5bb79bd","056757d9-5297-40a6-8af1-6029bd89298b"
"c5c8d52a-3db6-4434-836c-e17e7a7ed04c","99b94cd5-f5e7-4de5-b69c-855c30850e53","053b63dc-b66c-4f51-a1a3-08aa8a0d4ac2"
"c6241f22-9e0a-4423-b82f-0d6a4966b845","264c3dde-f757-43d5-bef4-df4f37091858","02c45dcc-c4b7-4a7b-92cd-19dbdcf1db41"
"c715ccc8-8b5b-4bff-b776-3462d4e6758b","7a8330b1-7ffc-4385-9da8-36fb25618018","0decddcd-5605-4245-aea8-23821e3a8a87"
"c7863582-c659-4524-b25d-838f5052bbb1","222eb6ca-e338-4546-8c8c-7efe86f0708c","0a89c3c9-5574-482a-851f-e516ff358b0c"
"cb29b66a-fd1b-4494-a9c8-a945ee2582ee","d1623e88-70af-451f-a5f3-f4459a3e732b","0442a3f8-e17d-4b9c-bcff-5eb86e8001f7"
"cc364c79-256d-4ad0-9a96-06d5d59ae4eb","57606a9b-89ea-4efc-b9aa-50514d9daf6a","04e788c0-77e7-4c7a-8d2d-b91154b93917"
"cc872dfc-aeff-4c4d-83f2-44042c818c3a","ef2fbe26-6026-46d9-bf80-12d01156fa94","0ebc88a3-7b0c-4f63-acea-56a97974fd5c"
"cef23c3e-a237-47de-8249-5ce79614a8ab","091e0e54-3d4c-40c9-83b6-d5762036e0bd","05453c7c-ed12-424c-912e-67926ffcbaff"
"d165213d-90bd-4438-8dda-f113dbe1f38b","7b6008f8-706f-4972-9d8a-41374cb83862","08ecc8ca-8eba-45b3-8238-fa31f94400fc"
"d19930d7-70fd-4660-9f4e-e5db7532e46f","33c758fa-a894-4940-8642-961358cc2403","03482c36-9ee4-406b-9bb0-4b44b61a5b49"
"d1e67996-83df-4eaa-aed0-91a7ddb9520e","77e4aa88-8cfd-4803-bc3a-85134d41db25","0d9ddd1a-aec0-456d-a1ce-a7cafb437943"
"d1fdf106-5cd4-4f04-ae7e-b51c329826aa","c0654809-0089-470e-9a26-32e5766c92af","08d69a47-1c5f-4e7e-b4a8-67bb73357c34"
"d2aaed2e-dcab-4704-b6ac-ac9558d70926","1af184c5-df81-4a34-ae68-4e425a1030d5","09166b4b-08cc-4349-92b5-ddb766a72394"
"d34b044d-04ae-470b-b7b6-817688287530","e39c6f1a-4524-4d2e-91b4-5ac49b0171dd","0127c3be-63c2-49c1-bad3-8a3ab6fb46f3"
"d38db5e1-a3d4-4d75-a3b6-2b324661a873","ff91f0a6-26fa-4802-a4af-c8d56ec9ea42","0664b321-1897-4a22-8178-2e9aca90adb2"
"d427ce07-421b-486a-8745-b3e5b3f9b011","0f2043d0-b40a-41f6-ba58-f6fc2ecedc99","0997f143-7e53-40ff-9dc5-493004707379"
"d4d061d4-563b-4328-80f3-fdde87265b45","ea158dd8-75de-408a-bab4-261dd4262609","0aaba306-0dc6-4e1f-b9fe-33f8acb57ce4"
"d4dcd50e-f6b5-4672-85c7-c954e6a7c8c4","078bf2f5-19ef-4fba-90af-f47a9f6bb114","0c704a15-c5a0-45ed-a16c-be27a97e1f20"
"d8a4af2d-d3c3-4eee-9a22-63ed95e43ec7","b884b294-6679-442e-8ff0-883039923ecf","04779897-ab35-41d4-babc-611eddbc491c"
"d9d8cee2-9535-4114-af4c-92f3a29555c3","b5a9f51c-b840-48ea-92c1-7bbc07a85bb8","0ebe1cc2-2151-42ec-805c-cbfd0f2c84b6"
"da748d31-118d-438f-b2fe-8c6bba3d8c39","8fa18105-8b49-45d7-9658-6697d9f9520c","035d9879-cdbc-4aaa-8816-70a89cfb25de"
"db9bc8c7-3359-4575-852d-7ff62c6472b3","8d81a019-f2f3-4d0e-b819-baf26de28f74","0b376588-1474-4fe5-8f9b-92568f8c7b64"
"dd224c86-f3bf-4fea-a896-952dd24c5751","271735f9-9be9-4124-8a63-b4b006bf34d7","0abf340c-cdb9-4001-96aa-3e4434fa12a6"
"de9d935f-d5b4-46fe-8aa7-0281a97f17db","9c86528b-2d70-406b-9922-52dbd805231c","0993aa56-61a6-4b6a-8911-08f16db5b3bc"
"e04cb1e8-57c0-44c1-b384-d9448ce49a82","3cfd6bd6-596e-4290-9f95-c8966220cc36","05e438cf-b1aa-4d29-9ebf-7be902771ba0"
"e0a8a13c-667e-43f6-9e7f-c1d1a7f4c701","0fc86b3c-9b4b-49e7-909d-aec00d3ffab2","0d8256dd-e9e4-4338-b375-e93f941e8f2d"
"e13db001-71ed-4b1e-94d3-7e74f4f5dca6","40b7bd68-0b39-498a-bd3c-e73d9b62ab0b","0b985ca9-57ac-4357-848c-fc535afd37ad"
"e3e97012-cdfb-4846-9bf5-6ea0dd09e201","53960d86-f797-4927-ac33-fc5d5b4e97be","06240d29-17ae-4615-b473-ab04d6559adf"
"e800edbf-de22-484f-8fb7-d3030f53837f","83ca5f6c-cc35-4112-8d33-17e31c9fa312","06d30a08-77cf-4600-9425-d2a33d7aaad1"
"e8d9ca09-a6a9-4196-a628-a5565a95405f","aff3b0ed-dfc3-4b23-b58c-e146654505a5","04c2c63c-e035-40fc-a841-341da1407df3"
"ea1cd6c5-606e-499e-a1cd-42a9ccf08ec2","f83f4bd2-835a-4c98-bfc9-301e8e6a8b5d","03d3982c-40ee-4498-aa9e-f99afda485a8"
"eb08fe3f-0781-4932-a983-e23554b47752","de7ecbcb-94d7-44a6-a248-7c2fe90cefab","0c1ff37a-d5d2-4c0f-a3df-5ec5166c483a"
"ed046106-b033-472b-86ab-08c8a9341338","d4eb2344-386e-480b-9d3d-e0a1ea216325","02fe1ec6-1b52-4d0b-83e7-c70b042023ad"
"efadb582-4e5d-4c60-9f41-1805af697f93","010a03de-2330-4c34-b208-2d673d613db8","012ca322-614d-455c-93d0-62d9ab749ad2"
"efd22bda-3f13-40e3-89aa-1af1c7ff05c9","1243b34a-c7dd-4f3c-ae1c-47c39c1b7d61","068f9495-476f-46ea-8ffa-1cfff85de954"
"f11a69e7-beab-4079-a3ab-983430fd4180","dd52bff3-8b7e-4b04-af61-ab649dc30cd9","09942101-a7fd-4ec8-ac5e-bb8fba012f9a"
"f2c871a2-ae23-492e-a6fb-3499e740ddcc","0b985226-0fd6-4977-b4b1-7eb3417e3861","0c39c5e2-ea46-4ecc-8411-17ce5d321f8b"
"f392fdce-b719-4449-bd00-1e0d5259773b","b21a5204-c5db-4755-b06c-f077e75ba72b","0bdd9378-9bc2-4152-865b-c1967b79bd9f"
"f537c771-fbae-45cf-b958-ba482fbb1cdc","d26ab2f5-50a5-4c51-8b88-c1bcd6871855","06e3e29e-32c1-4319-bca3-fb29fc5fbb1d"
"d7da510f-9070-48af-8bac-10a521128c99","91c21936-c26a-4c03-997f-95d6a80cadd7","06b53a96-7fe0-40f4-acbb-7e7dfd26c305"
"d951898a-437a-47fe-8533-cecaeea4947d","dcf6cb95-dd5d-4d9a-b857-0bb88f204238","01126d5e-c0cc-49c2-8067-8a0fbfd0b51f"
"da9f6e4c-a571-47fd-97cd-7f79b214e3dc","080e5cda-a691-40bf-a3ce-5cf204680837","01ef0fb3-12a4-4ef1-a64b-328e55254bcc"
"db1940e3-cef7-446e-af44-2287d0b780dd","7589d06e-1195-4f8f-959b-f6ebe3bf8bf7","0859bc93-1e51-4bcb-9314-1dc2bb3b363c"
"dc312628-15a2-47aa-a794-2e3d183a987a","6bcba4ce-26da-43db-a611-fa73ffa497e1","047af073-dec9-45db-8382-5f9f0cdb1ee5"
"dd0f9121-08b3-4a48-befe-76558aacfb34","2fecb5e0-3206-4463-9f7b-06304d49baa5","04ba0913-4281-4aa2-a531-79dd1a191f6a"
"de26c39a-bc09-4b44-98b3-815b009cf823","0730a5da-fc95-4bfa-b452-5fa12b48b327","0155ed1f-8b43-40a3-b46c-b4cdd57966e7"
"de26fee2-6005-4f46-a7cf-81c7cb1a9ed1","2ac00669-7ac4-424e-967c-16c6a74f253c","070383ca-0ebd-4699-a7fb-aab436012bbb"
"e1a955ea-bb78-4b8c-b967-d4a222bfafbf","84a55fa8-95ab-4cf3-b1a0-1cf567a8f8a0","036cf91a-3f71-415e-91a5-6c3c1ab5357f"
"e1e57d9a-ca60-4493-a779-a13b1e936203","c5a44f1a-8d5c-4874-9370-45d13febca3d","09c17b46-1687-45cb-93fd-f3d90a5050c1"
"e2c96de8-b7ae-4de4-9d1d-41727ba44ce3","bb53e910-0adc-4ec4-b323-2aa84aca6af5","020372ba-e2e7-4f12-9a00-b187258101cc"
"e30ecbe9-8959-412c-9a14-394989965d7c","0b971b40-cd4c-4dfc-a3ec-eb0a35e77805","0085fb42-4784-4d0b-82ad-d6f6292d174c"
"e3e220c8-c4dc-4ba0-ac0a-c9bcd4c9bb7f","45c60258-673b-4092-8567-e4194b55a124","0870f44b-10eb-473a-97bc-b416328effb9"
"e5981b04-3242-4de8-97f2-76e6d6ab3455","091ac1fa-d655-4aef-86ef-c497b2955da6","0742ba86-3909-42ba-9a55-5e3d603baae8"
"e5c7d41c-619d-43b0-8af5-8a7af6e50453","120e7fb9-ae8c-482a-a3da-0f01881af069","06f102b4-a3dd-453a-b6bd-5e4d8492d463"
"e5d3f8ed-7825-4db8-b20f-caa5f3c0f0a3","b5ca529b-9c6f-4993-816f-20fc7ed49a62","015e9622-07bc-4679-8f0c-db89566d9df4"
"e6cab241-26c7-40f2-abfe-382b702497cf","c17e75bf-a5b1-4231-a4a2-455b191c53c2","03f78480-e26f-4a7f-b189-46d8cd51c4ce"
"e80d644d-8b27-4a19-97b2-1d6d6ed9b8fb","04216687-49b7-41ab-ae7c-5d6dec754390","06fa0920-1c5c-49fa-ab8b-317b385f9eed"
"ea9260ca-9aa7-4e47-8005-30ec83b519eb","27bfc107-c62d-4cb8-8a0f-891b55a896a7","0964f5a1-5f53-445c-98e2-6362e026d18b"
"eb9e6c33-e2d6-4c96-a966-998357f88ac2","e245207e-0ca9-4bb9-a384-55517e384ed4","0038a871-07bc-4dcc-b5db-20b58d3e0cbe"
"eccc5056-1c9c-4ebc-a69c-97359697df16","95fc82d3-d861-469e-a17c-9aabd8c79e81","07ec7863-8caa-4e1c-a849-54217ab20a9d"
"edfd1586-620d-4fc5-aa2c-2a885a37e210","79acbe46-e21c-4d8d-ade7-cb8a25ec3407","036dfd70-16ee-412f-98d2-08a935c5893d"
"ee05d857-1e9c-4f95-98be-b8798e1ac86d","1d76882f-ebf6-48f4-bd50-6290279b7aab","0993fb32-0a2b-4b1e-8325-99cc6cf7dc0e"
"f07017a5-fcdf-4b43-b9e4-551bcc62bf8e","4ba3b966-40ec-4f7f-ab72-e874289437c0","06869393-6781-4ce5-946e-0eb15059b2ac"
"f20cb097-3b55-4726-bbdc-eed57084569b","30f0a1a2-d053-4e0f-bda4-43c94b691ddb","0a057a64-aa15-4882-9c03-750a44590e22"
"f3b09018-fa9a-467b-b952-a96510255aa6","d86bf6d9-4fb3-4163-bbcd-d813c7d735f0","0151d0d5-d4fc-430e-af77-3be1efdc8b81"
"f52a5037-2c76-480f-bc94-5553946760ed","d08eac03-dfda-4ba9-a179-e168644bb220","095cd04d-ed85-4c67-b6c6-39cb756360d7"
"f622fd41-4cb1-4ed9-9137-c88b9f447535","2cf5f077-1aef-4a65-b02b-4e481133c885","0215b73f-2ac8-43be-82d6-41a782800616"
"f6d6a4b2-711c-4536-a526-892e661772cb","238ae288-36bb-4d37-b425-a3ad3ac97d88","081b4b1b-4a6a-4821-8bdc-bc57db69baa3"
"f7a91b12-2a61-412c-a772-5a9f8bb6080a","898960fe-1334-4002-bfd3-46404d30d6f5","09e975ef-14fd-4dc9-9a75-b558a30de2e2"
"f7e34b80-10ff-4608-a356-efa7c1b8c02b","6463b29f-0bfd-4cb4-a553-399e8886d01b","0077ccde-7c95-4ca6-867d-5fb97f3bb82e"
"fa19cb88-105a-4e26-abf8-5f0d61f3fa20","07a60a01-5f3e-4cca-a655-40a0273e65ca","033f2c0c-ebfb-4cdf-8a73-28925b5a58f1"
"fac4a704-6a46-4793-ac45-249610223d05","773b101f-21c6-44c0-8922-1cdf006e7ebf","018876ff-254d-4e04-83a0-5f37de995943"
"faea540d-df70-4d27-9cc1-2ef5d31c8c2e","a627f3d2-e064-478c-aad8-e8993b56e378","0a73c6eb-bf5e-4776-9b9f-61314e1541c5"
"fb7ac80e-b18d-48aa-a583-740cfc77781c","69ebc4ae-3f5c-4f67-8daa-bcafefcb74c0","0a3f4cb8-fbf6-4753-a098-c25c85030921"
"fb821259-1b26-430d-9909-9aa8ec8d1905","b7e1c291-3d59-4cab-b31e-d540d9e564d3","07f7e85a-5752-46eb-a5a4-6147960ba5df"
"fe3809f0-ec5f-486e-91f3-c7fa5a4f4e8e","e8650886-5387-4f62-8ffd-d5a10c9d43eb","07cfd9e9-00eb-4bb0-9f54-5088a1ee65fb"
"dae289e2-613c-4903-a6e7-ba0568e7090d","0f8c0f0f-9dc4-4748-b35d-462879e23f5e","04c05dfc-5b49-4c8f-927e-d7091042134e"
"e01ef54c-a5ca-4e2d-a863-bc36274dc2a9","a3549fb6-4351-47be-b9d6-15f058e3a226","0243807c-727c-45d2-accf-f57f0a12ec3b"
"e18badcd-87c0-438c-829a-db9b68efb753","bc0c424e-36db-46da-9755-23d79d1f3db1","09066eda-230e-478d-bfcb-bef3ba17f52d"
"e1ce9ee3-7637-4462-8baa-73a693a090b9","fecf283b-f307-415f-bfc6-cbd8abd5ba0e","01b97d98-0d19-4232-b7ca-7483158921bf"
"e2301389-203d-449c-94e6-31c5e1459bc8","71b7621a-03bc-4e41-bc27-aaacbc163db0","007f770f-51c3-46c3-8f52-2664d0b9988c"
"e3ededdb-3cbf-416e-9651-29797cf4eb66","ec3f5ccd-46c6-4757-8159-bc4d5d65aa08","081b4b1b-4a6a-4821-8bdc-bc57db69baa3"
"e5574901-c923-4095-8e93-5641b43d4446","3e4cb6e4-0b83-4cb3-8827-28711fb27d3a","004bd300-da9f-464c-bf43-fc50ce0f125b"
"e5603a34-9806-4f91-8223-434fdbf14086","569c67ec-a37c-4152-8ca3-8fd091bf7380","01ef0fb3-12a4-4ef1-a64b-328e55254bcc"
"e9a7584d-e284-4e6b-9f20-2a77f8a5d6b3","504fec40-df83-423b-bb16-cfcde6f420de","02d10155-7cb0-4b88-9013-e058827ee0b0"
"ebf477a7-5730-4ddc-a80e-c71bb2e323f6","8d6aa540-3261-42b8-a8f8-07890f12f357","05ef3121-8f75-40b2-8ed5-eb6b5775d26f"
"ecc90cf0-3e06-4ba7-96ad-3430c35100b4","715aa731-fa72-442a-bb03-546f6174fc66","08924582-8d37-4de0-9cac-dfc16c4af938"
"f0a1de0b-fd34-4364-b4bf-e5ad91b14bea","3ed2b080-15d1-4f71-aca4-4a91d1f497ec","07c7b65b-bd0f-46ec-9291-053f7e8a22e3"
"f15786de-d1a6-43f2-ac4f-6babb6df2a7f","3a59ee4b-24cd-4a8b-bf2b-0803101813c2","0727413b-b7d3-4ba3-858d-d386f6bf8246"
"f3970b6c-e038-4221-94c0-cf9d04bd12bf","cfc8c51b-0d2d-4849-952f-72d97a5c293d","06b70c62-8a48-4597-bd2f-bdff515cada5"
"f4652e32-8f69-41fe-97e5-e964ca546cc8","82262217-1af0-44ed-bf3d-3b2183870a9d","04291a09-8794-40b8-a148-d4ae5ce6543d"
"f548bfa4-34a6-40e4-956b-753284330ce5","dca5beae-feb8-4986-9018-66927d2b4c61","0879d548-de44-4bb4-9f68-b73f8b4b56f7"
"f56667eb-939d-4653-be67-fe2a06a17efa","772ecaba-a40f-4327-8e13-cae412b0ef19","0215fc7f-a2de-423c-93ad-bc0f1f55cd99"
"f5e4b449-0b91-42a5-888d-f9d139323ee9","10b4ee8f-4c4a-4339-b302-dca8aa7a2dd2","0a2263af-b9fe-4e17-a486-5115e6188087"
"f63fa160-ce1e-4400-9bea-4c8262bb08e7","5bf0b6f9-f27d-459f-8077-d284c4a51091","09066eda-230e-478d-bfcb-bef3ba17f52d"
"f6468b64-024d-47d4-ada8-d2c57de2c6f8","53b8bdca-3539-4ea1-bbb4-d0f32b51cb17","06fd8ea8-f514-4366-904c-030f16163081"
"f6a6b32d-e073-40c3-b22e-ea1d43a1a3c1","fe9506cc-db28-4480-ba8e-98d61d419ff6","0a6dd7a2-deea-4970-8ad0-7a04ae0a434d"
"f79fe488-69eb-4395-8ec6-fcd73e838be8","e290243f-e955-4963-a20e-4aca30f90a4f","0af5eaea-3b52-40bd-860a-fed53404f5fb"
"f7d35b36-7b2f-4a10-b1d6-8d50265c58dd","e9ea6651-f28e-4f85-92b6-b15584b6a370","07d2064b-d068-4779-a9dd-e79643b6e1db"
"f8db09c0-4822-4bce-bf5a-911d5960fa5f","314f147c-9b02-421f-abdb-8e81c68e1843","08590d72-4c35-4d9c-955f-ea0c80c98061"
"fa3587de-2fe8-4fd8-8ae6-6df17bc728fe","776fc8ac-4d45-46c9-bf87-294f0eea71c6","000877d0-b6c5-498b-9106-b4481e48c412"
"fa8e4804-78b5-4781-9b76-9e4d61c91586","7a67d2fc-f016-4cd1-8ec3-e3a1677286e7","07ccbd82-2bcd-44e9-aa97-fdfd87bedb6f"
"fadd74ae-b3d5-461a-b119-6ce44037a7db","0ae6ff1b-ccff-4f30-ac57-8da7b1206c26","02a2dc73-daf7-484b-a545-a22fbde2c6bc"
"fb369c0e-d220-46cc-b479-c2a5a27717a0","db9875ef-dea9-4742-bee0-239e45e4fa49","09a10f4c-b041-4e1d-9bee-6582f760d246"
"981bba41-5b78-44d7-98f9-17154ed6d80f","528cc8e3-8d51-45f2-8d51-7de22fbcfa62","02ef1565-3ef7-41b0-8059-544ab1750373"
"98217961-ff29-4f5f-9d11-5b9b7dd111c4","bdcca2ae-1ce8-4ce0-a7e5-3f57776757f2","02982f1f-5777-4cdf-a30f-37aa1e09d10d"
"98c784d3-41a2-4401-b3ef-8ab7f7d305a6","188685c0-9742-4e53-9afa-3b26bda17bd0","03888b14-c115-4c13-a350-feac6517f301"
"9a3f1007-0665-481e-83cf-39e798c55823","b8fb05fb-5feb-44c6-8578-498148788e42","00560d38-8f67-4c2e-98c0-a9a7394f4cc8"
"a061d3c6-4c9e-4636-bda5-764ee5eedb74","b96add11-146b-42c4-aadf-701bef6cd099","04dcc20a-bfd1-4a25-a69e-e1992c882ecd"
"a083128d-24e9-412e-b60c-eb8cc4ee242e","08343855-b410-4e65-a407-e3634e288992","05f1ed5b-59df-4821-8a00-1afe5b0c5671"
"a171126f-2dff-4826-859d-02a88aada560","5ac50a7b-ab18-4851-85fe-027a3ae8236b","04d0de5e-f017-4f8c-912a-62744adcdc4d"
"a1718ad7-3b14-4d50-835a-21499c08ecc8","3981a2eb-db99-48cf-83de-bf4e888fea39","02c933ed-93e1-4b42-8768-a578f41694ba"
"a2b1b406-aacc-4464-a3b6-745f0ff1f8f8","e493597c-9926-4a46-9336-ec8a28abe0cf","037a4288-1863-497a-b9bd-87f215b2d24c"
"a2fefd12-6b66-4605-acb0-ebb6188ebeda","9d19ae32-75f5-4163-9f82-1495520c343a","0286820c-7d8e-44a5-98c5-8ffa27e7db92"
"a378ac95-8f60-4987-b5ba-7c77497bf9cc","a039cb12-690f-4204-b08b-8b1353ae25c2","06d5fb71-65b8-4b77-ba1f-2006d1862da6"
"a7023776-9293-4b3d-b859-6f796b0dc316","9bba8985-a510-4a6c-8788-e46f08b273e1","0102f645-0665-4b29-83c7-88b5c9bce1c3"
"a7ba21c1-cdb1-4d74-98b0-5a3f28843256","300aa836-0eeb-4102-bbb3-e4fd40635829","06781022-81ec-4d12-9a08-b85137ca6764"
"a8b6c350-efd9-4ea9-ad4b-db1353d0001b","37da64db-90c3-45e8-9eef-0f7ce63a73b2","077cd544-94b3-4c4d-89a9-bd9c44526c16"
"a904a518-e5e8-4843-8f87-d44bd8598fde","2ed9f574-92e5-40d4-8d0a-9b04c9779c52","00f8f5cb-2185-46e0-8652-29d7fc086b1a"
"a9102da5-7393-42c3-8e5b-4ab27ece5eaf","ee67a8eb-22a4-45bc-bb59-a3a84e5ef54d","051fcdca-cef2-44eb-b944-73437dddc4f0"
"aba603f7-8629-40e5-aba1-c9b5cdff9c29","1e45ba01-e193-43b3-8081-a2417a6df704","0578bc6b-5c2c-4f7b-9402-1dcdf80524a8"
"ac5a3cc2-058a-42a6-9cef-395d9ad15ad4","dbbcc377-7bb8-4043-9371-88b3d9c6275c","031112bf-db58-4aa9-8a8c-a984d965bffa"
"ad79a6b3-cd40-4994-9cf9-a7c3987fff65","e9f40a38-05d2-4718-a852-84ad9ce02784","06eb3659-8ead-47f7-aa16-6cefacbe76e1"
"adca8d53-e909-4313-94b7-6d3ff38b0b5c","0439b902-6154-45d2-ac5d-43d5cbfd7dae","07681e6c-5500-42f2-9ad8-18945e46b92a"
"b1726688-78f6-44b9-bb23-3cf385ebd9fc","02aaace2-cfdc-49a3-8db9-19fa05b66954","06d5fb71-65b8-4b77-ba1f-2006d1862da6"
"b3cff4b9-3fbd-4321-be5c-a46ede19b83a","205eb89c-62d5-4ebf-9bb9-7148969119d1","043bcffd-c9c8-4740-aada-1252fc109d04"
"b405ba17-826a-42ea-b593-d19feae899da","d10a4ad7-46eb-4918-bd6a-d0edb0f1931c","0276bf75-3e6f-4769-bb82-fcffc0952822"
"b4c9ef9e-ab7d-4124-9e7b-0cd8c4d9f456","de9015ff-33f0-4fbe-8012-8d8dd3491afb","06ea0bd8-d71f-4a0a-a777-6dd83c50b444"
"b60a212c-6790-4d1e-b8da-6dae21dd51af","49b8c08c-377c-4a86-afee-08a587badda6","06c2da0a-9a3e-4190-a4d6-ad4f52045737"
"b74a2644-31f5-4660-9f7a-814cca58dbba","54d64baa-c455-4da7-b956-12dcc3bd5d33","0431d694-4fb0-4781-9205-c6900f100690"
"bb34ec1a-2bb4-41bb-80e2-fc8c565f48d3","299393c8-c0c9-4175-ba43-111fc75fd6a7","0452c5a4-a775-411d-be66-898a524d04c2"
"bba3aa0a-2e85-4197-8dc4-b393a1a38408","59e7a31d-3d07-4c69-95cd-229958a503fc","03b9e1c1-19db-4e77-abae-12971ca69524"
"bd7e124f-cb03-4b94-9896-28edc6b5b039","28eb3483-efd3-444c-8a28-f67b8b4e3c35","05af15f1-238f-4c75-8695-e454bc7c40ed"
"c580d0d3-377c-42bd-8616-e75499e57ebb","c0a882e3-dec8-4088-91c5-4e55c54d2c24","00f7737e-ef6a-4009-997c-aa190c5e017e"
"c58bc4a6-a9ee-45f7-a7f1-3980b269b080","277f8da9-19ca-48b8-9f23-d82ae5f4b63e","02f8ac44-46d4-44aa-8444-b12e70f04e5d"
"cc2fc5d1-169a-471a-be6e-a230b89d914f","956b6e7b-c80d-45c6-93af-6cebb049d0d7","068a3a28-f263-4ad0-87c3-4f1b0f74fc95"
"cc73501f-cb58-4241-a0b8-eeec1573b11d","994c6e24-4f4c-47ad-9ca0-48c842715ed5","0387f162-818b-4017-b604-6af67988cd60"
"cd1a3578-125a-4044-a94b-f23d370217f8","2b741cce-7def-4926-bbd3-ff5c1befe709","070d0589-db26-4ebb-8a87-09c4e6d63116"
"ce50fc8c-f755-48d9-8d9f-d44e85bb7fa6","9fdfa9a8-d3eb-4068-91c9-65235e8c5278","004361d2-449f-4fa2-a6f1-df736cd16d87"
"d0d1196c-05fa-4e5b-bf51-7de1439c6f6c","49ce714e-d27f-4913-b6f8-3741fd18cf3e","01c99997-35a0-4eb4-8cb0-6b7e956f79ae"
"d0ebb45b-db22-401a-8674-6fad5b0efcf5","c9c41db4-4ca1-4f5e-a1b4-96dfd5119a07","0243f35a-c596-4334-8f97-fcb3df19d047"
"d1176b7c-fbe4-4381-ac0f-ff156a0bbf51","077e4dbc-a85f-4167-99fb-c6f522689365","02a7df2e-385a-4bc7-947f-83d6d69bc9cc"
"d1ad3ae5-a463-4dd7-85cc-e1dab9deb468","171c1d32-d420-4a15-aa4e-951fdf471703","0693cb13-2608-49d0-a01d-c4cb567dc05c"
"d33e4588-9391-42f0-884c-1a3dc9282f7b","eafeb933-99c4-453a-a3a2-61aabd0ee55c","051f2415-b381-42c7-b5f6-4c3ebe3521e0"
"d42f3675-5df7-4915-8d22-fb15c1b39132","121b124a-05e9-4421-ad6e-f0d332b0960e","01153f5b-f5e7-468a-ab09-62c26211d2db"
"d7114d7f-3813-47f7-9b8a-09010baf5f24","61d02ce4-81d2-4a3f-bcda-7e06a1865c96","057b0663-3daf-43c9-adbb-c0e0fd0e163c"
"d8884e79-cd82-4214-a37d-5b5562e9d432","f4cd1650-c385-4231-9c0d-796b645fa824","03372257-1f50-4a32-aef1-7e68fd22f3f8"
"d997a73a-93c1-4875-a2e8-dc5fdee33630","25c92615-f690-4d9a-ac0b-7b2f30bf5ac2","00d4c1d2-85bb-4a66-a458-222ed2a26fe9"
"dcec241f-b651-4e7e-b39c-2d4e5808a0c1","46d844ea-c78d-482b-8a9b-97450c5cd179","049d5055-a584-4c36-8ea5-ba8855bc25b5"
"e2384428-c419-4f75-b08b-d516e02c4e84","1fa6fa8b-9aa3-48a7-a637-811e24e5d50a","01c99997-35a0-4eb4-8cb0-6b7e956f79ae"
"e6a5e6da-053e-4674-8785-3b511c8ffdab","ecbaebdb-46aa-4201-8df8-9ed622092174","03ccf07d-c041-4976-ab24-86d6f739da5f"
"ecc1b078-0044-4ae5-91eb-8207c05c5375","9bfc459c-0252-44ee-a12b-fbdfff43915f","0109234f-ddf9-43af-9962-c24ebe7a13a3"
"ef4f9178-e8e8-4393-8b46-bfabd3ea3b77","ba0f9a41-e886-4893-8218-0711b8481478","03ff8f90-b8f8-4da3-9e38-a1416bbbacc0"
"efba9440-82d2-4b68-9f2e-f56fde6a2f94","daedf5ba-cba3-4028-b0f8-330643c7a6da","07e4ceaf-dbc5-4117-9988-173d0993d1f5"
"f125e344-0441-4a08-a029-b1c043a1c5a6","70b26241-5e9f-4713-9f29-b1be584db333","0540d260-b4b2-4bcd-871a-a1d5eaac4070"
"f17e4a29-8a09-45bf-a3e2-f0d593bcd446","709491d8-eb2f-438f-aa91-9bc26f91eb95","070c93c1-d7fa-4805-b985-9d444d3adf41"
"f2e086d8-452a-423a-b9ad-5e5359ac2c62","9c826ec5-68ed-4866-8335-cdc8d2655839","01b4b8c6-62df-4173-a51a-00e33a972284"
"f54a3bef-1147-44e1-9716-2b0dd2a92c3f","7219e127-21b3-4aaa-9b9a-391d55c73f5f","019d1259-8720-4f5f-8913-38c8a0dbe0f4"
"f8c1c5fc-f2ba-4955-b727-594591c37f9a","b647aa7a-4e69-4253-bfd5-64d65c97f8ae","0081b644-029e-4ede-8091-221a8642e1d5"
"f8f9b8e0-e570-4fa2-944f-5b0a880abb12","1434f5f5-d04b-4f94-93cb-a9d8c15ce98d","019d1259-8720-4f5f-8913-38c8a0dbe0f4"
"fced1be2-7bff-48a6-947c-913d84dac379","2517dd0c-fcc7-49d2-9354-a6ed71f79f85","03d4fb45-ed6b-4006-967b-53183234e3a2"
"e063ab73-cc88-4960-b3e4-eefd3f647a65","31efc11e-313f-4bdc-a115-514cddbfd1f9","0246e807-8924-4a9b-b07e-8ceb67c12896"
"e28d60bd-7bd8-44d7-acdd-a3d752c2c873","6680c714-2d85-4478-980c-9647046821df","05fd289b-998b-44c9-864b-df6a5f8c0b5b"
"e97ca45b-c50c-4e63-958b-fc5422b59ef3","7a45b1e2-981c-4ead-8baa-dd21c1c62f61","03b5c4dd-1f40-4173-89d2-83a2f3f8e98a"
"ea57ac7c-3426-45f7-81cc-d87635641564","b3ab5b04-bcba-49b5-bb6e-c8d7748373ce","06fbb109-c7bb-4189-8dd5-0450dcb4cda9"
"ebc40d4b-288f-4ba7-80dd-0285fdc717cd","0a82ecea-84a7-41fa-a558-3d0cfa32cadd","054c6ade-627b-4dae-89be-10ae47523e1a"
"ecfb2196-b84d-4ff7-b553-8fb5a7a43e08","d0f8188c-1b5c-4adf-942e-9d7ef8a3e6a0","07cbc3d5-c5bc-4df7-b18f-44e2f1ccedaf"
"ed4567cf-d0b2-40ca-838f-6d08ddfccf39","94a457b3-79af-4a41-a519-61719a10023a","0117ca0e-0aea-46d6-8dba-6cfd160aa9ac"
"ee31f72a-34b5-4741-bfe0-13ca90cf194a","2bb36e99-b545-4006-97e3-17a753e4a268","07542859-dc00-4a59-bd28-be05f5de1a65"
"fd9798dd-df03-499c-826f-8cfdfc43926c","19b897ff-40aa-4c2f-b46b-8d3a9d385c69","084853f9-ee33-4983-b0f7-cb57d2b28967"
"ffc07870-6400-4286-b00e-d41f62effa64","17de6700-ddab-4929-8368-2f2135b11a26","07461a26-c11d-477f-8b8b-9aa10f3edc67"
"d4411060-7226-4372-9b11-747374c22ee2","fdbfe8f6-91c9-40e6-a47d-ecc8989f8303","062f51bb-fbe6-4390-be7f-03614c60e2a8"
"d8e31fcf-f8a8-4a77-bf5b-c92068bf9930","9662a097-ace0-4d0d-a0d0-485cbfd90e64","09d68624-8449-4a4a-a4b3-dc1bbd55c19f"
"d96f694e-878c-4e2c-b638-d1ada48896b9","857a786e-e3e8-4ab7-9c33-d814fa79ce8f","050a4bcf-564f-4a2f-9671-b115e6b976a0"
"d989304b-2801-4050-93e8-aa48cc4cdbed","822dad19-5d19-4a9a-8165-e5aa96258e5d","013588b2-5aff-4925-9473-b8151d1f585a"
"dbdda53b-bee8-43bb-9a9e-d136b70da1c9","f85a82eb-4090-43c3-bfb2-48187804841f","03ed47bb-1128-4106-bf53-2d0693e80860"
"dc41e7e2-a6a6-4f05-9a90-0f01add967cc","b012c260-6a39-45bc-ad8e-1f0a69baffa9","050e39aa-29c2-4e55-a0d3-0bc07f0cb468"
"de9b83b2-416e-4a31-863f-d8e5f2d0a3b8","031c43ca-fbb8-4f50-a1e4-9b7588af9de9","06710ef4-643e-4df2-8ed9-2cee1332f997"
"deb2585a-de51-4968-9d5a-d5d9f91fb0a9","d3569525-797b-4255-bb54-9e04fde4df0d","05998bff-db5d-4d50-b521-e6f15dea2cc8"
"dfcff1bf-8152-4545-9d85-3e0ee929368c","36442c85-f106-4a23-ac4b-443b87998710","040df164-a4a5-441c-aa12-7b315446dd40"
"e02e6414-b58c-48ac-9fdf-5993bd341be4","a58a8033-7b08-4a05-9bff-834a627f4319","009e7f41-0a9a-4de4-8f80-74c50c87bc1a"
"e05401ca-8958-4e60-9c51-8e0c32ad37dd","e59e3541-0c39-421a-87e1-4c71b27a5d9d","0551cb24-eaf7-4435-83f7-383053953aaf"
"e3d1ab0f-0e8f-416a-8c63-7bdd2323094e","eb1dbed7-3026-460a-a005-ea88ffc5e59a","0ab04dd6-921f-4b8d-8a57-b3ce91121992"
"e5674c65-2898-4e42-97bc-dd7a54cae908","c7e24c5a-b8b3-42f4-9e86-e4336ccc9235","00235764-2d59-4ad7-b370-b454d9e5747d"
"e88561c8-26f7-480a-b3a7-4c85c67807e1","85514b82-9e5d-4f0e-9711-d23a909829e8","0057b5b0-0e4a-4682-a69a-a8ac8b916046"
"e90cc460-9345-4118-855f-b3beca72eacd","23a847d8-20df-4530-babd-852337aca106","01dd92e6-fd81-4bdf-95e7-50338ceacec9"
"ebe3ab17-8470-406e-8b02-da3fd96a85d5","04637d63-02d1-47f8-af1f-0773d4cd17dc","09758d87-f879-4625-801e-b7aa5eca8b3c"
"ee20f755-abc7-44fe-ad3b-b011db0d3a67","88defe77-e25a-421f-befd-3ce44b3eea4a","0a184b26-adcf-4e1f-aa8a-44d253dc3697"
"eea2e055-f22a-4534-81c8-84e436bff570","e17cca25-7911-4061-aa68-63d0aa72b0c8","030a5b78-b847-4120-acce-f7d1d6f0ae56"
"f0c87332-8e47-4508-b5d4-82295cdcaa77","077adfe7-6424-43e4-b3be-b9cdf5446297","005e2128-97cb-4930-9d3f-945cc2dede76"
"f0fc1846-1c9b-49dc-93f6-344ed1d537e2","64c9c075-43af-459e-a79a-bd826ea86ac2","046b3504-fe42-448a-99b9-6df1a72d0631"
"f123b4db-0944-4fcc-a43f-e1b3814ca114","7852185f-6824-4fd7-ab0c-80b5acb6ebb3","005422ea-635d-45ab-a6e0-39f1a33b00f4"
"f49fa3e8-b20e-4632-bee7-cfefb4bfcaf6","f68d0066-03d4-45ab-a370-ab4a47cdb001","043d80d6-d113-4dbc-8273-42c3ad6d4126"
"f66b18a0-012e-4d42-9e72-d5d371d0c415","b57b8138-8580-4b7d-8ef7-e433f3304792","02e156a1-1087-4388-8918-6a66de71941a"
"fbce0ccd-ef7e-4f32-82f1-33ac077f83a8","c645924b-9a53-4dc1-a3d2-5cd967fe1386","06e0320b-0379-40f7-8299-af26eef49031"
"fc6cab73-cb03-4b53-9e14-7e8324c696a8","11eea32a-bd50-4cf0-a8bf-f7eef5ec182c","03b2db21-1b98-4ab2-9043-507eb70664aa"
"feb90d8b-79c7-4a86-af4a-f161310dfbf8","726ee8fd-77e7-4c8f-9351-bd4756f8fe2f","08a1bd08-6660-4b24-9591-086c91ce0674"
"fed95b5b-e897-4bbb-adbf-35832d007257","b2ea4011-d45f-4b40-9ce1-fd016daf7d3f","08d8fb6b-c906-4d8d-983d-e1883ee20607"
"ff50ba24-4bb2-4bfe-9183-3fe4a395db71","8b7b367f-55cd-4189-8e3a-e72e817481cb","0a2f1df2-a426-43b2-8dd3-d17b49a3736d"
"ff7774bd-fa9d-4b19-85f7-405dc0467795","f75a9132-a9ca-402a-81f8-667aa7dfb911","0085a834-0c75-4f53-bb15-cca45c876da3"
"d375011d-e68b-42a0-97ff-be483c88de65","72231e45-ad43-4f72-ba8f-d03202c2bb0d","03bba6f5-baed-43b7-8440-bfce56ad9483"
"d3ae002c-9c93-4b17-821c-a256cc6062b7","2b0dce19-9abc-42f6-a17c-db29f1726a69","0663f344-d367-4a24-aecd-53890bdd20c2"
"d407e390-14c5-4f5a-9592-a9bec478fd29","e8dbefab-9e41-42c7-9e6c-cd11d382f6cf","09620434-e6b0-4e31-92fd-73ee9c9b054b"
"d49a11a3-53bb-432c-a9ee-782da8ef0d42","e3c9a446-5247-466c-89e8-c99e4e543abe","07e1f6da-82e6-42fb-8ed1-ea70814f4a1e"
"d49eb744-162a-4a49-9a08-1385aaec81bd","326a45a5-2efe-4cd8-bd39-0b3231e1a905","0241dfe4-8bdf-4355-85e5-6fb7b6a48697"
"d63bae21-7e88-4c77-92a2-edb85fe21502","04c18b13-fc18-4ae7-8d06-e0ccf67204db","071143f5-c25d-42c3-b73c-5818936449e6"
"d87f74a7-d504-423d-a060-dcacbabfad24","36a5234b-33b1-4402-ae6c-0a7a7831710e","062b2bac-7cdc-48ec-97a0-0c8fcdcdb09b"
"db19fcc0-6bbe-49d5-8442-6876fc88d4e0","ffceec92-fc06-4cda-bd50-0c6cefac1186","062b2bac-7cdc-48ec-97a0-0c8fcdcdb09b"
"dd6af406-ab99-4772-a9a9-fe6a1714e764","11bdb92e-72ec-47b8-9610-6fbe37aab0c8","04dbca14-5e4f-4885-8aa9-ae4deb69eed5"
"dee60cc3-80b0-4fc9-b8ec-349767458b22","0ab827fc-461e-4a06-889e-ced0e57a9721","053e65b4-4e0f-4540-9490-7adcd41c32d5"
"df4fce83-af8c-4b8d-b37f-8948f934812c","e409adb5-9720-476e-9855-309cac123b6c","06278991-b160-4d7f-88f0-2774d4d69a6a"
"dfe84c6d-3f55-4d06-a27b-dc29b6e7e57e","5611537c-76a6-4056-a15d-e175e74336b2","0ab38e76-8cc3-4aed-a768-80b9f20fbc17"
"e0a71ae6-a640-4bb5-909d-bbbe88695a41","164d40f1-9363-4517-9b88-77f840bdc84c","07cf783c-bf70-4ece-893a-b703d51720e9"
"e127f90f-440c-42b3-9b71-c09d22dd58b3","ebb733d9-11d9-47cf-8a74-525e6c69d88b","00b6452f-9cf5-4b13-af28-1552e4a1cf1f"
"e22d46af-3fa6-4dbd-97f0-4f59ef0eaca8","badd6b8d-202e-4a04-83de-a5a84c3dd620","09086238-2bc9-48c8-a9d5-95bdd256f1aa"
"e2fd5a5a-fa80-41ab-849f-6d1ede85dc85","f2391340-91e5-4fbe-a005-5a7fdb40892d","00f25f5d-eadf-45c1-b262-a018cd17472a"
"e304f720-09af-4794-8abc-224ea1d3aa82","57712cb0-546d-41d8-8deb-f5cf43a299c0","011c4aef-df73-41e2-887b-5873abf7bd4f"
"e455e4d9-e63b-47be-bb65-269160e7544a","a0b357e7-0783-432a-81ce-30c52f9c3177","023debc1-3bc4-475f-a07f-4e3c689bf0f5"
"e93622e6-da8b-448d-a77d-4c3f9a78579f","27e74c55-b24c-4976-b460-039cf319621b","08ce5dbd-eee5-4cef-8197-37c28924f646"
"e996f571-8114-4327-811d-38a7a90315e6","139538a1-5548-46e5-992e-f74ad1421538","00ec36c8-a181-4455-b3b7-99d880b3fe0a"
"ecc27856-4af3-4a6f-8ff0-b6338e0ae533","43feaa6d-9591-45e2-b3e1-7a227543e1ef","0a4ab25a-32c5-42c8-b238-f852609ad6d7"
"ed3e5f80-f63c-4bbf-925a-bd52cbe4d380","7697d0bc-8edb-419e-bd28-18443041a083","022a7589-3649-4362-9fe0-cf43449c2bd9"
"edab69cf-520b-4133-95eb-51495aaa2185","cda5b8e3-6456-4d55-b960-6ed9093934e8","05436394-a65c-4ffb-8453-0331ba7a1739"
"f1adc1c6-0dd4-4359-907a-00106edfd27c","a4c26200-e11a-44dd-a392-578bd358959f","096be869-cc43-4808-b941-ecb5f54dc49a"
"f345a19c-0f9d-4967-9c6a-279212527bac","9caccf26-ce16-488c-8e2f-306bcd2daf90","00c5f4b6-de0a-4566-b32e-ba7222f7c8ab"
"f46b6a0b-ec91-45ce-8b6a-e30df6534be3","3d77db15-100b-4b93-a92a-f2024fe10274","05af41fb-9dd4-4dc0-a6de-4be96564c48e"
"f7391221-1987-442c-b204-a082eea67e43","3a7c5fc3-9320-44ed-b796-56398db02064","0aa7f4c9-6215-4233-9f4f-c7a9e83b46e2"
"f9148349-0d65-40c1-8593-061a92e9e87f","8573e114-dbda-462f-b934-02b75cce9af2","0722f2c7-6019-4a64-a58f-e08921a9be44"
"fb564653-e5a3-4150-ae06-122055da27c8","3a881d7c-b945-49b3-b2bc-5cb6d52dbe33","0226ce88-a982-4928-bf82-52a131643fe4"
"fef6911e-d6ea-4403-a7e7-7bf8b0a9b74a","8a74eda9-b147-4822-885f-1ecadf586414","02512dc1-c397-4a2e-b775-b7c6e9576c0c"
"f019d0ec-636e-4e96-91e2-f8a8a9d92f5f","afd497d0-9e1a-470e-9740-90eb9bf848d7","07d253cc-e34e-4cfc-bd7e-952f7a265eda"
"f125b4eb-bf86-4e0c-8ae8-5a247940cc0c","d3ee837a-7de8-4eff-b8dd-96fd8dc3f70a","02d8d0b6-a806-4065-9251-d25371d91afc"
"f6651a33-47a8-4436-9fe2-4777c2bb49a6","612b5848-bf04-4ee1-8e5f-6bfb3aa1fbd8","04bb4552-d047-40ac-8fe6-c0785cce5294"
"f6994a12-11c3-4532-b0e9-a95cc562db0c","8a74eda9-b147-4822-885f-1ecadf586414","073b5f54-7536-4787-aad9-1a5160d04dd3"
"f866329a-7d74-4d40-9e16-1c5ca0d63662","edb587f7-4d36-458e-9cd2-52c354f4fe77","071823af-0df3-42c2-b8b3-6bfc5215d9a8"
"f8e48c5e-8f0f-4310-8574-27c4f93e7cab","5b72ec9b-ea90-4919-b879-3469c036a884","06f5d0ac-03c0-4d2d-a03a-9712412aeba6"
"faaeb6c2-0281-4bd3-bdf3-4a132470c4b4","e1a63b7e-cc9d-4d5e-be66-6d535fc61ccc","04b61947-961f-4746-b391-c5835c2e063b"
"fe04ccea-d8c1-4653-b078-fa6e22e6472d","8bac6330-e762-4b80-b4ec-bbbb7f2efc61","07738da2-9764-41e0-ba16-3cff4469c52d"
"e07add69-8375-4753-aba9-73f4ce3b4667","9486a349-696c-45d6-b3a1-73f24d12943f","03dd0469-ac9d-4905-a97b-290a28f0277b"
"e1e55aae-94fc-4649-ac8b-6ff030600b80","9c597c27-f97f-49be-9c53-42310a15a563","046d962b-0c77-4613-bfad-7bdbeebb9c34"
"e400395a-9f91-4dcd-8361-a37c767bb098","aff97f85-21b1-4e9f-9e6e-4efe5d4006b8","0c98a760-b9dc-404d-987c-dc744c8c4b89"
"e6261024-f8d8-49e0-b2de-6b054776f1b1","ba89c74e-7632-4844-a2b7-4630a40493f8","00e24984-5a69-41eb-985d-4093f0e1f950"
"ea6ba902-1cd8-48db-83ec-4ba54736a6b9","5cf5ea20-632e-411e-945a-99320ffdced8","0d49bff0-c657-44af-853f-750b3ac5ad9a"
"eb9e066f-05f5-4376-a3e1-cbf080e04498","0c1f1208-235d-40bc-82c6-ed06f85e94b7","0c1f41d9-5029-47c4-b400-3b289bca1985"
"ebb78b70-d447-4e7b-aa81-c6fa3803aff3","84b89c46-ade4-40f7-bb03-5ed29bd428cd","07215193-ccb0-4f3a-85ac-c32ac6573300"
"ee83ec8e-53f7-415e-ad94-bd92caf6b0f9","7316b960-00ca-487e-91a7-cd09d5c1aa63","0450fe55-9596-49c2-b97c-9fb0c11e2322"
"ef024c09-cafe-4541-b9b1-3342faf21cd4","3c479b6b-67a9-4825-95bd-35b424c48530","0b400e1b-9563-4418-a00a-1dcc640bcaf3"
"ef4af318-e156-411b-804b-5b5045291ba9","1493d2c6-44fa-4cd5-b18a-f23b8c4bd7ac","0cd0f8f6-31aa-408d-97de-069df82b9201"
"f06966ef-ac32-4a29-8e6d-839bcd1cdcb9","2e0714a1-0b42-44d3-b829-0b7a19b58584","00e24984-5a69-41eb-985d-4093f0e1f950"
"f0b01ac9-f4cb-408d-af16-5c2f23ba4a90","0b47902b-5307-4686-b41e-f4051c196d3a","0b1b101d-e653-4673-be0d-6279746d4895"
"f4173552-badd-46dc-aa43-959b80dcdc2a","708a74cb-8f72-43a7-8502-772375f4c7a8","0075f2a4-67f5-47c0-b98b-5477ca91ea70"
"f41adc7a-e392-43a6-a3d9-623e7957e93f","fb658240-7b96-4f46-90bd-d3f14897fda8","095f8140-f532-4021-b60e-846beb8276ab"
"f598b1cd-29cf-46f6-b319-135b54b2d587","3b55a81a-2005-4feb-aac4-6b843f5059eb","01027304-0543-49d9-955f-0f0553c56aa4"
"f7b09cc6-5f41-41af-a31a-94ca5dbbe711","c5914dc6-f85f-44c0-98ee-faff3690460f","0cfe7cb1-dbd9-44ce-8ef4-d70e8ed76f95"
"f86855d9-c801-4383-8dfb-e9bededbc22a","90f81705-9643-4322-bd05-b827ff396f02","05e0770e-0540-4d9e-a719-d0a483370336"
"f86ed29e-fad1-4eeb-8167-06f97ad74a2a","0530fe99-8b1c-4f40-af40-37c1c9c0c7ae","06fc00c7-ca74-4ceb-a96f-65c14df39065"
"f97e81c1-347d-4263-8dff-92c59e4e2c7d","3f0db764-d96d-4119-b39b-756defeebc7a","0c76d6e4-8ca0-4ff8-b2a1-55deae86e38e"
"f994ea85-542b-4c17-9e1a-f29d84db43ec","23f6f8b9-6e10-4ce5-b72c-62cb71332e6d","099af3b1-2c7f-4413-94c3-fc82e29b1223"
"f9d441c1-6ba7-4dd8-9edd-ef65e87430e3","3c74e0a0-e04a-446a-aa86-96ea76068f34","0c8bcb9f-f962-4f77-bc09-4743e578e701"
"fbdc3b9c-974d-4017-8cdf-22ba6c13cdfa","54869c87-b5fd-42a3-97cc-618da12e6d00","01518c30-0542-4ac4-bc9f-50d969721ba2"
"fc3e77d2-bf6f-4ed6-9c73-b6a49666d311","e9ea6651-f28e-4f85-92b6-b15584b6a370","0b49dfc7-04a1-4b28-a443-920bd0a86c96"
"fc5fd46b-7bb1-4bd3-8fab-54352c4054a4","30fa6b25-c988-4b63-978e-ab4e8ec4c147","0a383bc3-fcf1-4cd1-ade3-f253158f4267"
"fe7c6b0f-29d0-4777-bea7-16a2ef903fbc","0d9ae52b-b979-4871-8420-91a25a7c5169","054398ca-88d2-4c3a-8282-ff5612270fd3"
"cb7d6445-acf9-4c6e-8df3-5bdb9a616331","1e2ae58d-7a9f-4451-bbae-81b16a38bfd5","02980879-8941-4d28-863e-6a06542f030b"
"cd4004c2-db43-4b28-8482-9d5b47c37c0f","2c80a7c3-875e-44ec-bffd-79d4c95406ec","04a28954-d0a6-4c86-a3e9-4ee625abae99"
"cefa0a06-80f1-4aed-911a-59e0a7e56ff3","bf3043ee-a71a-47a8-9e0b-2c8041ffca0a","096b723e-57a0-4eac-b948-4d4da2c9e8fd"
"d29fd970-3a2d-4fad-aaca-717077d20cf7","d7fcae63-33e1-4162-80f1-99e199a46a3b","0a162a8b-476e-494b-acab-9b97364cee46"
"d3124da8-aabc-4442-87ba-62d42fbdb215","d6b9b9f9-68eb-43ab-8887-bb586d9c7204","09900b69-7132-4bc8-a7bf-00eb273a3c5f"
"d324743c-26ef-4128-b91d-34698e62db00","7523ddb3-a352-4932-99a9-a100f2c6fa3e","0314c21e-8a9b-45ed-a058-e073eeb68e89"
"d6cda8ca-833a-4b1f-8ac6-2351679f055b","7db288a0-192f-446c-824e-884967b29809","008b47fc-9b89-44bc-8813-063b0c8be242"
"d8361b5e-87e7-40b1-8226-a92f89982c23","00f846ad-93c9-453c-bfa7-27624e224141","0424deca-8f83-40bf-9f5f-2bcb06dd3b41"
"d9ad77f1-6041-4611-9926-3a0460ce1266","8e4aa10c-8181-430d-a489-351025331a49","0c8ab908-1f63-4b28-88fc-637c2a30c46d"
"da00b7c3-16a0-4896-961f-5c448012bf9b","766f19da-ed27-4280-af66-41ac1383fff6","0696a6bc-2cdd-497f-b46b-d29372eb5159"
"da6220ec-7c80-455c-81b5-b97f6891d6c7","c3db8e07-0232-4df6-9029-dc16110d8988","071ff913-bf2c-4a84-83a4-73ec0b4a73e0"
"daeb3555-dcbb-4a18-92ac-11d1d7aa8640","515bead0-2dca-4beb-9de6-373920a20063","048e23a4-f166-4d79-abfc-a8ef0577444d"
"dc09ba0a-804b-41d6-9236-c51a565ca0a2","482f3737-e26a-477e-949e-012568f18913","0599acaa-84d5-4a1a-bd37-12d5c0620ef7"
"dd365317-96f6-44c0-b393-283b4960daa7","5c82eef6-8083-4c01-9071-b52a18d22777","0aacbb81-bda4-4f4a-9e90-e491099335d5"
"de3c1436-3dd4-4fca-af91-5ca6c522bb14","55d04339-544b-4972-806b-3bbc94a83229","00f295ea-7a1e-4ce5-b829-2fce07bb06a7"
"e3a41a15-5370-48f7-bb8b-1cf8bb80d756","479fa491-882c-4a12-b885-030d7d26ed5a","04db05d6-5c81-44e3-a7ae-5ad039c6e908"
"e5f0ef04-050d-4e0b-9d89-35b1deb2e2f4","2e2caea1-ba82-4da4-8ef6-f22d6bbcdb71","051fc3bd-df55-4784-a581-19b5afac35ea"
"e63ea3dc-57eb-4b72-a1b1-d83e4f2cb77d","a0711c16-501d-401a-b037-5baa7988a5c6","0058c2e4-3fe2-46cd-b656-a8591c15a859"
"e66a047f-cc04-4889-a8e2-98ce56db11e0","db3bcd5d-b28c-4826-bd09-c109fea25f7d","0a0f9c15-0952-4d89-8888-6b083cbd361c"
"e698e083-fcaf-48cd-a679-c69d2efa6440","eb4c4cf1-031c-4d28-b9c0-ca92aa49b741","0599acaa-84d5-4a1a-bd37-12d5c0620ef7"
"e79d53d1-34ef-416f-9637-75d192e1f2bc","985a5ec5-db44-4554-87bd-951e66e581ef","00c4bb8a-5f4c-4d97-abdb-6b5570233f1f"
"e7b3a485-2b97-421c-86d6-0ba0bcd74fe4","33343a7e-17f0-417b-9e6a-e323e015c4d2","0529bd46-aefe-4bd3-bab8-99827e316555"
"e7ccdf59-9ee2-41c7-858d-5a7266b5eeb0","c004ce5f-ba39-4f7e-ac21-f33a61cf520b","0d6f34e4-744f-46fd-b9f8-b740c707b54a"
"ec3aeb7d-f5c0-4f35-92cb-63155d5ad922","2910d80d-8fa8-4625-aa8f-55e2e80edf57","0a3d442f-b1de-4984-8f3d-841b98672ece"
"eca51c1f-33f2-4347-bd7d-acb85382f1d0","1c8d239d-1a3b-44df-b94c-2a3a4c1ceb46","09092bfd-63e1-41d2-8f13-712c1dd937c7"
"ed05f882-3049-430c-a9bc-c6fc0f1b9351","24326ce4-4448-4afe-b34a-41fbf65489af","076f6901-4c15-4894-aad2-37751467403a"
"eeae2204-f61d-46f8-86ac-9bd6d3a4f093","de97c855-edd9-4969-bcdb-b874d60d1ec9","05bb60c9-d3cd-42cb-a34c-f349b6b6c6c0"
"efd039ca-b39c-49ad-b331-aee0cec02e0f","1965e1a1-39f0-4679-8927-49f65fb7ae48","01a04aa1-4145-4d5d-832c-bd4cf7fb1378"
"f0ff1de3-a5be-458e-8bd9-d674c5c97e16","512d89c5-669e-4807-87b6-754088bee965","0a274396-4fdf-4c56-8cd6-e5152777a6fc"
"f55c362c-a1c4-4f7a-863d-c426bedf4f16","5fd6c18e-ffbc-4f42-a247-77a03ee40e4c","0addbee2-b0ec-414c-a9d8-babe28115c9d"
"f76da383-b2b5-42f3-b6b8-f4a2ef30ad41","68d1639a-6939-4f2c-a7aa-f3755ae7492f","063e1a4e-0613-4540-a4fd-db42af3399fc"
"f7bb82a2-c14c-4979-a58a-37f3c34217a1","3e12e40b-058d-4140-a3b5-6e655f992349","07fccbc4-11b9-4556-9259-a49e7843ec50"
"f7f0724e-a762-4c5f-b97f-00e596560e30","56734ac6-7d21-4037-beed-27c9b13c34d7","093990ae-626a-41e6-bdda-4dc90bf26e5b"
"f8a5b162-49f1-477d-ba00-203c33cae662","228b48ac-0ba3-47f8-a5b7-dfb2e9996660","0512bc8e-010c-41c2-80fa-e03e80905b40"
"fa3c7419-e80e-454e-8dca-eb12688d922f","e0f3a4c2-c1f0-4e97-a813-5eaa5924b125","0ba0c8e4-1145-4200-b108-1300c158ed69"
"fb082e6c-f1d9-4753-a25a-15c49ad48011","1416e104-212c-4379-bdb6-631c05beb9a7","04ee9a0e-ad15-41d0-b45b-ffef74a8c58b"
"fbf888f4-51a3-468c-b0ff-947d1e8ade79","9b3d07a7-2d01-4ebb-8853-65149576bc4c","0d594962-d096-49e1-9814-dfd0d1875b16"
"fe0ef91a-d179-416e-8fed-db4682f96f4e","4f603a8d-052c-4b77-9a09-a30ed9bf47ce","038a9cbf-863f-4aad-a444-87a7426c64fe"
"fe800797-4b6c-408a-a165-d820e8b72f8e","334e1d2b-d4bc-4628-89f3-4a78a083cc88","053ba2b7-8ea7-4495-a69d-f07787ee6f4c"
"d6bb03ce-e395-4fcf-a829-176e1588b7c0","ddd42a94-c850-41b9-8b5c-36993587b9d3","006f8dfc-423e-43f9-90a4-fc23b24f6eed"
"d874ccc0-1b0f-4937-bfd3-598f694fbe4a","7aa7bed7-373e-48f2-a605-792d61934c13","08d84f29-e4c0-4ac3-a35a-817d5fbe967f"
"dbb4eadf-bd27-4f41-bb6b-2f59a39ec729","0f3ef7ad-c90b-4222-a951-b5fb01383c5a","00af827a-c5cd-4069-b435-14ef67b74ee9"
"dd72b99d-5ee0-4c8f-9a45-9d61cd7e24ce","5861f9ec-3ad1-4e8c-ab67-cacfd7896bed","04e60639-6807-4e02-adc7-2482d1608a74"
"dd94752a-c941-40a5-b064-a6e426cb0261","d80f7175-ca34-46fb-9a01-dc10ec1bf4ef","02f4ef41-1eaa-45a3-b3a6-0ca098c97c49"
"de5ee431-4a01-413d-a072-df93b66fec82","b0a456ca-eb3c-4529-aa04-5f2239e0dce4","066e6443-868b-4b9e-9fb0-ef1dfa67400c"
"de9e56b3-b538-4c16-8840-bb42547bb182","917b0782-dff9-4021-9e17-11ebef773443","051f6f2a-dc71-4fef-847d-59362a2c867e"
"df157e2d-937b-44e0-bd74-8c72f5b6252c","3b14eea0-2d5b-40db-aeaa-002c7aae0a51","0049ee14-53b3-4ce5-b154-c902ca9a160b"
"df25aaa5-1bae-4ed2-b92d-85dd1d00ed61","5ede8ee5-15c1-490b-b99c-7e9c589d3851","0198d134-18b7-451d-8d76-63a3009ab86e"
"df3be99a-bc04-4018-855b-d176b579d03a","5c047ccf-aa21-4c39-87ae-07a659cd5487","079fafec-ecc2-4770-96c7-ccaff86e35a7"
"e368e0b7-d77a-4f22-a2a9-1ba9f30442ea","b482ed2a-bc66-4176-825d-5d0db8ff2e5d","0d20d126-a9f4-4f2a-9afd-db1030fa8db9"
"e479522f-1da5-445e-9441-61848490e191","929be6b5-65e4-41ee-b575-eb6ab570ef1a","00624160-eb45-4094-baad-c39889447a04"
"e4aa1b04-d7b5-4b99-b899-804e76508292","3da6f10b-878a-473f-8c45-911cc68fa029","047ff6e3-3810-448f-979d-41b60c06d734"
"e4d7637a-703f-416d-9d89-43c0d1629da3","e8b0bf40-6723-4edf-9692-503c47c491ec","00349cd8-3bc1-444f-ad09-bebafef5d656"
"e52e1d36-4c9c-42b3-9e59-32e24bbad611","1523946d-01d6-4145-86f2-ab9b9073b999","041f9fcc-2d82-4140-a990-8e2d23064b69"
"e67a305c-39cc-4b6b-b700-847830bc7130","36aac121-126f-4f62-86ce-12e5fd019a84","056fd1c8-8f2e-4b8b-b582-d9c54387a53f"
"e8f22ed9-5a93-4115-a8e3-36317bdc3c06","57f6d0a7-1750-4d8e-b5d7-498e7ee27146","02684fe7-37f6-4120-83bc-2962046291a1"
"ea42ae9e-590e-4ad2-88b4-542dd64fdeb3","42537f98-1a19-44ef-95cc-c38d726ffd55","06b9e95c-b34e-4cf1-ad6b-41edd2c1d21c"
"eb7db796-b1e7-4a1d-9911-ff705b16dd2f","aa10d415-8e96-4d0d-a55c-0b8d1b40cff2","06e5dbb9-8817-422c-84f6-e349e28f1b3d"
"ecc1c572-ce0d-4ca9-919a-dc039c52f2ef","0594db95-affb-479b-b1f4-5364d032d0de","00feba09-6a98-4e90-94a4-4f9b49eb8c1b"
"ed3b1221-0ea1-4f81-86b5-19924fc09bbf","43b0515d-b54a-4a65-86ad-822f695e5d27","03ee1ee1-fd76-4da4-834e-ad02e2f90b79"
"efa7e2ad-9288-4603-aee9-71db467522aa","7d40d4cb-8502-4b0b-8e99-2799c33b7890","0860a2b0-b396-421f-b2cb-8fdb388e3c4f"
"f01ada3f-a6a5-4827-ae79-b1bbfaf0a9c3","842e4503-71bf-41ba-9fc6-576f220cd4c9","0be66ce7-1722-4454-a361-605dab996af0"
"f07a3f90-8295-46c8-ad0b-74016c0acf19","fe20fa0d-506d-4f7c-8f43-ad9faccfb3c7","03ef2566-d263-435b-8e33-e3b58798c2e4"
"f48d24e5-e7e9-45af-b2fc-7440327adc74","d51ebaa9-29c9-4cbe-981d-c30d35b1ec00","0d85e769-04c0-4746-b9ff-2841f9f03122"
"f4f38c9c-0a05-483c-8428-32d314a9bb54","d88478c9-ae8f-436c-9596-43a28f6d000d","0ab42c8f-18cb-419e-bffa-8a89a04c7900"
"f72e96a1-f759-49ae-8409-d6706c9b1b1a","a87bdf4f-6a86-4b1c-8df5-c4bdb37892f6","00673df3-b057-4ad8-8bda-234e85fede82"
"f7c2c700-bfa0-4633-9f1b-ffee0ed39805","3e15c0af-50f9-4f9d-ae74-7b5d25014133","0d26bc0c-ff46-4dd1-aa9a-db80127bc77a"
"f7fbca4a-010c-440d-9bee-eec13eeb1680","4ed3f92b-161f-4450-beed-6d44d729fdbf","0860a2b0-b396-421f-b2cb-8fdb388e3c4f"
"f8aa6759-637c-41bd-bab8-64f1f7d5a90b","5b8ef8af-01d0-4b6a-8080-c3353acf95c9","0c0c7bc2-c24e-44d7-a968-7d3133906402"
"f9213cc0-2bab-451a-a43d-71734c5c571a","e6913216-7384-4ef7-940f-67d6fc1d9d62","00da4b2c-0955-4087-ad7f-8cffeaa26197"
"faf09379-73a4-4a56-93b2-434a40c2f12f","b833743a-854d-4dba-bba5-221c758864ff","0ab88e91-6148-4590-856b-23ca9c63ad84"
"fc3743d8-fde2-4de0-86af-12bb41d70ce9","76fea11d-54ee-422b-826e-6f52dc4b4541","00b861ad-f968-491c-946c-f5979c191a16"
"fd083600-9f8d-47a1-a162-489ac76154fd","25bbd283-7011-4f2d-8114-2faf660e1594","05289005-a354-470d-851f-d2dbb29c0c9e"
"fd5bf5fe-3354-4de2-bf33-992984cd6d18","ad3716b3-0491-458e-bfd9-db0a734dfa1c","04457907-ce24-4043-812a-9e2c698f62c0"
"fd910d35-5331-42c2-83fe-e8ed1a0c86ba","660359c9-26dd-4b29-b9fd-90e33062a6f7","05baf2f0-492b-46f7-ba8a-a7c3b783396c"
"fe4ba043-f9dd-4fcc-a8e1-703598c81f12","44d2fc1c-129f-442c-8892-34bafc264269","0a57c94e-91e8-404e-9d92-dd651564963c"
"ffa4a749-ec16-4b5f-87e3-f8e3c6690ccd","c75ff27f-05c8-41ce-82a7-0ef816ae8d73","0820da7b-5f2d-4d35-849d-915f66717b88"
"ffd1ed02-8e95-4f74-ba13-0034bf045bb5","952c1b34-91b7-4483-be49-67b3a4761072","0c64dad3-136e-48c9-bed7-f05f32224b1f"
"d4a94cb9-ffb5-408b-87d8-59afee8b8020","6bc60eba-1dd9-40a3-bba3-07207867dd14","05febc88-ca0d-462a-9687-da2517189f3e"
"d4d1115d-f16d-4811-b8af-96249e146840","7ba39129-b191-403b-b7f6-2d1525837c4b","0441e1ed-ee65-4e89-aa83-5fc5f973473c"
"d50404ee-d9ca-4c72-8568-49ee2038ba26","73d09ba7-ac78-487f-a890-a834d4c9c84f","08899c08-ec2a-4344-9b87-c80ebd9728af"
"d60f4703-bf2e-4309-9192-0c5242a4bcfc","550276eb-bf70-4557-b00b-f16085f500df","0552ac5f-819b-417a-a3e1-8fe868e8bb83"
"d6b8f6f9-3e95-4f36-a81d-53f5d17a35d4","26e688f2-bf11-4095-9ee6-d2ef2e4756f3","079fafec-ecc2-4770-96c7-ccaff86e35a7"
"d6da4719-e5d2-4919-aab6-4b3459ef21ff","6b7b6c70-2eea-4d79-8a3a-214c683f2773","06b9e95c-b34e-4cf1-ad6b-41edd2c1d21c"
"d90eebf0-c3d8-499b-8506-a41f8e4814e2","68b823f6-cfde-4bbe-ac0c-02781fc56f03","03b7334c-f7c7-4c95-8125-d4a6538fd91a"
"d913b808-b99c-4280-b00a-6a1afbef9a5f","e44cf12d-99f6-4549-8a95-87a0a6c1a011","00feba09-6a98-4e90-94a4-4f9b49eb8c1b"
"d9ca0b78-3db3-415d-8418-f0f48675f09c","02b16bc7-dc4e-4b90-bba6-25a5866edc6c","096b7c2d-038e-475c-a2c7-fa3cb724e999"
"dc7188e5-5b3d-4f80-af06-f3db69b4041f","6a7e68ff-ffca-4ce8-9ad3-38d9a3b0c5b5","033935ec-9196-4a15-be40-5f8f9902118c"
"dcfdb6f2-23a9-4bc0-83b9-1598506eca3e","89a356ac-3e89-41a8-9810-44a87c11e65f","0c4d8774-e613-4978-a533-424774cd7cde"
"dd497368-5b63-4b19-9a18-6c2a011ca896","5861a5a1-49de-43cc-90f7-ce0ba07a81d8","070f4de6-3728-4afd-bc94-bc4f5433d8f2"
"defa949f-e2cc-4ae6-9da7-a8e47bd40c12","270a2cb7-92a9-4ae9-a78d-68d4bc077df9","0274690b-e4a8-4e23-b428-f1239adb4ed5"
"df50875a-4830-446e-b457-32e2db0acf8c","8db2645e-76b7-40b9-9486-5e020505524d","04a7d5e1-2bc1-40ae-bcc1-8b4e1e04f4da"
"df652a14-ac07-4a95-8dbe-f1b1853962dd","bf65d496-fec1-435f-ac35-f1dd73cb9772","0d4ef1d0-3ce7-4247-a979-1dd5dade09c1"
"e1813f3d-b046-433f-aec8-1b2f9f4c1df7","e2ed8fcd-11bf-4ae9-b2f0-425569232084","01be6997-9a76-4e92-b9f4-885ad9fbec3c"
"e1d969a9-f623-410a-8716-64eddc8d8570","cc3fc313-7671-44b6-a186-ba56d82e7c6a","0899e56d-9cf9-4458-9050-ffde5752539d"
"e5cdc458-50d3-490d-a969-9f76fe10c2f0","bf0006c7-ab7f-4a57-90c4-937875772ff5","06993ea2-9b99-43b7-ab2b-a776c3227407"
"e65523d5-ae00-4710-9725-5c0d269a9656","d177233e-307b-41c2-8e2f-80763006c2a7","004c28e1-4053-4e1f-bbee-205a7c5dd421"
"e98e3a4a-3d9a-41e2-b3f6-b84fadb49a8d","f352c824-b1fa-4a87-9608-8586bb1695b2","0c4db8e4-6a31-486f-93ab-93fe3424da41"
"eab8b6fc-a16f-4cf5-85c5-e42f919f4ff5","ef48213b-6972-4fc2-886c-a5933fd7006f","04332a9b-5ce1-4551-b88a-fd9b23f59e67"
"eb2f26c6-f115-43d7-8808-2d99f0b0cb5e","2ced0748-14d2-4a2d-bdf4-6c0354c58547","0dd1cacd-d9be-4d8e-b219-4d0151ad913b"
"eb87bdb5-7d3f-40e9-be92-0a3ecd9537bd","7e133a87-bbb4-481a-8b38-83db32c5cb90","05941b17-14a9-43a7-b25f-c65eb6312ffd"
"ec016d0e-6b83-41bf-a5aa-7cca02cf96a0","f0099693-9245-40fb-9fbb-f1988c9236e8","01b06096-7fd5-418a-8ae8-6087442c00ae"
"ec75912b-b5a4-4cca-9209-f3440aa66543","14abb34c-8d18-4b8e-b63a-a7379271abf4","07865c35-0e70-46d1-b160-a83f65ede959"
"ed6a7472-ea0d-4f96-aa23-52d3926c20ff","cfb43acc-2c03-4582-a8b9-d18cfdb16dbd","06fcf47c-f1d2-435c-9c07-dca563a5ff79"
"f5514a8e-e419-4af9-8c8d-138bc65e55d6","51f9293b-fd58-4b29-a76c-3d3ec60bc6a1","00a1007b-7cde-45fc-afb8-101619c8d4f7"
"f56a66b7-51c4-43ff-90d9-6fac2846960f","ce0619e0-354b-4b48-9135-7881f245e02f","0a474758-40fd-4e92-9a17-c1ab74a8a9f8"
"f59219ca-c7cc-4bca-8eb8-a8843851a2cd","324ce026-b2cb-4a38-8e9b-0882cfdca185","04d7179e-d3b0-4656-9053-c477020cfa9f"
"f70cbf69-2d6b-4e27-8252-4c691913e91e","4c8700c1-a426-403a-bb5a-35a4fc49a1fc","04289d4f-e37c-4c07-bf03-c4e4b6238a19"
"f8f27411-6048-4241-9617-c15f2deddee2","7db5ee54-9705-434d-b77a-2a3d2fe8b837","0afb04c9-d500-4911-981c-0bd12317fc5b"
"fa21bd81-0226-49dd-adb6-cfc9f3de8865","b970a059-8730-424c-9545-201f096fac7e","097d6a14-e3fd-401d-a0bb-564f051f9f8c"
"fa889901-7cfd-421d-b957-dd1bac96ffb0","8ef4a8e6-8f6d-43ee-8faf-ab8fde80ffc4","004fb39d-db91-431d-af85-94317adbb295"
"fba89d8d-fb2a-4959-832b-514c01661be9","6ccacf1a-f94a-4445-a265-c4e97c8aa5b9","077a3d5b-d4c3-4586-aa83-90c3d34ccfdb"
"fbe4d15c-1161-45b4-a66d-64e70c2d5666","fdf052a6-5216-4e02-95d7-298f89e54efe","09de5a9c-4a7b-4d12-8731-3f65b03c0873"
"fbf78bb1-340f-4327-822a-ba0a7c82cbc6","d79e5101-5d85-43b4-b66d-47844797a4bf","0a1cb34e-8173-472e-93b6-e94d91602d25"
"fc8f2591-d613-4fe1-9e05-098ff27703da","6e5c7fcf-259d-4b6d-bb7f-24eadf3ea3e2","0e089d55-9558-4e9b-a4f1-a70c6bea1338"
"fcc59e24-9ed8-462c-a7fe-fc4fad9808b8","03e1313e-3270-47c0-9be8-4af3fd1b3c92","035b3ea0-e790-4e84-bf62-11210ab718df"
"fe085702-f166-49d2-8db0-c0c46d9650c0","4ca516b5-8adf-430f-bfd1-444bd5d182ae","08954e6d-776b-4358-913d-08566acfd731"
"fe7aee03-321b-414e-bfa0-29f9221ff445","00bffdd3-ef97-4a21-b0f8-d564ed3619bf","0a0e370b-6eb8-48ad-9101-46f6aafb6cbe"
"fe8f8859-8ba4-4c4b-9560-64770fc57c6e","8fae92e4-de40-49ad-aea3-b5c366f9ef08","030404a8-c22e-47b9-be21-09cf900d287f"
"feb2fc2f-ebd7-48fc-a3f6-53f0f192a797","3156a11e-09aa-456b-9d58-917852dc5cff","0eb8db37-247d-4e0f-84bd-f5a630299767"
"fef0d6a6-e900-48ba-8e8c-a37b13eecfc5","c922dc73-5eb5-4c2f-bbad-bbefc8cd1cd1","0afd1375-57f3-45c6-9443-9c7e132e0c4e"
"c81b3dc7-27f1-4a6f-a9e7-08e62f10d150","175daeb0-d708-4325-a4ea-aaf1e2f27d6f","00a1b79b-8cbb-462d-83a5-d407147830d2"
"c922bb72-5621-4b31-939c-7d86b9c3805c","b4fe7935-27a0-46c0-af2a-7c3fb46d9c9e","02babacb-ab4c-445c-9ab1-bd82277e8f09"
"c9c70838-ea5e-47ad-aa47-d9326ba2b6b4","bd97dd40-d518-46ac-9295-b3ca543002b8","0612acb5-7e56-4c90-874c-22ff13d53041"
"cb9a8d1c-b137-4ea0-9c68-c3b694d01bf9","d9003ea6-ca0d-4e6e-a0ee-88a70f622cc1","074b376b-9ec7-446e-9781-a671ecafb273"
"ce32fd93-1d59-41b6-b6a1-f26fbedaab74","3067c53a-84b4-439e-adea-12ea862d3ada","00825c5a-0734-4067-9e20-f58e92f4ab59"
"d0214b61-ff86-47c1-9ad0-525df44a8f40","9527e34e-0a60-46e8-acd4-432ce514fdf8","04168917-2023-4b0f-8b4f-ace54d9c2ecc"
"d06b7b73-5c76-4682-9ce8-fa7797beaa29","41db50dc-bea4-4a5a-ac5e-317f4e98e420","04a20eb5-5960-4091-bf18-4c6cea9cb0b3"
"d3f157db-91ff-4f73-87c0-fd3edae6a304","792f83fd-6a91-4556-b451-0e8902e7ed1a","05401b19-60a1-4d8a-91e6-450ba8b2f04c"
"d497d1bd-47de-4f8a-82c9-788708bb4da1","59262b2c-c2b2-4cfe-9a9f-5ee9190d4d22","02ea2ab9-d69a-4b0d-90e7-e69e51d69afa"
"d4b1b992-78b8-4d0d-b308-9e750d17ae1f","1c60b463-6451-4d80-8e47-9c40f98ae8ab","035655d5-18bc-42be-ac31-384c48c48897"
"d5dfdbe0-3f3d-4d95-bfdf-34157bbf6eec","48891970-3042-4893-8210-c8916e88cffa","0388c054-a821-4fa5-8409-a1d903d44d00"
"d844c3d3-c6b8-4a8d-81de-f8517d43258a","63242035-8fc5-4976-88f9-00a21fbfe394","035e5c60-35df-4a58-b5a6-43459806fd72"
"d9ea9b62-d3dd-4f65-a60c-f649f4ca6559","a1898960-c0fb-422f-9f24-2d5a11b8afd7","063b7512-803c-4e5d-96db-0d2a511415f2"
"df33c75c-f5a1-431c-9eee-333778ec5c6f","5d260b82-d09e-4fbc-8aaa-fa9c7c21ac68","056ad842-3a17-456a-bb94-6d2d89c9062d"
"dfd8a918-50a4-40dc-a6d8-80dd8cc839a2","3976dcc9-dbbb-44da-8891-315f7a06d287","076a98aa-48c3-4a78-8702-271db2abd3fc"
"e1aa0dda-4a72-442a-b2c8-18ce64faaeab","2876f85a-3681-4c41-94d3-8e6b01f7cb59","04dce8ee-6dc7-4b48-a21b-ecec0225390d"
"e398a26e-566c-4442-8ecb-f25f692642c5","7e1e37f7-beed-4f62-96e8-eb43b818adf4","00940126-fffb-46f5-ae55-bf6468dd84e8"
"e6771a81-0bad-4f3c-9e02-b3a7a68a8ac3","4a96d9ba-c116-40dc-a3bb-6d5ed0d4b66a","007c25c9-2041-42b0-8b50-1d450863d4af"
"ea83c925-5671-451d-b3af-2441132eb31f","5ded1e30-d9d2-4bc0-b992-4d0cd155a53d","02fee7c4-5c22-4ab1-bb9d-f60a76ed3046"
"ebc6beb4-c23d-40d3-ba1e-b047eb1e039f","36423a25-3390-4b90-a9b4-707516c382fc","022c7b07-df66-4d48-b97a-0a2a09ea103a"
"ed0418fe-bdad-4b0f-94af-857a5b6d4569","537b87c0-f7bc-4b04-af26-bc9e147ec690","04c4a099-61c2-42f2-94b6-dccbb1fcabcf"
"ee4e3bf1-caa9-49b3-93e5-d875b78a3e8b","34e8d286-3386-4da5-8b0a-6ffe717fcac4","01e4f45e-d8e9-429b-884a-c383c25412d4"
"ef203c3d-11bb-4e50-b1dc-c38d5c2f3c95","9fb743c1-00a8-435e-828c-ecbb17718374","06b597ad-3a53-42dc-8b75-f561abccea84"
"efdaf5c8-b59d-4d23-90ed-9597425d149d","0c78d23c-8cca-4c3a-a6b3-ba24ccf7866d","045d78a1-e1f0-470c-87cd-5db0328d6be3"
"f0ae70fd-62ef-4db6-bd1d-a681c473218c","2e09d58b-ad1c-42ba-86d0-5a9d3737e199","01114fa0-2e0f-416e-9f9f-af3c2ee0b907"
"f234d4cc-bb40-42b9-a82f-b7a4ef13c434","fd08ef52-f597-40b8-a2a4-da3f897aca84","0391a83d-fcfe-465e-8e75-2151e9804d85"
"f2c94ff0-5188-4c3d-a7cf-f879c439b202","d488ee57-ba7b-432f-aec4-38cca16c0948","0099a94a-2d3e-4994-933f-eb8ebf99348d"
"f3d7e50f-cb02-481f-a288-e8a62aa496ee","8dd531db-08d8-411b-b889-96e18940a331","035655d5-18bc-42be-ac31-384c48c48897"
"f465ed67-b1e5-4b60-b047-73af5afc2efe","c79e92c8-6037-4390-893a-446b2cbb775c","05702577-faeb-4b2c-bbfb-cc886478ace4"
"f517dbcd-7952-45fb-8977-c41532050a3a","4e4771e1-3a14-40a6-8443-c608bcd28af3","062cb5b9-2b1b-4073-9b3b-5da63d9794fd"
"f5db6e7e-3395-4e15-a9a8-28e2a73fb99d","db71d4b9-373b-4223-8360-1c4880507b2e","0275d882-8880-4c15-b0de-fb1cbbd8ed1d"
"f5eb1abb-f152-406e-b6ad-4b6e43557b2c","ca7b407d-25b8-4d1f-b676-853f5c2b5e65","01ab1a06-6a29-4208-82f1-0c027e432ead"
"f6aef1c9-21a2-4d49-a946-80b9415ed488","22bda480-c2a4-4ae1-8525-d080ca5bd8dd","02fa20a0-cf98-491a-9334-26158e6e26a8"
"fc6ee645-966f-4778-876d-28d5fc80cbae","2e57fee3-83d6-4984-98f0-89c3642e8a4e","0526c3a2-f36f-48d9-bfd3-889b7e9ac940"
"ffa39aea-99b6-4a7b-89c2-0185206298f3","cdf15eb4-ef9c-4b60-a8ab-337a1617469d","02dc78f7-1497-4635-88ef-694486ece692"
"ffa6b831-3e83-4942-9d54-6555ff429efa","27c583a0-4c92-450b-95b5-f9d908438396","03488e21-7c55-464d-9819-6f30133ca91c"
"ffebc237-a673-431d-8101-342da895073a","d6fc9a2b-7a8c-4f98-bb58-5a5f1b85539a","01a675c8-a94c-4782-96a2-d5bae6459659"
"e7cb0ca1-db22-4896-8753-2e69faf2d4ac","4b0d46b7-e0a5-4d5d-96bd-55f51217fa14","0281db10-b6b1-429a-b0f3-417ff2551c02"
"e804b6be-d9ce-4f8b-b15a-e3571d37ed8e","8426233a-9470-4b5a-9a10-4ecb0635aad3","04dce8ee-6dc7-4b48-a21b-ecec0225390d"
"ed60f707-34bc-4cad-9847-605b29dce05b","6a42e61d-10f8-49b8-ab5c-3621bf33dc0e","03c39108-7980-449a-b953-24c45e483941"
"ee7752fd-1ea2-4fb3-9590-4bb6b8a8b093","b0e3229a-e49a-4b8b-9977-888a7f28d82a","03e4ea82-0167-4ff4-84eb-10e3015a59d4"
"eeedf314-15a4-4976-8f66-9e3008496bae","745ec891-de31-4d3c-9fc6-19616cd32cbe","01e8059e-4a65-4201-bacf-c4840a5d2188"
"eefa5052-af47-4cef-9d21-8e4fb8013722","917b0782-dff9-4021-9e17-11ebef773443","03c14d84-751c-4e3e-b227-ffed26a46243"
"ef157a7b-fa3b-4952-afe8-3006c06e5e16","656f75a6-f257-4117-bc43-6ece6f7279d1","00d68a64-2799-4cbd-87d1-97a41f68356b"
"ef2ca679-8bae-48b5-b3b2-4b4578ab7009","80cadbcb-19d5-4e51-834a-e99fe7a01f38","038b19e2-9f0c-41f7-90bf-e774ef48845c"
"f3687e15-246a-4fef-9152-71894f44dbbf","0b062e10-da8b-4d5e-9dd8-3573b9406973","01587dfc-9793-45d3-bad1-27a7543aeed5"
"f4c3b4cd-fda6-4cfd-9e46-be171cd39d9e","9688f291-304a-459b-bd5d-e73246282b63","00278ba6-89fa-4de6-b0b3-d1d8cb8fddcd"
"f55ecc5d-4b1a-4237-8734-dd34b7a066ae","87edef5a-8593-4085-bba5-fa725821073d","0704349f-dfeb-48af-ba88-55663042b0d9"
"f6387d3a-bfe5-42bf-b927-5f8edaaa82b2","8d977706-d00e-4fd5-89d6-8d45643f8b02","0023e386-1e5d-44e1-b17f-8524425b34a7"
"f933dc65-ec39-432f-a980-86337524a180","cdafd81b-089d-47d8-bfaf-28e133c9b2a0","06d0d78f-e3fe-408a-ba7e-07a32eb9e118"
"f97d1eb1-7e9e-4046-80dd-835e81f706f2","e317a40e-aa07-4f7e-8546-582488967ad2","0021c530-7b9b-4ec8-a15a-82041ace0507"
"fda6daf6-d8b0-4f62-951a-ab622625cf16","b09cab2e-f575-4b99-9a8e-f71b6bd4224f","07452d76-7101-49fa-ba75-eeb33b29e4c6"
"ff6b3e17-79f6-44be-ab43-4338ed19a9f5","8e3312e2-a14c-4e49-a3fe-8b82ad81488d","051ac763-802e-4806-8d71-42dc5d1bf193"
"eedc8699-52f7-4628-a352-06780af0e396","9731d676-002c-4721-9c3d-16ab1400cfec","09915796-ca0e-45d6-b487-94af9866ebce"
"f0d142ef-8ad7-4245-a8ff-abddbeda5afe","6c02e348-1c12-42ae-bb3c-ac791569a6b7","096b7c2d-038e-475c-a2c7-fa3cb724e999"
"f0e35822-0160-4e2d-9f88-7e620847245a","ff7aced0-5869-400f-9d4d-ab95f0bdbed8","0186bebe-64b0-4b56-8eff-7e8ea1f415ed"
"f1173ccf-282f-4c3a-806b-15f43f0cf4c6","53feaba4-6712-4dad-a070-d029113fb494","0bd513fa-df97-44c1-aece-55a905bad0bc"
"f1649b76-ab75-4fdd-8558-ec90321295c0","55e2c4e6-5d60-4c14-a611-eb97185c8c06","01df8c4e-f080-40be-8266-d2ccf49611d8"
"f1bb9db3-c917-49c1-9354-0765fcadb090","9f0d207b-3472-4109-b8ce-7e6c5db623a7","0c221505-998d-4c3b-bd40-7e6d697417f1"
"f2488dd7-6cb5-4d4a-b5a4-b4e27fcf100f","dbcba904-7684-4d6c-af79-da61295c48d4","07785fdc-749a-4aae-beea-1efc03df79d8"
"f2c7e9da-31c6-444e-b09b-fedc5a0416c3","89d70031-ac8a-452c-af7e-e3c66ac982a8","09e7a22f-6b25-4064-b460-0e2483f32826"
"f34b9734-5a1c-45b1-83c0-598b420e5801","bd94a3c5-965f-4c50-a540-4dd8680a434f","0369ad90-1f78-4f2a-9f8b-7d40772aba27"
"f40bc361-4626-4520-b90b-ab7456266e24","3ea59fb8-8ced-4df8-bbf8-30b128ae99c1","08899c08-ec2a-4344-9b87-c80ebd9728af"
"f539ae3a-0b40-4d0f-a3f8-95d3e4be6991","b508fb33-4da2-436c-a37d-90b555ad3fa5","0aa628ac-7243-4e4a-b0a6-f69928007ad9"
"f55539d5-3997-4ee8-ae1f-763e2dc9e070","36278b22-8777-4736-b48c-a228952837db","0dffc993-faff-4150-87a0-7cf9ed69e666"
"f57609c8-f805-47e5-85fb-47d00c41285c","6f7dfff3-c2a0-4827-b5db-75ec15ff209d","07de7c56-9aca-434a-bef0-8807d2a8dd5c"
"f58174f7-6a2c-47ff-b0ca-138c8bf6a654","6d2ae85c-3e5f-44cf-af1b-19c63bccd5a0","04e4a5c6-8bc6-4661-a642-0ca69b3d24e7"
"f692c00b-3931-4790-b4ef-d2cc7a7180bb","cfb8ca89-5a82-4a91-99ab-60139e6a79c5","0b2c8ec6-5176-4ec6-8837-cde081581b07"
"f8df4a85-631e-4de2-8b58-18ce9eaede39","ed346daf-7f02-48cf-8fef-0186b6b04db7","08b4c7ec-2e95-47ad-976a-281bb9346926"
"fb8181ba-8cee-4075-aa58-6b6629879677","62089048-55fe-4cf8-908c-58e1461d9749","0b1ea8e2-8d68-4c3b-9896-5f56f5430fb4"
"f4d19b03-9fed-4910-82e4-6d3c5be7cf22","a6b294cb-67ca-4991-83e8-abb83902b739","09d43b0d-befb-488f-93bc-b16294f6ddca"
"f71ed90c-efcb-4a58-b315-c2286b265dbd","d10bbd55-eb86-4d82-a3f1-5699e51864fd","041737ce-b219-406c-bc7f-e1d3be04edfd"
"f8023321-ec21-42b9-8d37-96a89ef1f99f","b20cfea4-6c4c-4e6e-b29e-956f99e1e6bf","02628889-534d-4bc9-a016-a4d2a9fc8f43"
"f86b4710-f255-4b13-8254-81f267b9d1ad","755745cf-111c-4cdd-a71a-c76eb2497908","0c5cad8e-dc92-4dc6-b2ce-af18c049b26a"
"f9ac70d5-75bb-44ad-a288-fdd581f6ceb4","6d4541f1-0e75-4157-903c-1e2e9301f861","0b932c6c-c8e8-4633-89bd-c183bdc21284"
"fa06c3b1-479f-4c9a-8072-5ba16ef1fd9f","a29f773c-4807-49f9-b79a-04e48f82fa62","0d7876e2-2e0a-439e-b552-873c68611dcb"
"fa7cbdab-326a-4654-91f4-46c67afb4140","1ceeab3a-fbdb-4ea8-8fa1-7bc09eb1944b","024e8bfc-a9c1-467f-90fd-c874fd7042ea"
"fb277ab4-bb39-40d5-9e50-ba2618e7577b","dfb93d34-f60d-44a1-a8c7-4dcc593fb82c","0267f909-3053-408e-9930-511e73adab29"
"fb94d815-86cd-4a7b-9cef-c8aa03bb54e0","1094d376-14b9-42ac-a118-3f5ccf25b5b6","07b3148a-a668-4b7a-9f18-81bce6eb4b70"
"fe7fc6b8-59b8-45b2-a1f9-5fb1fb3fc73f","1f9f4809-a1c9-400d-9e7e-9c0e93a0203e","0bbf8957-181a-4a9e-807a-abf36f7ea287"
"fed3b307-fcb0-4e3f-a14d-ce05a4ac2a32","636236cd-2fa7-49fc-8a27-f2fff19f822a","083a0cc7-9b25-4147-ba7a-5c6a6c95fa68"
"ff079fe2-0da3-4d39-a660-ad5f0ce6b082","4ad05f9b-7d42-44c6-b7b6-79c5eb353198","03ef0bad-0fb5-4293-9201-5be1f56bff13"
"c83dbb44-39cf-4b02-ba96-1710298e207f","74904994-4930-49fd-b641-e79cb5de9171","019dc9f7-d8f2-41af-8781-189b94676bfd"
"c922629e-ece8-4bc5-8888-1de743adce6c","3740f850-a0a4-4aed-a1e6-34163d9e18d9","0b2a6c03-6fb4-4b77-a169-35a5b699c56f"
"cab07a0e-98d0-45d4-a769-5eaa60380bbf","80bea236-aabc-448b-974e-f2fcc10da700","08cfae5a-c7fa-477c-aecd-021b4b7bbfe2"
"cb037b3e-4c54-476d-91f5-897d21f653e8","38714ea8-2b48-424b-afcc-e22bb410f3e1","083bf1c6-63ec-4e17-a967-fd7fbeb4f390"
"cb221fef-9b0f-4131-84bf-65e5b11f4d15","2ae152b9-4abb-4332-8313-87ae1697eb26","09f9730a-f2a6-4569-a5b6-a2d07c38261a"
"cb3a0693-a806-4468-a8a1-f5f8ceaedd35","3c30c823-974d-4b4f-8f40-9dfd2daace71","0a6ad85a-edf3-4ccf-a1de-7ec0f9321f16"
"cc1266ef-837f-43fe-a91f-6472f4a499e3","d4d0fbb0-95c2-4e5d-9fa9-36d971e75680","0c19243b-2b57-4479-a0b3-91c35c2ae972"
"cc980d25-9d18-4702-9e72-a226219362b2","3ab83d86-d1f4-4870-a9a7-9b3199d73f45","066faed6-392b-47d3-8b3e-f1018b4f863d"
"cf144d81-ce31-4189-aeea-73cfd9a60ea1","a357f151-a1bb-487e-a04d-65859a5d9121","04c55bed-e0ea-41d5-9048-2bd6b003987d"
"cf549f29-aaac-4417-a069-6e0b76e9f685","9c5878eb-3f82-47a9-b792-06e6a58db2a5","05456273-5060-40a1-8501-4c77fc052b5c"
"cf6bf116-f342-468c-b0de-50c104952966","3969eb0a-8f76-4b2f-8421-8121d4e1ce7c","0591f97b-0ee8-41f5-9c42-cdf7c097ba67"
"d1e90024-6a5e-4faf-8d4f-d10fd3216f3a","244b33cb-e873-4c88-98f0-6d4311be2e76","06eeecd9-1601-452f-9a67-6cad91fc3f75"
"d20c9aec-48be-46cf-89f9-973537322fea","f75a23a0-a4fb-4628-828c-860cefde8605","0c54edf0-9bc9-42de-ae0e-ca70448d7438"
"d25f0ed3-ff5e-4130-b7bb-93db5040919e","52fb7370-8ad7-4564-92c2-bb5448f71353","01d6d053-82f5-4907-ad2d-cf9a19583a26"
"d3131517-0dfb-4868-93f2-66b320c653e3","486aabc4-58b6-4352-a44f-ea4ca65e14f8","09c934ad-5fe6-48ac-921d-2d169ebf1e97"
"d3552e24-de99-43dc-a3cf-6c9c149c02f2","0729d60e-9cf1-4e23-aa1a-44c81654ad31","01d545db-9ab3-44f3-a19b-8c4b7172d81d"
"d3eb0e57-0ebd-4440-8007-a87fff197085","4916bd97-7dff-4807-8074-0c29fb490ea1","05cd0535-e535-45f7-9b15-9aea89d99ddd"
"d6a0fbcd-d713-4420-a841-d992a35c329f","71c8d8f4-aa25-47d3-a6e2-5c1b8c707b08","09e3a010-289a-4ec9-a769-7ae3a37d46d6"
"d74ae848-5949-4916-a7eb-bbb971d8cea7","17de6700-ddab-4929-8368-2f2135b11a26","04f18561-a057-483d-bf02-c8bced59b7ee"
"dc234072-530e-426e-8436-540b14a7a639","3ff96bad-149e-4080-98e5-869f6eb902b3","0643b224-70bf-4281-b1fb-4f04cf810e45"
"dcbb67fd-4e80-4774-add1-76f5ca839381","005346de-4826-4fbb-b925-57230521f1b4","090bccc0-34a5-4544-83c0-2ff8f3af9264"
"de07b0fb-d343-4cea-b9bd-92485fe2bc18","acf8c1b3-9450-4b19-bd01-482814eed272","0d73fbe7-b4a0-4ea8-b5e7-bf3db1b01031"
"de666b85-ed7d-4842-98a5-c253987a377c","4e9cbc9a-ab0c-4345-8dfb-5299e50acc8e","000f653c-51a9-4014-9486-53fe095b37b8"
"dff098d9-958a-467c-845f-73e9b5bacf20","f00d35d1-38e9-4908-bbfb-60430f394328","07121dd8-2c9a-46a2-9188-da8d2e48e73e"
"dffbbea3-fddd-4877-ba86-92fa2123b847","6b51bba5-ff0e-4303-bed1-ce829bed86a2","08f84f51-eee9-4831-8af5-bd24789854db"
"e102b960-2971-4698-a41e-04a58c91c600","4fc84956-9497-4763-9177-ba90fe7978a9","0310516f-417b-4580-9d84-603619684819"
"e2d8d2a1-9cef-4c51-8d44-8edc4de51c64","0d427118-c3d6-4c5b-b318-9104480b3daa","0a6ad85a-edf3-4ccf-a1de-7ec0f9321f16"
"e385f9f0-23e5-4789-a734-4d9313f6b802","25e0460f-6bea-4e49-9829-8139bc61390f","0c9aa951-de34-47fa-885c-cb4ce34ca54c"
"e41a36b6-be9f-47bc-8071-de9dd0538b05","783ed7b8-fec2-4597-9f9e-5c3f62a7ac9c","067eaeca-c344-4b13-a23c-9cd3c747c107"
"e496c074-1092-480c-986e-082da0da3538","c0fa876c-5470-4dc2-add7-8f61ff956d0e","067e49b7-ab74-4cf7-9fb4-147baa8f8ec6"
"e58abdd9-3c18-4f2b-b716-011a862097fa","427171d1-9116-4252-a679-c2b903bbbfa6","01bfb3c4-370d-4504-a476-98ae9997dd64"
"e6026ca1-a471-41c2-aafd-ea66f38693b4","f61efad7-4c0f-425b-9bf6-459e6178fc44","00e943fb-f998-47dc-8b23-53e536e6c106"
"e6a5cd1f-42fc-40c4-869f-eae9a4b19174","d8077858-7166-4cb5-9d1f-e095c2c42834","066bc7da-c38b-4bdf-9e04-4afa4128b510"
"e81696d0-6806-4914-b612-325fe9cc927f","a3f76c49-1658-4901-bc6a-cd57457a540c","0269b6a8-c394-4288-852b-f4c3e1eb20ce"
"e8bcbb57-fff3-48a4-87a4-f191611d8eb0","2ee0e195-a44d-4840-b3d1-b7d5be64a74d","0249746d-4be9-4302-86e2-51a2642824d8"
"e92e1e23-5623-4ab0-b467-41e767dfd19b","a07e786f-94c4-45ed-be69-42bfda896342","022c81c1-9f76-4222-87b4-3acd67c367a4"
"ebc1ad92-a029-41f2-b235-88ccaadad478","11c0297a-e3b9-42d6-9557-1f8024a6fd56","037723bb-4d7e-4f5a-a64f-6c5b6af3cd2a"
"eca1a781-2d55-4578-93cc-b1009ff33b23","23de27a9-1f01-44ae-98e9-93f10e368cc7","0d7c04b6-8275-4f6b-ac94-c21c7e165927"
"ecda63bf-dec4-4b20-b3fe-5ec6819ae4f2","96c34532-b7cd-485b-83ff-06314a21b316","004d7e16-5fc2-4d9c-a459-37d2c02a0690"
"ed0f42af-95a0-47c9-8f90-07956d188939","31afcc3c-c091-4afe-afa8-4c42612b763e","0643b224-70bf-4281-b1fb-4f04cf810e45"
"ee2e3681-1384-4080-b3be-f9e1fd0718dd","6d37a50e-cff7-4c6e-9c5d-246438573090","018e47b4-4e06-4b62-82b6-a2ee1f01c1f4"
"eed8fcc4-2cdf-4b35-96dc-88c9bf139ad0","3b51f54d-38cb-46c4-9fad-c174564401c8","083a0cc7-9b25-4147-ba7a-5c6a6c95fa68"
"eee8a8c6-c1ec-462f-814e-a964493804ed","40ee9ebb-1e9c-4407-97a5-c7c868ea9bbd","0c172655-5cee-4b6a-a1b2-4d59effc5ab8"
"ef741177-ad55-4254-8504-381155858d3b","5a74ee00-0897-46c1-b2be-c813b68ae040","06cf463b-c9c2-4333-8258-40cf480ec7de"
"f0383b35-fb3c-4fbd-a3b3-b7f32d1115f8","8e9bd322-ba99-4578-b1b6-fc0cd8986e1c","0241062b-89ad-4c27-ac33-55b52c16e5b2"
"f0954626-b4e4-445b-9f81-a87305ff700e","cdec7d67-8c46-4018-9cb9-9bf12dbd36da","00609f1b-8086-4a4f-bee9-85a0208384bd"
"f0d8aa4f-b8e8-47f1-a51e-7d0948ba86ea","37cf6b4e-ea2b-447f-836c-8212fa4f936b","03a50b2e-b108-4415-8b20-ce0b923647be"
"f16702d0-7780-43e5-8e1e-b6d6e9fd61bd","d8e991d6-065f-40ed-bcfd-723bcd4f8886","069130d9-d4ed-4129-94be-748d67853018"
"f1941d9b-7ba8-4c44-a674-1534d10b21e7","f66c212f-e2ea-4661-b2a5-6537d48f82b2","08efb753-0451-4c3d-b128-8b24f140a0af"
"f685b6c8-2e58-4183-b9b7-dc50f8e5fea5","f32cbbc8-e53c-4793-b5a3-d0041445a624","02aaacdb-6ba1-4ac3-a1d2-ebfa10c61781"
"f6cb6d7d-f642-48a8-a0dc-84b98d77f55f","1a6cac70-3310-4aa1-96fa-9078da531d2d","0725613f-969e-490f-b812-27fe09a30011"
"f73f10d8-1bdf-44f0-b7eb-1790fb1bbf55","d69e2afd-fab4-4240-b34b-d45181abec09","0c5cad8e-dc92-4dc6-b2ce-af18c049b26a"
"f7ca2905-0b6b-40bb-8551-cd8d0c738054","8ff0ec03-0ab8-42da-8fc1-9eaf98a40e88","08ae6473-4ebe-471a-9591-144f1a39dafa"
"fac4cc74-d629-439d-9a11-67c1472a4a3c","9b13f185-ca24-4672-9f5d-d6769f166d93","08cda203-4d82-4f11-ad24-5690cb2856f1"
"fc9f3153-a29d-44c1-a3c8-25418e1cd3aa","d97a3283-c958-476a-9029-84ab508957f3","0bede1d7-f062-4ff8-92eb-3ed826ac609e"
"fde32d25-c29d-493d-a3ce-d7beeb4e134b","d57a449c-5c73-40f5-ada3-a72d7368205f","023fc4dc-0807-4856-bfb5-6c29920b8c95"
"ffec8f65-364d-48d1-832e-270b893a9957","129b0e05-f621-40de-a034-8d483278994d","02833325-71bc-4164-b2c9-d2d8d5aa7f85"
"fff4d466-02e2-4ced-89be-484324bfcf7c","fba1c943-341f-4a6c-9aa0-681da4a3c4a2","098f1548-65e8-4dd2-abfe-8ce9ad0048ce"
